episode,reward,loss,epsilon,steps,duration_sec,ma_reward_50
0,-195.37766000000002,0.2593807279283464,0.995,382,0.642603874206543,-195.37766000000002
1,-193.6266,0.34988663872395326,0.990025,501,0.9325649738311768,-194.50213000000002
2,-196.40008,0.46253519341866633,0.985074875,281,0.5204370021820068,-195.13478
3,-194.32544000000001,0.5562991090270731,0.9801495006250001,184,0.37007737159729004,-194.932445
4,-189.75436000000002,0.5518915641287419,0.9752487531218751,365,0.6640326976776123,-193.896828
5,-193.27834000000001,0.5257975218403904,0.9703725093562657,887,1.618492841720581,-193.7937466666667
6,-10.340560000000016,0.3407221477327812,0.9655206468094844,1592,3.067844867706299,-167.5861485714286
7,-194.8884,0.3180227583314006,0.960693043575437,609,1.133760929107666,-170.99893
8,-199.83532000000002,0.3669327748017608,0.9558895783575597,293,0.5401711463928223,-174.20297333333335
9,-199.56338000000002,0.3291085291561227,0.9511101304657719,382,0.7104909420013428,-176.73901400000003
10,-186.84584,0.4427491815553771,0.946354579813443,225,0.41988396644592285,-177.65781636363639
11,-198.59854,0.30866242119253373,0.9416228069143757,383,0.7129278182983398,-179.40287666666669
12,-7.838560000000007,0.46199711176732716,0.9369146928798039,536,1.0067999362945557,-166.20562153846154
13,-182.50338000000002,0.325872163514576,0.9322301194154049,471,0.8919758796691895,-167.36974714285716
14,-206.05822,0.29913852094907417,0.9275689688183278,1778,3.349520206451416,-169.94897866666668
15,-198.53302000000002,0.35063619346127906,0.9229311239742362,326,0.6077282428741455,-171.73548125000002
16,-189.91254000000004,0.33771027667961756,0.918316468354365,174,0.3235011100769043,-172.80472
17,-198.14168,0.30291556924475155,0.9137248860125932,313,0.5842230319976807,-174.21232888888892
18,-197.03602,0.33570522960308585,0.9091562615825302,758,1.4329242706298828,-175.4135757894737
19,-196.27142000000003,0.303819615719623,0.9046104802746175,322,0.6094818115234375,-176.45646800000003
20,-196.55774000000002,0.4370989473472597,0.9000874278732445,391,0.7344601154327393,-177.41367142857143
21,-197.74070000000003,0.3681938442514598,0.8955869907338783,547,1.0265591144561768,-178.3376272727273
22,-194.31432,0.3384129988025961,0.8911090557802088,384,0.7245650291442871,-179.03226608695655
23,-192.06,0.2871131560605036,0.8866535105013078,729,1.3695077896118164,-179.57508833333335
24,-193.76692000000003,0.3696901179209336,0.8822202429488013,605,1.1319618225097656,-180.1427616
25,-189.16226,0.2605456137546467,0.8778091417340573,391,0.732058048248291,-180.4896653846154
26,-199.63182000000003,0.37742053588550506,0.8734200960253871,986,1.8572852611541748,-181.19863407407408
27,-191.05064000000002,0.36054769208965204,0.8690529955452602,225,0.4217510223388672,-181.55049142857143
28,-189.5689,0.4396115476734235,0.8647077305675338,154,0.2894010543823242,-181.82698827586208
29,-194.71438000000003,0.3894458205149268,0.8603841919146962,755,1.4006669521331787,-182.25656800000004
30,-198.78136000000003,0.3237815840443287,0.8560822709551227,1145,2.1123719215393066,-182.78962580645165
31,-186.36786,0.3687051045754236,0.851801859600347,203,0.37513113021850586,-182.901445625
32,-188.35664,0.3886694891714962,0.8475428503023453,352,0.6576359272003174,-183.06675454545456
33,-192.63308,0.4236388290494224,0.8433051360508336,253,0.46733713150024414,-183.34811705882356
34,-191.83428,0.41165938794358886,0.8390886103705794,165,0.30614399909973145,-183.59057885714287
35,-196.00856000000002,0.3264122440259511,0.8348931673187264,313,0.5788421630859375,-183.9355227777778
36,-193.90224000000003,0.39164145292355523,0.8307187014821328,209,0.38680005073547363,-184.20489351351353
37,-197.90392,0.4307460191376865,0.8265651079747222,401,0.7392518520355225,-184.5653942105263
38,-190.32864,0.4725519808077176,0.8224322824348486,144,0.2687990665435791,-184.71316974358976
39,-189.97778000000002,0.4505632569109273,0.8183201210226743,274,0.5126588344573975,-184.84478500000003
40,-191.43040000000002,0.5022115437410425,0.8142285204175609,193,0.3622450828552246,-185.00540975609758
41,-198.32808,0.41551503399003215,0.810157377815473,273,0.5131597518920898,-185.3226161904762
42,-180.76918,0.5379867274649599,0.8061065909263957,590,1.1102509498596191,-185.2167223255814
43,-195.37646,0.4648150830454661,0.8020760579717637,382,0.7386610507965088,-185.44762545454546
44,-187.47176,0.56103019189437,0.798065677681905,457,0.8735129833221436,-185.49260622222226
45,-192.56504,0.5383271541004069,0.7940753492934954,400,0.7539613246917725,-185.6463547826087
46,-10.149680000000012,0.40001010707144874,0.7901049725470279,1240,2.481602907180786,-181.91238297872343
47,11.73696,0.49926750821578025,0.7861544476842928,1152,2.154230833053589,-177.87802166666668
48,-197.83516,0.3567660687381637,0.7822236754458713,293,0.5454580783843994,-178.28531020408164
49,-189.58,0.47774697044077796,0.778312557068642,209,0.3893759250640869,-178.511204
50,0.6464000000000061,0.43895107544742085,0.7744209942832988,656,1.249729871749878,-174.5907228
51,-194.87008,0.2859890216997152,0.7705488893118823,209,0.389894962310791,-174.61559240000003
52,-192.18628,0.43108630892911826,0.7666961448653229,332,0.6301119327545166,-174.5313164
53,-187.85936000000004,0.48796389863362377,0.7628626641409962,273,0.6092889308929443,-174.40199480000004
54,-197.34722000000002,0.5637149880087873,0.7590483508202912,274,0.5120060443878174,-174.553852
55,-186.03782,0.3843462102524841,0.7552531090661897,391,0.729435920715332,-174.40904160000002
56,-190.08512,0.39040976910920555,0.7514768435208588,529,0.9784970283508301,-178.0039328
57,-183.86416,0.39391718192599817,0.7477194593032545,689,1.280181884765625,-177.78344800000002
58,-192.8334,0.41290734412406566,0.7439808620067382,213,0.39444470405578613,-177.6434096
59,-194.95152000000002,0.46340307879426546,0.7402609576967045,209,0.3849971294403076,-177.55117239999998
60,-191.82916,0.36024106482026824,0.736559652908221,164,0.30474019050598145,-177.65083880000003
61,-190.47292000000002,0.4451063289148129,0.7328768546436799,293,0.5441701412200928,-177.4883264
62,-190.97124,0.43705220544092377,0.7292124703704616,372,0.6917810440063477,-181.15098
63,-196.81588000000002,0.40095700040529564,0.7255664080186093,293,0.5564439296722412,-181.43723000000003
64,-198.78532,0.5076280030614216,0.7219385759785162,293,0.5663571357727051,-181.291772
65,-195.58480000000003,0.3961045723239276,0.7183288830986236,289,0.5767741203308105,-181.2328076
66,-188.31422000000003,0.41807082388908245,0.7147372386831305,195,0.3644599914550781,-181.20084119999999
67,-195.78528,0.3540831822796132,0.7111635524897149,297,0.5583410263061523,-181.15371320000003
68,-198.54868000000002,0.4882358434997185,0.7076077347272662,332,0.621962308883667,-181.18396640000003
69,-199.76000000000002,0.3843140478864647,0.7040696960536299,289,0.538750171661377,-181.253738
70,-193.3676,0.48207626399297304,0.7005493475733617,289,0.5415959358215332,-181.1899352
71,-194.53878000000003,0.5453410730539542,0.697046600835495,443,0.823350191116333,-181.12589680000002
72,-175.97216000000003,0.45491490505301924,0.6935613678313175,664,1.233332872390747,-180.75905360000002
73,-179.15822000000003,0.40471003999607297,0.6900935609921609,411,0.761969804763794,-180.50101800000002
74,-190.35155999999998,0.5063851318402084,0.6866430931872001,396,0.742678165435791,-180.43271080000002
75,-189.08934000000002,0.4217895591766609,0.6832098777212641,131,0.2473616600036621,-180.4312524
76,-197.04972,0.3695735944513704,0.6797938283326578,213,0.40617918968200684,-180.37961040000002
77,-191.00184000000002,0.5719900232926011,0.6763948591909945,225,0.420501708984375,-180.3786344
78,-191.16608000000002,0.5279064120967751,0.6730128848950395,184,0.3434429168701172,-180.41057800000002
79,-190.32864,0.5807570574575543,0.6696478204705644,144,0.2678089141845703,-180.32286320000003
80,-188.59688000000003,0.5861292012078991,0.6662995813682115,313,0.5953190326690674,-180.11917359999998
81,-191.0371,0.6224391564264025,0.6629680834613705,326,0.6126127243041992,-180.2125584
82,-197.15120000000002,0.6477075039867324,0.6596532430440636,313,0.5847539901733398,-180.38844960000003
83,-194.58244000000002,0.5934978918785884,0.6563549768288433,293,0.5538229942321777,-180.4274368
84,-198.46296000000004,0.5762495129392669,0.653073201944699,873,1.7605392932891846,-180.56001040000004
85,-187.63396,0.5332458829961535,0.6498078359349755,164,0.3106369972229004,-180.3925184
86,-191.06564,0.6720217584172776,0.6465587967553006,229,0.5304422378540039,-180.3357864
87,-191.78604,0.5313303456729181,0.6433260027715241,213,0.4086480140686035,-180.2134288
88,-196.28390000000002,0.724904387188314,0.6401093727576664,274,0.5358719825744629,-180.332534
89,-191.1584,0.6626158484445035,0.6369088258938781,184,0.363696813583374,-180.3561464
90,-187.77256,0.6539619862850357,0.6337242817644086,560,1.1583781242370605,-180.2829896
91,-174.30882000000003,0.5938379983376542,0.6305556603555866,679,1.334069013595581,-179.8026044
92,-195.23224000000002,0.6681449593830229,0.6274028820538087,817,1.7440009117126465,-180.0918656
93,-193.74498,0.6474839896078364,0.6242658676435396,203,0.5459330081939697,-180.05923600000003
94,-191.57388,0.5183570761419832,0.6211445383053219,300,0.8215961456298828,-180.1412784
95,-187.62792000000002,0.580803262359052,0.6180388156137953,161,0.35085177421569824,-180.042536
96,-192.78636,0.48538078490994385,0.6149486215357263,261,0.5149538516998291,-183.69526960000002
97,-201.05720000000002,0.7368824498738501,0.6118738784280476,352,0.7275619506835938,-187.95115280000002
98,-197.46810000000002,0.6166634912609209,0.6088145090359074,282,0.59889817237854,-187.9438116
99,-196.68732,0.5620313992154681,0.6057704364907278,540,1.0455818176269531,-188.08595800000003
100,-192.01758,0.7005307438365859,0.6027415843082742,174,0.33559393882751465,-191.9392376
101,-191.08328000000003,0.5322782319432331,0.5997278763867329,225,0.43148112297058105,-191.8635016
102,-190.31428000000002,0.5839028611537641,0.5967292370047992,293,0.5672791004180908,-191.82606160000003
103,-184.32312,0.736426489218941,0.5937455908197752,609,1.2566189765930176,-191.7553368
104,-182.07218000000003,0.6626941450363533,0.5907768628656763,451,0.905432939529419,-191.449836
105,-186.98038000000003,0.7424279124781823,0.5878229785513479,134,0.25811219215393066,-191.46868720000003
106,-190.57986,0.6334379662718312,0.5848838636585911,203,0.390700101852417,-191.47858200000002
107,-189.32992000000002,0.4567931071744141,0.5819594443402982,193,0.3935678005218506,-191.58789720000001
108,-188.03814000000003,0.6384836184927298,0.5790496471185967,131,0.26190686225891113,-191.49199200000004
109,-191.81763999999998,0.5711078725459917,0.5761543988830038,164,0.32818007469177246,-191.4293144
110,-184.8335,0.5507566955669525,0.5732736268885887,382,0.7396018505096436,-191.28940120000004
111,-187.19862,0.5837595865353898,0.5704072587541458,846,1.6614630222320557,-191.22391520000002
112,-189.27744,0.67156867210805,0.567555222460375,144,0.28873658180236816,-191.19003920000003
113,-192.73360000000002,0.6018383199455992,0.5647174463480732,209,0.41362810134887695,-191.10839360000003
114,-191.81572,0.7808447089472149,0.5618938591163328,164,0.32367801666259766,-190.9690016
115,-197.94776000000002,0.6576217289588054,0.5590843898207511,352,0.674691915512085,-191.01626080000003
116,-175.65602,0.6189668475998669,0.5562889678716474,703,1.378385066986084,-190.76309680000003
117,-188.67172,0.4757396479438218,0.5535075230322891,164,0.31574296951293945,-190.62082560000002
118,-186.01882,0.7645082961705564,0.5507399854171277,239,0.48155903816223145,-190.3702284
119,-189.01064000000002,0.5139288575372706,0.547986285490042,177,0.35648298263549805,-190.1552412
120,-190.38184,0.4399304638925573,0.5452463540625918,193,0.3833339214324951,-190.09552600000004
121,-193.41574000000003,0.6714039927542728,0.5425201222922789,187,0.3568150997161865,-190.07306520000003
122,-175.40374000000003,0.674805189575417,0.5398075216808175,639,1.2443110942840576,-190.06169680000002
123,-164.21651999999997,0.7031530205354788,0.5371084840724134,709,1.4861218929290771,-189.7628628
124,-173.63346,0.6874180336027891,0.5344229416520513,651,1.2571351528167725,-189.4285008
125,-192.21547999999999,0.5651871066026647,0.531750826943791,580,1.1966969966888428,-189.4910236
126,0.9409600000000085,0.6117208577308684,0.5290920728090721,808,1.549314022064209,-185.53121000000002
127,-191.19976,0.4905711161552293,0.5264466124450268,233,0.4413731098175049,-185.5351684
128,-187.30886,0.5976235861030205,0.5238143793828016,547,1.0885236263275146,-185.458024
129,-190.97092,0.7964180077404602,0.5211953074858876,173,0.3292562961578369,-185.47086960000001
130,-187.43622000000002,0.4193781149284593,0.5185893309484582,203,0.39095115661621094,-185.44765640000003
131,-173.02686000000006,0.5597592642133371,0.5159963842937159,778,1.6041131019592285,-185.0874516
132,-172.6164,0.500216584638131,0.5134164023722473,705,1.5788028240203857,-184.5967556
133,-181.59612,0.4211773441007761,0.510849320360386,428,0.8861057758331299,-184.3370292
134,-189.05528,0.5471531894948819,0.5082950737585841,184,0.4187173843383789,-184.1488756
135,-195.97668000000002,0.4370138631590332,0.5057535983897912,300,0.590446949005127,-184.31573
136,-192.90868,0.4831111532214978,0.5032248303978422,365,0.6940829753875732,-184.3525908
137,-172.63008000000002,0.4673901217205725,0.500708706245853,657,1.2907750606536865,-183.9694716
138,-167.83660000000003,0.5048113121111854,0.4982051627146237,677,1.3589611053466797,-183.4005256
139,-178.12436000000002,0.4746813907583444,0.49571413690105054,517,0.9782171249389648,-183.13984480000002
140,-175.50056000000004,0.4405381882902664,0.4932355662165453,937,1.8097949028015137,-182.89440480000002
141,-189.735,0.39918493269519373,0.4907693883854626,165,0.31272292137145996,-183.20292840000002
142,-186.98814000000002,0.3074571552636628,0.4883155414435353,131,0.26548194885253906,-183.0380464
143,-182.21474,0.37370920672309194,0.4858739637363176,646,1.226257085800171,-182.80744160000003
144,12.33560000000002,0.4032624324113413,0.483444593917636,1320,2.562252998352051,-178.729252
145,-191.8138,0.4963314800591367,0.4810273709480478,164,0.3103210926055908,-178.8129696
146,-192.7854,0.47431815650414005,0.47862223409330756,261,0.4939289093017578,-178.8129504
147,-191.72344,0.28946527385299925,0.47622912292284103,209,0.3952169418334961,-178.6262752
148,-198.40070000000003,0.42856633557897544,0.4738479773082268,322,0.620142936706543,-178.6449272
149,-190.22818,0.4974171169720545,0.47147873742168567,491,0.9409058094024658,-178.51574440000002
150,-188.73780000000002,0.46076796985007534,0.46912134373457726,645,1.2273838520050049,-178.45014880000002
151,-186.02064000000001,0.2785217201861087,0.46677573701590436,240,0.45555591583251953,-178.34889600000002
152,-182.64210000000003,0.37413971845021166,0.46444185833082485,378,0.7377808094024658,-178.1954524
153,16.49472,0.3810350832786351,0.46211964903917074,1176,2.378453016281128,-174.1790956
154,-171.21362000000005,0.4028743642689056,0.4598090507939749,586,1.2076101303100586,-173.96192440000002
155,20.68335999999998,0.33738098503343517,0.457510005540005,1472,2.98858380317688,-169.80864960000002
156,-194.2151,0.3838139915852434,0.45522245551230495,274,0.5385270118713379,-169.88135440000002
157,-174.72534000000002,0.2836485519875041,0.4529463432347434,651,1.2850708961486816,-169.5892628
158,-178.12698000000003,0.3197596657233961,0.4506816115185697,362,0.6852071285247803,-169.3910396
159,-185.9531,0.1930485862788832,0.4484282034609769,234,0.4387028217315674,-169.27374880000002
160,-194.0783,0.2799530957741605,0.446186062443672,322,0.6426599025726318,-169.4586448
161,-170.77676,0.3368575618879802,0.4439551321314536,965,1.802706003189087,-169.13020760000003
162,-183.21318000000002,0.4366691919308448,0.4417353564707963,255,0.486004114151001,-169.00892240000002
163,-184.23948,0.3881026577756868,0.43952667968844233,204,0.3826789855957031,-168.83904
164,6.819279999999994,0.3927548363704852,0.43732904629000013,1472,2.873720169067383,-164.86634
165,-192.77656,0.3338317405454743,0.4351424010585501,209,0.4141359329223633,-164.76291600000002
166,-173.98538000000002,0.2572438632091432,0.43296668905325736,619,1.1661500930786133,-164.7295032
167,-175.25188,0.366014885733336,0.43080185560799106,677,1.2718350887298584,-164.46110640000003
168,13.876159999999985,0.2651155219304004,0.4286478463299511,1184,2.386310338973999,-160.4632068
169,-184.88182000000003,0.1815998337836241,0.42650460709830135,134,0.31085801124572754,-160.3806304
170,-171.1056,0.32937812422681984,0.42437208406280985,729,1.4293341636657715,-159.99510560000002
171,-172.69244,0.25800972369831837,0.4222502236424958,709,1.3734378814697266,-159.5806396
172,-188.86134,0.2901091992121789,0.42013897252428334,174,0.3262209892272949,-159.8497916
173,-188.65092,0.32932084474817547,0.4180382776616619,213,0.4008769989013672,-160.3384796
174,-175.00614000000004,0.3435559609960554,0.4159480862733536,619,1.1993520259857178,-160.36593320000003
175,-190.3256,0.42342500794964893,0.41386834584198684,241,0.45453381538391113,-160.3281356
176,-191.64258,0.3759121088921253,0.4117990041127769,203,0.38087892532348633,-164.17980640000002
177,-191.16772,0.35944568264685256,0.40974000909221303,332,0.6701760292053223,-164.1791656
178,-171.34798,0.34945764001370816,0.40769130904675194,846,1.599330186843872,-163.859948
179,-187.82238,0.39727116990352757,0.40565285250151817,174,0.34861016273498535,-163.79697720000001
180,-185.19016000000002,0.27816189834205757,0.4036245882390106,145,0.29592299461364746,-163.752056
181,-193.51194,0.4029071112462913,0.4016064652978155,342,0.6594512462615967,-164.16175760000002
182,-185.25572,0.34290327881773314,0.3995984329713264,300,0.6116471290588379,-164.41454400000003
183,-189.1338,0.44144666658808723,0.3976004408064698,237,0.4486830234527588,-164.5652976
184,-195.56038,0.427339368264349,0.39561243860243744,530,1.041802167892456,-164.69539960000003
185,-196.86668,0.3283664164696581,0.3936343764094253,253,0.4746999740600586,-164.7131996
186,-178.61836000000005,0.4232676965613691,0.39166620452737816,1085,2.07840895652771,-164.4273932
187,-190.58864000000003,0.4999545829606094,0.3897078735047413,352,0.6625792980194092,-164.78656440000003
188,-176.97496000000004,0.4050251067191961,0.3877593341372176,560,1.1406970024108887,-164.9693316
189,-171.13837999999998,0.4457554640246729,0.3858205374665315,1379,2.670725107192993,-164.82961200000003
190,-190.72112,0.4993744818106913,0.38389143477919885,313,0.6354382038116455,-165.1340232
191,-166.94830000000002,0.5317207054441048,0.3819719776053028,434,0.8939781188964844,-164.6782892
192,-164.08472,0.49191362346782247,0.3800621177172763,649,1.3272221088409424,-164.22022080000002
193,-180.37572000000003,0.39839226689930723,0.37816180712868996,372,0.7538480758666992,-164.1834404
194,-163.23265999999998,0.44078509411209393,0.37627099809304654,758,1.476229190826416,-167.6948056
195,-171.31006000000002,0.45180298020257315,0.3743896431025813,594,1.1248769760131836,-167.2847308
196,-165.59029999999993,0.4342181735705563,0.37251769488706843,1223,2.4183521270751953,-166.74082880000003
197,-166.63191999999998,0.3681950588704962,0.3706551064126331,825,1.6548500061035156,-166.2389984
198,-193.60974000000002,0.3128065217792857,0.36880183088056995,342,0.6575760841369629,-166.14317920000002
199,-168.49104000000005,0.41057289819720955,0.3669578217261671,609,1.1803040504455566,-165.70843640000004
200,-189.71792,0.3106563585146833,0.36512303261753626,313,0.6001009941101074,-165.7280388
201,-185.85248,0.3734239349536345,0.3632974174544486,177,0.34507298469543457,-165.7246756
202,-164.99839999999998,0.33185186526780514,0.3614809303671764,593,1.1393311023712158,-165.3718016
203,-168.46192000000005,0.32564225977873557,0.3596735257153405,657,1.3093628883361816,-169.0709344
204,-190.32864,0.4987345327746071,0.3578751580867638,144,0.2760307788848877,-169.45323480000002
205,-188.92512,0.4936440370563004,0.35608578229633,225,0.4330291748046875,-173.64540440000002
206,-197.71228000000002,0.40602172698520456,0.3543053533848483,293,0.6201341152191162,-173.715348
207,-185.85056000000003,0.339733689013174,0.35253382661792404,177,0.35579776763916016,-173.9378524
208,-168.27514,0.48733933534567603,0.3507711574848344,651,1.2734918594360352,-173.74081560000002
209,-167.91815999999994,0.40152520462176583,0.34901730169741024,832,1.6212661266326904,-173.3801168
210,-185.28922000000006,0.3707443073295608,0.3472722151889232,851,1.6542952060699463,-173.20433520000003
211,-186.37554,0.4217991689036559,0.3455358541129786,203,0.3910949230194092,-173.51631079999999
212,-167.31224000000003,0.3801909533876324,0.3438081748424137,601,1.2007651329040527,-173.198292
213,18.035039999999956,0.4153993151005941,0.3420891339682016,856,1.6679868698120117,-169.15280160000003
214,-190.13184,0.34369656663500703,0.3403786882983606,281,0.5373320579528809,-173.091824
215,-198.24558000000002,0.4440759201826961,0.3386767948568688,318,0.6163372993469238,-173.20120440000002
216,16.587039999999973,0.46403671636188537,0.33698341088258443,776,1.484173059463501,-169.389756
217,-185.70966,0.36208980349588327,0.3352984938281715,174,0.33031487464904785,-169.59891160000004
218,-189.32798000000003,0.304374262416513,0.33362200135903064,243,0.4760298728942871,-173.66299440000003
219,-189.57010000000002,0.44651965598587867,0.33195389135223546,154,0.2951211929321289,-173.75675999999999
220,-180.89018000000002,0.4214821493965976,0.3302941218954743,243,0.46700310707092285,-173.95245160000002
221,-165.61959999999993,0.5100426490638105,0.32864265128599696,768,1.464440107345581,-173.8109948
222,-171.65636,0.4782123143517038,0.326999438029567,508,0.9833438396453857,-173.4668952
223,-173.76258,0.4501521510505525,0.3253644408394192,651,1.2505357265472412,-173.1691284
224,-175.81674000000004,0.3345000710854802,0.3237376186352221,651,1.2674579620361328,-173.18534040000003
225,-174.93404000000004,0.4543265585576876,0.322118930542046,716,1.5072810649871826,-172.87750920000002
226,-176.51082000000002,0.4036312937060246,0.32050833588933575,639,1.2643871307373047,-172.57487400000002
227,-177.77814,0.40543109534262534,0.31890579420988907,651,1.2484619617462158,-172.3070824
228,-183.34562000000005,0.33818019297160823,0.3173112652388396,907,1.7509610652923584,-172.54703520000004
229,12.930159999999994,0.3301285476749763,0.3157247089126454,1000,2.05482816696167,-168.5319844
230,-190.24128000000002,0.24196488192254628,0.3141460853680822,185,0.3611640930175781,-168.6330068
231,-189.27672,0.19546790995648028,0.3125753549412418,144,0.2782588005065918,-168.54830240000004
232,-180.77364000000003,0.3860205257823937,0.31101247816653554,189,0.3703749179840088,-168.4586608
233,-176.53727999999998,0.4026699877145057,0.30945741577570285,1081,2.07741379737854,-168.20673040000003
234,-190.10264,0.32700472482753434,0.3079101286968243,184,0.3577568531036377,-168.09757560000003
235,-185.21264000000002,0.38435496829862875,0.3063705780533402,352,0.6812460422515869,-167.86449480000002
236,-184.13752000000002,0.3646723859269044,0.30483872516307353,145,0.2821509838104248,-167.97487800000002
237,-176.24166000000002,0.40317391445273704,0.3033145315372582,778,1.518833875656128,-167.6879384
238,-184.88182000000003,0.3705394165208146,0.3017979588795719,134,0.2644979953765869,-167.8460756
239,-165.64417999999998,0.4173345310949104,0.30028896908517405,827,1.5867948532104492,-167.7361916
240,-184.13896000000003,0.582128431718668,0.2987875242397482,145,0.28025126457214355,-167.60454840000003
241,-169.08814000000004,0.3577917848168478,0.29729358661854943,638,1.2318000793457031,-167.64734520000002
242,-174.12854000000004,0.3742955352458423,0.29580711868545667,274,0.5300297737121582,-167.8482216
243,-173.75956000000005,0.4082169150306086,0.2943280830920294,653,1.2632451057434082,-167.71589840000001
244,-191.89824,0.455027286805284,0.29285644267656924,417,0.808823823928833,-168.28921000000003
245,-174.76242000000002,0.3778458160416194,0.2913921604631864,603,1.1607398986816406,-168.3582572
246,-171.08100000000002,0.36523927322444344,0.28993519966087045,580,1.1117439270019531,-168.46807120000003
247,-184.51500000000001,0.45887386644395384,0.2884855236625661,164,0.31789588928222656,-168.8257328
248,-176.13674000000003,0.47472420959133105,0.28704309604425327,619,1.2036709785461426,-168.4762728
249,-164.0361,0.4209937846778097,0.285607880564032,1243,2.3787550926208496,-168.38717400000002
250,-167.78368,0.42871767125145255,0.28417984116121187,776,1.4935050010681152,-167.9484892
251,-187.89206000000001,0.38665266168120244,0.2827589419554058,274,0.5318300724029541,-167.98928080000002
252,28.009759999999833,0.46378769859709496,0.28134514724562876,1032,1.9767780303955078,-164.12911760000003
253,-181.08180000000002,0.39263374570057263,0.2799384215094006,1501,2.881155252456665,-164.38151520000002
254,-186.31028,0.4290188413809087,0.27853872940185365,253,0.49223995208740234,-164.30114800000004
255,-178.09714000000002,0.34342836086070877,0.27714603575484437,563,1.0782227516174316,-164.08458840000003
256,-186.18472000000003,0.26436690848147004,0.2757603055760701,193,0.3738439083099365,-163.85403720000002
257,-172.72072000000003,0.32758841105416175,0.2743815040481898,305,0.5863890647888184,-163.59144040000004
258,-180.3372,0.3431568760339508,0.2730095965279488,873,1.6940531730651855,-163.8326816
259,11.206959999999992,0.3270221316417185,0.27164454854530906,784,1.828644037246704,-160.25017920000002
260,-185.18944000000002,0.3221683501490745,0.2702863258025825,145,0.2812061309814453,-160.2481836
261,-178.35034000000002,0.2546590336986025,0.2689348941735696,322,0.6318271160125732,-160.08767960000003
262,-189.27672,0.3030143953057834,0.26759021970270175,144,0.28008198738098145,-160.52696920000002
263,-174.65588000000002,0.3568857246774186,0.2662522686041882,652,1.3317821025848389,-164.3807876
264,25.63175999999983,0.3681939781510753,0.2649210072611673,1144,2.3016490936279297,-160.06551560000003
265,-167.2914400000002,0.24640332684807834,0.26359640222486147,945,1.8238821029663086,-159.44643280000003
266,-188.07634000000002,0.31298691634524695,0.26227842021373715,235,0.45265698432922363,-163.53970040000002
267,-161.74366,0.2964372957045803,0.2609670281126685,738,1.429642915725708,-163.06038040000004
268,-185.85320000000002,0.3395737619849585,0.25966219297210513,177,0.35604190826416016,-162.99088480000003
269,-163.86402000000004,0.31750000854887533,0.2583638820072446,979,1.87459397315979,-162.47676320000002
270,-187.47418000000002,0.2448921013720237,0.2570720625972084,154,0.2985360622406006,-162.6084432
271,-184.83978,0.2764831915792953,0.25578670228422234,183,0.3558337688446045,-162.99284680000002
272,-188.03742000000003,0.33191791893772155,0.25450776877280124,131,0.2544388771057129,-163.320468
273,-174.20636000000005,0.44493526188083565,0.2532352299289372,325,0.6338682174682617,-163.32934360000002
274,21.18272000000003,0.3669982123611835,0.2519690537792925,1512,2.917642831802368,-159.38935440000003
275,-168.95074,0.24777982522961567,0.2507092085103961,927,1.8006539344787598,-159.26968840000004
276,-170.35584000000003,0.3488901940315032,0.2494556624678441,649,1.2596328258514404,-159.14658880000002
277,16.79176000000003,0.3207548088219853,0.24820838415550486,1256,2.5029590129852295,-155.2551908
278,-163.25508000000002,0.30293380471666576,0.24696734223472733,613,1.2798919677734375,-154.85338000000004
279,-162.18528,0.24647366960295522,0.2457325055235537,808,1.5848281383514404,-158.35568880000002
280,-165.32717999999997,0.33602970217990197,0.24450384299593592,907,1.7706539630889893,-157.85740680000004
281,-183.80504000000002,0.20965502721399232,0.24328132378095624,184,0.3600180149078369,-157.74797320000002
282,-198.43578,0.2590450768969873,0.24206491716205145,279,0.5408539772033691,-158.10121600000002
283,-166.62836000000004,0.2597718172571627,0.2408545925762412,869,1.7101409435272217,-157.90303760000003
284,-175.98362,0.286696214684815,0.23965031961336,719,1.424570083618164,-157.6206572
285,-184.88254000000003,0.23336614878959397,0.2384520680152932,134,0.26686787605285645,-157.61405520000002
286,-173.38376000000002,0.3087051222722657,0.23725980767521673,337,0.6631639003753662,-157.39898000000002
287,-179.60192,0.3971284091594103,0.23607350863684065,184,0.36158299446105957,-157.4661852
288,25.649760000000192,0.23345544253762845,0.23489314109365644,1792,3.485870122909546,-153.2555536
289,-189.28248000000002,0.3469093506897075,0.23371867538818816,144,0.2794148921966553,-153.72831960000002
290,-167.13514000000004,0.3411308905515676,0.23255008201124722,491,0.9524991512298584,-153.3882432
291,-184.89642,0.27649940222984665,0.231387331601191,135,0.26296424865722656,-153.7044088
292,-154.23067999999992,0.43188576691124525,0.23023039494318503,781,1.6157879829406738,-153.30645160000003
293,-186.57096,0.2971181873382526,0.2290792429684691,161,0.3753039836883545,-153.56267960000002
294,-189.08934000000002,0.1900251469368698,0.22793384675362674,131,0.3395509719848633,-153.5065016
295,-184.88254000000003,0.21020551045327934,0.22679417751985861,134,0.26950502395629883,-153.70890400000002
296,-178.19344,0.31793016024428983,0.22566020663225933,617,1.209136962890625,-153.85115280000002
297,-184.88182000000003,0.39744791420482434,0.22453190559909803,134,0.2616410255432129,-153.8584892
298,-179.26392,0.34182659707558166,0.22340924607110255,216,0.4209132194519043,-153.9210328
299,-185.19016000000002,0.41213390393953386,0.22229219984074702,145,0.28191494941711426,-154.34411400000002
300,-188.51516,0.3635456965803198,0.2211807388415433,157,0.3077869415283203,-154.7587436
301,-163.144,0.516329248253479,0.22007483514733558,401,0.7818360328674316,-154.26378240000003
302,-161.72133999999994,0.4956221736479495,0.2189744609715989,1143,2.223433017730713,-158.05840440000003
303,12.50495999999999,0.40101494702809887,0.2178795886667409,1120,2.1620559692382812,-154.1866692
304,-169.04114000000007,0.38692547679847555,0.2167901907234072,1283,2.5049350261688232,-153.8412864
305,-185.18944000000002,0.43368446131333194,0.21570623976979014,145,0.2872490882873535,-153.98313240000002
306,-170.10498,0.40442547117819067,0.21462770857094118,927,1.7947299480438232,-153.6615376
307,-188.03742000000003,0.5234871760742981,0.21355457002808648,131,0.25432491302490234,-153.96787160000002
308,-187.32016,0.4517068555636652,0.21248679717794605,401,0.789395809173584,-154.10753080000003
309,-188.03742000000003,0.5027402391735436,0.21142436319205632,131,0.25449228286743164,-158.0924184
310,-160.14121999999983,0.4637042944307017,0.21036724137609603,1115,2.1929898262023926,-157.591454
311,-167.30072000000004,0.4866070051324211,0.20931540516921554,601,1.1824989318847656,-157.37046160000003
312,-179.89928,0.3395572509208964,0.20826882814336947,297,0.5885059833526611,-157.18291280000003
313,-170.71006000000003,0.47308594181042657,0.20722748400265262,659,1.31040620803833,-157.10399640000003
314,-162.17455999999999,0.35036556584577977,0.20619134658263935,857,1.7511622905731201,-160.8601228
315,-164.4505,0.40699067869198946,0.20516038984972615,867,1.758120059967041,-160.803304
316,-170.02977999999996,0.2774987843911392,0.2041345879004775,927,1.9804270267486572,-160.4423728
317,-185.18944000000002,0.30229947479955593,0.2031139149609751,145,0.2839467525482178,-160.9112884
318,-186.83548000000002,0.42210793962717175,0.20209834538617025,124,0.2390589714050293,-160.930934
319,-185.19016000000002,0.40998479319286757,0.2010878536592394,145,0.29813599586486816,-161.3574568
320,-174.39336000000003,0.36370216444531156,0.2000824143909432,592,1.141585111618042,-161.0958404
321,-188.02784,0.49563935773102974,0.19908200231898848,184,0.35326695442199707,-161.1596016
322,-169.74962000000002,0.3876338922088758,0.19808659230739353,367,0.7294790744781494,-160.7938456
323,-165.7174599999998,0.33079278212305524,0.19709615934585656,1083,2.165945053100586,-160.6240676
324,-188.03742000000003,0.5699732272551601,0.19611067854912728,131,0.28488993644714355,-164.8084704
325,-171.86726000000004,0.4364598868820991,0.19513012515638165,619,1.3346078395843506,-164.8668008
326,-185.85248,0.37440220970071136,0.19415447453059972,177,0.3970310688018799,-165.1767336
327,-164.45314000000002,0.44087766211280105,0.19318370215794672,867,1.8312757015228271,-168.8016316
328,-161.13074000000003,0.35835714618126485,0.192217783647157,755,1.61177396774292,-168.7591448
329,-185.18944000000002,0.3881271642086835,0.1912566947289212,145,0.28545689582824707,-169.21922800000002
330,-185.19016000000002,0.5822125834509216,0.1903004112552766,145,0.2843480110168457,-169.6164876
331,-185.13208000000003,0.3307976627365295,0.18934890919900021,193,0.48985791206359863,-169.6430284
332,-184.88182000000003,0.46638535507329143,0.18840216465300522,134,0.34644389152526855,-169.37194920000002
333,-164.61703999999997,0.5202195010366635,0.18746015382974018,673,1.3885769844055176,-169.3317228
334,-184.88254000000003,0.5110868725112514,0.1865228530605915,134,0.2628488540649414,-169.50970120000002
335,-180.37552000000002,0.3986902872469568,0.18559023879528855,217,0.42497897148132324,-169.4195608
336,-190.57074,0.362459067987012,0.1846622876013121,203,0.39603424072265625,-169.76330040000002
337,-189.08158000000003,0.32730182260969903,0.18373897616330553,134,0.26177501678466797,-169.95289359999998
338,-184.88182000000003,0.5352464322098044,0.182820281282489,134,0.27739405632019043,-174.1635252
339,-167.67568,0.5511546167545021,0.18190617987607657,873,1.7446820735931396,-173.73138920000002
340,30.04568,0.5569390896816199,0.18099664897669618,1632,3.2894020080566406,-169.78777280000003
341,-188.03814000000003,0.7178550318295833,0.1800916657318127,131,0.2555539608001709,-169.8506072
342,-175.45462000000003,0.5119338789599616,0.17919120740315364,590,1.156623125076294,-170.27508600000002
343,-182.21866000000003,0.40999783298859444,0.17829525136613786,154,0.3025631904602051,-170.18804
344,-174.51894000000004,0.509220873665767,0.17740377510930716,594,1.2124221324920654,-169.89663199999998
345,-162.90068,0.4363786029431072,0.17651675623376062,540,1.1106421947479248,-169.4569948
346,-167.38737999999992,0.47829384450100204,0.1756341724525918,807,1.6036090850830078,-169.24087360000001
347,-185.18944000000002,0.7156897917903703,0.17475600159032884,145,0.28276896476745605,-169.247026
348,-185.18944000000002,0.36961353143741343,0.17388222158237718,145,0.2805769443511963,-169.36553640000002
349,-185.07576,0.3730333311379784,0.1730128104744653,144,0.28179097175598145,-169.3632484
350,19.573520000000045,0.451192589927275,0.17214774642209296,1080,2.105455160140991,-165.2014748
351,-168.64447999999987,0.5066082077812835,0.1712870076899825,968,1.877230167388916,-165.3114844
352,-163.32792,0.3576640972278616,0.17043057265153258,808,1.566472053527832,-165.343616
353,-185.18944000000002,0.5640870474728531,0.16957841978827493,145,0.281574010848999,-169.297504
354,-177.23286000000004,0.3437819005766263,0.16873052768933355,570,1.1152100563049316,-169.4613384
355,-184.89642,0.418660994225906,0.1678868750508869,135,0.26273679733276367,-169.455478
356,-185.19016000000002,0.4767249354450353,0.16704744067563246,145,0.28156399726867676,-169.7571816
357,-164.28989999999993,0.37770342438322374,0.1662122034722543,859,1.6579689979553223,-169.28223119999998
358,-175.12574000000004,0.40471295754022496,0.16538114245489302,370,0.7178380489349365,-169.03834279999998
359,-184.88254000000003,0.2336245690917235,0.16455423674261854,134,0.25878071784973145,-168.9752452
360,-185.19016000000002,0.3475693413538152,0.16373146555890544,145,0.28239917755126953,-169.476224
361,-175.72568000000004,0.4883683947458888,0.16291280823111093,601,1.1602320671081543,-169.64472320000002
362,-185.19016000000002,0.6468400365801464,0.16209824418995536,145,0.28203296661376953,-169.7505408
363,-184.89642,0.6290134502781762,0.16128775296900558,135,0.2622849941253662,-170.034268
364,-165.51496000000003,0.40609850999808916,0.16048131420416054,361,0.6956439018249512,-170.101076
365,-173.49768000000003,0.35329347031546415,0.15967890763313974,697,1.359118938446045,-170.2820196
366,-167.11462,0.3829226617193186,0.15888051309497406,986,1.909806251525879,-170.2237164
367,-168.30888000000002,0.4144359324809269,0.1580861105294992,601,1.1596500873565674,-169.88610520000003
368,-186.98814000000002,0.5265055187046528,0.1572956799768517,131,0.2534520626068115,-169.8891584
369,-166.67470000000003,0.5945447439474887,0.15650920157696743,570,1.1073617935180664,-169.5188492
370,-184.88182000000003,0.46624837074178593,0.1557266555690826,134,0.26247310638427734,-169.72861840000002
371,-163.54369999999994,0.45633003671125405,0.1549480222912372,827,1.6025350093841553,-169.2389356
372,-155.42035999999996,0.403719810734849,0.15417328217978102,1133,2.1798360347747803,-168.9523504
373,21.34432,0.4062019283434384,0.1534024157688821,944,1.8062479496002197,-165.2111148
374,-173.78662000000003,0.4284326361940943,0.1526354036900377,411,0.7999417781829834,-164.9260988
375,23.610799999999948,0.4074347280444173,0.1518722266715875,1032,1.9650599956512451,-161.01653760000002
376,-167.9066399999998,0.29570788133336806,0.15111286553822956,937,1.8028779029846191,-160.65762080000002
377,-184.89642,0.1881515773254688,0.15035730121053842,135,0.260573148727417,-161.0664864
378,-184.88254000000003,0.2823147362049447,0.14960551470448571,134,0.2568941116333008,-161.54152240000002
379,-161.50968,0.42219035276387823,0.14885748713096328,873,1.7115609645843506,-161.0679272
380,-162.18241999999995,0.3188779273399679,0.14811319969530845,659,1.4245340824127197,-160.60777240000002
381,-160.80665999999997,0.32230989449233116,0.1473726336968319,643,1.2931039333343506,-160.121264
382,-173.14292000000006,0.20740725165233015,0.14663577052834775,325,0.6488969326019287,-159.886486
383,-185.18944000000002,0.3927598293228396,0.14590259167570602,145,0.29142308235168457,-160.297934
384,-185.18944000000002,0.3503703694854831,0.1451730787173275,145,0.2796800136566162,-160.304072
385,-166.27577999999983,0.28412570188914854,0.14444721332374086,859,1.6608688831329346,-160.0220772
386,-185.18944000000002,0.39082118955216016,0.14372497725712216,145,0.2829427719116211,-159.9144512
387,-184.88254000000003,0.39840314862554643,0.14300635237083656,134,0.2565617561340332,-159.8304704
388,-190.23430000000002,0.43743994815195814,0.14229132060898236,235,0.5141379833221436,-159.93752
389,-168.60844000000003,0.3240678817066091,0.14157986400593744,461,1.0329818725585938,-159.9561752
390,-163.41609999999997,0.34615821147913006,0.14087196468590776,615,1.3376541137695312,-163.82541080000001
391,-154.67153999999985,0.3614996004446747,0.14016760486247823,1054,2.315656900405884,-163.1580788
392,-165.98736,0.34215220313089567,0.13946676683816583,841,1.6446201801300049,-162.9687336
393,-175.41454000000002,0.3931888411563916,0.138769433003975,690,1.3302419185638428,-162.8326512
394,-168.40424000000002,0.4254627589891028,0.13807558583895513,601,1.15083909034729,-162.7103572
395,-180.37360000000004,0.4439115426653335,0.13738520790976036,217,0.41739583015441895,-163.0598156
396,-159.32707999999988,0.4473470814781954,0.13669828187021155,677,1.3024120330810547,-162.8986096
397,-186.12696,0.48201525517247823,0.13601479046086049,144,0.2833406925201416,-162.91736
398,-160.77477999999994,0.5908462436377494,0.1353347165085562,543,1.0395519733428955,-162.4290668
399,-165.06590000000006,0.44899485348498086,0.1346580429260134,887,1.692518949508667,-162.0288696
400,-185.19016000000002,0.5219131315127015,0.13398475271138335,145,0.2789912223815918,-166.1241432
401,-185.19016000000002,0.41280532859201574,0.13331482894782642,145,0.2792978286743164,-166.4550568
402,-184.88182000000003,0.37624719873098517,0.13264825480308728,134,0.26131105422973633,-166.8861348
403,33.03168000000012,0.4539002608243736,0.13198501352907185,952,1.8479909896850586,-162.52171239999998
404,-167.69400000000007,0.4168685592894613,0.1313250884614265,1065,2.0728330612182617,-162.3309352
405,-184.88182000000003,0.5620899604452746,0.13066846301911936,134,0.25972986221313477,-162.3306432
406,-184.88182000000003,0.28255094545754367,0.13001512070402377,134,0.2612581253051758,-162.3244764
407,-185.19016000000002,0.4150050021772241,0.12936504510050365,145,0.28314900398254395,-162.7424816
408,-174.40606000000002,0.4399587505354972,0.12871821987500112,590,1.1442971229553223,-162.728088
409,-173.35990000000004,0.4178023148012363,0.12807462877562611,590,1.1478569507598877,-162.4976352
410,-170.27198,0.36912374290221206,0.12743425563174798,1382,2.684962034225464,-162.1992716
411,-185.13280000000003,0.49547985947927353,0.12679708435358925,193,0.37621235847473145,-162.387414
412,-185.18824000000004,0.4776628666011424,0.1261630989318213,145,0.28202080726623535,-162.38737559999998
413,-166.80438000000004,0.42515032143394155,0.1255322834371622,375,0.7289872169494629,-162.0255348
414,-162.95121999999995,0.44134626060696247,0.12490462201997637,798,1.5444509983062744,-161.97426
415,-185.18944000000002,0.4998530049904667,0.1242800989098765,145,0.2820873260498047,-162.2080952
416,-185.18944000000002,0.3274441328092382,0.12365869841532712,145,0.2815990447998047,-162.5695916
417,23.708880000000065,0.4064729234459059,0.12304040492325048,1240,2.392369270324707,-158.7292364
418,-186.7862,0.5821241541960908,0.12242520289863423,124,0.24486613273620605,-158.7251976
419,-184.88254000000003,0.30644819794445116,0.12181307688414106,134,0.26550912857055664,-159.0893544
420,-185.19016000000002,0.4356687902440799,0.12120401149972035,145,0.2894721031188965,-159.0955212
421,-184.88110000000003,0.4937158541531483,0.12059799144222175,134,0.26589107513427734,-159.52226919999998
422,-172.08860000000004,0.3729914313898637,0.11999500148501063,325,0.6285412311553955,-159.85563399999998
423,-162.16486,0.44778538628018555,0.11939502647758558,807,1.5593931674957275,-163.52581759999998
424,-184.89714,0.6501857205880461,0.11879805134519765,135,0.26489686965942383,-163.748028
425,-184.88254000000003,0.4232781456171799,0.11820406108847166,134,0.26366114616394043,-167.9178948
426,-171.02532000000002,0.46112928300503825,0.1176130407830293,324,0.6290760040283203,-167.9802684
427,-188.85440000000003,0.48323584016321636,0.11702497557911415,369,0.7176063060760498,-168.059428
428,-184.88182000000003,0.3999471619530623,0.11643985070121858,134,0.262829065322876,-168.0594136
429,-172.30646000000004,0.46409088435166423,0.11585765144771248,586,1.1553800106048584,-168.27534920000002
430,-180.47806000000003,0.5746440606218947,0.11527836319047392,274,0.5333259105682373,-168.64126199999998
431,-185.18944000000002,0.4592093447865597,0.11470197137452155,145,0.2823159694671631,-169.12891760000002
432,-166.22168000000005,0.64522165019002,0.11412846151764894,649,1.2507939338684082,-168.9904928
433,-185.18944000000002,0.3503104688214331,0.1135578192100607,145,0.28137803077697754,-168.9904928
434,-184.88182000000003,0.4716055132448673,0.11299003011401039,134,0.2700531482696533,-168.9843404
435,-183.22806000000003,0.5192507679844871,0.11242507996344034,203,0.41737890243530273,-169.32338600000003
436,24.454240000000176,0.5771596593011556,0.11186295456362313,1160,2.2704501152038574,-165.13051240000001
437,-184.88254000000003,0.5400506335574744,0.11130363979080501,134,0.26152706146240234,-165.13051240000001
438,-185.18944000000002,0.6327914065199679,0.11074712159185099,145,0.2819969654083252,-165.0296152
439,-184.13824000000002,0.4367148647919811,0.11019338598389174,145,0.2823348045349121,-165.3402112
440,-185.18944000000002,0.7634896103806537,0.10964241905397228,145,0.28288698196411133,-165.775678
441,-186.12696,0.5704972653119411,0.10909420695870241,144,0.2806069850921631,-166.4047864
442,-184.91168000000002,0.6497570866280619,0.1085487359239089,136,0.26355981826782227,-166.78327280000002
443,-167.50135999999998,0.6365068454196271,0.10800599224428936,808,1.5682032108306885,-166.62500920000002
444,-184.88182000000003,0.6813363355042329,0.10746596228306791,134,0.2608630657196045,-166.9545608
445,-185.18752000000003,0.6116888497410149,0.10692863247165257,145,0.282116174697876,-167.0508392
446,-185.19016000000002,0.7826500000367904,0.1063939893092943,145,0.2832660675048828,-167.56810080000002
447,-185.18944000000002,0.6294465183633668,0.10586201936274783,145,0.28280210494995117,-167.5493504
448,-185.18752000000003,0.7415767910729708,0.10533270926593409,145,0.28346705436706543,-168.0376052
449,-163.3722200000001,0.6009936945804507,0.10480604571960442,907,1.7547049522399902,-168.00373160000004
450,-185.18944000000002,0.7177145426257932,0.1042820154910064,145,0.2832646369934082,-168.00371720000004
451,-182.5509,0.7646459787810111,0.10376060541355137,170,0.3315393924713135,-167.95093200000002
452,-164.09200000000004,0.6556565063136527,0.1032418023864836,897,1.760075569152832,-167.53513560000002
453,13.296880000000154,0.5749843808249478,0.10272559337455119,1616,3.3975391387939453,-167.92983160000003
454,-184.88182000000003,0.5628509051722488,0.10221196540767843,134,0.26775407791137695,-168.27358800000002
455,-184.88182000000003,0.49115730162167837,0.10170090558064004,134,0.2649967670440674,-168.27358800000002
456,-171.18534000000005,0.5117754206767007,0.10119240105273684,586,1.1567411422729492,-167.99965840000002
457,-184.13896000000003,0.5870130320882488,0.10068643904747315,145,0.2954740524291992,-167.9786344
458,-170.0736599999999,0.5268854155648286,0.10018300685223579,1135,2.220194101333618,-167.89198640000004
459,-172.58386000000002,0.4781762972002058,0.0996820918179746,1095,2.230107069015503,-167.87646560000002
460,-171.64116,0.3989906398611004,0.09918368135888474,709,1.7078440189361572,-167.9038492
461,-184.88254000000003,0.41953095784688843,0.09868776295209031,134,0.31822991371154785,-167.89884400000003
462,-185.19016000000002,0.45537767606819496,0.09819432413732986,145,0.31469011306762695,-167.8988824
463,-186.12504,0.610300918458961,0.09770335251664321,144,0.3063080310821533,-168.28529560000004
464,-185.19016000000002,0.586474111907441,0.09721483575406,145,0.30916619300842285,-168.7300744
465,-165.4461399999999,0.4992543312875638,0.09672876157528969,867,1.857522964477539,-168.3352084
466,-184.88182000000003,0.5597249229104995,0.09624511776741324,134,0.2926151752471924,-168.329056
467,19.797519999999942,0.3891927757286214,0.09576389217857617,1768,3.5059728622436523,-168.40728320000002
468,-184.88182000000003,0.32637159650061115,0.09528507271768329,134,0.2629828453063965,-168.3691956
469,-185.18752000000003,0.25897836493777815,0.09480864735409487,145,0.2860701084136963,-168.3752952
470,-185.18944000000002,0.2605136433616281,0.0943346041173244,145,0.2849540710449219,-168.3752808
471,-174.05430000000007,0.41701664809758465,0.09386293109673778,570,1.1373310089111328,-168.15874480000002
472,-184.88254000000003,0.3752359483745505,0.09339361644125409,134,0.2669219970703125,-168.41462360000003
473,-189.08934000000002,0.12027495531436369,0.09292664835904782,131,0.2563657760620117,-168.95311320000002
474,-184.88182000000003,0.4679530283728086,0.09246201511725258,134,0.2631521224975586,-168.9528068
475,-184.89714,0.34616300667877553,0.09199970504166631,135,0.26641106605529785,-168.95309880000002
476,-161.74999999999997,0.46953123547465336,0.09153970651645797,737,1.4417550563812256,-168.76759240000004
477,28.128399999999914,0.47398919092786046,0.09108200798387568,872,1.6948659420013428,-164.4279364
478,13.33896,0.435069025085879,0.0906265979439563,1128,2.4679059982299805,-160.46352080000003
479,-161.25871999999998,0.452200431684078,0.09017346495423652,609,1.1917128562927246,-160.242566
480,-184.88182000000003,0.3984038983888702,0.08972259762946533,134,0.26090407371520996,-160.3306412
481,-185.18944000000002,0.3056981560292429,0.089273984641318,145,0.28254175186157227,-160.3306412
482,-194.39368000000002,0.2851511833858063,0.0888276147181114,433,0.8527309894561768,-160.89408120000002
483,-184.88182000000003,0.44458931391891926,0.08838347664452084,134,0.2640650272369385,-160.8879288
484,-184.88254000000003,0.3978113469306324,0.08794155926129824,134,0.26332879066467285,-160.8879432
485,-168.7105200000001,0.4552141632647116,0.08750185146499175,1117,2.1864261627197266,-160.59759240000002
486,-170.8579,0.40382584194290233,0.08706434220766679,966,1.8847589492797852,-164.50383520000003
487,-176.38098000000002,0.47078139414543135,0.08662902049662846,231,0.46082091331481934,-164.33380400000001
488,-185.18752000000003,0.5208021948627871,0.08619587539414532,145,0.28605008125305176,-164.3337656
489,-185.19016000000002,0.28133481618273876,0.08576489601717459,145,0.28316283226013184,-164.354804
490,17.921359999999964,0.41612143083241465,0.08533607153708872,1512,2.9239110946655273,-160.29258800000002
491,-181.50934,0.40659433727951083,0.08490939117940327,827,1.6156489849090576,-160.2002356
492,26.94823999999988,0.3089381284161666,0.08448484422350626,1032,2.0586230754852295,-155.96303720000003
493,-185.18944000000002,0.32469993762286575,0.08406242000238873,145,0.29562997817993164,-156.31679880000002
494,-184.88254000000003,0.34866000013425946,0.08364210790237678,134,0.2669851779937744,-156.3168132
495,-176.50198000000003,0.25113490722694637,0.0832238973628649,590,1.1449568271636963,-156.14310240000003
496,-169.10510000000002,0.40473089134715245,0.08280777787605056,590,1.174396276473999,-155.82140120000003
497,-168.36809999999986,0.32934956280818173,0.08239373898667031,859,1.6755931377410889,-155.4849744
498,-179.87564000000003,0.27826496390198185,0.08198177029173696,196,0.3854382038116455,-155.3787368
499,-185.18944000000002,0.4563893211748579,0.08157186144027828,145,0.28363895416259766,-155.8150812
500,-168.98808000000002,0.41527684579701746,0.0811640021330769,729,1.4628651142120361,-155.49105400000002
501,18.51008000000015,0.2871872143100054,0.08075818212241151,1176,2.343510150909424,-151.46983440000002
502,-170.64876000000007,0.3101614538648485,0.08035439121179945,709,1.3905830383300781,-151.6009696
503,-158.56376,0.31290461555719756,0.07995261925574046,584,1.1981680393218994,-155.0381824
504,-177.22768000000005,0.326524604176287,0.07955285615946175,217,0.4550168514251709,-154.88509960000002
505,-184.89714,0.32665654089025875,0.07915509187866444,135,0.2710239887237549,-154.88540600000002
506,-175.69222000000005,0.3423406292026698,0.07875931641927113,599,1.2089760303497314,-154.9755436
507,-172.77482000000003,0.381279159137063,0.07836551983717477,307,0.6793270111083984,-154.74826080000003
508,-184.88182000000003,0.4935296483115474,0.07797369223798889,134,0.2961151599884033,-155.04442400000002
509,-163.22617999999997,0.27765288834933444,0.07758382377679894,907,1.9435126781463623,-154.8572704
510,-184.88254000000003,0.34963276175392877,0.07719590465791494,134,0.2955608367919922,-155.12209800000002
511,-164.4051399999999,0.3827259312410685,0.07680992513462537,867,1.8232061862945557,-154.71255000000002
512,-178.21810000000002,0.3401866493341802,0.07642587550895225,467,1.0332059860229492,-154.5731088
513,-155.80415999999994,0.3278870167144998,0.07604374613140748,808,1.75382399559021,-153.9666912
514,36.26832000000014,0.3409817959582142,0.07566352740075044,1408,3.006007194519043,-149.53752160000002
515,-185.19016000000002,0.2858282155004041,0.07528520976374668,145,0.3020308017730713,-149.93240200000002
516,-184.89642,0.3953213108289573,0.07490878371492794,135,0.28715085983276367,-149.932694
517,-184.88182000000003,0.21114202432417825,0.0745342397963533,134,0.3042469024658203,-154.02628080000002
518,-184.88182000000003,0.42424953307734053,0.07416156859737154,134,0.28961706161499023,-154.02628080000002
519,-186.12768,0.43830456591159517,0.07379076075438468,144,0.3009631633758545,-154.045084
520,-184.88182000000003,0.4706215582398781,0.07342180695061275,134,0.2691230773925781,-154.0389316
521,-186.12696,0.5038618627521727,0.07305469791585968,144,0.2976970672607422,-154.2803848
522,-148.0469599999998,0.39153285512406816,0.07268942442628039,1217,2.442992925643921,-153.5436732
523,-185.18944000000002,0.480019126922406,0.07232597730414898,145,0.2858550548553467,-153.4656752
524,-185.18944000000002,0.5476593837720053,0.07196434741762824,145,0.33899378776550293,-153.4718276
525,-181.51056000000003,0.45276548840631076,0.0716045256805401,521,1.1014430522918701,-153.404096
526,-184.88182000000003,0.4726760171756927,0.0712465030521374,134,0.2686171531677246,-153.8667324
527,-184.88182000000003,0.37580596593750726,0.0708902705368767,134,0.2639448642730713,-158.1269368
528,-185.18944000000002,0.588440418860008,0.07053581918419231,145,0.3085510730743408,-162.0975048
529,-184.89642,0.5843542158879615,0.07018314008827135,135,0.27747082710266113,-162.5702588
530,-184.13824000000002,0.45969339258454994,0.06983222438783,145,0.28644776344299316,-162.5553872
531,-167.50358000000003,0.573137033609581,0.06948306326589085,907,1.765732765197754,-162.20167
532,-170.77876000000003,0.4912545035759064,0.0691356479495614,365,0.7347381114959717,-161.7293716
533,-170.00866000000002,0.5077380730934946,0.06878996970981359,827,1.60931396484375,-161.4319084
534,-184.89714,0.3975630184842481,0.06844601986126451,135,0.2635047435760498,-161.4322004
535,-172.13948000000005,0.5501247893810144,0.06810378976195819,580,1.1311397552490234,-161.50077960000002
536,-174.68190000000004,0.5415563671256766,0.0677632708131484,699,1.3778588771820068,-161.57725960000002
537,-185.19016000000002,0.373042306641181,0.06742445445908266,145,0.28526830673217773,-161.7534432
538,-177.78136000000003,0.3341994561698925,0.06708733218678724,193,0.3977668285369873,-161.60532
539,-185.18752000000003,0.501172352684983,0.0667518955258533,145,0.2894918918609619,-161.60526720000001
540,-173.48184000000003,0.4969060523056309,0.06641813604822402,393,0.7893831729888916,-165.4333312
541,-184.88182000000003,0.6565950276510818,0.0660860453679829,134,0.2690000534057617,-165.5007808
542,-185.19016000000002,0.5008939438210479,0.06575561514114299,145,0.28663110733032227,-169.74354879999999
543,-170.20874000000003,0.6893336027661682,0.06542683706543727,983,1.9561100006103516,-169.44393480000002
544,-183.08896000000001,0.4563673257506613,0.06509970288011008,145,0.3215150833129883,-169.4080632
545,-180.12458,0.5952258597354632,0.06477420436570952,259,0.5355377197265625,-169.4805152
546,-184.88182000000003,0.8213508746503339,0.06445033334388098,134,0.2648048400878906,-169.7960496
547,-184.88182000000003,0.6584911662459707,0.06412808167716157,134,0.26421284675598145,-170.126324
548,-184.88254000000003,0.5400261104162505,0.06380744126877576,134,0.26449012756347656,-170.226462
549,-185.18944000000002,0.7818668821376973,0.06348840406243188,145,0.28459978103637695,-170.226462
550,-178.18354000000005,0.5867901377885832,0.06317096204211972,659,1.3818821907043457,-170.41037120000001
551,-161.2912399999999,0.6096996164437883,0.06285510723190912,917,1.8930261135101318,-174.0063976
552,-172.55448,0.6090135442824436,0.06254083169574957,601,1.216407060623169,-174.044512
553,-172.07532000000003,0.5752907734835682,0.062228127537270826,324,0.6509981155395508,-174.3147432
554,-171.66064000000003,0.5394227280266216,0.06191698689958447,305,0.6332807540893555,-174.20340240000002
555,-162.2019,0.5433010009287643,0.061607401965086545,859,1.7686479091644287,-173.74949759999998
556,24.652079999999987,0.5089061016057803,0.06129936495526111,1048,2.1665189266204834,-169.74261160000003
557,-184.88766,0.5970684425720504,0.0609928681304848,131,0.2619750499725342,-169.9848684
558,-175.60992000000002,0.52689379539445,0.060687903789832374,393,0.7916259765625,-169.7994304
559,-177.74880000000002,0.48180294187517303,0.06038446427088321,897,1.8138160705566406,-170.08988280000003
560,-167.80316000000005,0.47823690301965666,0.06008254194952879,677,1.3799700736999512,-169.7482952
561,-184.88182000000003,0.49155569263497617,0.05978212923978115,134,0.26738619804382324,-170.15782880000003
562,-184.89642,0.6743715738601707,0.05948321859358224,135,0.26932382583618164,-170.2913952
563,-184.89714,0.3514469298430615,0.05918580250061433,135,0.2779860496520996,-170.87325480000004
564,-184.13824000000002,0.7177154810328422,0.058889873488111255,145,0.2953469753265381,-175.28138600000003
565,-185.18944000000002,0.5009295051146684,0.058595424120670696,145,0.2995588779449463,-175.28137160000003
566,-185.18944000000002,0.48020408643923446,0.05830244700006734,145,0.3105180263519287,-175.28723200000002
567,-186.9823,0.3765216679034282,0.058010934765067,134,0.279052734375,-175.32924160000002
568,-161.8002799999999,0.5169539890521038,0.05772088009124167,644,1.31870698928833,-174.8676108
569,-185.18944000000002,0.3281464273816553,0.05743227569078546,145,0.29540467262268066,-174.848846
570,-184.89642,0.37613239498395057,0.05714511431233153,135,0.2757139205932617,-174.849138
571,-184.88254000000003,0.6797733038816768,0.05685938874076987,134,0.2768430709838867,-174.8242496
572,-185.18944000000002,0.3940122949473303,0.056575091797066025,145,0.32531094551086426,-175.5670992
573,-173.16236000000004,0.5878918895064371,0.056292216338080694,580,1.2107341289520264,-175.3265576
574,-184.88182000000003,0.5875954441656706,0.05601075525639029,134,0.26674771308898926,-175.3204052
575,-184.88254000000003,0.5625550019582595,0.05573070148010834,134,0.2942202091217041,-175.3878448
576,-164.52635999999995,0.522479251233338,0.0554520479727078,709,1.515367031097412,-174.9807356
577,-185.18944000000002,0.414515829812093,0.05517478773284426,145,0.3103611469268799,-174.98688800000002
578,-183.11870000000002,0.4329209556346949,0.05489891379418004,147,0.30611109733581543,-174.9454732
579,-184.88182000000003,0.612028588582553,0.05462441922520914,134,0.29229283332824707,-174.9451812
580,-184.89714,0.5382681648281438,0.0543512971290831,135,0.3021278381347656,-174.96035920000003
581,-164.73073999999986,0.6240248033197296,0.05407954064343768,887,1.8599951267242432,-174.90490240000003
582,-184.88182000000003,0.5875394535250962,0.05380914294022049,134,0.2650010585784912,-175.1869636
583,-158.63889999999992,0.559502475757175,0.05354009722551939,642,1.2881848812103271,-174.95956840000002
584,-186.12504,0.6800387618584662,0.05327239673939179,144,0.3009531497955322,-174.98412640000004
585,26.614799999999867,0.6218171283333449,0.053006034755694834,1048,2.206360101699829,-171.0090408
586,-179.60336,0.5036663708185939,0.052741004581916356,184,0.3826780319213867,-171.10747000000003
587,-184.88182000000003,0.6131454275142568,0.052477299559006776,134,0.27570605278015137,-171.1013032
588,-184.89642,0.7238302051883053,0.052214913061211746,135,0.27239394187927246,-171.2436044
589,-185.86400000000003,0.5230651599707576,0.05195383849590569,177,0.38073182106018066,-171.257134
590,-184.88182000000003,0.6136907230464936,0.05169406930342616,134,0.27521300315856934,-171.4851336
591,-173.15794000000005,0.6882623004303737,0.05143559895690903,275,0.5778450965881348,-171.25065600000002
592,-184.88254000000003,0.7078005971331427,0.051178420962124486,134,0.2927861213684082,-171.24450360000003
593,-184.13752000000002,0.5681895885038478,0.05092252885731386,145,0.3047771453857422,-171.52307920000004
594,-164.33183999999986,0.6010168849743601,0.05066791621302729,865,1.7891027927398682,-171.14793680000002
595,-185.19016000000002,0.6986873098873887,0.05041457663196215,145,0.31012415885925293,-171.2492484
596,-184.89642,0.7027003397889159,0.050162503748802344,135,0.28511786460876465,-171.2495404
597,-173.00112000000004,0.790876858493435,0.049911691230058335,321,0.6572978496551514,-171.01192640000002
598,-176.52310000000006,0.68261823231528,0.04966213277390804,590,1.3355989456176758,-170.8447376
599,-174.31546000000003,0.7046463762878887,0.0494138221100385,431,0.9927999973297119,-170.627258
600,-184.88182000000003,0.5196897190536803,0.04916675299948831,134,0.2926819324493408,-170.76122360000002
601,-184.89642,0.49321894153124757,0.04892091923449087,135,0.29884862899780273,-171.23332720000002
602,-184.88182000000003,0.6840297751225975,0.04867631463831842,134,0.28986024856567383,-171.47987400000002
603,-172.93156000000005,0.7888131719993351,0.048432933065126825,317,0.693173885345459,-171.4969988
604,-184.88182000000003,0.6369616270079208,0.048190768399801194,134,0.319242000579834,-171.76142240000001
605,-184.88182000000003,0.5903419797419945,0.04794981455780219,134,0.278073787689209,-172.21502080000002
606,-185.19016000000002,0.5680258511854657,0.04771006548501318,145,0.3110947608947754,-176.41186560000003
607,-184.88254000000003,0.7528804412195041,0.047471515157588115,134,0.32409191131591797,-176.41176320000002
608,-186.78548,0.7367032787972881,0.047234157581800176,124,0.2691481113433838,-176.63527440000001
609,-176.14972000000003,0.6284458226109361,0.046997986793891174,716,1.567101001739502,-176.60329280000002
610,-184.88182000000003,0.8722050033245625,0.04676299685992172,134,0.2813568115234375,-176.944866
611,-184.88254000000003,0.520243951633795,0.04652918187562211,134,0.2889242172241211,-176.9448804
612,-166.07837999999992,0.7270457474012755,0.046296535966244,946,2.0090482234954834,-176.5685196
613,-184.89714,0.6075303427668082,0.046065053286412784,135,0.28420114517211914,-176.5685196
614,-184.88182000000003,0.5653383084155842,0.04583472801998072,134,0.2874491214752197,-176.5833912
615,-184.88182000000003,0.6842253697660765,0.045605554379880814,134,0.29396700859069824,-176.5772388
616,-167.61472000000006,0.6537301568314433,0.04537752660798141,361,0.7344679832458496,-176.2257444
617,-170.84332,0.6843373020592927,0.0451506389749415,917,1.8627903461456299,-175.9029648
618,-184.91096000000002,0.5133564074195045,0.044924885780066794,136,0.2869279384613037,-176.3651784
619,23.14072000000002,0.6836704072546774,0.04470026135116646,1304,2.7881217002868652,-172.19857520000002
620,-159.71971999999994,0.6351801951528637,0.04447676004441063,644,1.3033452033996582,-171.69504120000002
621,-156.90133999999986,0.6386520529342723,0.04425437624418858,911,1.9393298625946045,-171.1354172
622,-175.11366000000004,0.5448272632051362,0.04403310436296763,471,0.9926776885986328,-170.9339016
623,-163.43506000000002,0.544788106900577,0.043812938841152796,815,1.715221881866455,-170.7393556
624,-174.15454000000003,0.5622537749505696,0.04359387414694703,374,0.7807090282440186,-170.52481
625,-185.18752000000003,0.48002316344786305,0.043375904776212296,145,0.32193613052368164,-170.5309096
626,-182.1984199999999,0.41995007257025546,0.043159025252331236,2006,4.230271100997925,-170.8843508
627,-171.20406000000003,0.3019048846887108,0.04294323012606958,482,1.02081298828125,-170.60464320000003
628,-184.30424000000002,0.5130014956557478,0.04272851397543923,153,0.3114619255065918,-170.628354
629,-182.21866000000003,0.2671506601603484,0.04251487140556204,154,0.3188469409942627,-170.5750908
630,-184.88182000000003,0.18743822372643582,0.04230229704853423,134,0.2819030284881592,-170.57478440000003
631,-173.77192000000002,0.3328563747469801,0.04209078556329156,1353,2.857246160507202,-170.75560800000002
632,-184.88254000000003,0.39527263893023024,0.0418803316354751,134,0.2755279541015625,-170.75562240000002
633,-185.19016000000002,0.236451394714672,0.041670929977297724,145,0.28992509841918945,-171.28664760000004
634,-165.96796,0.35504196891438755,0.04146257532741124,837,1.6776859760284424,-170.883506
635,-184.88182000000003,0.4880548844065295,0.04125526245077418,134,0.2712869644165039,-175.1134384
636,-182.21866000000003,0.3264971601734446,0.04104898613852031,154,0.35201001167297363,-175.1657444
637,-171.99792000000002,0.42118078079567844,0.04084374120782771,321,0.6439223289489746,-174.90806640000002
638,-170.81908000000004,0.2795470672276841,0.04063952250178857,365,0.7731709480285645,-174.62651960000002
639,-184.88254000000003,0.32717554106502167,0.04043632488927963,134,0.2850377559661865,-174.6068904
640,-184.88254000000003,0.49020401126385404,0.04023414326483323,134,0.2767772674560547,-174.60690480000002
641,-185.18824000000004,0.36692634143962943,0.040032972548509065,145,0.3078601360321045,-174.8475108
642,-185.18944000000002,0.5422183893556739,0.03983280768576652,145,0.2925257682800293,-174.8536488
643,-185.19016000000002,0.6707360939475997,0.03963364364733769,145,0.29294300079345703,-174.8747016
644,-184.88182000000003,0.32871784216293426,0.039435475429100995,134,0.2701292037963867,-175.2857012
645,-184.88254000000003,0.513655849378,0.03923829805195549,134,0.27869415283203125,-175.27954880000001
646,-167.80824000000004,0.5284270996079492,0.03904210656169572,521,1.0431220531463623,-174.93778520000004
647,-185.18944000000002,0.5414311487548824,0.03884689602888724,145,0.28661680221557617,-175.18155160000003
648,-184.88254000000003,0.49032487567347377,0.0386526615487428,134,0.2646758556365967,-175.34874040000003
649,-179.72834,0.6234032234136044,0.03845939824099909,887,1.7428662776947021,-175.45699800000003
650,-185.18944000000002,0.605992342981285,0.03826710124979409,145,0.285388708114624,-175.46315040000002
651,-184.89714,0.5546648912511214,0.038075765743545126,135,0.26740503311157227,-175.46316480000002
652,-184.88182000000003,0.7463061015691552,0.0378853869148274,134,0.2651948928833008,-175.46316480000002
653,29.79159999999998,0.5817546737178501,0.03769595998025326,1592,3.1472489833831787,-171.40870160000003
654,-184.88254000000003,0.6070151101075002,0.03750748018035199,134,0.26312780380249023,-171.40871600000003
655,-184.31914,0.39101533400039973,0.037319942779450235,154,0.30252981185913086,-171.3974624
656,-166.77656000000002,0.5639055496595694,0.037133343065552986,424,0.8591139316558838,-171.0291904
657,-185.19016000000002,0.5857182883047338,0.03694767635022522,145,0.329456090927124,-171.0353428
658,-185.19016000000002,0.8678262573185151,0.036762937968474095,145,0.2935171127319336,-171.00343640000003
659,-168.66776000000004,0.599398519914619,0.03657912327863173,513,1.0452139377593994,-170.8537972
660,-185.18944000000002,0.6090476336343021,0.036396227662238566,145,0.2859978675842285,-170.8599496
661,-184.88254000000003,0.6088238437590536,0.03621424652392737,134,0.2780590057373047,-170.8599496
662,15.701199999999954,0.6546309814540128,0.036033175291307735,1568,3.130268096923828,-167.22435800000002
663,-177.55920000000003,0.5356114380053633,0.03585300941485119,233,0.4663839340209961,-167.0775992
664,-184.88182000000003,0.44497434026214167,0.035673744367776934,134,0.2632639408111572,-167.0775992
665,-173.14268000000004,0.5328781059236619,0.03549537564593805,580,1.1365010738372803,-166.8428164
666,-169.41304000000002,0.5494479673364179,0.035317898767708356,401,0.7790088653564453,-166.8787828
667,-184.88254000000003,0.633019667952808,0.03514130927386981,134,0.2635190486907959,-167.15956720000003
668,-184.88182000000003,0.5872239128881093,0.03496560272750046,134,0.2610759735107422,-167.1589844
669,-188.14240000000004,0.7169262337220179,0.03479077471386296,385,0.7553257942199707,-171.3846468
670,-173.49492,0.6442255642445909,0.03461682084029365,788,1.5419020652770996,-171.6601508
671,-184.88182000000003,0.49145476259430176,0.034443736736092176,134,0.26193785667419434,-172.2197604
672,-164.55338000000003,0.5119752769144651,0.034271518052411715,514,1.0368287563323975,-172.0085548
673,-166.43650000000002,0.5920027300513098,0.034100160462149656,359,0.701869010925293,-172.0685836
674,-184.88254000000003,0.4437756699357015,0.03392965965983891,134,0.2602522373199463,-172.28314360000005
675,-184.88182000000003,0.39859091499542343,0.033760011361539714,134,0.26339197158813477,-172.27702960000002
676,-184.88254000000003,0.46988162640899195,0.03359121130473201,134,0.26169490814208984,-172.33071200000003
677,-159.56119999999993,0.5228001621198513,0.033423255248208356,833,1.6352620124816895,-172.09785480000002
678,-173.20312000000004,0.4170161404768656,0.03325613897196732,329,0.6588959693908691,-171.87583240000004
679,-184.88254000000003,0.39966844158497317,0.03308985827710748,134,0.28502583503723145,-171.92911000000004
680,21.340800000000108,0.48023936031347125,0.032924408985721944,952,2.1102757453918457,-167.80465760000004
681,-184.88182000000003,0.40240169178569385,0.03275978694079333,134,0.2621650695800781,-168.0268556
682,-162.00311999999994,0.5318659461047803,0.032595988006089364,553,1.0742008686065674,-167.56926720000004
683,-185.18944000000002,0.5888342687538985,0.032433008066058915,145,0.28351283073425293,-167.56925280000004
684,-184.89714,0.584895538414518,0.03227084302572862,135,0.2651810646057129,-167.94783640000003
685,-184.88182000000003,0.6580102391290799,0.032109488810599975,134,0.26441335678100586,-167.94783640000003
686,-166.61248000000006,0.5779109955839694,0.031948941366546975,313,0.6113278865814209,-167.63571280000005
687,-184.88254000000003,0.6371020305790563,0.03178919665971424,134,0.26746296882629395,-167.89340520000002
688,-184.88182000000003,0.7749656794537136,0.03163025067641567,134,0.26921701431274414,-168.17466000000005
689,-174.53508,0.5908789994862739,0.03147209942303359,996,1.9593851566314697,-167.96771080000002
690,-186.98038000000003,0.6343974292820403,0.03131473892591842,134,0.2649509906768799,-168.00966760000003
691,-184.89642,0.7707915943874805,0.031158165231288826,135,0.2646911144256592,-168.00383120000004
692,-184.88182000000003,0.802212212707347,0.03100237440513238,134,0.26198625564575195,-167.99767880000002
693,-185.18752000000003,0.6324436237393268,0.030847362533106718,145,0.2842278480529785,-167.99762600000003
694,-184.89642,0.5158721603384172,0.030693125720441184,135,0.26789283752441406,-167.99791800000003
695,-179.60336,0.6422923515884854,0.030539660091838977,184,0.36147093772888184,-167.89233440000004
696,-184.88182000000003,0.543887937802877,0.03038696179137978,134,0.26393675804138184,-168.23380600000002
697,-185.18752000000003,0.7858750377235741,0.030235026982422884,145,0.288189172744751,-168.23376760000002
698,-184.88182000000003,0.7518362571735546,0.030083851847510768,134,0.26668334007263184,-168.23375320000002
699,-184.2955,0.8828550755566398,0.029933432588273214,154,0.30196094512939453,-168.32509640000004
700,-182.21866000000003,0.6593833483525782,0.029783765425331846,154,0.31075620651245117,-168.2656808
701,-186.64178,0.6347116158883038,0.029634846598205186,114,0.23987603187561035,-168.30057360000004
702,-164.40129999999994,0.7122501032953307,0.02948667236521416,867,1.7142889499664307,-167.89096320000002
703,-184.89642,0.49349927024708856,0.029339239003388088,135,0.26305103302001953,-172.18472360000004
704,-184.88182000000003,0.8485281340458166,0.029192542808371146,134,0.261094331741333,-172.18470920000004
705,-172.60114000000004,0.6789160715291482,0.02904658009432929,299,0.58473801612854,-171.9503492
706,-185.18944000000002,0.5056115780924929,0.028901347193857643,145,0.2825901508331299,-172.31860680000003
707,-184.88254000000003,0.6374225915103817,0.028756840457888354,134,0.2633500099182129,-172.31245440000004
708,-158.32367999999997,0.7157050532176232,0.02861305625559891,521,1.0364100933074951,-171.77512480000001
709,-185.18944000000002,1.000527824024702,0.028469990974320916,145,0.2891578674316406,-172.1055584
710,-186.92362,0.7468367405591234,0.02832764101944931,131,0.25853729248046875,-172.14024200000003
711,-184.88182000000003,1.0347256890998513,0.028186002814352063,134,0.261929988861084,-172.14022760000003
712,-185.18944000000002,0.8726345701528521,0.0280450728002803,145,0.2823460102081299,-176.15804040000003
713,-184.88182000000003,0.8494165458355043,0.0279048474362789,134,0.265887975692749,-176.30449280000002
714,-185.18824000000004,0.5704104401685041,0.027765323199097504,145,0.28464722633361816,-176.3106212
715,-184.89642,1.0730429314145888,0.027626496583102015,135,0.2640199661254883,-176.54569600000002
716,-184.88182000000003,0.8014097091908664,0.027488364100186506,134,0.2642669677734375,-176.8550716
717,-184.89642,0.8189446245423622,0.027350922279685573,135,0.26837825775146484,-176.8553492
718,-184.88254000000003,0.6836696937054729,0.027214167668287145,134,0.26183080673217773,-176.85536360000003
719,-184.91096000000002,0.6511042438009206,0.02707809682994571,136,0.2652149200439453,-176.79073480000002
720,-185.18824000000004,0.8947760146303937,0.02694270634579598,145,0.28397107124328613,-177.02460120000003
721,-185.19016000000002,0.873394034025741,0.026807992814067,145,0.2848548889160156,-177.03076800000002
722,-185.18752000000003,1.0890489266286123,0.026673952849996664,145,0.28199076652526855,-177.44345080000002
723,-184.88182000000003,0.8937225262703958,0.02654058308574668,134,0.2620868682861328,-177.8123572
724,-162.0112,0.791539139461879,0.026407880170317945,552,1.0775368213653564,-177.3549304
725,-164.52418000000011,0.8472181794125127,0.026275840769466357,867,1.687046766281128,-176.9477776
726,-182.86752,0.8936759764378941,0.026144461565619025,185,0.3658277988433838,-176.90747720000002
727,-184.89714,0.9337000071381529,0.02601373925779093,135,0.2733139991760254,-177.414196
728,-184.88254000000003,0.9669416260127145,0.025883670561501974,134,0.2646169662475586,-177.6477844
729,29.696080000000034,0.9608541873662576,0.025754252208694463,1288,2.5139780044555664,-173.35621200000003
730,-184.88182000000003,0.5440125178351108,0.02562548094765099,134,0.26241588592529297,-177.48066440000002
731,-184.89714,1.025812579208502,0.025497353542912736,135,0.2764167785644531,-177.48097080000002
732,-172.77554000000003,0.9062564143340682,0.02536986677519817,307,0.5983607769012451,-177.6964192
733,-184.88182000000003,0.9415230534609351,0.02524301744132218,134,0.2612788677215576,-177.69026680000002
734,-184.88254000000003,0.6617084512028343,0.025116802354115567,134,0.2617988586425781,-177.68997480000002
735,-184.88182000000003,0.9659377013388744,0.024991218342344988,134,0.26128196716308594,-177.68997480000002
736,-175.53905999999984,0.8139956125956734,0.024866262250633264,1135,2.2166810035705566,-177.8685064
737,-184.88182000000003,0.917141264895283,0.024741930939380097,134,0.2633202075958252,-177.868492
738,28.018639999999927,0.7698077290177222,0.024618221284683196,1032,2.0070221424102783,-173.61048280000003
739,-184.88254000000003,0.9180625706021466,0.02449513017825978,134,0.2643098831176758,-173.817432
740,16.904479999999985,0.703187490702426,0.02437265452736848,1464,2.9040701389312744,-169.7397348
741,-167.33856000000006,0.5722751725054542,0.024250791254731636,304,0.6048760414123535,-169.38857760000002
742,-184.89642,0.536165195779392,0.024129537298457977,135,0.26561737060546875,-169.38886960000002
743,-180.37744000000004,0.5902209510460221,0.024008889611965685,217,0.4255561828613281,-169.29266800000002
744,-184.89642,0.5131710856945978,0.023888845163905856,135,0.2649667263031006,-169.29266800000002
745,-184.88254000000003,0.5422612461330953,0.023769400938086327,134,0.26207494735717773,-169.3982516
746,-157.26617999999985,0.4796319829016048,0.023650553933395897,1174,2.3015968799591064,-168.8459388
747,-174.29158000000004,0.4129277553780654,0.023532301163728918,1382,2.7893638610839844,-168.62802000000002
748,-168.66498000000004,0.3347156387281375,0.023414639657910272,414,0.984856128692627,-168.30368320000002
749,-184.13896000000003,0.21851164064016834,0.023297566459620722,145,0.30353307723999023,-168.30055240000002
750,-184.88182000000003,0.540305197110344,0.023181078627322618,134,0.2677788734436035,-168.35381560000002
751,-185.19016000000002,0.5858696056016046,0.023065173234186005,145,0.2926459312438965,-168.3247832
752,-172.74774000000005,0.3832920275756395,0.022949847368015076,306,0.6630861759185791,-168.491712
753,-163.98642,0.4970479890078445,0.022835098131175,643,1.3610239028930664,-168.07351200000002
754,-184.88254000000003,0.35095761134636716,0.022720922640519125,134,0.2761571407318115,-168.07352640000002
755,-172.79116000000005,0.3903256376869614,0.02260731802731653,308,0.6128358840942383,-168.0773268
756,-157.83419999999995,0.43957002375419324,0.022494281437179946,748,1.5304830074310303,-167.53022200000004
757,-184.89642,0.5129179124789381,0.022381810029994047,135,0.31421804428100586,-167.5304996
758,-184.88182000000003,0.5399847940694708,0.022269900979844076,134,0.28807497024536133,-168.06166240000002
759,-185.18944000000002,0.4376099673838451,0.022158551474944856,145,0.290241003036499,-168.06166240000002
760,-184.88182000000003,0.3995474191771737,0.022047758717570132,134,0.26730918884277344,-168.0208264
761,-163.83522000000002,0.44714597682998847,0.021937519923982282,483,0.9634408950805664,-167.5998944
762,-184.88182000000003,0.40015999229152255,0.021827832324362372,134,0.26731300354003906,-167.59374200000002
763,-172.83536000000004,0.5802497635092432,0.02171869316274056,361,0.7095282077789307,-167.35281280000004
764,-175.73832000000004,0.5488869901994864,0.021610099696926857,600,1.1839940547943115,-167.1638144
765,-184.88254000000003,0.5863919890444003,0.021502049198442223,134,0.26633405685424805,-167.16353680000003
766,-150.3236999999998,0.559636030900617,0.021394538952450012,1075,2.1278417110443115,-166.4723744
767,-177.22768000000005,0.489392975186457,0.02128756625768776,217,0.478287935256958,-166.3189996
768,-154.68723999999986,0.5210858239834134,0.021181128426399323,957,1.960184097290039,-165.7150936
769,-181.31308,0.5800066024076376,0.021075222784267326,164,0.37442922592163086,-165.64313600000003
770,-184.88182000000003,0.4926729191428245,0.020969846670345987,134,0.2871999740600586,-165.6370076
771,-159.4403599999999,0.48514003407774353,0.020864997436994256,581,1.1702849864959717,-165.1220116
772,-160.01125999999996,0.45762375287644963,0.020760672449809284,503,1.016930103302002,-164.6184864
773,-184.89714,0.514652698352519,0.020656869087560238,135,0.2708139419555664,-164.61879280000002
774,-184.88254000000003,0.7051465037320532,0.020553584742122436,134,0.2762410640716553,-165.0762196
775,-184.88182000000003,0.6826698553692827,0.020450816818411825,134,0.27230215072631836,-165.4833724
776,-184.89714,0.8402281119522673,0.020348562734319765,135,0.27142906188964844,-165.5239648
777,-185.18752000000003,0.6555719243555234,0.020246819920648168,145,0.2936220169067383,-165.5297724
778,-184.88182000000003,0.7533125792171306,0.020145585821044927,134,0.2682991027832031,-165.52975800000002
779,-184.88182000000003,0.5441707375097964,0.020044857891939702,134,0.2676987648010254,-169.821316
780,-184.88182000000003,0.6851416457333227,0.019944633602480003,134,0.26824307441711426,-169.821316
781,-185.19016000000002,0.914540897695155,0.019844910434467605,145,0.28847503662109375,-169.8271764
782,-184.88254000000003,0.5207735949765835,0.019745685882295267,134,0.2667670249938965,-170.06931640000002
783,-184.89642,0.7738235694597717,0.01964695745288379,135,0.2699618339538574,-170.0696084
784,-184.88254000000003,0.7775977941077036,0.01954872266561937,134,0.2744910717010498,-170.0696084
785,-184.88254000000003,0.8263023859028941,0.019450979052291272,134,0.3003411293029785,-170.0696228
786,-163.25460000000004,0.6258989600671663,0.019353724157029815,405,0.8156397342681885,-169.82393360000003
787,-184.88182000000003,1.2679290232290306,0.019256955536244666,134,0.26940107345581055,-169.82393360000003
788,-184.88182000000003,0.5918840941166811,0.019160670758563442,134,0.2723970413208008,-174.0819428
789,-184.88182000000003,0.7788145791134561,0.019064867404770626,134,0.26961612701416016,-174.0819284
790,-184.88182000000003,0.7564825189452785,0.018969543067746772,134,0.2679450511932373,-178.11765440000002
791,-184.88182000000003,0.6396575429296093,0.018874695352408037,134,0.2659950256347656,-178.4685196
792,-184.88182000000003,0.871891136350694,0.018780321875645996,134,0.2669036388397217,-178.46822760000003
793,-184.88182000000003,0.8720658986565115,0.018686420266267767,134,0.2664000988006592,-178.5583152
794,-184.89714,0.7965158281364927,0.018592988164936427,135,0.2682950496673584,-178.5583296
795,-184.88182000000003,0.6631082107535383,0.018500023224111744,134,0.2661299705505371,-178.5583152
796,-184.88182000000003,0.9916940131016186,0.018407523107991184,134,0.27518200874328613,-179.11062800000002
797,-167.14802000000003,0.7162943761958672,0.01831548549245123,343,0.677985668182373,-178.96775680000002
798,-184.88182000000003,0.8495661011660722,0.018223908064988973,134,0.2713348865509033,-179.29209360000002
799,-175.37814000000003,0.9089461206690373,0.018132788524664028,482,0.9923603534698486,-179.1168772
800,-184.89714,0.9823685940148101,0.018042124582040707,135,0.28949618339538574,-179.11718360000003
801,-184.88254000000003,0.6174232679586024,0.017951913959130504,134,0.27725887298583984,-179.11103120000004
802,-184.89642,0.8682531059064247,0.01786215438933485,135,0.27166080474853516,-179.3540048
803,-184.88182000000003,0.7343317307740339,0.017772843617388175,134,0.2699878215789795,-179.77191280000002
804,-164.36396,0.7181521412934664,0.017683979399301233,461,0.9537250995635986,-179.36154120000003
805,-171.69686000000004,0.9431476438527598,0.017595559502304726,306,0.6119098663330078,-179.3396552
806,-185.19016000000002,0.572404539251122,0.0175075817047932,145,0.2918820381164551,-179.88677440000004
807,-184.88182000000003,0.7800944099661463,0.017420043796269234,134,0.27747607231140137,-179.88648240000003
808,-165.27892000000003,0.8245825725100419,0.017332943577287888,404,0.8278160095214844,-179.4944244
809,-184.13896000000003,0.8323340755534069,0.01724627885940145,145,0.29743504524230957,-179.47341480000003
810,-172.31638000000004,0.9570312977310712,0.017160047465104442,590,1.2087960243225098,-179.22210600000003
811,-170.62556,0.9088991068864578,0.01707424722777892,508,1.0486178398132324,-179.3579128
812,-172.51010000000005,0.7771500546706177,0.016988875991640028,295,0.5823569297790527,-179.11047840000003
813,-184.88182000000003,0.8521418152655016,0.016903931611681827,134,0.26637697219848633,-179.35140760000002
814,-184.88182000000003,1.0142454071623732,0.01681941195362342,134,0.26439714431762695,-179.53427760000002
815,-185.18944000000002,1.1771534371735721,0.016735314893855303,145,0.2892742156982422,-179.54041560000002
816,-184.88254000000003,1.3432012944023555,0.016651638319386028,134,0.2681899070739746,-180.2315924
817,-165.88852000000003,0.8928994858491582,0.0165683801277891,332,0.6652040481567383,-180.0048092
818,-184.88182000000003,1.0406319648722437,0.016485538227150154,134,0.2841908931732178,-180.6087008
819,-165.43042000000003,0.8983054132846736,0.0164031105360144,359,0.7467608451843262,-180.2910476
820,-184.88182000000003,1.0857967633003396,0.01632109498333433,134,0.30095982551574707,-180.2910476
821,-184.88182000000003,0.7339927708841304,0.016239489508417658,134,0.2911550998687744,-180.79987680000002
822,-182.08932,1.0114628989956802,0.01615829206087557,1501,3.2508769035339355,-181.24143800000002
823,-184.88182000000003,0.8015792905214006,0.01607750060057119,134,0.26642704010009766,-181.24113160000005
824,-167.89768000000004,0.9367617999205974,0.015997113097568336,377,0.7484078407287598,-180.90143440000003
825,-184.88182000000003,0.8267582632364956,0.015917127532080494,134,0.27079081535339355,-180.90143440000003
826,-184.88182000000003,0.9878111469781777,0.01583754189442009,134,0.26739501953125,-180.90112800000003
827,-178.30482000000003,0.832555631536729,0.01575835418494799,570,1.2323429584503174,-180.76347400000003
828,-184.88182000000003,0.7541221779868451,0.01567956241402325,134,0.3070557117462158,-180.76347400000003
829,-184.89642,1.0040137877204904,0.015601164601953134,135,0.27526283264160156,-180.76376600000003
830,-170.87900000000002,0.7435872290647033,0.015523158778943369,917,1.8151979446411133,-180.48370960000003
831,-174.26656000000003,0.6852020816594407,0.015445542985048652,329,0.6527349948883057,-180.26523760000003
832,-184.88182000000003,0.6140212429506676,0.015368315270123408,134,0.2640688419342041,-180.26522320000004
833,-184.91096000000002,0.6501305003869621,0.01529147369377279,136,0.2673821449279785,-180.26551400000005
834,-176.79660000000004,0.6786588167031844,0.015215016325303928,501,0.9950249195098877,-180.10379520000004
835,-178.67436000000004,0.5589608802957825,0.015138941243677408,189,0.3711228370666504,-179.97963160000003
836,-184.89714,0.6538145209455656,0.01506324653745902,135,0.27294492721557617,-180.41248240000004
837,-185.18944000000002,0.7624523997499512,0.014987930304771725,145,0.3032379150390625,-180.41863480000004
838,-184.89714,0.6079001969209423,0.014912990653247866,135,0.2743079662322998,-180.41894120000003
839,-169.77658000000002,0.6846934806312742,0.014838425699981627,867,1.7060258388519287,-180.11683640000004
840,-170.89676000000006,0.6081845730221443,0.01476423357148172,469,0.9221570491790771,-179.8371352
841,-169.81246000000002,0.6297561495717207,0.014690412403624311,966,1.8996150493621826,-179.535748
842,-184.88182000000003,0.6108659423137112,0.01461696034160619,134,0.2628018856048584,-179.535748
843,-184.88182000000003,0.6593498783047075,0.014543875539898159,134,0.2621161937713623,-179.535748
844,-174.07170000000002,0.6588480653707927,0.014471156162198668,471,0.9288520812988281,-179.3192392
845,29.119040000000144,0.6678646677357212,0.014398800381387675,888,1.8127331733703613,-175.039222
846,-184.88254000000003,0.4441408086776622,0.014326806379480736,134,0.27898693084716797,-175.03923640000002
847,-184.38376000000002,0.549498109470891,0.014255172347583332,161,0.31770896911621094,-175.3839512
848,-184.88182000000003,0.5148490485491982,0.014183896485845416,134,0.26451992988586426,-175.3839512
849,-161.22973999999994,0.5239904369589586,0.014112977003416188,566,1.220379114151001,-175.1009832
850,-163.24878,0.6049987292935317,0.014042412118399107,558,1.0928728580474854,-174.66801600000002
851,-184.13752000000002,0.6101633965455252,0.013972200057807112,145,0.2835848331451416,-174.6531156
852,-184.88254000000003,0.5417697312894152,0.013902339057518077,134,0.26201605796813965,-174.652838
853,-184.88182000000003,0.7297909606401044,0.013832827362230486,134,0.26130199432373047,-174.652838
854,-176.02092000000005,0.7040413017494018,0.013763663225419333,213,0.4232020378112793,-174.8859772
855,-184.88182000000003,0.6586960134054742,0.013694844909292236,134,0.26367712020874023,-175.14967640000003
856,-172.48842,0.5659728022782426,0.013626370684745774,798,1.5527138710021973,-174.8956416
857,-184.88182000000003,0.5880293681689385,0.013558238831322046,134,0.2684133052825928,-174.8956416
858,10.588240000000106,0.5873391138004153,0.013490447637165436,1616,3.1417360305786133,-171.37829840000003
859,-184.88254000000003,0.5399816528991309,0.013422995398979608,134,0.26135706901550293,-171.39317000000003
860,-184.88182000000003,0.49339260090031284,0.01335588042198471,134,0.26333069801330566,-171.64447880000003
861,-167.23004000000003,0.4603074543103013,0.013289101019874787,397,0.8222801685333252,-171.57656840000004
862,-160.80473999999995,0.4888974301731373,0.013222655514775413,643,1.2793669700622559,-171.34246120000003
863,-198.64270000000002,0.46274029815939455,0.013156542237201536,287,0.5647070407867432,-171.61767880000002
864,-186.12768,0.4404011060509624,0.013090759526015528,144,0.2847177982330322,-171.64259600000003
865,-163.88114000000002,0.43819882719914205,0.01302530572838545,586,1.1463088989257812,-171.21643
866,-160.01125999999996,0.40701724928072386,0.012960179199743523,503,1.0514671802520752,-170.71900440000002
867,-169.04164000000003,0.4978221394612555,0.012895378303744804,332,0.6640892028808594,-170.78206680000002
868,-184.88182000000003,0.7279853021531407,0.01283090141222608,134,0.26773881912231445,-170.78206680000002
869,-184.88182000000003,0.517237601099786,0.012766746905164949,134,0.264387845993042,-171.17109480000002
870,-165.88852000000003,0.45255646493611296,0.012702913170639124,332,0.7997467517852783,-170.79122880000003
871,-184.89714,0.5392366200547527,0.012639398604785928,135,0.2941431999206543,-170.7915352
872,16.387279999999972,0.5223171908568899,0.012576201611761997,824,1.78302001953125,-166.8220032
873,-184.88182000000003,0.5419592309965572,0.012513320603703188,134,0.28405213356018066,-166.8220032
874,-185.18752000000003,0.7846611853496268,0.012450754000684672,145,0.30074214935302734,-167.16780000000003
875,-170.97052000000008,0.5037266298234463,0.012388500230681249,1125,2.2333602905273438,-166.88957400000004
876,-184.88254000000003,0.3764490848963163,0.012326557729527843,134,0.2670431137084961,-166.88958840000004
877,-184.88182000000003,0.3995634699865842,0.012264924940880204,134,0.2668790817260742,-167.0211284
878,-184.89642,0.5608029948271535,0.012203600316175803,135,0.27018117904663086,-167.0214204
879,-184.88254000000003,0.5912797486187139,0.012142582314594924,134,0.26569223403930664,-167.0211428
880,-184.88182000000003,0.6337531232970086,0.01208186940302195,134,0.27718019485473633,-167.3011992
881,-184.88254000000003,0.4941316575798859,0.01202146005600684,134,0.28305983543395996,-167.5135188
882,-184.89642,0.5609297773007441,0.011961352755726806,135,0.27283191680908203,-167.51381080000002
883,-184.88766,0.5761912922794354,0.01190154599194817,131,0.2613961696624756,-167.51334480000003
884,-171.45000000000005,0.5819105065981115,0.01184203826198843,345,0.6971030235290527,-167.40641280000003
885,-168.85146000000003,0.4532579451862667,0.011782828070678488,471,0.938148021697998,-167.20995480000002
886,-184.88254000000003,0.5194623839012834,0.011723913930325095,134,0.27899789810180664,-167.20966280000002
887,-160.95959999999997,0.48690137017188195,0.01166529436067347,553,1.1111249923706055,-166.725066
888,-184.88182000000003,0.5188917303527358,0.011606967888870102,134,0.26415514945983887,-166.72475960000003
889,-153.3210399999998,0.6928114642852428,0.01154893304942575,792,1.5835437774658203,-166.3956488
890,-185.18752000000003,0.5280166012138642,0.011491188384178622,145,0.29050588607788086,-166.681464
891,-184.88182000000003,0.8693082226899022,0.011433732442257729,134,0.26647400856018066,-166.9828512
892,-184.88182000000003,0.5451847155675736,0.01137656378004644,134,0.26615285873413086,-166.9828512
893,-185.18752000000003,0.679212020087088,0.011319680961146208,145,0.30344223976135254,-166.98896520000002
894,-171.82496000000003,0.5497889500765946,0.011263082556340478,313,0.6241230964660645,-166.9440304
895,-184.88182000000003,0.4253787400527621,0.011206767143558775,134,0.291428804397583,-171.2240476
896,-184.88254000000003,0.5672347179697409,0.011150733307840981,134,0.3144519329071045,-171.2240476
897,-169.82194000000004,0.7497361779750168,0.011094979641301777,423,0.8450369834899902,-170.93281120000003
898,-184.88254000000003,0.8943425468377658,0.011039504743095268,134,0.2667069435119629,-170.93282560000003
899,-180.45870000000002,0.6415096464320674,0.01098430721937979,174,0.3452870845794678,-171.3174048
900,-185.18824000000004,0.5064796894017992,0.010929385683282892,145,0.2884521484375,-171.75619400000002
901,-167.82372000000004,0.785280307225975,0.010874738754866477,324,0.6366016864776611,-171.42991800000004
902,-165.91681999999986,0.782906046602875,0.010820365061092144,791,1.5504682064056396,-171.05060360000004
903,-182.21866000000003,0.6603469587681066,0.010766263235786683,154,0.3078439235687256,-170.99734040000004
904,-184.88182000000003,0.7762898887410316,0.01071243191960775,134,0.2841501235961914,-171.17455840000002
905,-184.89714,0.9111756506065528,0.010658869760009713,135,0.2678070068359375,-171.17486480000002
906,-184.88254000000003,0.9416750708956327,0.010605575411209664,134,0.2686021327972412,-171.4227472
907,-184.89714,1.0055232484928436,0.010552547534153616,135,0.2924928665161133,-171.42305360000003
908,-185.19016000000002,0.9171998759667421,0.010499784796482848,145,0.3212010860443115,-175.3386216
909,-185.18752000000003,0.8932420418501414,0.010447285872500434,145,0.334043025970459,-175.3447212
910,-184.88254000000003,0.7299953168049566,0.01039504944313793,134,0.2692711353302002,-175.34473560000004
911,-184.88254000000003,0.7532772567859892,0.010343074195922241,134,0.2931692600250244,-175.69778560000003
912,-184.88254000000003,0.9876771835512969,0.01029135882494263,134,0.28194189071655273,-176.17934160000001
913,-184.88254000000003,0.9418454009956166,0.010239902030817916,134,0.2741849422454834,-175.90413840000002
914,-184.88254000000003,0.8248804910594959,0.010188702520663827,134,0.26886701583862305,-175.87923560000002
915,-176.48810000000003,0.8872173719441444,0.010137759008060509,827,1.6636021137237549,-176.1313748
916,-184.88182000000003,0.7780617836570896,0.010087070213020206,134,0.2666010856628418,-176.62878600000005
917,-164.88824000000005,0.8432871645364862,0.010036634861955105,385,0.8339688777923584,-176.54571800000002
918,-180.45870000000002,0.8757049703124867,0.00998645168764533,174,0.3620009422302246,-176.45725560000002
919,-178.82444000000004,0.9749652243656467,0.00998645168764533,196,0.3963921070098877,-176.33610800000002
920,24.89335999999999,0.8056024866247619,0.00998645168764533,1080,2.160475254058838,-172.52047040000002
921,-184.88182000000003,0.6355230764680501,0.00998645168764533,134,0.26637792587280273,-172.520164
922,-184.88182000000003,0.7778024158523932,0.00998645168764533,134,0.27660226821899414,-176.54554600000003
923,-184.88182000000003,0.7788421677133597,0.00998645168764533,134,0.2764699459075928,-176.54554600000003
924,-184.88182000000003,0.5907617907540234,0.00998645168764533,134,0.2659108638763428,-176.539432
925,-166.23356,0.8206190311251192,0.00998645168764533,349,0.6939878463745117,-176.4446928
926,-184.88182000000003,0.616303879218593,0.00998645168764533,134,0.2809329032897949,-176.44467840000002
927,-172.07291999999998,0.8736163729073282,0.00998645168764533,877,1.734609842300415,-176.1885004
928,-184.88182000000003,0.9864453273241534,0.00998645168764533,134,0.26764512062072754,-176.1882084
929,-184.88254000000003,0.6847360325393392,0.00998645168764533,134,0.26584291458129883,-176.1882084
930,-185.18944000000002,0.8284439253010627,0.00998645168764533,145,0.2896850109100342,-176.19436080000003
931,-185.18944000000002,0.9596155102846438,0.00998645168764533,145,0.2864809036254883,-176.20049880000002
932,-174.78770000000003,0.8766782336912254,0.00998645168764533,403,0.7952518463134766,-175.99832440000003
933,5.18352000000011,0.7038272940404242,0.00998645168764533,2056,4.301478862762451,-172.1969008
934,-182.20448000000002,0.7835075694434588,0.00998645168764533,153,0.30637621879577637,-172.41199040000004
935,-171.65992000000003,0.5707683166916497,0.00998645168764533,305,0.625596284866333,-172.46815960000004
936,-184.88182000000003,0.7756584673014872,0.00998645168764533,134,0.2662191390991211,-172.46814520000004
937,-172.7324,0.5612283173756963,0.00998645168764533,457,0.925368070602417,-172.7036012
938,-184.88254000000003,0.6357266263021574,0.00998645168764533,134,0.2846851348876953,-172.7036156
939,-184.89642,0.5610844401642681,0.00998645168764533,135,0.28421926498413086,-173.33512320000003
940,-181.31380000000001,0.6752392571339975,0.00998645168764533,164,0.35393190383911133,-173.25764880000003
941,-172.98028,0.5207745537716482,0.00998645168764533,1125,2.3513731956481934,-173.019618
942,-184.88254000000003,0.4200423971311982,0.00998645168764533,134,0.2672550678253174,-173.0196324
943,-184.88254000000003,0.6082212780220017,0.00998645168764533,134,0.2694699764251709,-173.01353280000004
944,-184.88182000000003,0.5165243256253316,0.00998645168764533,134,0.2669079303741455,-173.27467000000001
945,-184.88182000000003,0.5411908695502068,0.00998645168764533,134,0.26925063133239746,-173.27467000000001
946,-184.88254000000003,0.5168190586603066,0.00998645168764533,134,0.2682461738586426,-173.27467000000001
947,-172.47376000000006,0.664750119864446,0.00998645168764533,241,0.482285737991333,-173.3277064
948,-184.88182000000003,0.49390951283415085,0.00998645168764533,134,0.2671060562133789,-173.327692
949,-184.88182000000003,0.6369209043931827,0.00998645168764533,134,0.2749910354614258,-173.4161544
950,-168.51842000000002,0.5995011026849263,0.00998645168764533,803,1.7120990753173828,-173.08275800000004
951,-184.88254000000003,0.7014672310307011,0.00998645168764533,134,0.267686128616333,-173.42393440000004
952,-176.92590000000004,0.6128876240501924,0.00998645168764533,203,0.41495394706726074,-173.64411600000003
953,-183.11798000000002,0.5607708155234553,0.00998645168764533,147,0.29524779319763184,-173.66210240000004
954,-185.18752000000003,0.8249020777128894,0.00998645168764533,145,0.2953758239746094,-173.6682164
955,-182.21866,0.7600614024181064,0.00998645168764533,154,0.3098790645599365,-173.6146468
956,-176.92662000000004,0.5969475165303118,0.00998645168764533,203,0.4048440456390381,-173.45552840000005
957,-184.88182000000003,0.6325636382228625,0.00998645168764533,134,0.2652301788330078,-173.45522200000002
958,-184.88182000000003,0.5859195783928927,0.00998645168764533,134,0.26653194427490234,-173.44905520000003
959,-168.33816000000002,0.6140066899666139,0.00998645168764533,352,0.7287499904632568,-173.11206800000002
960,-184.88182000000003,0.6339965722690434,0.00998645168764533,134,0.28250598907470703,-173.11205360000002
961,-184.89714,0.7676634448752911,0.00998645168764533,135,0.2717869281768799,-173.1123456
962,-184.89714,0.6538744879679548,0.00998645168764533,135,0.2697291374206543,-173.11263760000003
963,12.828480000000134,0.6669883508261396,0.00998645168764533,1672,3.4294400215148926,-169.1584172
964,-184.89642,0.6752974415749863,0.00998645168764533,135,0.26900410652160645,-169.1586948
965,-185.56594,0.625027575959524,0.00998645168764533,167,0.32886314392089844,-169.34025160000002
966,-184.88182000000003,0.726613298273965,0.00998645168764533,134,0.26560306549072266,-169.34025160000002
967,-171.49704000000003,0.6813147760024576,0.00998645168764533,297,0.5884432792663574,-169.4724276
968,-174.41278000000003,0.7040448968231584,0.00998645168764533,638,1.2673439979553223,-169.35150920000004
969,21.6731200000001,0.7316999997903524,0.00998645168764533,1184,2.3649139404296875,-165.341558
970,-165.86066000000002,0.5760424296284415,0.00998645168764533,331,0.6751079559326172,-169.15663840000002
971,-184.88254000000003,0.8451090598367711,0.00998645168764533,134,0.27025818824768066,-169.15665280000002
972,-184.88182000000003,0.5888499410600582,0.00998645168764533,134,0.2894890308380127,-169.15665280000002
973,-160.15057999999993,0.7403785797607032,0.00998645168764533,610,1.3280389308929443,-168.66202800000002
974,-168.5747799999999,0.6748815412663198,0.00998645168764533,867,1.786552906036377,-168.3358872
975,-170.65632000000005,0.715586297827788,0.00998645168764533,305,0.6271686553955078,-168.42434240000003
976,-167.26316000000003,0.46116416947564265,0.00998645168764533,397,0.8703939914703369,-168.0719692
977,-184.88182000000003,0.5657350645442285,0.00998645168764533,134,0.2942051887512207,-168.32814720000002
978,-167.0348199999998,0.488308292490272,0.00998645168764533,795,1.7445518970489502,-167.97120720000004
979,-175.97412000000003,0.5129733883708812,0.00998645168764533,612,1.2647571563720703,-167.7930388
980,-184.88182000000003,0.44671933940931485,0.00998645168764533,134,0.2662060260772705,-167.78688640000001
981,-184.88254000000003,0.5875803466344168,0.00998645168764533,134,0.27152371406555176,-167.78074840000002
982,-185.19016000000002,0.39418267146523656,0.00998645168764533,145,0.2893669605255127,-167.9887976
983,-165.53729999999985,0.5015175120365643,0.00998645168764533,922,1.839798927307129,-171.40321400000002
984,-184.88182000000003,0.5165990036703757,0.00998645168764533,134,0.2687649726867676,-171.4567608
985,-184.88182000000003,0.49418472026043864,0.00998645168764533,134,0.26860690116882324,-171.72119880000002
986,-184.88182000000003,0.4226524674041725,0.00998645168764533,134,0.31583166122436523,-171.72119880000002
987,-178.57632,0.5060473062409938,0.00998645168764533,633,1.466567039489746,-171.83807720000001
988,-171.42865999999995,0.5199785569696437,0.00998645168764533,1154,2.5158510208129883,-171.5689996
989,-184.89642,0.44231520384136175,0.00998645168764533,135,0.2728698253631592,-171.5689996
990,-184.88254000000003,0.49307069108029133,0.00998645168764533,134,0.268538236618042,-171.6403744
991,-184.88182000000003,0.5626433248207696,0.00998645168764533,134,0.2677168846130371,-171.8784052
992,-185.18944000000002,0.5209431953278595,0.00998645168764533,145,0.2950868606567383,-171.8845432
993,-184.88838,0.4783677904589372,0.00998645168764533,131,0.2714841365814209,-171.88466
994,-171.94944000000004,0.46824635431766104,0.00998645168764533,369,0.7320120334625244,-171.6260124
995,-159.9030599999998,0.5777534608933393,0.00998645168764533,903,1.9256539344787598,-171.1264372
996,-184.88182000000003,0.49416385100348226,0.00998645168764533,134,0.28571081161499023,-171.1264228
997,-159.32751999999996,0.519162042484356,0.00998645168764533,624,1.4036498069763184,-170.863498
998,-170.89560000000006,0.5216630158875935,0.00998645168764533,865,1.7488048076629639,-170.58377359999997
999,-182.20448000000002,0.4564362122476393,0.00998645168764533,153,0.3825850486755371,-170.5302268
1000,-184.88182000000003,0.44561012172654496,0.00998645168764533,134,0.2764289379119873,-170.85749479999998
1001,24.653519999999983,0.5228757294133666,0.00998645168764533,1096,2.276456356048584,-166.66677360000003
1002,22.53671999999997,0.47945038946527135,0.00998645168764533,1384,2.782823085784912,-162.6775212
1003,-185.18752000000003,0.4993354569927886,0.00998645168764533,145,0.294724702835083,-162.718912
1004,-184.88182000000003,0.42187878901291803,0.00998645168764533,134,0.2702450752258301,-162.712798
1005,-184.88254000000003,0.6322247245898053,0.00998645168764533,134,0.2663252353668213,-162.7660756
1006,-184.89642,0.5824699643999338,0.00998645168764533,135,0.2754337787628174,-162.9254716
1007,-176.78666,0.475812614205378,0.00998645168764533,550,1.0964000225067139,-162.7635684
1008,-184.88182000000003,0.46687265550856716,0.00998645168764533,134,0.26991891860961914,-162.7635684
1009,-184.88182000000003,0.5846916969705707,0.00998645168764533,134,0.2705099582672119,-163.0944416
1010,-161.66757999999993,0.49466823173376423,0.00998645168764533,534,1.0567197799682617,-162.6301568
1011,-171.72242000000006,0.39336366775818776,0.00998645168764533,307,0.6145610809326172,-162.3666624
1012,-184.88182000000003,0.42449720254265216,0.00998645168764533,134,0.26636314392089844,-162.366356
1013,-184.88254000000003,0.5867165102303695,0.00998645168764533,134,0.2662389278411865,-166.3205764
1014,-184.88182000000003,0.39944866742354945,0.00998645168764533,134,0.2694518566131592,-166.32028440000002
1015,-184.88182000000003,0.4952030775151146,0.00998645168764533,134,0.2655830383300781,-166.30660200000003
1016,-172.57496000000003,0.5338072349153332,0.00998645168764533,352,0.711838960647583,-166.0604648
1017,-165.02496,0.5187575386796374,0.00998645168764533,937,1.8687539100646973,-165.93102320000003
1018,-167.03416000000007,0.4013648446637218,0.00998645168764533,385,0.7633368968963623,-165.7834508
1019,-184.88182000000003,0.3546876926461596,0.00998645168764533,134,0.2715437412261963,-169.9145496
1020,-171.87882000000005,0.4827636745817486,0.00998645168764533,315,0.6241400241851807,-170.03491280000003
1021,-178.67436000000004,0.47335063555233536,0.00998645168764533,189,0.3834831714630127,-169.9107492
1022,-184.13824000000002,0.5880109387803181,0.00998645168764533,145,0.2868530750274658,-169.89587760000003
1023,-169.42110000000005,0.5237296940141521,0.00998645168764533,347,0.6897308826446533,-170.08128800000003
1024,-184.88182000000003,0.5192989047839126,0.00998645168764533,134,0.2692878246307373,-170.40742880000002
1025,-184.88182000000003,0.5876999479204194,0.00998645168764533,134,0.2656550407409668,-170.69193880000003
1026,-184.88254000000003,0.44851745686618916,0.00998645168764533,134,0.26435017585754395,-171.04432640000002
1027,-166.17432000000002,0.7725648934102577,0.00998645168764533,345,0.692255973815918,-170.67017640000003
1028,-166.28719999999998,0.5735717616440639,0.00998645168764533,857,1.717329978942871,-170.655224
1029,-184.89642,0.6109252268793406,0.00998645168764533,135,0.27163124084472656,-170.83367
1030,-185.18944000000002,0.5688349663568982,0.00998645168764533,145,0.28977203369140625,-170.8398224
1031,-185.18944000000002,0.6122751628337749,0.00998645168764533,145,0.29100799560546875,-170.8459604
1032,-167.58678000000003,0.7694884034427852,0.00998645168764533,363,0.7245209217071533,-170.49389280000003
1033,-184.89642,0.7254849481430871,0.00998645168764533,135,0.268754243850708,-170.88107520000003
1034,-184.88254000000003,0.8236603898051849,0.00998645168764533,134,0.2700381278991699,-170.88108960000002
1035,-184.88182000000003,0.590124297025266,0.00998645168764533,134,0.2665438652038574,-170.88108960000002
1036,-184.88182000000003,0.6143712335780486,0.00998645168764533,134,0.2678539752960205,-170.88108960000002
1037,-184.88182000000003,0.8239396405475798,0.00998645168764533,134,0.26755499839782715,-171.00719960000004
1038,-185.52168000000003,0.7117593358473285,0.00998645168764533,161,0.32212281227111816,-171.28906000000003
1039,-184.88838,0.6752233951786206,0.00998645168764533,131,0.2663559913635254,-171.2888992
1040,-172.68266000000006,0.6677987582510148,0.00998645168764533,403,0.8034000396728516,-171.0449016
1041,-184.88110000000003,0.7788153706855182,0.00998645168764533,134,0.2683908939361572,-171.0448872
1042,-184.88182000000003,0.6639104283887393,0.00998645168764533,134,0.2693490982055664,-171.03873480000001
1043,-177.25230000000005,0.83661207669574,0.00998645168764533,222,0.4513859748840332,-170.8860132
1044,-184.88182000000003,0.8481319602439875,0.00998645168764533,134,0.27744412422180176,-171.14466080000003
1045,-185.19016000000002,1.1109090545696432,0.00998645168764533,145,0.2931647300720215,-171.65040280000002
1046,27.895519999999912,0.8811711467967209,0.00998645168764533,984,1.975705862045288,-167.39485600000003
1047,-184.88182000000003,0.872886750589945,0.00998645168764533,134,0.2685127258300781,-167.90594200000004
1048,-184.88182000000003,0.5903813036631292,0.00998645168764533,134,0.2686772346496582,-168.18566640000006
1049,-184.89642,0.7037821129102397,0.00998645168764533,135,0.26850414276123047,-168.23950520000002
1050,-182.21866000000003,0.9655639668805646,0.00998645168764533,154,0.31235599517822266,-168.18624200000002
1051,-185.18944000000002,0.6162082744505385,0.00998645168764533,145,0.301861047744751,-172.38310120000003
1052,-185.19016000000002,1.2623501869881975,0.00998645168764533,145,0.29367589950561523,-176.53763880000002
1053,-184.88254000000003,0.7095630622065779,0.00998645168764533,134,0.3195350170135498,-176.53153920000005
1054,-163.6464599999999,0.7940087011124928,0.00998645168764533,682,1.5157098770141602,-176.10683200000003
1055,-184.88182000000003,0.8008362190631121,0.00998645168764533,134,0.2923429012298584,-176.10681760000003
1056,-185.18944000000002,0.8526576595637819,0.00998645168764533,145,0.3441348075866699,-176.11267800000002
1057,-180.45870000000002,0.9297339918851938,0.00998645168764533,174,0.3836832046508789,-176.18611880000003
1058,-181.31380000000001,0.7201395614254402,0.00998645168764533,164,0.3617970943450928,-176.11475840000003
1059,-165.36048000000005,0.7808889404397275,0.00998645168764533,305,0.6508438587188721,-175.72433160000003
1060,-185.19016000000002,1.003970789382684,0.00998645168764533,145,0.3130228519439697,-176.19478320000002
1061,22.137279999999954,0.826746881107509,0.00998645168764533,1256,2.911724090576172,-172.31758920000004
1062,-184.88254000000003,0.77600230539301,0.00998645168764533,134,0.30199623107910156,-172.31760360000004
1063,-162.49528000000004,0.7339617892270354,0.00998645168764533,521,1.0983059406280518,-171.8698584
1064,-185.18944000000002,0.8720287458200393,0.00998645168764533,145,0.3161051273345947,-171.87601080000005
1065,-184.88182000000003,0.8709287854578736,0.00998645168764533,134,0.2827889919281006,-171.87601080000005
1066,-184.88182000000003,0.7073417593057809,0.00998645168764533,134,0.2793862819671631,-172.122148
1067,-164.26685999999995,0.7554498751635844,0.00998645168764533,859,1.940420150756836,-172.10698600000003
1068,-184.88182000000003,0.801782469390266,0.00998645168764533,134,0.30869388580322266,-172.46393920000003
1069,-158.51521999999997,0.7672098833613996,0.00998645168764533,887,1.9501399993896484,-171.93660720000003
1070,-184.88254000000003,0.6602665601270412,0.00998645168764533,134,0.278095006942749,-172.1966816
1071,-185.19016000000002,0.6341134851669957,0.00998645168764533,145,0.3472750186920166,-172.32699760000003
1072,-184.88182000000003,0.7984568522200545,0.00998645168764533,134,0.3450450897216797,-172.34186920000005
1073,29.160320000000244,0.6063757869071282,0.00998645168764533,840,1.7679321765899658,-168.37024080000003
1074,-184.89714,0.6541357883079736,0.00998645168764533,135,0.27494001388549805,-168.3705472
1075,-184.88182000000003,0.7289043841744537,0.00998645168764533,134,0.2689990997314453,-168.3705472
1076,-184.88254000000003,0.8690373831525889,0.00998645168764533,134,0.270158052444458,-168.3705472
1077,-185.18944000000002,0.5887000540367745,0.00998645168764533,145,0.29152393341064453,-168.7508496
1078,-184.89714,0.5858400838932505,0.00998645168764533,135,0.27136993408203125,-169.12304840000002
1079,-184.89642,0.6099038764903391,0.00998645168764533,135,0.272050142288208,-169.12304840000002
1080,-184.88182000000003,0.7063638604829894,0.00998645168764533,134,0.26735901832580566,-169.11689600000003
1081,-185.19016000000002,0.7632198383646278,0.00998645168764533,145,0.2890791893005371,-169.11691040000002
1082,-185.18752000000003,0.8051851397829837,0.00998645168764533,145,0.2890899181365967,-169.4689252
1083,-167.17233999999982,0.6877358190133623,0.00998645168764533,903,1.8101260662078857,-169.11444360000002
1084,-171.69270000000006,0.5701833871327145,0.00998645168764533,306,0.6415297985076904,-168.85064680000002
1085,-184.88254000000003,0.7055162377794509,0.00998645168764533,134,0.267902135848999,-168.85066120000002
1086,-184.88182000000003,0.7546592023425194,0.00998645168764533,134,0.4063689708709717,-168.85066120000002
1087,-184.88182000000003,0.8237024046021945,0.00998645168764533,134,0.3085458278656006,-168.85066120000002
1088,-165.50584,0.7241431851469879,0.00998645168764533,464,0.9630920886993408,-168.45034440000003
1089,-184.88254000000003,0.6129707275584007,0.00998645168764533,134,0.265667200088501,-168.4502276
1090,-185.18752000000003,0.550144232854504,0.00998645168764533,145,0.2910590171813965,-168.7003248
1091,-184.88254000000003,0.5222447389083456,0.00998645168764533,134,0.26686906814575195,-168.70035360000003
1092,-185.18752000000003,0.6771198416128754,0.00998645168764533,145,0.28754734992980957,-168.70646760000002
1093,-184.88182000000003,0.6593795642187235,0.00998645168764533,134,0.26442909240722656,-168.859058
1094,-185.18752000000003,0.6119088160709061,0.00998645168764533,145,0.2868540287017822,-168.86517200000003
1095,-166.56584000000004,0.6795375142395258,0.00998645168764533,313,0.6258010864257812,-168.49268560000002
1096,-184.88254000000003,0.7997571620464659,0.00998645168764533,134,0.2691161632537842,-172.7482468
1097,-184.88182000000003,0.6842619487598761,0.00998645168764533,134,0.26889610290527344,-172.7482468
1098,-167.03312000000005,0.6328945212530454,0.00998645168764533,337,0.7728457450866699,-172.3912728
1099,-184.88254000000003,0.5918843758348098,0.00998645168764533,134,0.2649521827697754,-172.3909952
1100,-172.15456000000003,0.9244795616512331,0.00998645168764533,329,0.6547629833221436,-172.1897132
1101,-184.88182000000003,0.9437441984539046,0.00998645168764533,134,0.265733003616333,-172.1835608
1102,-166.61248000000006,0.8009732303896937,0.00998645168764533,313,0.6192629337310791,-171.8120072
1103,-184.88254000000003,0.7549639719037978,0.00998645168764533,134,0.26699185371398926,-171.8120072
1104,-184.88182000000003,0.8002838534511515,0.00998645168764533,134,0.26461291313171387,-172.2367144
1105,-184.88254000000003,1.1287315765312358,0.00998645168764533,134,0.26437807083129883,-172.2367288
1106,-184.88254000000003,0.875576490571083,0.00998645168764533,134,0.26480817794799805,-172.23059080000002
1107,-184.88182000000003,0.7107363449645909,0.00998645168764533,134,0.2653360366821289,-172.3190532
1108,-184.88254000000003,0.7567872770075033,0.00998645168764533,134,0.29030776023864746,-172.39042800000004
1109,-167.15426000000005,0.8242448137934937,0.00998645168764533,391,0.8331608772277832,-172.42630360000004
1110,-184.88254000000003,1.0116233405754416,0.00998645168764533,134,0.28859782218933105,-172.42015120000005
1111,-184.89714,1.1911880094006106,0.00998645168764533,135,0.33728981018066406,-176.56083960000004
1112,-184.89714,1.446964596681021,0.00998645168764533,135,0.30796003341674805,-176.5611316
1113,-184.88182000000003,1.1776741442075973,0.00998645168764533,134,0.34829282760620117,-177.00886240000003
1114,19.734640000000127,0.9204776749025319,0.00998645168764533,1424,3.609792947769165,-172.9103808
1115,18.286240000000074,0.7402112248522501,0.00998645168764533,1208,2.389723062515259,-168.8470196
1116,-184.89642,1.0033915307234835,0.00998645168764533,135,0.2659149169921875,-168.84731160000004
1117,-184.88254000000003,0.6138269450835216,0.00998645168764533,134,0.26285290718078613,-169.25962520000002
1118,-184.91096000000002,0.629782815977438,0.00998645168764533,136,0.26821398735046387,-169.26020800000003
1119,-170.65183999999996,0.6713596463158,0.00998645168764533,1025,2.0613839626312256,-169.5029404
1120,-185.18752000000003,0.7217006543522765,0.00998645168764533,145,0.28513598442077637,-169.50904000000003
1121,-184.88182000000003,0.6582701649767027,0.00998645168764533,134,0.26244688034057617,-169.50287320000004
1122,-184.88254000000003,0.8003194641474801,0.00998645168764533,134,0.26391100883483887,-169.50288760000004
1123,-185.19016000000002,0.6989408082553539,0.00998645168764533,145,0.2987179756164551,-173.7898972
1124,-166.4721199999999,0.8143623858271827,0.00998645168764533,917,1.8313889503479004,-173.4213968
1125,-184.88254000000003,0.614425170200585,0.00998645168764533,134,0.2875399589538574,-173.4214112
1126,-183.41428,0.7734961255805612,0.00998645168764533,164,0.32315611839294434,-173.39204600000002
1127,-179.87564000000003,0.8586708674283356,0.00998645168764533,196,0.38762331008911133,-173.28577
1128,-167.61472000000006,0.7394681554107083,0.00998645168764533,361,0.7060019969940186,-172.94012160000003
1129,-166.56700000000004,0.552458975982074,0.00998645168764533,365,0.7782361507415771,-172.5735332
1130,-184.89642,0.7941355591708863,0.00998645168764533,135,0.30060291290283203,-172.57382520000002
1131,-183.42624000000004,0.690855002302607,0.00998645168764533,161,0.4611551761627197,-172.5385468
1132,-185.18944000000002,0.6336117846056305,0.00998645168764533,145,0.32410597801208496,-172.53858520000003
1133,-184.88182000000003,0.7086236419142293,0.00998645168764533,134,0.29413604736328125,-172.8927748
1134,-172.79722,0.6505510132436179,0.00998645168764533,659,1.4418599605560303,-172.9148652
1135,22.857360000000117,0.630727088836744,0.00998645168764533,784,1.5536699295043945,-168.7600672
1136,-184.88254000000003,0.7061011207901609,0.00998645168764533,134,0.28376197814941406,-168.7600816
1137,-176.89688000000004,0.46280168036036007,0.00998645168764533,201,0.47641682624816895,-168.6003828
1138,-185.18944000000002,0.6325028663886518,0.00998645168764533,145,0.2971198558807373,-168.99405480000001
1139,-184.88182000000003,0.6586163742884771,0.00998645168764533,134,0.2839789390563965,-168.99404040000002
1140,-184.88182000000003,0.6355517582008754,0.00998645168764533,134,0.32489585876464844,-168.98792640000002
1141,-169.90296000000004,0.5431814030795307,0.00998645168764533,273,0.5656750202178955,-168.6883348
1142,-184.88254000000003,0.3774539168625236,0.00998645168764533,134,0.26477980613708496,-168.68223520000004
1143,-186.64178,0.6591345322596138,0.00998645168764533,114,0.2312631607055664,-168.71743440000003
1144,-184.88182000000003,0.6337062187889007,0.00998645168764533,134,0.26416492462158203,-168.7113204
1145,-184.88254000000003,0.8452553673883649,0.00998645168764533,134,0.2762110233306885,-169.07765440000003
1146,-176.16879999999998,0.6204267741299654,0.00998645168764533,1224,2.5379638671875,-168.9033796
1147,-184.89642,0.6528076666027859,0.00998645168764533,135,0.2666459083557129,-168.90367160000002
1148,-184.88182000000003,0.5642144911880813,0.00998645168764533,134,0.26473212242126465,-169.26064560000003
1149,-170.08450000000002,0.7716584618252176,0.00998645168764533,534,1.1462340354919434,-168.96468480000004
1150,-184.88254000000003,0.6362185422400597,0.00998645168764533,134,0.29666996002197266,-169.21924440000004
1151,-184.88182000000003,0.7512989196815153,0.00998645168764533,134,0.2669789791107178,-169.21924440000004
1152,-155.25639999999999,0.7150172041652441,0.00998645168764533,729,1.5342321395874023,-168.9921228
1153,-186.92362,0.6011621866318333,0.00998645168764533,131,0.3150460720062256,-169.03294440000002
1154,-173.49482000000003,0.6703411667681002,0.00998645168764533,394,0.8457579612731934,-168.8052044
1155,-184.88182000000003,0.8218962920051235,0.00998645168764533,134,0.26674818992614746,-168.80519
1156,-179.84584000000004,0.9362181264743055,0.00998645168764533,193,0.38467884063720703,-168.70445600000002
1157,-184.88254000000003,0.9865833200973028,0.00998645168764533,134,0.26657724380493164,-168.70447040000002
1158,-184.88254000000003,0.6599935818630368,0.00998645168764533,134,0.2692859172821045,-168.70447040000002
1159,-184.88254000000003,0.7289598442322172,0.00998645168764533,134,0.2772848606109619,-169.05903600000002
1160,-185.18944000000002,0.5686289180776682,0.00998645168764533,145,0.2925279140472412,-169.065174
1161,-184.88254000000003,0.7998458959384641,0.00998645168764533,134,0.2710380554199219,-169.064882
1162,-184.13896000000003,0.806890286903443,0.00998645168764533,145,0.34354114532470703,-169.04971840000002
1163,17.632800000000138,0.7240411810612193,0.00998645168764533,1320,2.660902976989746,-164.99942600000003
1164,-184.88182000000003,0.5415874592779176,0.00998645168764533,134,0.27814412117004395,-169.0917552
1165,-184.88182000000003,0.7740269227704005,0.00998645168764533,134,0.2941098213195801,-173.1551164
1166,-184.88182000000003,0.8696474454699279,0.00998645168764533,134,0.2672240734100342,-173.15482440000002
1167,-184.88254000000003,0.8703339925911555,0.00998645168764533,134,0.26693105697631836,-173.15482440000002
1168,-184.88254000000003,0.9847802872241321,0.00998645168764533,134,0.2814629077911377,-173.15425600000003
1169,-184.88254000000003,0.867922045081965,0.00998645168764533,134,0.27372288703918457,-173.43887000000004
1170,-184.89642,0.7696460614532784,0.00998645168764533,135,0.2790873050689697,-173.433048
1171,-166.77108000000004,0.6569207860041916,0.00998645168764533,324,0.6562848091125488,-173.0708332
1172,-173.82944000000003,0.709874375996551,0.00998645168764533,409,0.8438200950622559,-172.84977120000002
1173,-156.71125999999992,0.8101895513371358,0.00998645168764533,946,1.9821417331695557,-172.28019320000004
1174,-184.88182000000003,0.7992931784394739,0.00998645168764533,134,0.27208995819091797,-172.64838720000003
1175,-172.42132000000004,0.8832682221308569,0.00998645168764533,341,0.6806259155273438,-172.3991628
1176,-184.89642,0.9557152939891373,0.00998645168764533,135,0.26974916458129883,-172.4288056
1177,29.194959999999895,0.7610619953628459,0.00998645168764533,872,1.7779459953308105,-168.24739360000004
1178,-178.67844000000002,0.642588005018317,0.00998645168764533,540,1.1735270023345947,-168.46866800000004
1179,-184.88182000000003,0.705390686593227,0.00998645168764533,134,0.4786849021911621,-168.83496440000002
1180,-184.88254000000003,0.8211264756244065,0.00998645168764533,134,0.3765089511871338,-168.83468680000001
1181,-185.19016000000002,0.7631136595945934,0.00998645168764533,145,0.31306886672973633,-168.8699652
1182,-166.94616000000002,0.7464971318089132,0.00998645168764533,384,0.8062851428985596,-168.50509960000002
1183,-185.18944000000002,0.6993766450676425,0.00998645168764533,145,0.31966614723205566,-168.511252
1184,-185.19016000000002,0.742806417970308,0.00998645168764533,145,0.2977941036224365,-168.75911080000003
1185,-184.88182000000003,0.7983279455550459,0.00998645168764533,134,0.2768399715423584,-172.91389440000003
1186,-180.45870000000002,0.730571470357178,0.00998645168764533,174,0.38416099548339844,-172.82541760000004
1187,-164.22649999999996,0.7050740999571716,0.00998645168764533,454,0.9576199054718018,-172.57201
1188,-167.31018000000003,0.840847143290453,0.00998645168764533,351,0.7919080257415771,-172.21442480000002
1189,-184.88182000000003,0.8232062183973838,0.00998645168764533,134,0.3036677837371826,-172.21442480000002
1190,20.85152000000005,0.7052694033425045,0.00998645168764533,1224,2.782012939453125,-168.099758
1191,-184.88254000000003,0.6350109529049038,0.00998645168764533,134,0.31952381134033203,-168.39934960000002
1192,-185.18944000000002,0.5245073893332276,0.00998645168764533,145,0.3476128578186035,-168.40548760000001
1193,-163.28505999999987,0.5331389701508773,0.00998645168764533,615,1.4451162815093994,-167.93835320000002
1194,-184.88182000000003,0.519349798622694,0.00998645168764533,134,0.27790117263793945,-167.93835320000002
1195,-184.88182000000003,0.5663379064635999,0.00998645168764533,134,0.2697739601135254,-167.93833880000003
1196,-184.88182000000003,0.6344733582948571,0.00998645168764533,134,0.28732895851135254,-168.1125992
1197,-185.19016000000002,0.8703478099649836,0.00998645168764533,145,0.33975696563720703,-168.11847400000002
1198,-184.88182000000003,0.7544226050376892,0.00998645168764533,134,0.2742171287536621,-168.11847400000002
1199,-184.88182000000003,0.8721348312057888,0.00998645168764533,134,0.2770400047302246,-168.4144204
1200,-185.18752000000003,0.550016650859395,0.00998645168764533,145,0.3145720958709717,-168.42052000000004
1201,-184.88182000000003,0.6608771905789513,0.00998645168764533,134,0.30089306831359863,-168.42052000000004
1202,-184.88254000000003,0.895981607569465,0.00998645168764533,134,0.3126528263092041,-169.0130428
1203,-184.88182000000003,0.7294620254438426,0.00998645168764533,134,0.2791910171508789,-168.9722068
1204,-184.88254000000003,0.8470414134034359,0.00998645168764533,134,0.27106380462646484,-169.19996120000005
1205,-184.88254000000003,0.7761264960559557,0.00998645168764533,134,0.2710540294647217,-169.19997560000004
1206,-184.88182000000003,0.568629812664672,0.00998645168764533,134,0.2662677764892578,-169.3006952
1207,-184.88254000000003,0.47389636901137766,0.00998645168764533,134,0.26789331436157227,-169.3006952
1208,-184.88182000000003,0.7776756328878118,0.00998645168764533,134,0.265657901763916,-169.3006808
1209,-184.88182000000003,0.9182861834389171,0.00998645168764533,134,0.2680199146270752,-169.3006664
1210,-184.91168000000002,0.9742825574666152,0.00998645168764533,136,0.27213287353515625,-169.29511120000004
1211,-184.88182000000003,0.7768465320426804,0.00998645168764533,134,0.2655191421508789,-169.29509680000004
1212,-184.88182000000003,0.6848815076901064,0.00998645168764533,134,0.29346680641174316,-169.30995400000003
1213,-161.62966,0.8455980462367616,0.00998645168764533,930,1.8730931282043457,-172.89520320000003
1214,-184.88254000000003,0.8243931213588412,0.00998645168764533,134,0.26946115493774414,-172.89521760000002
1215,-165.87196000000006,0.7537915722274318,0.00998645168764533,580,1.4109129905700684,-172.51502040000003
1216,27.643440000000194,0.7354920979204247,0.00998645168764533,808,1.9241249561309814,-168.26451520000003
1217,-174.09500000000003,0.6869303037397332,0.00998645168764533,677,1.5139362812042236,-168.04876440000004
1218,-185.18944000000002,0.7875956918980027,0.00998645168764533,145,0.3082292079925537,-168.05490240000003
1219,-184.89642,0.6778029433693047,0.00998645168764533,135,0.2708549499511719,-168.05518
1220,-184.88182000000003,0.6141732961370318,0.00998645168764533,134,0.2710380554199219,-168.05488800000003
1221,-165.44114000000008,0.7279077517308303,0.00998645168764533,911,1.8791460990905762,-168.02828920000005
1222,-184.88254000000003,0.6106338705450519,0.00998645168764533,134,0.26645803451538086,-168.2493512
1223,-184.89642,0.84153655236242,0.00998645168764533,135,0.32129502296447754,-168.81305440000003
1224,-184.88182000000003,0.7997217540587507,0.00998645168764533,134,0.3492739200592041,-168.81305440000003
1225,-174.41878000000003,0.6549656812259453,0.00998645168764533,590,1.2627010345458984,-168.85300360000002
1226,-164.92468000000002,0.6669908182277798,0.00998645168764533,437,0.9520249366760254,-168.45356880000003
1227,-185.73692,0.684166832616733,0.00998645168764533,124,0.31954193115234375,-172.75220640000003
1228,-184.88254000000003,0.5676857808938445,0.00998645168764533,134,0.28081512451171875,-172.87628840000002
1229,-163.2461199999999,0.705514063818222,0.00998645168764533,612,1.2385530471801758,-172.44357440000005
1230,-184.89642,0.8650285212599017,0.00998645168764533,135,0.2659027576446533,-172.443852
1231,-184.88254000000003,0.9416137658087398,0.00998645168764533,134,0.26445484161376953,-172.4376996
1232,-176.22494,0.7567072931494521,0.00998645168764533,1214,2.456239938735962,-172.62327520000002
1233,-167.02372,0.5438863119617684,0.00998645168764533,437,0.9362211227416992,-172.25996080000002
1234,-185.18944000000002,0.5912410737304338,0.00998645168764533,145,0.3184800148010254,-172.25994640000002
1235,-184.88182000000003,0.706574456321437,0.00998645168764533,134,0.27667903900146484,-172.25994640000002
1236,-184.88182000000003,0.5435235299962337,0.00998645168764533,134,0.2726328372955322,-172.3484088
1237,-173.72176000000002,0.5682967601597267,0.00998645168764533,353,0.7367768287658691,-172.538314
1238,-172.56352000000004,0.6694483791855486,0.00998645168764533,449,0.9162912368774414,-172.64338080000002
1239,-184.88182000000003,0.7251701725354947,0.00998645168764533,134,0.2635791301727295,-172.64338080000002
1240,-184.88254000000003,0.6114409240622963,0.00998645168764533,134,0.26914405822753906,-176.75806200000002
1241,-181.50726000000003,0.6741964458487928,0.00998645168764533,174,0.34414100646972656,-176.69055640000002
1242,-180.45870000000002,0.49569072876254033,0.00998645168764533,174,0.35752296447753906,-176.5959416
1243,-170.11388000000005,0.6102922881262955,0.00998645168764533,580,1.1545372009277344,-176.73251800000003
1244,-160.28143999999998,0.5617619467244319,0.00998645168764533,913,1.8245539665222168,-176.24051040000003
1245,-184.88254000000003,0.5627316272219838,0.00998645168764533,134,0.26287007331848145,-176.24052480000003
1246,-173.94128000000003,0.5969562909265343,0.00998645168764533,313,0.6180062294006348,-176.02171400000003
1247,-184.88254000000003,0.6578304048196705,0.00998645168764533,134,0.26195621490478516,-176.01556160000004
1248,-172.77488000000002,0.7007019127944535,0.00998645168764533,409,0.8023669719696045,-175.77342280000002
1249,-174.07048000000003,0.6585414353239702,0.00998645168764533,521,1.0220580101013184,-175.557196
1250,-184.88254000000003,0.6338216211688497,0.00998645168764533,134,0.2788701057434082,-175.55109640000003
1251,-172.74006000000006,0.5593020190466561,0.00998645168764533,306,0.6134448051452637,-175.3082612
1252,-184.88182000000003,0.6346293770805446,0.00998645168764533,134,0.2632601261138916,-175.3082468
1253,-184.88182000000003,0.8216044628096105,0.00998645168764533,134,0.2662079334259033,-175.3082468
1254,-184.88254000000003,0.6813728956491756,0.00998645168764533,134,0.26366734504699707,-175.3082468
1255,-178.12212000000002,0.7932867989897239,0.00998645168764533,213,0.42014312744140625,-175.1730384
1256,-184.88182000000003,0.6804922740670172,0.00998645168764533,134,0.2620418071746826,-175.1730384
1257,-182.21866000000003,0.779941420984007,0.00998645168764533,154,0.30376434326171875,-175.1197608
1258,-184.88182000000003,0.6596397871651979,0.00998645168764533,134,0.2669191360473633,-175.1197608
1259,-182.20376000000002,0.785444340778186,0.00998645168764533,153,0.3067798614501953,-175.06619960000003
1260,-185.19016000000002,0.827364570133645,0.00998645168764533,145,0.2843761444091797,-175.0717692
1261,-184.88182000000003,0.751971601890817,0.00998645168764533,134,0.26296186447143555,-175.0717692
1262,-166.41746,0.7601451643616877,0.00998645168764533,911,1.7749450206756592,-174.70248200000003
1263,-179.84584000000004,0.7738288291223309,0.00998645168764533,193,0.3936500549316406,-175.0668056
1264,-170.07334000000006,0.7130433171078326,0.00998645168764533,379,0.8365468978881836,-174.77062160000003
1265,-167.80822000000006,0.8137944924671076,0.00998645168764533,323,0.6519191265106201,-174.80934680000001
1266,-184.88254000000003,0.7979662060848812,0.00998645168764533,134,0.26560306549072266,-179.05986640000003
1267,-184.88182000000003,0.8927185347289848,0.00998645168764533,134,0.2643289566040039,-179.2756028
1268,-184.88182000000003,0.7283434654419213,0.00998645168764533,134,0.2794499397277832,-179.2694504
1269,-161.22161999999994,0.7713382256249915,0.00998645168764533,514,1.0609920024871826,-178.7959544
1270,-184.89714,0.6555359570654454,0.00998645168764533,135,0.283754825592041,-178.79626080000003
1271,-184.88254000000003,0.8718821482746792,0.00998645168764533,134,0.27824997901916504,-179.18508880000002
1272,-184.88182000000003,0.7095769775975773,0.00998645168764533,134,0.26207828521728516,-179.18507440000002
1273,-184.91096000000002,0.973475845558021,0.00998645168764533,136,0.2707200050354004,-179.1853652
1274,-164.52604000000002,0.8514390511516325,0.00998645168764533,668,1.4109890460968018,-178.7782496
1275,-184.88182000000003,0.9420684904499508,0.00998645168764533,134,0.27570509910583496,-178.98751040000002
1276,-184.88254000000003,0.6850426282191565,0.00998645168764533,134,0.2961390018463135,-179.38666760000004
1277,-184.88182000000003,0.8942568243217113,0.00998645168764533,134,0.3504199981689453,-179.36956560000002
1278,-184.88182000000003,0.6158861890574222,0.00998645168764533,134,0.3213057518005371,-179.36955120000002
1279,-187.83548000000002,0.8648980180019392,0.00998645168764533,124,0.320220947265625,-179.86133840000002
1280,-184.88182000000003,0.6373097328469157,0.00998645168764533,134,0.3177001476287842,-179.86104640000002
1281,-184.88182000000003,0.8972709471943663,0.00998645168764533,134,0.3093080520629883,-179.86103200000002
1282,11.90487999999998,0.8641133648136841,0.00998645168764533,992,2.1773898601531982,-176.09843560000002
1283,-172.66408000000004,0.9366104325237381,0.00998645168764533,353,0.8343930244445801,-176.21124280000004
1284,-184.88254000000003,0.544556614831646,0.00998645168764533,134,0.28804922103881836,-176.20510480000004
1285,-157.34429999999992,0.8608710683788967,0.00998645168764533,679,1.5354440212249756,-175.65435440000002
1286,-184.88254000000003,0.7803270724643745,0.00998645168764533,134,0.2667539119720459,-175.65436880000001
1287,23.417519999999936,0.8417116081910208,0.00998645168764533,1000,2.0538618564605713,-171.71158320000004
1288,-164.33901999999992,0.7112991676444002,0.00998645168764533,911,1.8235101699829102,-171.5470932
1289,-164.26853999999997,0.6351348362908866,0.00998645168764533,610,1.2290968894958496,-171.13482760000002
1290,-184.89642,0.6094772070922233,0.00998645168764533,135,0.29163479804992676,-171.13510520000003
1291,-184.88254000000003,0.5898478443372939,0.00998645168764533,134,0.2671542167663574,-171.20261080000003
1292,-181.31380000000001,0.6026614558564999,0.00998645168764533,164,0.3265516757965088,-171.21971280000002
1293,-168.12192000000005,0.6358258166338284,0.00998645168764533,537,1.0632531642913818,-171.17987360000004
1294,-182.20376000000002,0.5405931670851762,0.00998645168764533,153,0.30452609062194824,-171.61832
1295,-184.88182000000003,0.7307830594354935,0.00998645168764533,134,0.26476001739501953,-171.6183056
1296,-172.54008000000005,0.6415110212289775,0.00998645168764533,297,0.5896611213684082,-171.59028160000003
1297,-184.91096000000002,0.3748605894541149,0.00998645168764533,136,0.2731621265411377,-171.59085000000002
1298,-171.82424000000003,0.7311579605040792,0.00998645168764533,313,0.6383109092712402,-171.5718372
1299,-182.36236,0.699620381826762,0.00998645168764533,164,0.33954787254333496,-171.73767480000004
1300,-166.01224000000002,0.6808465754661661,0.00998645168764533,385,0.9025139808654785,-171.3602688
1301,-185.19016000000002,0.6330604533953913,0.00998645168764533,145,0.41916894912719727,-171.60927080000002
1302,-186.64178,0.5255522382314921,0.00998645168764533,114,0.274932861328125,-171.64447000000004
1303,-184.88254000000003,0.7527140888329873,0.00998645168764533,134,0.3269670009613037,-171.64448440000004
1304,-184.88254000000003,1.0343665561166162,0.00998645168764533,134,0.34718990325927734,-171.64448440000004
1305,-184.88182000000003,0.49681188614427374,0.00998645168764533,134,0.30982494354248047,-171.77967840000002
1306,-184.88254000000003,0.5433252432119491,0.00998645168764533,134,0.2967569828033447,-171.77969280000002
1307,-184.88182000000003,0.5222843913500433,0.00998645168764533,134,0.2998011112213135,-171.83295600000002
1308,-163.66368000000003,0.6463312528388941,0.00998645168764533,528,1.1161248683929443,-171.40859320000004
1309,-184.89714,0.7259063414056544,0.00998645168764533,135,0.2842838764190674,-171.4624608
1310,-185.18752000000003,0.808216558563812,0.00998645168764533,145,0.28972911834716797,-171.46240800000004
1311,-184.89714,0.6341661982859175,0.00998645168764533,135,0.266448974609375,-171.4627144
1312,-164.44601999999998,0.6277351395501463,0.00998645168764533,414,0.8168759346008301,-171.4232856
1313,-184.88182000000003,0.7554554476597305,0.00998645168764533,134,0.26666712760925293,-171.52400520000003
1314,-186.97966000000002,0.7074422148654043,0.00998645168764533,134,0.26766395568847656,-171.86213160000003
1315,-184.88182000000003,0.6378043305490222,0.00998645168764533,134,0.26807117462158203,-172.20360360000004
1316,-184.88182000000003,0.8468575750741718,0.00998645168764533,134,0.2806069850921631,-172.2035892
1317,-184.88110000000003,0.7082747615067594,0.00998645168764533,134,0.27227282524108887,-172.2035748
1318,-184.88182000000003,0.6832681857535977,0.00998645168764533,134,0.30011701583862305,-172.2035748
1319,-175.91506000000004,0.7097660355433845,0.00998645168764533,659,1.3820443153381348,-172.4974436
1320,-172.04912000000002,0.8110737207689044,0.00998645168764533,377,0.7481610774993896,-172.24048320000003
1321,-184.89642,0.7507564829041561,0.00998645168764533,135,0.2675769329071045,-172.24076080000003
1322,-171.19306,0.7748618282199908,0.00998645168764533,639,1.2680418491363525,-171.96698560000002
1323,-184.89714,0.6791622554193493,0.00998645168764533,135,0.26671290397644043,-171.9667092
1324,-188.47914,0.6680782601127729,0.00998645168764533,255,0.504256010055542,-172.44577120000002
1325,-171.53292000000005,0.7245556734717951,0.00998645168764533,501,0.9901328086853027,-172.17879320000003
1326,-184.88182000000003,0.9650793164315175,0.00998645168764533,134,0.26996803283691406,-172.17877880000003
1327,-173.57916000000003,0.8136059322993903,0.00998645168764533,348,0.6852521896362305,-171.9527256
1328,-185.18944000000002,0.9386881864340655,0.00998645168764533,145,0.28677868843078613,-171.958878
1329,-176.61336000000003,0.8536325904230276,0.00998645168764533,441,0.879021167755127,-171.73443560000004
1330,-184.88766,1.0120906241607803,0.00998645168764533,131,0.2616450786590576,-171.73455240000004
1331,-171.69462000000004,0.8594523882310764,0.00998645168764533,306,0.6028728485107422,-171.4708084
1332,-184.88838,1.200660290836378,0.00998645168764533,131,0.2594919204711914,-175.40667360000003
1333,-184.88182000000003,0.9663501381665579,0.00998645168764533,134,0.264894962310791,-175.65102840000003
1334,-184.88182000000003,0.9652762705974504,0.00998645168764533,134,0.26668810844421387,-175.65101400000003
1335,-185.18944000000002,0.8097595162946603,0.00998645168764533,145,0.28925299644470215,-176.20791680000002
1336,9.816800000000104,0.8941474583096676,0.00998645168764533,1656,3.313344955444336,-172.31393000000003
1337,-184.89642,0.6325901473768883,0.00998645168764533,135,0.29183292388916016,-176.4802088
1338,-184.88254000000003,0.82280865368614,0.00998645168764533,134,0.312359094619751,-176.89107920000004
1339,23.109920000000137,0.6808052492267717,0.00998645168764533,1128,2.361186981201172,-173.14351000000002
1340,-184.88182000000003,0.8451483952465342,0.00998645168764533,134,0.26642370223999023,-173.14321800000002
1341,-184.88182000000003,0.6811908761511988,0.00998645168764533,134,0.26809191703796387,-173.14320360000002
1342,-184.88182000000003,0.5178067049762206,0.00998645168764533,134,0.26821088790893555,-173.21456400000002
1343,-184.89642,0.8175829160820555,0.00998645168764533,135,0.2745637893676758,-173.55005400000002
1344,-185.18944000000002,0.5249533954879333,0.00998645168764533,145,0.2883031368255615,-173.60976760000003
1345,-184.89714,0.6765857931088518,0.00998645168764533,135,0.27304983139038086,-173.61007400000003
1346,-175.20824000000005,0.5895132284181622,0.00998645168764533,273,0.5428118705749512,-173.6634372
1347,-164.30334,0.7351109716137036,0.00998645168764533,859,1.6905772686004639,-173.25128480000004
1348,-169.7869400000001,0.6184394741374651,0.00998645168764533,911,1.829322099685669,-173.21053880000002
1349,-184.88182000000003,0.5387299342998373,0.00998645168764533,134,0.2656078338623047,-173.26092800000004
1350,-185.18944000000002,0.48198090132390115,0.00998645168764533,145,0.2915468215942383,-173.64447200000004
1351,-184.89642,0.559512108516086,0.00998645168764533,135,0.26627683639526367,-173.6385972
1352,-184.88182000000003,0.5637145201647793,0.00998645168764533,134,0.26430296897888184,-173.60339800000003
1353,-166.61248000000006,0.6563713715988964,0.00998645168764533,313,0.6172831058502197,-173.23799680000005
1354,17.805840000000284,0.5368926381001144,0.00998645168764533,1648,3.247469186782837,-169.1842292
1355,-184.88182000000003,0.6079305808907792,0.00998645168764533,134,0.2626378536224365,-169.1842292
1356,-184.88182000000003,0.585136140474299,0.00998645168764533,134,0.2690751552581787,-169.1842148
1357,-184.88182000000003,0.4217699710279703,0.00998645168764533,134,0.2628660202026367,-169.1842148
1358,-173.82856000000004,0.634298998415969,0.00998645168764533,560,1.1905698776245117,-169.38751240000002
1359,-184.88182000000003,0.44421204151029686,0.00998645168764533,134,0.26882100105285645,-169.387206
1360,-184.88254000000003,0.39881607548180803,0.00998645168764533,134,0.3891119956970215,-169.38110640000002
1361,-184.89642,0.4900891042900858,0.00998645168764533,135,0.29393506050109863,-169.38109200000002
1362,-184.88110000000003,0.5382761661616613,0.00998645168764533,134,0.27644801139831543,-169.78979360000002
1363,-174.62520000000004,0.5378030667190704,0.00998645168764533,648,1.4034366607666016,-169.5846612
1364,-184.89714,0.5613680273363436,0.00998645168764533,135,0.26923394203186035,-169.54301080000002
1365,-185.19016000000002,0.43657965274078064,0.00998645168764533,145,0.28844594955444336,-169.5491776
1366,-184.88254000000003,0.6557119674911138,0.00998645168764533,134,0.2651221752166748,-169.549192
1367,-186.12504,0.656250413617171,0.00998645168764533,144,0.2848999500274658,-169.57407080000002
1368,-184.88182000000003,0.5679770244855378,0.00998645168764533,134,0.26558518409729004,-169.57407080000002
1369,-184.88182000000003,0.8433345901891033,0.00998645168764533,134,0.266279935836792,-169.75340600000004
1370,-184.88254000000003,0.6820487167978131,0.00998645168764533,134,0.2653968334197998,-170.0100744
1371,-184.89642,0.724864644902172,0.00998645168764533,135,0.2657771110534668,-170.0100744
1372,-184.88182000000003,0.823857364446314,0.00998645168764533,134,0.2687041759490967,-170.28384960000002
1373,-161.04821999999993,0.7390551189393866,0.00998645168764533,1047,2.048356056213379,-169.80687120000002
1374,-184.91096000000002,0.786871421869899,0.00998645168764533,136,0.2661149501800537,-169.7355076
1375,-159.16057999999995,0.6650142381574461,0.00998645168764533,614,1.2042570114135742,-169.48806080000003
1376,-177.26787999999993,0.5871659668794844,0.00998645168764533,1620,3.2007999420166016,-169.335782
1377,-161.96279999999993,0.5943338575561994,0.00998645168764533,649,1.301131010055542,-169.1034548
1378,-176.92590000000004,0.48941074420922787,0.00998645168764533,203,0.42708778381347656,-168.938184
1379,-166.61248000000006,0.6572650717720151,0.00998645168764533,313,0.6828100681304932,-168.7381664
1380,27.38023999999992,0.5492225154521293,0.00998645168764533,2048,4.009915828704834,-164.4928084
1381,-164.88864,0.5813901882950935,0.00998645168764533,384,0.7577149868011475,-164.3566888
1382,-184.88766,0.5275079464355042,0.00998645168764533,131,0.25871896743774414,-164.3566744
1383,-166.38998000000004,0.5385042676796853,0.00998645168764533,354,0.6928091049194336,-163.9868376
1384,-178.67436000000004,0.3733275418352119,0.00998645168764533,189,0.37394189834594727,-163.8626884
1385,-170.73074,0.4797213987685519,0.00998645168764533,911,1.7768397331237793,-163.5735144
1386,-184.88182000000003,0.4448231211654953,0.00998645168764533,134,0.27076005935668945,-167.46748680000002
1387,-184.88254000000003,0.6333586201071739,0.00998645168764533,134,0.26792001724243164,-167.46720919999999
1388,-184.88254000000003,0.5388222994116038,0.00998645168764533,134,0.26500678062438965,-167.46720919999999
1389,-184.88182000000003,0.4913433333928349,0.00998645168764533,134,0.26603102684020996,-171.627044
1390,-184.88182000000003,0.5165625668839732,0.00998645168764533,134,0.263455867767334,-171.627044
1391,-185.18944000000002,0.3063505292292042,0.00998645168764533,145,0.2902839183807373,-171.6331964
1392,-184.89714,0.4894823207002547,0.00998645168764533,135,0.2693970203399658,-171.63350280000003
1393,-154.92347999999984,0.3794769891642134,0.00998645168764533,892,1.7573528289794922,-171.034044
1394,-184.88182000000003,0.5154358695761593,0.00998645168764533,134,0.3303549289703369,-171.0278916
1395,21.301360000000077,0.4771402293328671,0.00998645168764533,1192,2.450612783432007,-166.9039216
1396,-184.88182000000003,0.49320238393578514,0.00998645168764533,134,0.2730870246887207,-167.0973932
1397,-184.89642,0.3713255456821234,0.00998645168764533,135,0.2684769630432129,-167.5092548
1398,-184.88182000000003,0.5152509323835596,0.00998645168764533,134,0.2702751159667969,-167.8111524
1399,-171.88338000000005,0.37372749957980383,0.00998645168764533,315,0.6726877689361572,-167.5511836
1400,19.97775999999998,0.46513597247598226,0.00998645168764533,800,1.6060140132904053,-163.4478396
1401,-153.05711999999988,0.47155512137794675,0.00998645168764533,1225,2.473093032836914,-162.8110536
1402,19.74032000000006,0.40308760971580027,0.00998645168764533,1104,2.176248788833618,-158.7186108
1403,-184.88254000000003,0.4252682272136323,0.00998645168764533,134,0.26213884353637695,-159.084012
1404,-184.88182000000003,0.44546427289302004,0.00998645168764533,134,0.26343393325805664,-163.13776520000002
1405,-184.88254000000003,0.3302810435016542,0.00998645168764533,134,0.28262996673583984,-163.13777960000002
1406,-168.29384000000005,0.4749029233065877,0.00998645168764533,393,0.8135440349578857,-162.80602000000002
1407,-158.09605999999997,0.5459036845713854,0.00998645168764533,955,1.9318900108337402,-162.27030480000002
1408,-184.88182000000003,0.3298629629078196,0.00998645168764533,134,0.2847781181335449,-162.49137000000002
1409,16.35159999999997,0.49993911094324134,0.00998645168764533,1072,2.2765920162200928,-158.46670160000002
1410,-184.89714,0.3510055365592793,0.00998645168764533,135,0.26584911346435547,-158.4669936
1411,-184.88254000000003,0.4011265814387754,0.00998645168764533,134,0.2989847660064697,-158.46671600000002
1412,-184.89714,0.35194495629036315,0.00998645168764533,135,0.27240705490112305,-158.46703680000002
1413,-184.88254000000003,0.7513775507009018,0.00998645168764533,134,0.2651059627532959,-158.6721836
1414,-184.88182000000003,0.4460138386122382,0.00998645168764533,134,0.2650918960571289,-158.6718772
1415,-160.82873999999995,0.44917556849560436,0.00998645168764533,543,1.138390064239502,-158.18464880000002
1416,-184.88254000000003,0.3316371823980737,0.00998645168764533,134,0.27147412300109863,-158.18464880000002
1417,-168.93204000000006,0.4972062965389341,0.00998645168764533,580,1.1385736465454102,-157.8407888
1418,-186.64178,0.38159107037803586,0.00998645168764533,114,0.2307419776916504,-157.875988
1419,-184.88182000000003,0.3762288856486887,0.00998645168764533,134,0.2640352249145508,-157.875988
1420,-184.88182000000003,0.37606409710220323,0.00998645168764533,134,0.264301061630249,-157.8759736
1421,-184.88254000000003,0.5412172012399438,0.00998645168764533,134,0.26326608657836914,-157.875696
1422,-185.18944000000002,0.43916569960078805,0.00998645168764533,145,0.28411388397216797,-157.88184840000002
1423,-184.88254000000003,0.5630120835128004,0.00998645168764533,134,0.26248884201049805,-158.35853480000003
1424,-184.89642,0.5155597415925176,0.00998645168764533,135,0.2615480422973633,-158.358244
1425,-184.88254000000003,0.42403768087778965,0.00998645168764533,134,0.2668800354003906,-158.8726832
1426,-173.604,0.6012422294509342,0.00998645168764533,601,1.1614477634429932,-158.7994056
1427,-184.88254000000003,0.44768613552563447,0.00998645168764533,134,0.2591512203216553,-159.2578004
1428,22.176639999999978,0.5440029369115847,0.00998645168764533,2120,4.09646201133728,-155.2757496
1429,-184.89642,0.5602004658637776,0.00998645168764533,135,0.2641482353210449,-155.64142840000002
1430,-180.44970000000004,0.485587889909306,0.00998645168764533,170,0.332813024520874,-159.7980272
1431,-176.51350000000002,0.583670218546196,0.00998645168764533,590,1.139009714126587,-160.03052440000002
1432,-184.89642,0.5382333784191696,0.00998645168764533,135,0.2622196674346924,-160.03069960000002
1433,-185.73692,0.9131010033625869,0.00998645168764533,124,0.24242901802062988,-160.41763840000002
1434,-184.88182000000003,0.6826733961673592,0.00998645168764533,134,0.2625148296356201,-160.54178760000002
1435,-184.88254000000003,0.6583008250054806,0.00998645168764533,134,0.2595489025115967,-160.82482360000003
1436,-185.18944000000002,0.6114745606443491,0.00998645168764533,145,0.28101396560668945,-160.83097600000002
1437,-184.88254000000003,0.4478237105276324,0.00998645168764533,134,0.2595968246459961,-160.83097600000002
1438,-184.88182000000003,0.493728672988268,0.00998645168764533,134,0.26035189628601074,-160.83096160000002
1439,-185.19016000000002,0.5468404447916767,0.00998645168764533,145,0.28156399726867676,-160.8371284
1440,-171.57400000000007,0.6488587428187745,0.00998645168764533,353,0.6855621337890625,-160.570972
1441,-184.88182000000003,0.7760123257566967,0.00998645168764533,134,0.2590508460998535,-160.56481960000002
1442,-160.93443999999994,0.779059390327382,0.00998645168764533,501,0.9611852169036865,-160.0855656
1443,22.71496000000007,0.6632385365181261,0.00998645168764533,1136,2.2018802165985107,-156.53279680000003
1444,-185.18944000000002,0.4412722139908322,0.00998645168764533,145,0.2820441722869873,-156.53894920000002
1445,-165.98584000000005,0.6743462990727924,0.00998645168764533,833,1.6161856651306152,-160.28469320000002
1446,-184.88182000000003,0.6804154670150923,0.00998645168764533,134,0.26964616775512695,-160.28469320000002
1447,-184.88182000000003,0.6108629263854072,0.00998645168764533,134,0.26978492736816406,-160.28440120000002
1448,-164.84304000000003,0.622741816242827,0.00998645168764533,384,0.7526051998138428,-159.88362560000002
1449,-184.88182000000003,0.5630995575060596,0.00998645168764533,134,0.26154208183288574,-160.1435944
1450,-166.99170000000012,0.5935255361862969,0.00998645168764533,931,1.8071870803833008,-163.88298360000002
1451,24.949680000000203,0.4631028583240804,0.00998645168764533,1032,2.038540840148926,-160.32284760000002
1452,-178.68228000000002,0.5126392066599457,0.00998645168764533,540,1.081986904144287,-164.29129960000003
1453,-184.88182000000003,0.563929112781006,0.00998645168764533,134,0.26357078552246094,-164.29128520000003
1454,-184.88182000000003,0.4694103037333811,0.00998645168764533,134,0.2648758888244629,-164.29128520000003
1455,-186.12504,0.4387327641533274,0.00998645168764533,144,0.28337621688842773,-164.31613520000002
1456,-184.88182000000003,0.37981577134871886,0.00998645168764533,134,0.2619941234588623,-164.64789480000002
1457,-184.88182000000003,0.7733156588276042,0.00998645168764533,134,0.2613677978515625,-165.18361000000002
1458,-185.18944000000002,0.5691291229863619,0.00998645168764533,145,0.2836120128631592,-165.18976240000003
1459,-170.46752,0.5435283980841744,0.00998645168764533,649,1.3831732273101807,-168.9261448
1460,-170.83530000000005,0.6340156987191192,0.00998645168764533,315,0.6599717140197754,-168.64490800000004
1461,-184.88182000000003,0.4964647350082202,0.00998645168764533,134,0.2982447147369385,-168.64489360000005
1462,-184.88254000000003,0.47100807616570545,0.00998645168764533,134,0.30741310119628906,-168.64460160000002
1463,-172.40612000000004,0.671844123784617,0.00998645168764533,340,0.8745348453521729,-168.3950732
1464,-184.88182000000003,0.6591008139301592,0.00998645168764533,134,0.3149230480194092,-168.3950732
1465,-184.88182000000003,0.7754585143498409,0.00998645168764533,134,0.31568408012390137,-168.87613480000005
1466,-184.88182000000003,0.8207404260843325,0.00998645168764533,134,0.2930879592895508,-168.87612040000005
1467,-172.54008000000005,0.6817060519567995,0.00998645168764533,297,0.6251327991485596,-168.94828120000003
1468,-168.28544000000005,0.5852272306549963,0.00998645168764533,393,0.7711577415466309,-168.5811544
1469,-184.88254000000003,0.403431935937825,0.00998645168764533,134,0.2631340026855469,-168.5811688
1470,-167.61512000000005,0.558522173039877,0.00998645168764533,313,0.6498937606811523,-168.23583480000002
1471,-184.88182000000003,0.5895804234905474,0.00998645168764533,134,0.28854918479919434,-168.23582040000002
1472,-182.21866000000003,0.5787027039226483,0.00998645168764533,154,0.3275299072265625,-168.17640480000003
1473,-184.89714,0.7481144633834009,0.00998645168764533,135,0.2669508457183838,-168.17669680000003
1474,-184.88182000000003,0.4724359790544345,0.00998645168764533,134,0.2715480327606201,-168.17640480000003
1475,-184.88254000000003,0.7974311246453271,0.00998645168764533,134,0.26517295837402344,-168.17640480000003
1476,-184.88182000000003,0.8697312669481025,0.00998645168764533,134,0.262253999710083,-168.40196120000004
1477,-184.88182000000003,0.6120234801183775,0.00998645168764533,134,0.26891398429870605,-168.40194680000005
1478,-180.45870000000002,0.7304161413915284,0.00998645168764533,174,0.3629140853881836,-172.45465360000003
1479,-184.88182000000003,0.7774397766898706,0.00998645168764533,134,0.2642638683319092,-172.4543616
1480,-184.88254000000003,0.9195010605990998,0.00998645168764533,134,0.2639632225036621,-172.54301840000005
1481,-167.31172000000004,0.6743143537959647,0.00998645168764533,453,0.9277310371398926,-172.3589828
1482,-185.19016000000002,0.6771431510176125,0.00998645168764533,145,0.28478002548217773,-172.36485760000002
1483,-184.88182000000003,0.6608135754159138,0.00998645168764533,134,0.26526308059692383,-172.34775560000003
1484,-167.28037999999995,0.772497035638238,0.00998645168764533,755,1.556156873703003,-171.9957268
1485,-184.89642,0.7944606811911972,0.00998645168764533,135,0.28867006301879883,-171.99600440000003
1486,-181.50726000000003,0.8037003012181356,0.00998645168764533,174,0.4127199649810791,-171.92236080000004
1487,-153.45909999999992,0.7729912906774651,0.00998645168764533,590,1.3115158081054688,-171.29389200000003
1488,-184.88182000000003,0.9885934765742563,0.00998645168764533,134,0.2635040283203125,-171.29389200000003
1489,-179.73738000000003,0.7457874772563017,0.00998645168764533,639,1.2508881092071533,-171.18483640000002
1490,-171.37396000000007,0.9115444415131491,0.00998645168764533,341,0.6855947971343994,-171.18083560000002
1491,-184.02576000000002,0.7685867756566344,0.00998645168764533,144,0.28356313705444336,-171.16371440000003
1492,21.50136000000015,0.7966939056110857,0.00998645168764533,904,1.781843900680542,-167.5149984
1493,-182.20448000000002,0.7688929895912997,0.00998645168764533,153,0.3060181140899658,-171.61338720000003
1494,-184.89714,0.9130979402542666,0.00998645168764533,135,0.2644691467285156,-171.60754120000001
1495,-184.88254000000003,0.7555419796688566,0.00998645168764533,134,0.2624211311340332,-171.98547520000002
1496,-184.13824000000002,0.7240099917840341,0.00998645168764533,145,0.28836679458618164,-171.97060360000003
1497,-168.27896,0.7968864040831551,0.00998645168764533,1145,2.2239959239959717,-171.63854640000002
1498,-172.45418000000004,0.6696886058011616,0.00998645168764533,343,0.7997009754180908,-171.79076920000003
1499,-184.89714,0.49397626568183856,0.00998645168764533,135,0.26554298400878906,-171.7910756
1500,-173.83250000000004,0.7847091368784831,0.00998645168764533,307,0.6055340766906738,-171.9278916
1501,-184.88110000000003,0.8948815032811974,0.00998645168764533,134,0.2640829086303711,-176.1245072
1502,-184.89642,0.7259062987717765,0.00998645168764533,135,0.26898980140686035,-176.24879
1503,-184.88182000000003,0.7303729085251689,0.00998645168764533,134,0.2626628875732422,-176.24879
1504,-184.88254000000003,0.7088675941410127,0.00998645168764533,134,0.2900528907775879,-176.2488044
1505,-164.38690000000003,0.676749748271218,0.00998645168764533,359,0.7572638988494873,-175.81404160000002
1506,-184.88182000000003,0.7326565811257643,0.00998645168764533,134,0.2690608501434326,-175.81404160000002
1507,24.971039999999938,0.7009639500768627,0.00998645168764533,1176,2.330824851989746,-171.61698440000004
1508,-174.32202,0.5844256080839617,0.00998645168764533,586,1.1550862789154053,-171.39963600000002
1509,-177.06948000000003,0.5728248017555881,0.00998645168764533,213,0.42261791229248047,-171.53167520000002
1510,22.02680000000019,0.5725676147405196,0.00998645168764533,1080,2.0871670246124268,-167.6744332
1511,-184.89642,0.5619812621907504,0.00998645168764533,135,0.28764796257019043,-167.67472520000004
1512,-161.8564399999999,0.469086698965082,0.00998645168764533,596,1.2330341339111328,-167.21420320000001
1513,-185.18944000000002,0.5026250744880787,0.00998645168764533,145,0.3187220096588135,-167.4698696
1514,-185.54558000000003,0.5369258843620409,0.00998645168764533,166,0.3629298210144043,-167.48314480000002
1515,-184.88182000000003,0.6578638889729532,0.00998645168764533,134,0.28685903549194336,-167.48314480000002
1516,-185.18752000000003,0.3316101162726509,0.00998645168764533,145,0.28566980361938477,-167.48925880000002
1517,-184.88254000000003,0.4267704171239774,0.00998645168764533,134,0.2630140781402588,-167.73610800000003
1518,-184.88254000000003,0.5206916962277645,0.00998645168764533,134,0.2629680633544922,-168.06805
1519,-184.88182000000003,0.47069203320529257,0.00998645168764533,134,0.26211094856262207,-168.0680356
1520,-184.88254000000003,0.35660023484101044,0.00998645168764533,134,0.28954005241394043,-168.413384
1521,-167.82300000000004,0.7056933902319015,0.00998645168764533,324,0.719763994216919,-168.0722076
1522,-184.88254000000003,0.7296713913526776,0.00998645168764533,134,0.35620784759521484,-168.1254852
1523,-167.24817999999993,0.5384630355593004,0.00998645168764533,798,1.7414822578430176,-167.77250600000002
1524,-185.18944000000002,0.6328922495438621,0.00998645168764533,145,0.2853720188140869,-167.7786584
1525,-172.49659999999997,0.6629156420376755,0.00998645168764533,1253,2.5099668502807617,-167.5309396
1526,-184.88182000000003,0.585731970170624,0.00998645168764533,134,0.2718651294708252,-167.5309396
1527,-184.88254000000003,0.6827610277904392,0.00998645168764533,134,0.27035069465637207,-167.530954
1528,-186.12696,0.5258912072103057,0.00998645168764533,144,0.35367298126220703,-167.64431920000004
1529,-184.89642,0.7025540599530494,0.00998645168764533,135,0.30638980865478516,-167.64461119999999
1530,-185.18944000000002,0.5893104181592834,0.00998645168764533,145,0.3036811351776123,-167.65074920000004
1531,-184.88254000000003,0.6117384355765447,0.00998645168764533,134,0.2722790241241455,-168.0021656
1532,-184.88254000000003,0.6353859505199119,0.00998645168764533,134,0.2723381519317627,-167.99601320000002
1533,-184.88254000000003,0.5418074473585767,0.00998645168764533,134,0.27539825439453125,-167.99602760000002
1534,-169.14736,0.5782798342146099,0.00998645168764533,929,1.814899206161499,-168.0333672
1535,-184.88182000000003,0.7511784440087182,0.00998645168764533,134,0.2637660503387451,-168.0330752
1536,-179.60264000000004,0.47068481721520505,0.00998645168764533,184,0.36337995529174805,-167.9949828
1537,-184.91096000000002,0.6250500048113549,0.00998645168764533,136,0.2646470069885254,-168.62402000000003
1538,-184.88182000000003,0.5408267388676307,0.00998645168764533,134,0.26209592819213867,-168.62402000000003
1539,-184.88254000000003,0.6582615968229165,0.00998645168764533,134,0.2608449459075928,-168.72692320000002
1540,-184.88182000000003,0.6575528292763811,0.00998645168764533,134,0.26027607917785645,-168.99708040000002
1541,-184.88182000000003,0.7512507924545946,0.00998645168764533,134,0.27533984184265137,-169.0142016
1542,-184.88182000000003,0.6126817577768728,0.00998645168764533,134,0.26514625549316406,-173.14186520000004
1543,-185.18752000000003,0.7204592774911174,0.00998645168764533,145,0.2884540557861328,-173.201526
1544,-159.72923999999995,0.7582368593640308,0.00998645168764533,493,1.0247602462768555,-172.698168
1545,-165.46040000000002,0.7412710201944588,0.00998645168764533,361,0.7194747924804688,-172.30972520000003
1546,-167.99232000000003,0.7559532520196323,0.00998645168764533,384,0.7522099018096924,-171.9868068
1547,-184.88182000000003,0.7530260926265436,0.00998645168764533,134,0.2633960247039795,-172.31886400000002
1548,-184.88182000000003,0.6838516123148043,0.00998645168764533,134,0.2639460563659668,-172.56741680000002
1549,24.460720000000194,0.7134495769396312,0.00998645168764533,1064,2.110300302505493,-168.38025960000002
1550,-186.12696,0.8344234261247847,0.00998645168764533,144,0.2818758487701416,-168.6261488
1551,-184.88182000000003,0.801069907816266,0.00998645168764533,134,0.262833833694458,-168.6261632
1552,-184.88254000000003,0.7302674753382913,0.00998645168764533,134,0.26487112045288086,-168.6258856
1553,-181.31380000000001,0.8687548750568544,0.00998645168764533,164,0.322131872177124,-168.55452520000003
1554,-184.88254000000003,0.683586896424974,0.00998645168764533,134,0.26403093338012695,-168.55452520000003
1555,-184.88254000000003,0.8929572434915202,0.00998645168764533,134,0.26410913467407227,-168.964438
1556,-184.89642,0.865778206806216,0.00998645168764533,135,0.2645120620727539,-168.96473000000003
1557,-184.88254000000003,0.5904286851856246,0.00998645168764533,134,0.2634470462799072,-173.1618016
1558,-184.89714,0.6573762720795693,0.00998645168764533,135,0.2646980285644531,-173.37330400000002
1559,-171.17082000000005,0.7629106567724395,0.00998645168764533,586,1.1522347927093506,-173.25533080000002
1560,23.200480000000134,0.7443162966326177,0.00998645168764533,2552,4.982508897781372,-173.2318572
1561,-178.72986,0.5046781338773307,0.00998645168764533,847,1.6433749198913574,-173.108526
1562,-184.88182000000003,0.49538232143203825,0.00998645168764533,134,0.26155710220336914,-173.5690336
1563,-159.55243999999996,0.6546257452415206,0.00998645168764533,485,0.9449112415313721,-173.05629360000003
1564,-179.87992000000003,0.5953573749926655,0.00998645168764533,193,0.37509989738464355,-172.9429804
1565,-160.60062,0.6520973023841904,0.00998645168764533,631,1.226593017578125,-172.45735640000004
1566,-184.88254000000003,0.4933700083351847,0.00998645168764533,134,0.26189684867858887,-172.4512568
1567,-184.89714,0.4669115965840993,0.00998645168764533,135,0.26965975761413574,-172.4515488
1568,-182.36308,0.5819493237309294,0.00998645168764533,164,0.32331228256225586,-172.40115960000003
1569,-164.94064000000003,0.5494854327275029,0.00998645168764533,689,1.348140001296997,-172.00233599999999
1570,-184.88254000000003,0.6110395065911892,0.00998645168764533,134,0.26033616065979004,-172.00233599999999
1571,-167.82372000000004,0.5491146859425453,0.00998645168764533,324,0.6261589527130127,-172.00235039999998
1572,-184.88254000000003,0.4458885356756066,0.00998645168764533,134,0.2610440254211426,-172.00235039999998
1573,-185.18944000000002,0.6524870495022884,0.00998645168764533,145,0.2815849781036377,-172.36117560000002
1574,-184.88182000000003,0.5173801441517061,0.00998645168764533,134,0.25988197326660156,-172.3550232
1575,-185.07504,0.5485267785908137,0.00998645168764533,144,0.28363609313964844,-172.606592
1576,15.513680000000125,0.5755591058609354,0.00998645168764533,1368,2.6587419509887695,-168.598682
1577,-184.88182000000003,0.32845967410326893,0.00998645168764533,134,0.2620580196380615,-168.5986676
1578,-184.88182000000003,0.49364355152973266,0.00998645168764533,134,0.2651331424713135,-168.57376480000002
1579,-184.89642,0.5583222060291856,0.00998645168764533,135,0.2746098041534424,-168.57376480000002
1580,-167.82372000000004,0.5588460546633642,0.00998645168764533,324,0.6566548347473145,-168.2264504
1581,-184.88182000000003,0.471109512866711,0.00998645168764533,134,0.27042508125305176,-168.226436
1582,-184.89642,0.5338930054050353,0.00998645168764533,135,0.2655041217803955,-168.2267136
1583,-171.00209999999996,0.4787804861402579,0.00998645168764533,1362,2.8524909019470215,-167.94910480000001
1584,-171.60664000000003,0.5318285593018991,0.00998645168764533,353,0.695228099822998,-167.9982904
1585,-172.04818000000003,0.5683676354506344,0.00998645168764533,323,0.6313679218292236,-167.74161760000004
1586,-174.40338000000003,0.49596584129606874,0.00998645168764533,387,0.7506570816040039,-167.6376324
1587,-184.88182000000003,0.4258877631249045,0.00998645168764533,134,0.2615671157836914,-167.63704960000004
1588,-164.03965999999997,0.5272064861536924,0.00998645168764533,847,1.6254239082336426,-167.22020640000002
1589,-164.01536000000002,0.5439440752894915,0.00998645168764533,497,0.9717910289764404,-166.8028628
1590,-184.88182000000003,0.7758955871338831,0.00998645168764533,134,0.2670469284057617,-166.8028628
1591,-184.88182000000003,0.6363909350318918,0.00998645168764533,134,0.2662680149078369,-166.8028628
1592,-169.62856000000014,0.5063628819823432,0.00998645168764533,801,1.692939043045044,-166.4977976
1593,8.140800000000123,0.545742832467158,0.00998645168764533,1768,3.4446587562561035,-162.6312312
1594,-166.51472,0.5376020404149022,0.00998645168764533,361,0.6993210315704346,-162.76694080000001
1595,-166.76674000000003,0.41094279893360197,0.00998645168764533,374,0.7235069274902344,-162.7930676
1596,-185.18944000000002,0.4147939968533043,0.00998645168764533,145,0.28063511848449707,-163.13701
1597,-184.88182000000003,0.4465718614146002,0.00998645168764533,134,0.2603139877319336,-163.13701
1598,-180.45870000000002,0.3674035389243957,0.00998645168764533,174,0.3472268581390381,-163.0485476
1599,-184.88254000000003,0.4234170039226092,0.00998645168764533,134,0.25989770889282227,-167.2354128
1600,-184.89714,0.35157392388554637,0.00998645168764533,135,0.2632591724395752,-167.2108164
1601,25.790880000000172,0.5348320349194252,0.00998645168764533,1048,2.030600070953369,-162.99736240000001
1602,-163.1991599999999,0.4667500043013126,0.00998645168764533,661,1.2675271034240723,-162.5636948
1603,-181.31380000000001,0.4266479309568772,0.00998645168764533,164,0.3201780319213867,-162.5636948
1604,-184.89642,0.28138195001002814,0.00998645168764533,135,0.2616729736328125,-162.5639724
1605,-172.28582000000003,0.4561343600033799,0.00998645168764533,334,0.647813081741333,-162.312038
1606,-184.88254000000003,0.6102628535035053,0.00998645168764533,134,0.26825904846191406,-162.3117604
1607,-184.88182000000003,0.49301499660029563,0.00998645168764533,134,0.2610480785369873,-162.311746
1608,-166.97576000000004,0.507332868935758,0.00998645168764533,385,0.7452020645141602,-161.9533184
1609,-168.90660000000003,0.49055251123956145,0.00998645168764533,924,1.8025500774383545,-161.90803400000001
1610,-182.20448000000002,0.33269960827687206,0.00998645168764533,153,0.2971363067626953,-166.0161332
1611,-184.88254000000003,0.586849410205023,0.00998645168764533,134,0.2627391815185547,-166.13918680000003
1612,-184.88182000000003,0.40207445228110944,0.00998645168764533,134,0.2592489719390869,-166.13918680000003
1613,-172.33640000000003,0.5015870383788641,0.00998645168764533,337,0.6541807651519775,-166.394866
1614,-172.41046000000006,0.47047631555590136,0.00998645168764533,290,0.5601649284362793,-166.2454768
1615,-184.88254000000003,0.5645963710440851,0.00998645168764533,134,0.25952672958374023,-166.73111520000003
1616,-184.89642,0.5156125403940678,0.00998645168764533,135,0.2629587650299072,-166.73139280000004
1617,-164.21701999999988,0.5450298597143005,0.00998645168764533,659,1.2785117626190186,-166.3177904
1618,-184.89714,0.6983742687023349,0.00998645168764533,135,0.26428914070129395,-166.36847160000002
1619,-171.85558000000006,0.4774338375053303,0.00998645168764533,314,0.6051061153411865,-166.50677040000002
1620,-184.88182000000003,0.6117048499091015,0.00998645168764533,134,0.26048994064331055,-166.50675600000002
1621,-166.56512000000004,0.4580483426497624,0.00998645168764533,313,0.6069798469543457,-166.481584
1622,-152.33053999999996,0.5247443288731872,0.00998645168764533,791,1.5346028804779053,-165.830544
1623,-184.88182000000003,0.546339392933105,0.00998645168764533,134,0.2605891227722168,-165.8243916
1624,-164.96954,0.6030378410258785,0.00998645168764533,887,1.7238199710845947,-165.42614600000002
1625,-184.88182000000003,0.7542185379998453,0.00998645168764533,134,0.2584688663482666,-165.42228160000002
1626,-184.89714,0.6349380169270767,0.00998645168764533,135,0.261707067489624,-169.430498
1627,-184.89714,0.6569797155274837,0.00998645168764533,135,0.2596287727355957,-169.43080440000003
1628,-184.88182000000003,0.6616832660858645,0.00998645168764533,134,0.25894999504089355,-169.43080440000003
1629,-184.88182000000003,0.6366775403383063,0.00998645168764533,134,0.2588648796081543,-169.4305124
1630,-184.89714,0.6815286016574612,0.00998645168764533,135,0.26990795135498047,-169.77198080000002
1631,-184.89714,0.6574060079400186,0.00998645168764533,135,0.26222729682922363,-169.77228720000002
1632,-176.28476000000003,0.7323392053311369,0.00998645168764533,580,1.130295991897583,-169.60005400000003
1633,-184.88182000000003,0.8006326697155166,0.00998645168764533,134,0.26121973991394043,-169.8776484
1634,-185.55946,0.8730466580687615,0.00998645168764533,167,0.3246619701385498,-170.1567048
1635,-184.88182000000003,0.5434311920596259,0.00998645168764533,134,0.26180481910705566,-170.41337760000002
1636,-184.88182000000003,0.7555766666669455,0.00998645168764533,134,0.2614419460296631,-170.6229464
1637,-186.64178,0.9078463927123761,0.00998645168764533,114,0.22448515892028809,-170.6581456
1638,-184.88254000000003,0.9419320702775201,0.00998645168764533,134,0.26024699211120605,-171.07500320000003
1639,-184.89714,0.8438493294503402,0.00998645168764533,135,0.26818203926086426,-171.4926388
1640,-184.88182000000003,0.7316206304161851,0.00998645168764533,134,0.26456403732299805,-171.4926388
1641,-173.67640000000006,0.6872303669127205,0.00998645168764533,353,0.7040538787841797,-171.26853040000003
1642,-184.88182000000003,1.0588292722840473,0.00998645168764533,134,0.26006484031677246,-171.5735956
1643,-172.09556000000006,0.7547891134596788,0.00998645168764533,325,0.6344866752624512,-175.17832280000002
1644,-184.89714,0.6585959962258736,0.00998645168764533,135,0.26399707794189453,-175.54597120000003
1645,-184.88182000000003,0.7319525734507548,0.00998645168764533,134,0.26213502883911133,-175.90827280000002
1646,-173.33184000000003,0.8035502187366264,0.00998645168764533,633,1.2539939880371094,-175.67112080000004
1647,-171.46154000000004,0.8268281134792557,0.00998645168764533,295,0.5747640132904053,-175.40271520000002
1648,-184.88182000000003,0.7558386379977994,0.00998645168764533,134,0.2613339424133301,-175.49117760000001
1649,-185.18944000000002,1.0694797332687624,0.00998645168764533,145,0.28325915336608887,-175.4973156
1650,-184.88182000000003,1.0358285866747263,0.00998645168764533,134,0.262005090713501,-175.49700920000004
1651,-184.88254000000003,0.9673354283267104,0.00998645168764533,134,0.2605161666870117,-179.71047760000002
1652,-165.76578000000003,0.8842202253142992,0.00998645168764533,375,0.7297790050506592,-179.76181000000005
1653,-184.88182000000003,0.8269469175390455,0.00998645168764533,134,0.26113176345825195,-179.83317040000003
1654,-184.91096000000002,0.8379810934900033,0.00998645168764533,136,0.2656691074371338,-179.83346120000002
1655,-184.88254000000003,0.8511993123023812,0.00998645168764533,134,0.2598252296447754,-180.0853956
1656,-185.19016000000002,0.7235359612466961,0.00998645168764533,145,0.2821528911590576,-180.09154800000005
1657,10.891600000000018,0.7873647550965212,0.00998645168764533,2792,5.415973901748657,-176.1760796
1658,-184.88182000000003,0.4947833295411138,0.00998645168764533,134,0.2631559371948242,-176.53420080000004
1659,-177.22932000000006,0.753445578189163,0.00998645168764533,669,1.3034908771514893,-176.70065520000003
1660,-167.61704000000003,0.758117359354735,0.00998645168764533,313,0.6063477993011475,-176.4089064
1661,-183.41428,0.7741507901128654,0.00998645168764533,164,0.3212120532989502,-176.37954120000003
1662,-183.11798000000002,0.8586183716511341,0.00998645168764533,147,0.28835105895996094,-176.34426440000004
1663,-184.88254000000003,0.7048816363702515,0.00998645168764533,134,0.26074814796447754,-176.59518720000003
1664,-180.45870000000002,0.6937570993670787,0.00998645168764533,174,0.3395519256591797,-176.75615200000004
1665,-186.64178,0.4674046570598556,0.00998645168764533,114,0.22222590446472168,-176.79133680000004
1666,24.469280000000012,0.6669406224297539,0.00998645168764533,744,1.4389090538024902,-172.60402280000002
1667,-171.81020000000004,0.7497463551743959,0.00998645168764533,364,0.7048327922821045,-172.7558864
1668,-184.88254000000003,0.7522636703702051,0.00998645168764533,134,0.26122593879699707,-172.7555944
1669,-184.88182000000003,0.7288006840746349,0.00998645168764533,134,0.2613489627838135,-173.01611920000002
1670,-184.91096000000002,0.7410175873939058,0.00998645168764533,136,0.26501989364624023,-173.01670200000004
1671,-184.89642,0.4464994600905037,0.00998645168764533,135,0.26168394088745117,-173.38332800000003
1672,-185.18944000000002,0.8249096713639025,0.00998645168764533,145,0.28461432456970215,-174.04050600000002
1673,-188.0355,0.8417383377504257,0.00998645168764533,131,0.25879907608032227,-174.10357960000002
1674,-184.88182000000003,0.5640103539882867,0.00998645168764533,134,0.2613997459411621,-174.5018252
1675,-184.88182000000003,0.6116366275801643,0.00998645168764533,134,0.26126599311828613,-174.5018252
1676,-184.88182000000003,0.7986827180790368,0.00998645168764533,134,0.26047587394714355,-174.5015188
1677,-184.88182000000003,0.7044650701138733,0.00998645168764533,134,0.26042819023132324,-174.50121240000004
1678,-184.88182000000003,0.6117742710274213,0.00998645168764533,134,0.2596299648284912,-174.50121240000004
1679,-177.78064000000003,0.6609746880655616,0.00998645168764533,193,0.3778810501098633,-174.3591888
1680,-165.89367999999985,0.66687680922775,0.00998645168764533,936,1.8255419731140137,-173.97911960000002
1681,-184.88182000000003,0.6351924962989652,0.00998645168764533,134,0.2606508731842041,-173.97881320000005
1682,-184.88182000000003,0.7982589781367734,0.00998645168764533,134,0.26151323318481445,-174.1507544
1683,-184.89714,0.5131887436533967,0.00998645168764533,135,0.263120174407959,-174.1510608
1684,-184.13824000000002,0.5463158028714102,0.00998645168764533,145,0.2838160991668701,-174.1226364
1685,-185.18944000000002,0.5655963499291704,0.00998645168764533,145,0.29615116119384766,-174.12878880000005
1686,-184.88182000000003,0.8678426119888117,0.00998645168764533,134,0.2617952823638916,-174.12878880000005
1687,-184.89714,0.6530744152902453,0.00998645168764533,135,0.26187586784362793,-174.09389600000003
1688,-184.88182000000003,0.5426445814933795,0.00998645168764533,134,0.26092529296875,-174.09388160000003
1689,-156.05867999999995,0.6337025030588284,0.00998645168764533,516,1.001802921295166,-173.5171124
1690,-185.19016000000002,0.48077692961127594,0.00998645168764533,145,0.28212499618530273,-173.52327920000005
1691,-184.88182000000003,0.8937600766683915,0.00998645168764533,134,0.26154589653015137,-173.74738760000002
1692,-184.88182000000003,0.5415185809191039,0.00998645168764533,134,0.25965213775634766,-173.74738760000002
1693,-184.88182000000003,0.8677284520314034,0.00998645168764533,134,0.2621293067932129,-174.00311280000003
1694,-184.89642,0.7218132164536251,0.00998645168764533,135,0.263200044631958,-174.00309840000003
1695,-185.18944000000002,0.7845191808610127,0.00998645168764533,145,0.28148603439331055,-174.00925080000002
1696,-184.89642,0.6800241633490832,0.00998645168764533,135,0.262408971786499,-174.2405424
1697,-184.88182000000003,0.8257865349887245,0.00998645168764533,134,0.2613348960876465,-174.50894800000003
1698,-171.44880000000003,0.792916425096168,0.00998645168764533,345,0.6676478385925293,-174.24028760000002
1699,-185.18944000000002,0.8937652844871427,0.00998645168764533,145,0.28334879875183105,-174.24028760000002
1700,-185.19016000000002,0.5927931814743527,0.00998645168764533,145,0.2814309597015381,-174.2464544
1701,-184.88254000000003,0.9649653781983835,0.00998645168764533,134,0.2618377208709717,-174.2464544
1702,-184.88254000000003,0.6638705291187585,0.00998645168764533,134,0.26114320755004883,-174.6287896
1703,-177.62998000000005,0.9245453628212548,0.00998645168764533,491,0.9691891670227051,-174.4837528
1704,-185.18752000000003,1.1541960803021132,0.00998645168764533,145,0.2902641296386719,-174.489284
1705,-160.49159999999995,1.0380645096900614,0.00998645168764533,529,1.0730862617492676,-174.0014652
1706,-165.40164000000001,0.9108658826940171,0.00998645168764533,709,1.3900072574615479,-173.6056948
1707,-170.39496000000003,0.9573559955383341,0.00998645168764533,345,0.6863863468170166,-177.23142600000003
1708,-184.88182000000003,1.1288722066292123,0.00998645168764533,134,0.2646901607513428,-177.23142600000003
1709,-169.64633999999995,0.9138609895946694,0.00998645168764533,859,1.767777919769287,-177.0797664
1710,-185.18944000000002,0.6130545004495773,0.00998645168764533,145,0.33664584159851074,-177.43121440000002
1711,-184.89642,1.1448568691120105,0.00998645168764533,135,0.2804548740386963,-177.46085720000002
1712,-184.88254000000003,0.9412704151707576,0.00998645168764533,134,0.28737425804138184,-177.4961484
1713,-184.88254000000003,0.7080739484960908,0.00998645168764533,134,0.26210498809814453,-177.4961484
1714,15.40888000000001,0.832095577873335,0.00998645168764533,1640,3.2669100761413574,-173.57879680000002
1715,-172.98652000000004,0.6801584150512888,0.00998645168764533,317,0.6193351745605469,-173.30569160000002
1716,-163.67791999999986,0.7290055403983305,0.00998645168764533,880,1.7076811790466309,-177.06863560000002
1717,-185.18752000000003,0.5463607520700015,0.00998645168764533,145,0.28171682357788086,-177.336182
1718,-165.41606000000002,0.7701944210176361,0.00998645168764533,358,0.6934731006622314,-176.9468524
1719,-184.88182000000003,0.5190081923727446,0.00998645168764533,134,0.2622063159942627,-176.9468524
1720,-185.19016000000002,0.6342093830350144,0.00998645168764533,145,0.283128023147583,-176.9524364
1721,-168.08514000000005,0.6612888908163569,0.00998645168764533,435,0.8581581115722656,-176.6162108
1722,-184.88182000000003,0.5419632749312293,0.00998645168764533,134,0.26076698303222656,-176.6100584
1723,-184.88182000000003,0.7750604871743872,0.00998645168764533,134,0.26557016372680664,-176.54698480000002
1724,-185.18944000000002,0.4584072338738318,0.00998645168764533,145,0.2850508689880371,-176.5531372
1725,-185.19016000000002,0.6767660974043197,0.00998645168764533,145,0.3312661647796631,-176.559304
1726,-184.88182000000003,0.7522278376993959,0.00998645168764533,134,0.276151180267334,-176.559304
1727,-184.88182000000003,0.7270104597989859,0.00998645168764533,134,0.2656121253967285,-176.559304
1728,-184.88182000000003,0.7730546785282222,0.00998645168764533,134,0.2714858055114746,-176.559304
1729,-182.39218,0.6586706943146792,0.00998645168764533,719,1.4652159214019775,-176.6515348
1730,-184.89642,0.6759010217876897,0.00998645168764533,135,0.2698659896850586,-177.03158960000002
1731,-184.88182000000003,0.5875178113816055,0.00998645168764533,134,0.2667958736419678,-177.03158960000002
1732,-184.88254000000003,0.6806719017201173,0.00998645168764533,134,0.2642068862915039,-177.03160400000002
1733,-184.88254000000003,0.6324735671671023,0.00998645168764533,134,0.26212191581726074,-177.03131200000004
1734,-186.98814000000002,0.6481896807432516,0.00998645168764533,131,0.2556798458099365,-177.08831
1735,-184.88254000000003,0.4460438104944109,0.00998645168764533,134,0.26129770278930664,-177.082172
1736,-184.88182000000003,0.610353949903719,0.00998645168764533,134,0.2619049549102783,-177.082172
1737,-185.18944000000002,0.5456191545095423,0.00998645168764533,145,0.282865047454834,-177.088018
1738,-158.9796,0.6755461580124241,0.00998645168764533,1105,2.1587162017822266,-176.56997360000003
1739,-184.88182000000003,0.8669223819039206,0.00998645168764533,134,0.26224684715270996,-177.14643640000003
1740,-184.89642,0.6977193266084348,0.00998645168764533,135,0.2622091770172119,-177.1405616
1741,-184.88182000000003,0.866539880417899,0.00998645168764533,134,0.26198577880859375,-177.1405616
1742,-183.415,0.6939739131982007,0.00998645168764533,164,0.3199920654296875,-177.1112252
1743,-174.02252000000004,0.7491638655892184,0.00998645168764533,316,0.6141271591186523,-176.8940392
1744,-185.19016000000002,0.8039645681350396,0.00998645168764533,145,0.28275203704833984,-176.89991400000002
1745,-184.89642,0.7924291683912829,0.00998645168764533,135,0.2637808322906494,-176.8940536
1746,22.95080000000008,0.615176252570149,0.00998645168764533,1176,2.3054351806640625,-172.73710920000002
1747,-184.88182000000003,0.7044237122016112,0.00998645168764533,134,0.25928401947021484,-172.73710920000002
1748,-184.89714,0.5836861089009929,0.00998645168764533,135,0.2618370056152344,-173.00607600000004
1749,-184.89642,0.7442589769898741,0.00998645168764533,135,0.2639639377593994,-173.00021560000002
1750,-186.64178,0.9352812984092325,0.00998645168764533,114,0.22275805473327637,-173.029248
1751,-185.18944000000002,0.6758927910877713,0.00998645168764533,145,0.282778263092041,-173.035386
1752,-184.88182000000003,0.5883686462584049,0.00998645168764533,134,0.26180028915405273,-173.0353716
1753,-185.18944000000002,0.7845885458819825,0.00998645168764533,145,0.28227829933166504,-173.1865608
1754,-184.88182000000003,0.8229246431502945,0.00998645168764533,134,0.25969576835632324,-173.18044680000003
1755,-184.88182000000003,0.6817856710821167,0.00998645168764533,134,0.25991177558898926,-173.66825120000001
1756,-184.89714,0.7709293420805975,0.00998645168764533,135,0.2634251117706299,-174.05816120000003
1757,-184.88182000000003,0.798646291968093,0.00998645168764533,134,0.2635040283203125,-174.34789840000002
1758,-184.88254000000003,0.8005383425225406,0.00998645168764533,134,0.26198387145996094,-174.34791280000002
1759,24.902239999999917,0.8853184005149792,0.00998645168764533,1128,2.1991279125213623,-170.4569412
1760,-184.89642,0.7715935191001605,0.00998645168764533,135,0.3147110939025879,-170.45108080000003
1761,-176.31498000000002,0.8083121335927259,0.00998645168764533,378,0.750964879989624,-170.27945200000002
1762,-184.88254000000003,0.8221928101422181,0.00998645168764533,134,0.2617990970611572,-170.27945200000002
1763,-184.88182000000003,0.6367481821772656,0.00998645168764533,134,0.2616739273071289,-170.27943760000002
1764,-172.54704000000004,0.7977763639091944,0.00998645168764533,297,0.586932897567749,-174.03855600000003
1765,-171.07936,0.7173292934659157,0.00998645168764533,633,1.2290871143341064,-174.00041280000002
1766,-184.88254000000003,0.894164472380514,0.00998645168764533,134,0.25991225242614746,-174.42450520000003
1767,-184.88182000000003,0.6120331478374663,0.00998645168764533,134,0.3401918411254883,-174.4183912
1768,29.181759999999834,0.8306413000569345,0.00998645168764533,824,1.6847219467163086,-170.52643480000003
1769,-184.88254000000003,0.7049540569102253,0.00998645168764533,134,0.2908759117126465,-170.52644920000003
1770,-171.11142,0.6741744472223492,0.00998645168764533,530,1.2242391109466553,-170.24487440000001
1771,-162.04683999999992,0.6717132672391162,0.00998645168764533,701,1.458914041519165,-170.12410840000004
1772,-160.16669999999993,0.6716656540157284,0.00998645168764533,859,1.748764991760254,-169.62980600000003
1773,-184.88182000000003,0.8672633449262036,0.00998645168764533,134,0.28264594078063965,-169.62980600000003
1774,-184.88254000000003,0.7764030214218395,0.00998645168764533,134,0.2841989994049072,-169.62366800000004
1775,-171.47774000000007,0.5750195058493343,0.00998645168764533,346,0.7044901847839355,-169.34941960000003
1776,-163.46287999999998,0.6003401460018375,0.00998645168764533,865,1.6887989044189453,-168.92104080000001
1777,-185.18752000000003,0.7207218329839665,0.00998645168764533,145,0.282289981842041,-168.92715480000004
1778,-184.88182000000003,0.4486501441448371,0.00998645168764533,134,0.2697570323944092,-168.92715480000004
1779,-184.88182000000003,0.47288296872805524,0.00998645168764533,134,0.2593560218811035,-168.97694760000002
1780,-184.88254000000003,0.6139702901466569,0.00998645168764533,134,0.2606499195098877,-168.97667
1781,-166.23356,0.693652262996594,0.00998645168764533,349,0.6947898864746094,-168.6037048
1782,-172.28938000000005,0.7301560918619828,0.00998645168764533,335,0.6495568752288818,-168.3518416
1783,-184.88182000000003,0.7293234684004156,0.00998645168764533,134,0.2608630657196045,-168.3518272
1784,-184.88182000000003,0.5673326634899226,0.00998645168764533,134,0.26593804359436035,-168.30970080000003
1785,-172.72072000000003,0.5830052674931214,0.00998645168764533,305,0.7008142471313477,-168.06646440000003
1786,-184.88182000000003,0.5917964278053103,0.00998645168764533,134,0.2660222053527832,-168.06646440000003
1787,-169.65808,0.5424519991356647,0.00998645168764533,768,1.5242350101470947,-167.75583720000003
1788,-186.64178,0.4672340185936998,0.00998645168764533,114,0.22397518157958984,-168.3090808
1789,-184.88182000000003,0.5889731483506178,0.00998645168764533,134,0.2651991844177246,-168.3090808
1790,-185.18944000000002,0.48196362348209165,0.00998645168764533,145,0.284757137298584,-168.31494120000002
1791,-184.91096000000002,0.5116630567799267,0.00998645168764533,136,0.26409077644348145,-168.315524
1792,-172.54080000000005,0.5360103674759769,0.00998645168764533,297,0.5784928798675537,-168.09804000000003
1793,-171.87328000000002,0.6001662856318338,0.00998645168764533,768,1.4952309131622314,-168.05505520000003
1794,-161.19247999999993,0.5666058422721107,0.00998645168764533,512,0.9910120964050293,-167.5751016
1795,-184.88182000000003,0.7064296695362053,0.00998645168764533,134,0.2598838806152344,-167.5748096
1796,-184.88254000000003,0.5411499437820444,0.00998645168764533,134,0.25972819328308105,-171.73147640000002
1797,-167.62204000000003,0.6381291986379313,0.00998645168764533,365,0.7064290046691895,-171.3862808
1798,-184.88182000000003,0.5879207002694038,0.00998645168764533,134,0.26070499420166016,-171.3859744
1799,-172.90366000000006,0.6368948339193965,0.00998645168764533,314,0.607327938079834,-171.14611920000004
1800,-184.88182000000003,0.659744301164495,0.00998645168764533,134,0.26072025299072266,-171.11092000000005
1801,-184.88182000000003,0.5197111212773554,0.00998645168764533,134,0.2598898410797119,-171.1047676
1802,-187.83548000000002,0.837219312899716,0.00998645168764533,124,0.24125385284423828,-171.16384080000003
1803,-173.00264,0.6429605511698206,0.00998645168764533,521,1.0101280212402344,-170.92010480000002
1804,-184.88182000000003,0.9402972602619053,0.00998645168764533,134,0.2594020366668701,-170.92010480000002
1805,-161.90929999999992,0.6668266784026597,0.00998645168764533,599,1.1561951637268066,-170.4606544
1806,-184.89642,0.7032226286759531,0.00998645168764533,135,0.2608768939971924,-170.46064
1807,-184.88254000000003,0.9159811364083704,0.00998645168764533,134,0.2596578598022461,-170.4606544
1808,-184.88254000000003,0.8006874882379797,0.00998645168764533,134,0.26006507873535156,-170.4606544
1809,-184.88182000000003,0.7793832712792861,0.00998645168764533,134,0.26229119300842285,-174.65633560000003
1810,-184.89642,1.0498514529179643,0.00998645168764533,135,0.27109718322753906,-174.65633560000003
1811,-184.88182000000003,0.8242039007565646,0.00998645168764533,134,0.2594339847564697,-174.8276724
1812,-168.89268,0.850615449175551,0.00998645168764533,477,0.9308888912200928,-174.50787520000003
1813,-179.60264000000004,0.6773375356114348,0.00998645168764533,184,0.36841917037963867,-174.4022916
1814,-159.99119999999988,0.8271498338015502,0.00998645168764533,849,1.6669890880584717,-174.1511748
1815,-184.88182000000003,0.7317464074203327,0.00998645168764533,134,0.26575708389282227,-174.42722400000002
1816,-184.88182000000003,0.8025523271731365,0.00998645168764533,134,0.2797389030456543,-174.42720960000003
1817,-172.77554000000003,0.7345686620162005,0.00998645168764533,307,0.6358540058135986,-174.18508400000002
1818,-167.92052000000004,0.8523033459981283,0.00998645168764533,324,0.6475090980529785,-178.12712960000002
1819,-184.88254000000003,0.8946086889299661,0.00998645168764533,134,0.30421972274780273,-178.12712960000002
1820,-168.72124000000005,0.8465593112785726,0.00998645168764533,365,0.7147629261016846,-178.079326
1821,-182.20448000000002,0.8285861736151323,0.00998645168764533,153,0.30129098892211914,-178.48247880000002
1822,-184.88254000000003,0.8260116972752026,0.00998645168764533,134,0.2604329586029053,-178.9767956
1823,-184.89714,0.471444758993608,0.00998645168764533,135,0.26105380058288574,-178.977102
1824,-164.55138000000002,0.8488189066890954,0.00998645168764533,570,1.1121809482574463,-178.57047880000002
1825,-166.90582000000003,0.8492279317736223,0.00998645168764533,482,0.9434947967529297,-178.4790404
1826,-171.04052000000004,0.7340462309408646,0.00998645168764533,325,0.630720853805542,-178.63059320000005
1827,-167.28476000000003,0.542818493193768,0.00998645168764533,349,0.6939499378204346,-178.27253800000003
1828,-184.89642,0.610598726004914,0.00998645168764533,135,0.26215028762817383,-178.27283000000003
1829,-184.88182000000003,0.7077000371333378,0.00998645168764533,134,0.25963377952575684,-178.27283000000003
1830,-184.88254000000003,0.6844420379389133,0.00998645168764533,134,0.26008105278015137,-178.27283000000003
1831,-178.67436000000004,0.8106938278075879,0.00998645168764533,189,0.3727269172668457,-178.52164600000003
1832,-184.88182000000003,0.8736805791494006,0.00998645168764533,134,0.2613039016723633,-178.7734948
1833,-184.88182000000003,0.9431935271123119,0.00998645168764533,134,0.2625889778137207,-178.7734948
1834,-185.19016000000002,0.9165724897307569,0.00998645168764533,145,0.2815229892730713,-178.77966160000003
1835,-184.88182000000003,0.7115396574598306,0.00998645168764533,134,0.2588357925415039,-179.02288360000003
1836,-182.20448000000002,1.116572992145723,0.00998645168764533,153,0.2961258888244629,-178.9693368
1837,-181.70192000000003,1.0196662780970498,0.00998645168764533,184,0.3564116954803467,-179.21021360000003
1838,-184.88182000000003,1.037051020940738,0.00998645168764533,134,0.2599058151245117,-179.17501440000004
1839,17.3316000000001,0.8952532385530887,0.00998645168764533,1288,2.4923110008239746,-175.13074600000004
1840,-184.89642,0.8202254310802177,0.00998645168764533,135,0.26211094856262207,-175.12488560000003
1841,-164.85198000000003,0.8221527308275765,0.00998645168764533,483,0.9348611831665039,-174.72370600000002
1842,-181.31380000000001,0.9281340749627661,0.00998645168764533,164,0.3211669921875,-174.899166
1843,-161.03503999999998,0.7185706852605185,0.00998645168764533,601,1.1676208972930908,-174.68240120000002
1844,-184.88254000000003,0.8272065356471089,0.00998645168764533,134,0.2607858180999756,-175.1562024
1845,-167.82303999999985,0.6724824895446256,0.00998645168764533,1025,1.988090991973877,-174.81502680000003
1846,-174.71208000000007,0.7755893414622793,0.00998645168764533,600,1.1575686931610107,-174.61161760000002
1847,-184.88182000000003,0.7523160945804818,0.00998645168764533,134,0.25942397117614746,-174.95681320000003
1848,-184.88254000000003,0.8718872643701399,0.00998645168764533,134,0.26006388664245605,-174.95682760000003
1849,-172.90134000000006,0.5659557769163733,0.00998645168764533,315,0.6107149124145508,-174.9567812
1850,-184.88182000000003,0.7533596803350792,0.00998645168764533,134,0.271496057510376,-174.9567812
1851,-184.88254000000003,0.7317657841216606,0.00998645168764533,134,0.2602849006652832,-174.9567956
1852,-184.89642,0.5160649903670506,0.00998645168764533,135,0.27037692070007324,-174.89801440000002
1853,-184.88254000000003,0.9420749540440738,0.00998645168764533,134,0.2675049304962158,-175.1356124
1854,-184.89642,0.6559760939950744,0.00998645168764533,135,0.3005180358886719,-175.1359044
1855,-184.89714,0.49278297569878676,0.00998645168764533,135,0.28012585639953613,-175.59566120000002
1856,-184.88254000000003,0.6360746437558599,0.00998645168764533,134,0.27040910720825195,-175.59538360000002
1857,-162.50993999999997,0.7530816752463579,0.00998645168764533,775,1.7597579956054688,-175.14793160000002
1858,-184.02576000000002,0.7889791017385304,0.00998645168764533,144,0.2814807891845703,-175.130796
1859,-173.95010000000002,0.7604707269671273,0.00998645168764533,415,0.8086409568786621,-174.9121616
1860,-184.89714,0.5626262037428441,0.00998645168764533,135,0.26282191276550293,-174.912176
1861,-184.88182000000003,0.8920916346207595,0.00998645168764533,134,0.26009702682495117,-174.912176
1862,-184.89714,0.8656556525923036,0.00998645168764533,135,0.26302170753479004,-175.2322652
1863,-184.89642,0.5854997727812992,0.00998645168764533,135,0.26279282569885254,-175.3381408
1864,-165.36048000000005,0.7704224688901764,0.00998645168764533,305,0.5941519737243652,-175.4455264
1865,-182.20376000000002,0.7064485799192506,0.00998645168764533,153,0.30423617362976074,-175.39196520000002
1866,-184.88182000000003,0.7075572849960247,0.00998645168764533,134,0.2611677646636963,-175.39196520000002
1867,-184.88182000000003,1.0111616793637679,0.00998645168764533,134,0.2607848644256592,-175.63409080000002
1868,17.96816000000012,0.6241582095442803,0.00998645168764533,1416,2.769150972366333,-171.9163172
1869,27.635040000000178,0.56984709177021,0.00998645168764533,808,1.576686143875122,-167.66596560000002
1870,-184.88182000000003,0.7065283597877888,0.00998645168764533,134,0.2631189823150635,-167.9891772
1871,-170.21878000000004,0.5895294647830636,0.00998645168764533,335,0.6541147232055664,-167.74946320000004
1872,-184.88182000000003,0.683979048449268,0.00998645168764533,134,0.26261091232299805,-167.74944880000004
1873,-184.88182000000003,0.6596738183731908,0.00998645168764533,134,0.2639639377593994,-167.7491424
1874,-184.89642,0.6780499282775929,0.00998645168764533,135,0.2665736675262451,-168.15604320000003
1875,28.984160000000195,0.6124884151062897,0.00998645168764533,1656,3.260449171066284,-164.23824360000003
1876,-184.88182000000003,0.49660648548725383,0.00998645168764533,134,0.26098203659057617,-164.51506960000003
1877,7.563840000000161,0.5072511628901079,0.00998645168764533,1792,3.4857399463653564,-161.0180976
1878,-184.88182000000003,0.5406348091800377,0.00998645168764533,134,0.26040005683898926,-161.0178056
1879,-184.88182000000003,0.5418929315742049,0.00998645168764533,134,0.2612123489379883,-161.0178056
1880,-182.20376000000002,0.5384635965102443,0.00998645168764533,153,0.3090848922729492,-160.96423000000001
1881,26.774719999999974,0.4782700909865805,0.00998645168764533,936,1.8240728378295898,-156.8552484
1882,-184.88254000000003,0.3056492088049817,0.00998645168764533,134,0.26124000549316406,-156.8552628
1883,-173.15794000000005,0.3450333717990328,0.00998645168764533,275,0.5358619689941406,-156.6207852
1884,-184.89714,0.5157134461354602,0.00998645168764533,135,0.2634470462799072,-156.6149248
1885,-184.88182000000003,0.5190206505288717,0.00998645168764533,134,0.26189398765563965,-156.6149248
1886,-166.33400000000006,0.3672244478703329,0.00998645168764533,304,0.5927610397338867,-156.2975152
1887,-173.05800000000005,0.41697635666562993,0.00998645168764533,321,0.6326589584350586,-156.12463680000002
1888,-178.88867999999997,0.3908788345606334,0.00998645168764533,901,1.770432949066162,-156.004774
1889,-184.89714,0.5121277276254087,0.00998645168764533,135,0.2655758857727051,-160.04934880000002
1890,-184.91096000000002,0.23301733957658358,0.00998645168764533,136,0.26620912551879883,-160.0496396
1891,-184.88182000000003,0.3296096150471426,0.00998645168764533,134,0.26651906967163086,-160.45023640000002
1892,-184.88254000000003,0.48982351738264535,0.00998645168764533,134,0.2678492069244385,-160.5216112
1893,-184.13824000000002,0.6296206361935314,0.00998645168764533,145,0.29320287704467773,-160.98367520000002
1894,-184.88254000000003,0.28113642955240586,0.00998645168764533,134,0.28546977043151855,-160.98367520000002
1895,-184.88766,0.5271171784270128,0.00998645168764533,131,0.2995147705078125,-161.3249676
1896,-173.17890000000006,0.48590920896010203,0.00998645168764533,327,0.6964988708496094,-161.294304
1897,23.98047999999987,0.46045425296318526,0.00998645168764533,968,2.194549798965454,-157.11705800000001
1898,-165.45776,0.476720149888092,0.00998645168764533,361,0.7612106800079346,-156.72856240000002
1899,-180.45870000000002,0.3515208327002695,0.00998645168764533,174,0.3615691661834717,-156.8797096
1900,-184.88254000000003,0.44546340508108484,0.00998645168764533,134,0.2653789520263672,-156.879724
1901,-171.57026000000005,0.44993430933813894,0.00998645168764533,451,0.982367992401123,-156.6134784
1902,12.438640000000031,0.5364742815400735,0.00998645168764533,1112,2.299471855163574,-152.6667772
1903,-184.88182000000003,0.2829040755767987,0.00998645168764533,134,0.2698791027069092,-152.66676280000001
1904,-186.78548,0.5060559589258065,0.00998645168764533,124,0.25060296058654785,-152.704544
1905,-170.28420000000003,0.5254181426354787,0.00998645168764533,540,1.1448581218719482,-152.4122852
1906,-184.88182000000003,0.7504235153336689,0.00998645168764533,134,0.26812100410461426,-152.41227080000002
1907,15.866000000000007,0.5373683895282925,0.00998645168764533,1560,3.1339449882507324,-148.844752
1908,-180.45798000000002,0.5660683449850171,0.00998645168764533,174,0.34738826751708984,-148.77339640000002
1909,-185.73692,0.6056169516016399,0.00998645168764533,124,0.25418901443481445,-149.0091328
1910,27.046640000000213,0.5069454522527594,0.00998645168764533,888,1.799941062927246,-144.7702572
1911,-184.88182000000003,0.5405229965794776,0.00998645168764533,134,0.2664518356323242,-144.7702572
1912,-184.88182000000003,0.4722409711372274,0.00998645168764533,134,0.26528096199035645,-144.7699508
1913,-184.88182000000003,0.5666434384131832,0.00998645168764533,134,0.28917717933654785,-144.7696588
1914,-167.5585800000001,0.5037740153489294,0.00998645168764533,859,1.792079210281372,-144.8136208
1915,-173.95902000000007,0.5630565037714347,0.00998645168764533,315,0.6739609241485596,-144.648726
1916,-184.89714,0.44213187792855835,0.00998645168764533,135,0.27788519859313965,-144.6490324
1917,-166.80438000000004,0.3942117998426159,0.00998645168764533,375,0.7381091117858887,-144.2874836
1918,-185.19016000000002,0.4789956709145215,0.00998645168764533,145,0.2990880012512207,-148.35065
1919,-184.88254000000003,0.447276951272541,0.00998645168764533,134,0.2832672595977783,-152.60100160000002
1920,-185.19016000000002,0.35032152931109584,0.00998645168764533,145,0.3020319938659668,-152.6071684
1921,18.99048000000005,0.4468490740625465,0.00998645168764533,1264,2.5237019062042236,-148.8229832
1922,-172.90206000000006,0.4627025570927395,0.00998645168764533,315,0.6208539009094238,-148.583388
1923,-184.88182000000003,0.5858024706084058,0.00998645168764533,134,0.26307034492492676,-148.583388
1924,-165.47240000000002,0.3651299852609552,0.00998645168764533,361,0.7452609539031982,-148.19490760000002
1925,-159.66551999999993,0.4412821362959221,0.00998645168764533,640,1.3136320114135742,-151.96790120000003
1926,-184.88182000000003,0.4448504211249025,0.00998645168764533,134,0.2668752670288086,-151.96790120000003
1927,-184.88254000000003,0.4934304696507752,0.00998645168764533,134,0.2645289897918701,-155.81682880000002
1928,-184.88182000000003,0.4925686872856163,0.00998645168764533,134,0.26524996757507324,-155.81682880000002
1929,-186.64178,0.43666117475776556,0.00998645168764533,114,0.22623586654663086,-155.85202800000002
1930,-167.18378000000004,0.4915349249706587,0.00998645168764533,391,0.7790122032165527,-155.55162840000003
1931,-175.80884000000003,0.45030709632521443,0.00998645168764533,253,0.5017349720001221,-159.6032996
1932,-163.21491999999992,0.5491239042494888,0.00998645168764533,708,1.4186358451843262,-159.16994720000002
1933,-184.88182000000003,0.563301875096148,0.00998645168764533,134,0.27451586723327637,-159.40442480000002
1934,-184.89642,0.42171924467440003,0.00998645168764533,135,0.2798957824707031,-159.40441040000002
1935,-184.88182000000003,0.5860178097318024,0.00998645168764533,134,0.2657783031463623,-159.40441040000002
1936,-169.77475999999996,0.4795094737711981,0.00998645168764533,917,2.0582799911499023,-159.47322560000003
1937,-184.88182000000003,0.6588723232775037,0.00998645168764533,134,0.30727076530456543,-159.70970200000002
1938,-172.81688000000003,0.5931553375208105,0.00998645168764533,361,0.7858490943908691,-159.58826600000003
1939,25.007679999999862,0.5190775491838829,0.00998645168764533,920,1.8814740180969238,-155.39016960000004
1940,-172.86968000000005,0.5892464615249882,0.00998645168764533,313,0.626662015914917,-155.149344
1941,-184.88254000000003,0.7073216533927775,0.00998645168764533,134,0.2662079334259033,-155.1493584
1942,12.20343999999999,0.5100551262300502,0.00998645168764533,736,1.488976240158081,-151.2076388
1943,-184.88182000000003,0.44760036282588855,0.00998645168764533,134,0.28304100036621094,-151.22251040000003
1944,-185.18944000000002,0.5274454275916877,0.00998645168764533,145,0.30113720893859863,-151.22864840000003
1945,-172.54080000000005,0.4174124925485138,0.00998645168764533,297,0.5894420146942139,-150.98171120000003
1946,-184.88254000000003,0.6141467851225231,0.00998645168764533,134,0.275036096572876,-151.215784
1947,-184.88182000000003,0.4937252650009607,0.00998645168764533,134,0.2695469856262207,-155.39303
1948,-184.88182000000003,0.4941817872059434,0.00998645168764533,134,0.2672290802001953,-155.7815112
1949,-170.19202000000004,0.5854795719800863,0.00998645168764533,383,0.7556681632995605,-155.57617760000002
1950,-184.89642,0.7253227178110845,0.00998645168764533,135,0.2673301696777344,-155.57645520000003
1951,11.358319999999988,0.5208768677266469,0.00998645168764533,776,1.5440988540649414,-151.9178836
1952,25.15839999999994,0.5652735894011978,0.00998645168764533,1064,2.0827910900115967,-151.66348840000003
1953,-184.88182000000003,0.4954241509688323,0.00998645168764533,134,0.2658958435058594,-151.66348840000003
1954,-184.88254000000003,0.49811836931882286,0.00998645168764533,134,0.26578783988952637,-151.62542960000002
1955,-184.88182000000003,0.5912069443946899,0.00998645168764533,134,0.26619601249694824,-151.917382
1956,-184.88182000000003,0.6594811433564816,0.00998645168764533,134,0.31757211685180664,-151.917382
1957,-182.21866000000003,0.4153128195941061,0.00998645168764533,154,0.3164670467376709,-155.87907520000002
1958,-170.83794000000006,0.604547764770391,0.00998645168764533,315,0.6230661869049072,-155.68667440000002
1959,26.05520000000022,0.5046744592716448,0.00998645168764533,888,1.8461952209472656,-151.45083200000002
1960,-159.40841999999998,0.530368185632401,0.00998645168764533,523,1.0315618515014648,-155.17993320000002
1961,-184.88182000000003,0.7039853940481571,0.00998645168764533,134,0.2711150646209717,-155.17993320000002
1962,-184.89714,0.46955522626845375,0.00998645168764533,135,0.287614107131958,-155.18023960000002
1963,-176.79204000000001,0.40630221891837814,0.00998645168764533,300,0.5936267375946045,-155.01844400000002
1964,-184.89642,0.6067273645385823,0.00998645168764533,135,0.26753687858581543,-155.36520080000003
1965,-184.88254000000003,0.4486202789859763,0.00998645168764533,134,0.26332616806030273,-155.58367120000003
1966,-176.79038000000003,0.5010683374809609,0.00998645168764533,550,1.104496955871582,-155.421536
1967,-184.88182000000003,0.40105579197823776,0.00998645168764533,134,0.2646057605743408,-155.7830848
1968,-186.64178,0.3577762967008248,0.00998645168764533,114,0.22501683235168457,-155.81211720000002
1969,-184.88254000000003,0.6615062056581921,0.00998645168764533,134,0.2713768482208252,-155.81211720000002
1970,-166.43903999999998,0.508400328731094,0.00998645168764533,609,1.194504976272583,-155.4370948
1971,-184.88182000000003,0.6123893184503958,0.00998645168764533,134,0.2641282081604004,-159.51454080000002
1972,-161.83043999999995,0.5815431043641683,0.00998645168764533,493,0.9715137481689453,-159.29310840000002
1973,-184.88254000000003,0.5898355503510961,0.00998645168764533,134,0.2628500461578369,-159.29312280000002
1974,-180.44970000000004,0.6749928030130617,0.00998645168764533,170,0.33482909202575684,-159.5926688
1975,-172.55876000000004,0.8281936638916504,0.00998645168764533,349,0.685161828994751,-159.8505336
1976,7.8589600000001285,0.5918125015807398,0.00998645168764533,1736,3.411807060241699,-155.995718
1977,-184.89642,0.5863763818586314,0.00998645168764533,135,0.2669658660888672,-155.99599560000001
1978,-184.88254000000003,0.7728085765031292,0.00998645168764533,134,0.2660989761352539,-155.99601
1979,-185.19016000000002,0.5037104269746563,0.00998645168764533,145,0.28664183616638184,-155.9669776
1980,-184.89642,0.2832421794188795,0.00998645168764533,135,0.2677786350250244,-156.32123040000002
1981,-181.31380000000001,0.7146060020299401,0.00998645168764533,164,0.3251798152923584,-156.4313296
1982,-184.88182000000003,0.5874123799183698,0.00998645168764533,134,0.2674109935760498,-156.86466760000002
1983,-161.17265999999995,0.6012355759657018,0.00998645168764533,562,1.1096980571746826,-156.39048440000002
1984,-185.22794,0.6514068076769445,0.00998645168764533,151,0.31058692932128906,-156.39711480000003
1985,-184.89642,0.5379525629251644,0.00998645168764533,135,0.3101649284362793,-156.3974068
1986,-167.34962,0.6825365749587566,0.00998645168764533,403,0.823645830154419,-156.34890400000003
1987,-184.88254000000003,0.6141089844976121,0.00998645168764533,134,0.26561903953552246,-156.34891840000003
1988,-185.19016000000002,0.5481582382822345,0.00998645168764533,145,0.31215906143188477,-156.59638400000003
1989,-167.61280000000005,0.723585488266954,0.00998645168764533,361,0.7462482452392578,-160.44879360000002
1990,-176.03008000000003,0.6540378835877801,0.00998645168764533,361,0.723214864730835,-160.51200160000002
1991,-165.94798000000003,0.6686443462328493,0.00998645168764533,386,1.1808409690856934,-160.1333104
1992,-181.31380000000001,0.5807953136689143,0.00998645168764533,164,0.38073086738586426,-164.00365520000003
1993,-184.88182000000003,0.7081126694831608,0.00998645168764533,134,0.3563859462738037,-164.00365520000003
1994,-184.88254000000003,0.6835025172965573,0.00998645168764533,134,0.3304009437561035,-163.9975172
1995,-174.29406000000006,0.7040284792299975,0.00998645168764533,330,0.7794160842895508,-164.03258240000002
1996,-194.12402,0.7569589328914547,0.00998645168764533,223,0.4757859706878662,-164.217412
1997,-184.88182000000003,0.9402330643149899,0.00998645168764533,134,0.2870628833770752,-164.217412
1998,-172.55228000000005,0.8084155060724492,0.00998645168764533,349,0.7316830158233643,-163.97082120000002
1999,-185.18752000000003,0.6344652994246832,0.00998645168764533,145,0.3103623390197754,-164.2707312
2000,-185.19016000000002,0.9136268493815742,0.00998645168764533,145,0.2895219326019287,-164.27660600000002
2001,36.44040000000028,0.6670905013110514,0.00998645168764533,1744,3.5755927562713623,-163.77496440000002
2002,-162.21617999999995,0.663692179091235,0.00998645168764533,562,1.1241731643676758,-167.52245600000003
2003,-184.88254000000003,0.6573025079777659,0.00998645168764533,134,0.2633957862854004,-167.52247040000003
2004,-184.88182000000003,0.44776360568270757,0.00998645168764533,134,0.2656056880950928,-167.52245600000003
2005,-186.78548,0.6846648361233454,0.00998645168764533,124,0.25642919540405273,-167.56052920000002
2006,-184.88254000000003,0.6355311668255547,0.00998645168764533,134,0.26622486114501953,-167.56054360000002
2007,-184.88254000000003,0.6574921416216043,0.00998645168764533,134,0.29908084869384766,-167.61382120000002
2008,-173.98816000000005,0.7432085634679354,0.00998645168764533,416,0.9345331192016602,-167.6768256
2009,-166.58392000000003,0.6360943394930179,0.00998645168764533,665,1.3555989265441895,-171.529608
2010,-181.31380000000001,0.43153408088539613,0.00998645168764533,164,0.3898439407348633,-171.96771560000002
2011,-184.88838,0.6014956536894763,0.00998645168764533,131,0.268115758895874,-171.96784680000002
2012,-184.89642,0.7956723084431832,0.00998645168764533,135,0.28572916984558105,-171.96783240000002
2013,-184.88254000000003,0.6130492717945086,0.00998645168764533,134,0.28725600242614746,-172.12964240000002
2014,-184.88182000000003,0.8482788072676578,0.00998645168764533,134,0.2917039394378662,-172.1293504
2015,-184.88182000000003,0.7782219225165448,0.00998645168764533,134,0.2818310260772705,-172.129336
2016,-184.88182000000003,0.7313627682125835,0.00998645168764533,134,0.26815366744995117,-172.29116480000002
2017,-184.88182000000003,0.9649219283653395,0.00998645168764533,134,0.2712130546569824,-172.29116480000002
2018,-178.62742000000003,0.8262675033093004,0.00998645168764533,590,1.1910431385040283,-172.13087760000002
2019,-184.89642,0.9323517299429686,0.00998645168764533,135,0.27535200119018555,-172.1311552
2020,-184.88254000000003,0.7764602678258028,0.00998645168764533,134,0.29087305068969727,-172.5000252
2021,-159.89009999999996,0.7647368440830068,0.00998645168764533,499,1.037999153137207,-172.0001908
2022,-158.94778,0.8395236867107821,0.00998645168764533,503,1.0085351467132568,-171.9425376
2023,-184.89714,0.6559316341799718,0.00998645168764533,135,0.26929688453674316,-171.9428296
2024,-184.91096000000002,0.9514344464508159,0.00998645168764533,136,0.2700068950653076,-172.0320548
2025,-184.89714,0.7268593204311199,0.00998645168764533,135,0.26888322830200195,-172.27882240000002
2026,-164.27074000000002,0.7022365519033729,0.00998645168764533,807,1.5977699756622314,-175.7214164
2027,-165.52720000000002,0.753355080799128,0.00998645168764533,416,1.1622748374938965,-175.334032
2028,-184.89642,0.5392457749073704,0.00998645168764533,135,0.2695279121398926,-175.3343096
2029,-168.38800000000003,0.6405371095814432,0.00998645168764533,600,1.2394921779632568,-174.99826640000003
2030,-182.21866000000003,0.6406349934540786,0.00998645168764533,154,0.3396780490875244,-174.94471120000003
2031,-183.41428,0.5450218013294678,0.00998645168764533,164,0.3315269947052002,-174.9867208
2032,-185.18944000000002,0.46291538026697676,0.00998645168764533,145,0.29731202125549316,-174.99287320000002
2033,-184.89714,0.5868959052626181,0.00998645168764533,135,0.3149890899658203,-175.46736280000002
2034,-184.89714,0.5638175278626106,0.00998645168764533,135,0.3217201232910156,-175.4607468
2035,-172.54008000000005,0.6948209216956187,0.00998645168764533,297,0.6868631839752197,-175.21362000000002
2036,-153.4895199999999,0.7329463095091673,0.00998645168764533,593,1.5370619297027588,-174.936418
2037,-185.18752000000003,1.0454548862666406,0.00998645168764533,145,0.30828404426574707,-174.94251760000003
2038,-184.88182000000003,0.5223278000241897,0.00998645168764533,134,0.318464994430542,-174.9363508
2039,-184.88182000000003,0.6618022840303271,0.00998645168764533,134,0.2966132164001465,-175.28173120000002
2040,-174.75584,0.7667540368826323,0.00998645168764533,953,2.17051100730896,-175.2562464
2041,-184.88182000000003,0.6139598768760464,0.00998645168764533,134,0.3113107681274414,-175.6349232
2042,-173.20888000000002,0.9249156450620629,0.00998645168764533,329,0.8361201286315918,-175.4728248
2043,-172.44854000000004,0.7778678968407583,0.00998645168764533,343,0.7716121673583984,-175.22415920000003
2044,-184.89714,1.0265168830890345,0.00998645168764533,135,0.27582478523254395,-175.2244512
2045,-184.88254000000003,0.7790132237236891,0.00998645168764533,134,0.26802897453308105,-175.4362208
2046,-171.04244000000006,0.7815131454972121,0.00998645168764533,325,0.6505069732666016,-174.9745892
2047,-159.80669999999998,0.7577589675579799,0.00998645168764533,547,1.1649160385131836,-174.47308680000003
2048,-167.01688000000004,0.7785275029115282,0.00998645168764533,385,0.8398897647857666,-174.36237880000002
2049,-163.92546000000002,0.7713311027328688,0.00998645168764533,435,0.8834068775177002,-173.93713760000003
2050,-184.89714,0.7249367191766699,0.00998645168764533,135,0.3412952423095703,-173.9312772
2051,-185.73692,0.7380865240139106,0.00998645168764533,124,0.25362515449523926,-178.3748236
2052,8.267040000000069,0.6961271909174719,0.00998645168764533,1672,3.653726816177368,-174.96515920000002
2053,-184.88254000000003,0.5437099688005314,0.00998645168764533,134,0.29703283309936523,-174.96515920000002
2054,-164.68184000000002,0.47094713080727124,0.00998645168764533,424,0.893991231918335,-174.56115960000002
2055,-184.88182000000003,0.7070479993152419,0.00998645168764533,134,0.2707040309906006,-174.52308640000004
2056,-184.88182000000003,0.7279568076161529,0.00998645168764533,134,0.2690010070800781,-174.52307200000004
2057,-184.88254000000003,0.6357893756201575,0.00998645168764533,134,0.28800415992736816,-174.52307200000004
2058,-184.88254000000003,0.7775131127685865,0.00998645168764533,134,0.2940480709075928,-174.74095960000002
2059,-184.88254000000003,0.5894832492653114,0.00998645168764533,134,0.29596590995788574,-175.10693200000003
2060,-147.0411599999999,0.6086071838452364,0.00998645168764533,1237,2.582735061645508,-174.42147920000002
2061,-184.13752000000002,0.5246091192716669,0.00998645168764533,145,0.29851317405700684,-174.40646200000003
2062,-184.88254000000003,0.6349234781506012,0.00998645168764533,134,0.2958719730377197,-174.40618440000003
2063,-170.89571999999993,0.6028026149819521,0.00998645168764533,877,1.8073201179504395,-174.126448
2064,-167.32330000000005,0.46024927928453624,0.00998645168764533,303,0.6362512111663818,-173.7752776
2065,-173.60612000000003,0.5476142782691258,0.00998645168764533,349,0.6913530826568604,-173.5497636
2066,-184.89642,0.5590610713111581,0.00998645168764533,135,0.268233060836792,-173.5500556
2067,-167.28320000000005,0.5265138265325864,0.00998645168764533,345,0.6948308944702148,-173.1980832
2068,-186.64178,0.4398984503278738,0.00998645168764533,114,0.2278308868408203,-173.3583704
2069,-185.18944000000002,0.48282439985537323,0.00998645168764533,145,0.28863525390625,-173.3642308
2070,-184.88254000000003,0.5884462238789828,0.00998645168764533,134,0.2665541172027588,-173.3642308
2071,17.786480000000108,0.5418871176079847,0.00998645168764533,1320,2.6220810413360596,-169.81069920000002
2072,-184.88182000000003,0.5661875386027369,0.00998645168764533,134,0.26671886444091797,-170.32938000000001
2073,-184.88182000000003,0.7289989255229706,0.00998645168764533,134,0.2663600444793701,-170.32907360000002
2074,-184.88254000000003,0.6102465345079441,0.00998645168764533,134,0.26557111740112305,-170.3285052
2075,-185.18944000000002,0.5434383659976824,0.00998645168764533,145,0.28785276412963867,-170.33435120000001
2076,-185.22794,0.4822516700141872,0.00998645168764533,151,0.32424402236938477,-170.7534952
2077,27.627039999999887,0.560205970379493,0.00998645168764533,1448,3.1909220218658447,-166.8904104
2078,-159.60216,0.437594407891584,0.00998645168764533,585,1.1822431087493896,-166.3845252
2079,-185.18944000000002,0.457774838702432,0.00998645168764533,145,0.2907700538635254,-166.72055400000002
2080,-173.21464000000003,0.5596726561604934,0.00998645168764533,329,0.6700050830841064,-166.5404736
2081,-184.88182000000003,0.6584535863966361,0.00998645168764533,134,0.27220773696899414,-166.5698244
2082,-184.88182000000003,0.4718489899550245,0.00998645168764533,134,0.2713158130645752,-166.563672
2083,-184.88254000000003,0.7305794155864573,0.00998645168764533,134,0.2681138515472412,-166.56338000000002
2084,-172.11394000000004,0.5327600157364442,0.00998645168764533,626,1.5287821292877197,-166.307716
2085,-170.71922,0.5133805661592995,0.00998645168764533,463,1.1524548530578613,-166.2712988
2086,-184.89642,0.3979720094413669,0.00998645168764533,135,0.2921319007873535,-166.8994368
2087,-184.89642,0.6048285296393765,0.00998645168764533,135,0.2878119945526123,-166.89361480000002
2088,-179.02638000000005,0.4579183996375191,0.00998645168764533,203,0.44673609733581543,-166.776506
2089,-184.88182000000003,0.681128207006867,0.00998645168764533,134,0.2701859474182129,-166.776506
2090,-172.70728000000003,0.6427356180780736,0.00998645168764533,305,0.609217643737793,-166.7355348
2091,15.464880000000068,0.5651310773277858,0.00998645168764533,1288,2.631455183029175,-162.7286008
2092,-182.21866000000003,0.47380395202788633,0.00998645168764533,154,0.3241589069366455,-162.9087964
2093,-170.71260000000004,0.518939803652394,0.00998645168764533,261,0.5617437362670898,-162.87407760000002
2094,-184.02576000000002,0.30902056007956463,0.00998645168764533,144,0.32358670234680176,-162.85665
2095,-184.88182000000003,0.426424337272991,0.00998645168764533,134,0.27315306663513184,-162.8566356
2096,-184.88182000000003,0.7282631113054926,0.00998645168764533,134,0.2783019542694092,-163.1334232
2097,-184.88182000000003,0.682840075788658,0.00998645168764533,134,0.28640103340148926,-163.63492560000003
2098,-184.88254000000003,0.7539959100088967,0.00998645168764533,134,0.2751343250274658,-163.99223880000002
2099,-184.88182000000003,0.543291988796485,0.00998645168764533,134,0.26815295219421387,-164.41136600000002
2100,-184.88182000000003,0.5641036573588959,0.00998645168764533,134,0.2715442180633545,-164.41105960000002
2101,-185.18944000000002,0.4609064260947293,0.00998645168764533,145,0.29491090774536133,-164.40011
2102,12.164079999999991,0.550462563549482,0.00998645168764533,784,1.5890049934387207,-164.32216920000002
2103,-163.98403999999996,0.524837323745928,0.00998645168764533,493,0.9832091331481934,-163.9041992
2104,-184.88766,0.5529421838569163,0.00998645168764533,131,0.2610511779785156,-164.30831560000001
2105,-183.11798000000002,0.6276005529038304,0.00998645168764533,147,0.3294970989227295,-164.27303880000002
2106,-184.88254000000003,0.5203183453543974,0.00998645168764533,134,0.3221597671508789,-164.27305320000002
2107,-183.00913999999997,0.6040856174040484,0.00998645168764533,847,1.9273557662963867,-164.23558520000003
2108,-185.00789999999995,0.5769606434206247,0.00998645168764533,1570,3.5577337741851807,-164.23809240000003
2109,-168.46410000000003,0.5214550182444312,0.00998645168764533,354,0.8370087146759033,-163.9097236
2110,-184.88182000000003,0.6088916090205868,0.00998645168764533,134,0.3297600746154785,-164.66653680000002
2111,-184.89642,0.6755067635189604,0.00998645168764533,135,0.3447270393371582,-164.6817148
2112,-171.56046000000006,0.5899010963944925,0.00998645168764533,450,1.1102750301361084,-164.4152732
2113,-184.88182000000003,0.6104558705171542,0.00998645168764533,134,0.2843348979949951,-164.69499520000002
2114,-159.2011399999999,0.5313403186231582,0.00998645168764533,719,1.4422190189361572,-164.53255200000004
2115,-184.88110000000003,0.517274926708483,0.00998645168764533,134,0.266948938369751,-164.7580516
2116,-184.88254000000003,0.4933051163914488,0.00998645168764533,134,0.26740407943725586,-164.75777400000004
2117,-178.12088,0.6808996601485389,0.00998645168764533,665,1.4699740409851074,-164.9745276
2118,-163.83008,0.494725065083215,0.00998645168764533,433,0.8550448417663574,-164.51829360000002
2119,-184.88254000000003,0.44431515290304574,0.00998645168764533,134,0.26566100120544434,-164.5121556
2120,-184.88182000000003,0.5374164910980069,0.00998645168764533,134,0.26981210708618164,-164.5121412
2121,-169.53610000000003,0.5564292117596331,0.00998645168764533,407,0.8036789894104004,-168.2585928
2122,-184.88182000000003,0.681752963971569,0.00998645168764533,134,0.26807570457458496,-168.2585928
2123,-166.33400000000006,0.7168682779945237,0.00998645168764533,304,0.598491907119751,-167.88763640000002
2124,-184.88766,0.456640743735808,0.00998645168764533,131,0.25879502296447754,-167.8877388
2125,-162.14591999999982,0.604787700784675,0.00998645168764533,1105,2.1634681224823,-167.42686840000002
2126,-184.88182000000003,0.5152272720292989,0.00998645168764533,134,0.26363110542297363,-167.419946
2127,-166.56512000000004,0.40593038983464524,0.00998645168764533,313,0.6158320903778076,-171.30378920000004
2128,-184.89642,0.3954104192554951,0.00998645168764533,135,0.26552700996398926,-171.8096744
2129,-159.95533999999995,0.48665517917960993,0.00998645168764533,551,1.0949950218200684,-171.3049924
2130,-171.01207999999997,0.5539373237789585,0.00998645168764533,1025,2.095414638519287,-171.26094120000002
2131,-185.18944000000002,0.2837544717376345,0.00998645168764533,145,0.3005838394165039,-171.2670936
2132,-184.89714,0.41897206046377067,0.00998645168764533,135,0.2794349193572998,-171.2674
2133,-184.88182000000003,0.4932497194064642,0.00998645168764533,134,0.2669999599456787,-171.2673856
2134,-184.88254000000003,0.44660045763950296,0.00998645168764533,134,0.2647287845611572,-171.5227576
2135,-166.68632000000002,0.5734657478582078,0.00998645168764533,721,1.4401438236236572,-171.4420996
2136,-184.88254000000003,0.8205402144717414,0.00998645168764533,134,0.280440092086792,-171.44182200000003
2137,-168.04857999999987,0.6326428960123865,0.00998645168764533,843,1.6741080284118652,-171.10486520000003
2138,-168.60688000000002,0.6079490465585721,0.00998645168764533,464,0.9102771282196045,-170.89647520000003
2139,-170.82040000000006,0.62871934438404,0.00998645168764533,313,0.6163389682769775,-170.61524680000002
2140,19.26048000000005,0.5728582699059162,0.00998645168764533,1096,2.2846267223358154,-166.7758916
2141,-184.88254000000003,0.4487222582101822,0.00998645168764533,134,0.2743067741394043,-170.78284
2142,-185.18944000000002,0.372849486896704,0.00998645168764533,145,0.2878251075744629,-170.84225560000002
2143,-175.84988000000004,0.48507946546892583,0.00998645168764533,253,0.5362811088562012,-170.9450012
2144,-184.88182000000003,0.49499427210956587,0.00998645168764533,134,0.28337907791137695,-170.9621224
2145,-184.89714,0.44440626966318597,0.00998645168764533,135,0.28502774238586426,-170.96242880000003
2146,-184.91168000000002,0.6271274552255979,0.00998645168764533,136,0.272320032119751,-170.963026
2147,-185.19016000000002,0.590506168634727,0.00998645168764533,145,0.31557297706604004,-170.96919280000003
2148,16.123200000000157,0.5825526909474584,0.00998645168764533,1240,2.4743220806121826,-166.94907800000001
2149,-162.50851999999992,0.5188326911328011,0.00998645168764533,724,1.4305505752563477,-166.501612
2150,-171.04052000000004,0.5273069916894803,0.00998645168764533,325,0.6396129131317139,-166.224786
2151,-184.31914,0.5138410933968889,0.00998645168764533,154,0.30532193183898926,-166.20738
2152,-173.15794000000005,0.5957131470875306,0.00998645168764533,275,0.5423378944396973,-169.9138204
2153,-185.18944000000002,0.39484515465025244,0.00998645168764533,145,0.2871232032775879,-170.3379284
2154,20.793840000000042,0.516137581579998,0.00998645168764533,2104,4.229435205459595,-166.2242984
2155,-184.88254000000003,0.5171024183909506,0.00998645168764533,134,0.27069783210754395,-166.2595896
2156,-173.17336000000003,0.41567414899823557,0.00998645168764533,377,0.7456450462341309,-166.025406
2157,-185.22794,0.45916303996588814,0.00998645168764533,151,0.29970574378967285,-166.069782
2158,-184.88182000000003,0.5165458100347488,0.00998645168764533,134,0.26506805419921875,-166.0672604
2159,-170.91584000000003,0.48158969221160164,0.00998645168764533,473,0.9396321773529053,-166.11629520000002
2160,-184.88182000000003,0.4911347114995344,0.00998645168764533,134,0.2657339572906494,-166.11629520000002
2161,-185.18944000000002,0.4372748132152804,0.00998645168764533,145,0.2874581813812256,-166.1221556
2162,-184.89642,0.4184671883712764,0.00998645168764533,135,0.267380952835083,-166.38887480000002
2163,-184.88182000000003,0.37387358797227604,0.00998645168764533,134,0.26482295989990234,-166.38887480000002
2164,-183.11870000000002,0.535745115462868,0.00998645168764533,147,0.2947840690612793,-166.86722600000002
2165,-184.88254000000003,0.4014800398596632,0.00998645168764533,134,0.281325101852417,-166.8672548
2166,-184.88182000000003,0.5165623483776268,0.00998645168764533,134,0.27019190788269043,-166.86724040000001
2167,-172.21500000000003,0.5824492032172622,0.00998645168764533,333,0.6621630191802979,-166.7491228
2168,-185.19016000000002,0.6318299186897689,0.00998645168764533,145,0.28655481338500977,-167.1763244
2169,-171.82232000000005,0.5271915489786897,0.00998645168764533,313,0.6216881275177002,-166.91512000000003
2170,-184.89714,0.5374419563691373,0.00998645168764533,135,0.26839709281921387,-166.9154264
2171,-184.88182000000003,0.5181264902409444,0.00998645168764533,134,0.2661139965057373,-167.2223408
2172,-184.88182000000003,0.5193371227386394,0.00998645168764533,134,0.26482701301574707,-167.2223408
2173,-184.89714,0.6080875563400763,0.00998645168764533,135,0.27273011207580566,-167.59360360000002
2174,-184.88254000000003,0.75178348361306,0.00998645168764533,134,0.2665882110595703,-167.5935012
2175,-184.88254000000003,0.6601137123348664,0.00998645168764533,134,0.2708120346069336,-168.04823360000003
2176,-167.88012000000006,0.7436288018584435,0.00998645168764533,324,0.6587398052215576,-167.7081996
2177,-182.20448000000002,0.8261953608492036,0.00998645168764533,153,0.3215155601501465,-168.02098680000003
2178,-169.53445999999997,0.6518494585380045,0.00998645168764533,863,1.715008020401001,-167.71374760000003
2179,-184.88182000000003,0.5418267931247046,0.00998645168764533,134,0.2668149471282959,-168.21227720000002
2180,-173.92998000000003,0.5917220804666788,0.00998645168764533,966,2.0280020236968994,-168.2706352
2181,-185.73692,0.7352014718344435,0.00998645168764533,124,0.25058794021606445,-168.28158480000002
2182,-184.88254000000003,0.6118291750508569,0.00998645168764533,134,0.2785491943359375,-168.28129280000002
2183,-178.67508000000004,0.5399221392870738,0.00998645168764533,189,0.41686511039733887,-168.157158
2184,-170.53944000000004,0.769059634048557,0.00998645168764533,456,0.9895439147949219,-167.87029600000002
2185,-184.88254000000003,0.5667110233942965,0.00998645168764533,134,0.2872898578643799,-168.23422040000003
2186,-184.88182000000003,0.774839064926465,0.00998645168764533,134,0.3106517791748047,-168.234206
2187,-184.88182000000003,0.659721105783455,0.00998645168764533,134,0.3055140972137451,-168.57087080000002
2188,-184.88254000000003,0.8217547723828856,0.00998645168764533,134,0.30452895164489746,-168.89638400000004
2189,-180.45870000000002,0.7824069898489906,0.00998645168764533,174,0.3888509273529053,-169.08915000000002
2190,-184.88182000000003,0.7046973954316285,0.00998645168764533,134,0.3039360046386719,-173.17199600000004
2191,-185.19016000000002,0.7841156699341433,0.00998645168764533,145,0.33963680267333984,-173.17814840000003
2192,-184.88182000000003,0.7743774320888541,0.00998645168764533,134,0.3041572570800781,-173.17199600000004
2193,-172.48060000000007,0.6818509894874545,0.00998645168764533,293,0.6525101661682129,-173.1046104
2194,-184.88182000000003,0.8693909087885561,0.00998645168764533,134,0.3017120361328125,-173.1046104
2195,-184.88182000000003,0.8237702422219315,0.00998645168764533,134,0.34062695503234863,-173.104304
2196,-184.88182000000003,0.7080967878408507,0.00998645168764533,134,0.32512402534484863,-173.10370680000003
2197,-184.88182000000003,0.8248471427333555,0.00998645168764533,134,0.30629777908325195,-173.09754
2198,-162.67301999999995,0.8650744210341251,0.00998645168764533,631,1.3894600868225098,-176.6734644
2199,-184.88182000000003,1.083052594555236,0.00998645168764533,134,0.2698659896850586,-177.12093040000002
2200,-184.88182000000003,1.106025751200574,0.00998645168764533,134,0.2687699794769287,-177.39775640000005
2201,-170.87406000000004,0.8778313560359272,0.00998645168764533,322,0.6409857273101807,-177.1288548
2202,-184.88254000000003,1.0343341590183328,0.00998645168764533,134,0.269118070602417,-177.36334680000004
2203,-184.88182000000003,0.9411613073186087,0.00998645168764533,134,0.27660679817199707,-177.35719440000005
2204,-184.89714,1.216538028432815,0.00998645168764533,135,0.2689478397369385,-181.47101400000003
2205,-184.88254000000003,0.9190900489729621,0.00998645168764533,134,0.2676098346710205,-181.47101400000003
2206,-182.21866000000003,1.088591399790066,0.00998645168764533,154,0.30667805671691895,-181.65192000000002
2207,-184.89714,1.0301771220647626,0.00998645168764533,135,0.27662110328674316,-181.64530400000004
2208,-184.88182000000003,1.0139145186421141,0.00998645168764533,134,0.27170395851135254,-181.64530400000004
2209,-184.88254000000003,1.0613296942979986,0.00998645168764533,134,0.2753119468688965,-181.92463800000002
2210,-184.88254000000003,1.060767082643431,0.00998645168764533,134,0.27161312103271484,-181.9246524
2211,-184.88254000000003,1.0616390490556942,0.00998645168764533,134,0.2898139953613281,-181.91851440000002
2212,-184.88254000000003,0.8972295784016153,0.00998645168764533,134,0.2936539649963379,-181.91823680000002
2213,-171.82232000000005,0.9433191827626322,0.00998645168764533,313,0.6567165851593018,-181.65704680000002
2214,-167.17184000000006,0.920418415522697,0.00998645168764533,441,0.915611982345581,-181.33810960000002
2215,-172.55498000000006,1.08401088116553,0.00998645168764533,298,0.6067872047424316,-181.09155840000003
2216,-184.88182000000003,1.130436214173574,0.00998645168764533,134,0.27335619926452637,-181.09155840000003
2217,-184.88182000000003,0.9192859283439926,0.00998645168764533,134,0.272442102432251,-181.34489480000005
2218,-184.88182000000003,0.9899893132969737,0.00998645168764533,134,0.27291011810302734,-181.33872800000006
2219,-186.64178,0.9390175832402811,0.00998645168764533,114,0.23654699325561523,-181.63511720000002
2220,-184.88182000000003,1.1069342731776188,0.00998645168764533,134,0.32686686515808105,-181.63481080000003
2221,-184.88182000000003,1.013416969995779,0.00998645168764533,134,0.29033493995666504,-181.63481080000003
2222,-179.2794,1.0341025446813068,0.00998645168764533,669,1.3532671928405762,-181.52276240000003
2223,-166.76516000000004,0.8815785692328767,0.00998645168764533,372,0.8091259002685547,-181.16012280000004
2224,-185.18752000000003,0.8750020586917626,0.00998645168764533,145,0.3069460391998291,-181.16622240000004
2225,-184.89642,1.2609670248503486,0.00998645168764533,135,0.3063349723815918,-181.1665
2226,-172.86240000000006,0.8547876189695671,0.00998645168764533,312,0.7117710113525391,-181.26614560000002
2227,-174.58182000000002,0.892563212513077,0.00998645168764533,550,1.259903907775879,-181.11369240000005
2228,-184.88254000000003,1.0378237405597275,0.00998645168764533,134,0.31416797637939453,-181.42065400000004
2229,-171.55280000000002,1.0224560043974447,0.00998645168764533,601,1.3059897422790527,-181.15407360000006
2230,33.740720000000294,0.8906854021231361,0.00998645168764533,920,2.0369176864624023,-177.00065960000003
2231,-184.88182000000003,0.8955011164505424,0.00998645168764533,134,0.2734110355377197,-176.9835576
2232,-165.91496,0.8294129727746953,0.00998645168764533,385,0.9126269817352295,-176.604206
2233,-171.92942000000005,0.9200043563454136,0.00998645168764533,370,0.7404270172119141,-176.46929280000003
2234,-184.88254000000003,0.8494830073079845,0.00998645168764533,134,0.28053712844848633,-176.75615480000005
2235,-159.96749999999992,0.6862629442298003,0.00998645168764533,655,1.4094610214233398,-176.257854
2236,-166.61248000000006,0.7513914236459679,0.00998645168764533,313,0.6381642818450928,-175.89246720000003
2237,-184.88182000000003,0.6614163179270256,0.00998645168764533,134,0.2754638195037842,-175.89246720000003
2238,-181.35778,0.7062426394320087,0.00998645168764533,167,0.3419508934020996,-175.82197200000002
2239,-184.88182000000003,0.7094991892617919,0.00998645168764533,134,0.27432799339294434,-175.9104344
2240,-183.11798000000002,0.6915332324562126,0.00998645168764533,147,0.30817508697509766,-175.87515760000002
2241,-167.88140000000004,0.7373639101961651,0.00998645168764533,324,0.6625649929046631,-175.52898240000002
2242,-184.88182000000003,0.7094534623381028,0.00998645168764533,134,0.34853196144104004,-175.52898240000002
2243,-184.88182000000003,0.7109435880278696,0.00998645168764533,134,0.33928656578063965,-175.7770068
2244,-165.5158,0.6752496000277262,0.00998645168764533,365,0.8172550201416016,-175.38968640000002
2245,-184.88182000000003,0.8252641535503095,0.00998645168764533,134,0.2878580093383789,-175.38968640000002
2246,12.474799999999991,0.7460361371319049,0.00998645168764533,968,2.050060987472534,-171.44255400000003
2247,-163.7915,0.6820611106992072,0.00998645168764533,686,1.4073898792266846,-171.02074760000002
2248,-185.19016000000002,0.6769802481192967,0.00998645168764533,145,0.29266810417175293,-171.47109040000004
2249,-181.31380000000001,0.6987986360540296,0.00998645168764533,164,0.3332021236419678,-171.39973
2250,-172.17482,0.6009593747285671,0.00998645168764533,778,1.553339958190918,-171.14559
2251,-184.88254000000003,0.42682056667616786,0.00998645168764533,134,0.26642894744873047,-171.42575960000002
2252,-184.88254000000003,0.612838722487439,0.00998645168764533,134,0.2687830924987793,-171.42575960000002
2253,16.22592000000004,0.5717359929800271,0.00998645168764533,1192,2.422701835632324,-167.40360480000004
2254,-165.74550000000002,0.4227203849044939,0.00998645168764533,375,0.7594618797302246,-167.02057200000002
2255,-184.88182000000003,0.6364810479902175,0.00998645168764533,134,0.2684059143066406,-167.02055760000002
2256,-160.85881999999992,0.43661544321941365,0.00998645168764533,599,1.2070810794830322,-166.5933608
2257,-184.88254000000003,0.6825597129011555,0.00998645168764533,134,0.27787280082702637,-166.5930688
2258,-172.56982000000005,0.5527623314690779,0.00998645168764533,299,0.6144058704376221,-166.3468288
2259,18.672480000000064,0.5552472499163695,0.00998645168764533,1888,3.77266526222229,-162.27572840000002
2260,-164.2049,0.42239826586254625,0.00998645168764533,403,0.8029041290283203,-161.8621756
2261,-184.88182000000003,0.5169924405514638,0.00998645168764533,134,0.26667118072509766,-161.8621612
2262,-184.88182000000003,0.30723137286867,0.00998645168764533,134,0.2680041790008545,-161.8621468
2263,28.245680000000203,0.4378241437306214,0.00998645168764533,1080,2.2523388862609863,-157.8607868
2264,-184.88182000000003,0.3276321781284885,0.00998645168764533,134,0.3023669719696045,-158.21498640000002
2265,-168.70542000000003,0.345346318224327,0.00998645168764533,363,0.7529201507568359,-158.1379952
2266,-182.20376000000002,0.2532999251658718,0.00998645168764533,153,0.34250783920288086,-158.084434
2267,-181.31380000000001,0.387427039404695,0.00998645168764533,164,0.34775400161743164,-158.0130736
2268,-184.89642,0.21213733821210487,0.00998645168764533,135,0.28084397315979004,-158.01336560000001
2269,-184.89642,0.2785587434518944,0.00998645168764533,135,0.3002150058746338,-157.9784584
2270,-184.88182000000003,0.4474090016586011,0.00998645168764533,134,0.3070042133331299,-157.9784584
2271,-184.88182000000003,0.3539818800332497,0.00998645168764533,134,0.2777419090270996,-157.9784584
2272,-184.88254000000003,0.5196421954419408,0.00998645168764533,134,0.26961207389831543,-158.0905212
2273,-171.59644000000006,0.5159293484740365,0.00998645168764533,404,0.8447883129119873,-158.18714680000002
2274,-162.38069999999993,0.44164053256638114,0.00998645168764533,762,1.567331075668335,-157.7310104
2275,-175.27248000000003,0.40553494384900357,0.00998645168764533,480,0.9652619361877441,-157.5385316
2276,-184.88182000000003,0.3778468271501974,0.00998645168764533,134,0.2695651054382324,-157.77892
2277,-174.15478000000004,0.4830750856197442,0.00998645168764533,626,1.258018970489502,-157.7703792
2278,-161.02516000000008,0.37933122572821365,0.00998645168764533,597,1.1949138641357422,-157.2932316
2279,-184.88254000000003,0.4243681192147865,0.00998645168764533,134,0.2697782516479492,-157.5598264
2280,-184.88254000000003,0.4032111771807853,0.00998645168764533,134,0.2696988582611084,-161.9322916
2281,-166.61248000000006,0.5898756026959838,0.00998645168764533,313,0.6221668720245361,-161.5669048
2282,-184.88182000000003,0.682331640127379,0.00998645168764533,134,0.266873836517334,-161.946242
2283,-184.88766,0.48446042284739155,0.00998645168764533,131,0.26070094108581543,-162.20540680000002
2284,-184.88182000000003,0.6116196812589222,0.00998645168764533,134,0.26670193672180176,-162.20539240000002
2285,-184.88254000000003,0.5885389483144591,0.00998645168764533,134,0.26828908920288086,-162.7036932
2286,-184.88182000000003,0.588553050984698,0.00998645168764533,134,0.26725292205810547,-163.06908
2287,-184.88182000000003,0.44730827883719954,0.00998645168764533,134,0.2671186923980713,-163.06908
2288,24.37816000000018,0.505587098042085,0.00998645168764533,1064,2.1212849617004395,-158.95436120000002
2289,-188.53306,0.5166124560652519,0.00998645168764533,154,0.30935192108154297,-159.027386
2290,-184.88254000000003,0.40392304415494873,0.00998645168764533,134,0.26725101470947266,-159.06267720000002
2291,-185.18752000000003,0.5936638109257509,0.00998645168764533,145,0.289013147354126,-159.4087996
2292,-184.88182000000003,0.6353649881515485,0.00998645168764533,134,0.26885390281677246,-159.4087996
2293,15.17591999999999,0.6018469340968128,0.00998645168764533,696,1.3996710777282715,-155.4076448
2294,23.69287999999994,0.6187933117373262,0.00998645168764533,1032,2.0702638626098633,-151.6234712
2295,-184.88254000000003,0.5881664617292917,0.00998645168764533,134,0.26883506774902344,-151.6234856
2296,-184.88254000000003,0.9166883265724711,0.00998645168764533,134,0.29077816009521484,-155.57063240000002
2297,-183.11798000000002,0.6876951231158712,0.00998645168764533,147,0.29714107513427734,-155.957162
2298,-184.88182000000003,0.7309323766602398,0.00998645168764533,134,0.2703239917755127,-155.95099520000002
2299,-184.88254000000003,0.7780217608548144,0.00998645168764533,134,0.2754969596862793,-156.02237000000002
2300,-184.88254000000003,0.7317290992837455,0.00998645168764533,134,0.2695190906524658,-156.27652440000003
2301,-184.88182000000003,0.9657090452235582,0.00998645168764533,134,0.2737467288970947,-156.27651000000003
2302,-162.6324199999999,0.7250804314389825,0.00998645168764533,631,1.3767406940460205,-155.8315076
2303,-184.89714,0.8446531385597256,0.00998645168764533,135,0.2717452049255371,-159.85396880000002
2304,-184.88182000000003,0.5446460935940494,0.00998645168764533,134,0.27020692825317383,-160.2366952
2305,-184.89714,0.7004532055170448,0.00998645168764533,135,0.2747209072113037,-160.2370016
2306,-184.88182000000003,0.5911952427296496,0.00998645168764533,134,0.2714810371398926,-160.71746160000004
2307,-160.88009999999997,0.6351327914557198,0.00998645168764533,646,1.2974636554718018,-160.23741280000002
2308,-179.60336,0.6925891233840957,0.00998645168764533,184,0.3665201663970947,-160.3780836
2309,19.09864000000026,0.6046146163610475,0.00998645168764533,1400,2.780423164367676,-160.3695604
2310,-185.18752000000003,0.5904205420664672,0.00998645168764533,145,0.29570508003234863,-160.7892128
2311,-164.99886000000004,0.6438199937381871,0.00998645168764533,438,0.8797190189361572,-160.3915536
2312,-173.05296000000004,0.7127667074541436,0.00998645168764533,321,0.6457910537719727,-160.1549764
2313,-180.45870000000002,0.6610904852645578,0.00998645168764533,174,0.35211801528930664,-164.329064
2314,-184.89642,0.5850450407989599,0.00998645168764533,135,0.27528977394104004,-164.32935600000002
2315,-184.88254000000003,0.5188550203760613,0.00998645168764533,134,0.26914000511169434,-164.65289840000003
2316,-184.88182000000003,0.8004031830759191,0.00998645168764533,134,0.2721290588378906,-164.70645960000002
2317,-184.88182000000003,0.7796448730905332,0.00998645168764533,134,0.2688612937927246,-164.77782000000002
2318,-169.71044000000003,0.5552494309811884,0.00998645168764533,364,0.7266807556152344,-164.47410040000003
2319,-184.88254000000003,0.6395129522225306,0.00998645168764533,134,0.2703969478607178,-164.47382280000002
2320,-184.89642,0.5609536952959995,0.00998645168764533,135,0.2694230079650879,-164.47411480000002
2321,-184.88254000000003,0.5669948588014205,0.00998645168764533,134,0.26641201972961426,-164.47412920000002
2322,-184.88182000000003,0.5222989396303336,0.00998645168764533,134,0.266340970993042,-164.47411480000002
2323,-184.88254000000003,0.47347767311912864,0.00998645168764533,134,0.264880895614624,-164.7398368
2324,-165.2838,0.731312075646314,0.00998645168764533,452,0.8964149951934814,-164.7978988
2325,26.17479999999998,0.6940107285399395,0.00998645168764533,920,1.8232438564300537,-160.76895320000003
2326,-184.89714,0.7510110036780436,0.00998645168764533,135,0.2707183361053467,-160.76925960000003
2327,-185.18752000000003,0.5261099198126588,0.00998645168764533,145,0.28908610343933105,-160.9899144
2328,-184.88254000000003,0.590615465277945,0.00998645168764533,134,0.2670118808746338,-161.46706200000003
2329,-173.14676000000006,0.7139308112945694,0.00998645168764533,325,0.6458687782287598,-161.2323464
2330,25.330559999999984,0.627556337223162,0.00998645168764533,856,1.7020249366760254,-157.0280844
2331,-184.88254000000003,0.5667909106323078,0.00998645168764533,134,0.26604294776916504,-157.39348560000002
2332,-184.88182000000003,0.6161449240145287,0.00998645168764533,134,0.2668910026550293,-157.39348560000002
2333,-184.88182000000003,0.5212289904828058,0.00998645168764533,134,0.26611804962158203,-157.39336880000002
2334,22.70119999999996,0.6255201021815802,0.00998645168764533,1032,2.0507540702819824,-153.2417084
2335,-184.88182000000003,0.612164504624514,0.00998645168764533,134,0.27126622200012207,-153.241694
2336,-185.18944000000002,0.5697308640541702,0.00998645168764533,145,0.29744672775268555,-153.24784640000001
2337,-185.19016000000002,0.4410386589709027,0.00998645168764533,145,0.2957618236541748,-153.2540132
2338,-183.11798000000002,0.6053128739007984,0.00998645168764533,147,0.2937510013580322,-157.40393600000002
2339,-167.33784000000006,0.7392019154565213,0.00998645168764533,304,0.6088500022888184,-156.98003160000002
2340,-172.08860000000004,0.5404732313838143,0.00998645168764533,325,0.6443188190460205,-156.72415280000004
2341,-166.11766000000003,0.545373404415379,0.00998645168764533,443,0.8844971656799316,-156.34275560000003
2342,-184.88766,0.697881685776053,0.00998645168764533,131,0.2606477737426758,-156.3428724
2343,-166.77826000000005,0.6832952665384201,0.00998645168764533,374,0.7402639389038086,-159.98195600000003
2344,-184.88182000000003,0.7769989645831398,0.00998645168764533,134,0.2671077251434326,-164.15345000000002
2345,-184.88254000000003,0.520911357754758,0.00998645168764533,134,0.26584386825561523,-164.15345000000002
2346,-167.60704000000004,0.6553567716557729,0.00998645168764533,361,0.7150170803070068,-163.80794000000003
2347,-167.69073999999992,0.6859814530472682,0.00998645168764533,867,1.7181739807128906,-163.4993952
2348,-184.88254000000003,0.6385777770652811,0.00998645168764533,134,0.267866849899292,-163.4994096
2349,-161.84903999999995,0.6756101873624549,0.00998645168764533,544,1.0761840343475342,-163.0387396
2350,27.806719999999874,0.5852675476909748,0.00998645168764533,840,1.659682035446167,-158.78495440000003
2351,-170.22718000000003,0.40230082699945613,0.00998645168764533,335,0.6636600494384766,-158.49186160000002
2352,-162.82971999999987,0.4221234860014316,0.00998645168764533,741,1.4672510623931885,-158.49580760000003
2353,-165.78914000000003,0.5210586021021875,0.00998645168764533,1075,2.1176018714904785,-158.11364760000004
2354,-184.88254000000003,0.3116026458316552,0.00998645168764533,134,0.2661151885986328,-158.11366200000003
2355,-161.67092000000002,0.4444938655477017,0.00998645168764533,580,1.1568818092346191,-157.64913760000002
2356,-184.88254000000003,0.3805525063314656,0.00998645168764533,134,0.2676529884338379,-157.64915200000002
2357,-184.88182000000003,0.5190412548871072,0.00998645168764533,134,0.26701998710632324,-158.1291864
2358,-166.42690000000002,0.5176536598681242,0.00998645168764533,359,0.7133822441101074,-157.86565720000002
2359,-184.89642,0.4216412585435642,0.00998645168764533,135,0.2703869342803955,-161.94555840000004
2360,-184.88182000000003,0.6587199632134011,0.00998645168764533,134,0.26781177520751953,-161.93944440000004
2361,-184.88254000000003,0.5175080939904967,0.00998645168764533,134,0.26792097091674805,-162.33711800000003
2362,-184.88182000000003,0.42569909076581697,0.00998645168764533,134,0.2679867744445801,-162.57369520000003
2363,-184.88254000000003,0.5436638150878473,0.00998645168764533,134,0.26726722717285156,-162.66217200000003
2364,-184.88182000000003,0.6138164793113385,0.00998645168764533,134,0.26773619651794434,-162.66188000000002
2365,-184.89714,0.6098560940267311,0.00998645168764533,135,0.26775193214416504,-162.66217200000003
2366,-184.88182000000003,0.6604098566432497,0.00998645168764533,134,0.2675967216491699,-162.66217200000003
2367,-184.88182000000003,0.6374939151191666,0.00998645168764533,134,0.2666900157928467,-162.66217200000003
2368,-184.89642,0.6339158739756655,0.00998645168764533,135,0.26792407035827637,-162.96589160000002
2369,21.870399999999975,0.6557834787503013,0.00998645168764533,1160,2.2903101444244385,-158.83083280000002
2370,-172.05706000000004,0.6787219675569204,0.00998645168764533,323,0.6391518115997314,-158.57404560000003
2371,-184.13896000000003,0.6136480220497168,0.00998645168764533,145,0.31072306632995605,-158.559174
2372,-184.88254000000003,0.5416040648636755,0.00998645168764533,134,0.27074503898620605,-158.5591884
2373,-163.42690000000005,0.5947507365285543,0.00998645168764533,867,1.716385841369629,-158.13007560000003
2374,-190.99134000000004,0.6217564875581141,0.00998645168764533,174,0.3467998504638672,-158.64422640000004
2375,-184.88182000000003,0.4939958374641502,0.00998645168764533,134,0.2668137550354004,-162.86535880000002
2376,19.047760000000128,0.5730176626439688,0.00998645168764533,1160,2.321392774581909,-158.78646080000001
2377,-184.88254000000003,0.5171435601008472,0.00998645168764533,134,0.27492785453796387,-158.78036120000002
2378,-184.88182000000003,0.46983347370275363,0.00998645168764533,134,0.28780484199523926,-158.78034680000002
2379,-185.19016000000002,0.5670981393741636,0.00998645168764533,145,0.29372501373291016,-159.02121480000002
2380,-171.69270000000006,0.4586847340718545,0.00998645168764533,306,0.6415233612060547,-162.96168
2381,-173.57176000000004,0.612266595477704,0.00998645168764533,600,1.357125997543335,-162.7354644
2382,-184.2955,0.5554902961677206,0.00998645168764533,154,0.35493993759155273,-162.72373800000003
2383,-184.88182000000003,0.5403739520306907,0.00998645168764533,134,0.37386322021484375,-162.72373800000003
2384,-185.19016000000002,0.6537272858144394,0.00998645168764533,145,0.310945987701416,-166.8815652
2385,-185.19016000000002,0.7839487250894308,0.00998645168764533,145,0.2974278926849365,-166.88773200000003
2386,-172.02494000000004,0.6885628664738829,0.00998645168764533,322,0.673530101776123,-166.62444200000002
2387,-184.89642,0.6782385741291499,0.00998645168764533,135,0.2733287811279297,-166.61856720000003
2388,-184.88254000000003,0.4972839382087895,0.00998645168764533,134,0.270129919052124,-166.65385840000002
2389,-184.88838,0.6765621755101526,0.00998645168764533,131,0.30352115631103516,-167.00486920000003
2390,-184.89642,0.8622975247601669,0.00998645168764533,135,0.2893691062927246,-167.26102560000004
2391,-157.32133999999996,0.7329813039534236,0.00998645168764533,623,1.2566232681274414,-167.0850992
2392,-175.45800000000006,0.8091031938447525,0.00998645168764533,233,0.4777820110321045,-166.89650600000002
2393,-160.82809999999992,0.7279012854003327,0.00998645168764533,695,1.4081101417541504,-166.7775028
2394,-177.78136000000003,0.6315737368317003,0.00998645168764533,193,0.3893311023712158,-166.63549360000002
2395,-160.05472000000003,0.7563489167304296,0.00998645168764533,504,0.9965450763702393,-166.1389372
2396,-184.88182000000003,0.589019947754803,0.00998645168764533,134,0.2645149230957031,-166.48443280000004
2397,-167.60776000000004,0.5584734025594477,0.00998645168764533,361,0.7317159175872803,-166.4827732
2398,-184.16798000000003,0.6237860780880868,0.00998645168764533,147,0.29581379890441895,-166.468482
2399,-184.89642,0.6300029953251834,0.00998645168764533,135,0.2675750255584717,-166.9294296
2400,-186.64178,0.7691661667552564,0.00998645168764533,114,0.2278599739074707,-171.2183996
2401,-184.88254000000003,0.5423301808369249,0.00998645168764533,134,0.2800288200378418,-171.51150680000003
2402,-176.93600000000004,0.7074765501935157,0.00998645168764533,457,0.931480884552002,-171.79363240000004
2403,-184.89642,0.7014717616830711,0.00998645168764533,135,0.2715578079223633,-172.17577800000004
2404,-173.71352000000002,0.6669387191312738,0.00998645168764533,505,1.0083787441253662,-171.9523976
2405,-186.64178,0.6352741242010604,0.00998645168764533,114,0.23577499389648438,-172.45181480000002
2406,-176.10584000000006,0.6474182864898798,0.00998645168764533,1361,2.9271039962768555,-172.27628080000002
2407,-184.88182000000003,0.5885353546325507,0.00998645168764533,134,0.3187129497528076,-172.27628080000002
2408,-186.12768,0.6592218339339726,0.00998645168764533,144,0.3193521499633789,-172.6702964
2409,-184.88182000000003,0.635311307267411,0.00998645168764533,134,0.27042627334594727,-172.67000440000004
2410,-184.89714,0.5143201373931434,0.00998645168764533,135,0.271730899810791,-172.6703108
2411,-184.88182000000003,0.9152662340176305,0.00998645168764533,134,0.26953601837158203,-172.6702964
2412,-172.54080000000005,0.6713477580522749,0.00998645168764533,297,0.5943300724029541,-172.42347600000002
2413,-171.59348000000006,0.7784858786708295,0.00998645168764533,301,0.5997099876403809,-172.15769480000003
2414,-184.88182000000003,0.7522870558731035,0.00998645168764533,134,0.26871395111083984,-172.15769480000003
2415,-173.26048000000003,0.7875576070178419,0.00998645168764533,281,0.5681049823760986,-171.92496160000002
2416,-184.88182000000003,0.823089518049148,0.00998645168764533,134,0.26804304122924805,-171.92496160000002
2417,-186.12768,0.9442439139949985,0.00998645168764533,144,0.29117608070373535,-171.9498788
2418,-184.88182000000003,0.7538607494154973,0.00998645168764533,134,0.26499032974243164,-171.94958680000002
2419,-179.60336,0.7942624209023527,0.00998645168764533,184,0.3675720691680908,-175.979062
2420,-184.88182000000003,0.5905600158330887,0.00998645168764533,134,0.2687361240386963,-176.23555720000004
2421,-161.15738,0.8285389711433098,0.00998645168764533,659,1.4093523025512695,-175.77592560000002
2422,-161.56434000000002,0.6937431218985606,0.00998645168764533,675,1.3561367988586426,-175.30956160000002
2423,-156.33421999999985,0.6772296297435723,0.00998645168764533,986,1.9459152221679688,-175.16770800000003
2424,-184.88254000000003,0.5913086570382341,0.00998645168764533,134,0.2709481716156006,-175.045532
2425,19.63712000000015,0.6559654701515992,0.00998645168764533,1128,2.469956159591675,-170.9551532
2426,-184.89642,0.7468347369451765,0.00998645168764533,135,0.2795860767364502,-175.03403680000002
2427,-172.48272000000003,0.5651738522155886,0.00998645168764533,345,0.7337820529937744,-174.78604040000002
2428,-184.88182000000003,0.7056961147072933,0.00998645168764533,134,0.29875826835632324,-174.78604040000002
2429,-184.88182000000003,0.5921214642281185,0.00998645168764533,134,0.2971956729888916,-174.77987360000003
2430,-184.88254000000003,0.6123567171492127,0.00998645168764533,134,0.27163100242614746,-175.0436704
2431,-184.88254000000003,0.7505355960856289,0.00998645168764533,134,0.31994104385375977,-175.269886
2432,-176.31508000000002,0.5606562811496337,0.00998645168764533,629,1.307121992111206,-175.11027760000002
2433,-185.18944000000002,0.6125632509589195,0.00998645168764533,145,0.2955629825592041,-175.11643
2434,-184.88182000000003,0.660295180156271,0.00998645168764533,134,0.2817978858947754,-175.11026320000002
2435,-185.18752000000003,0.4825571260318674,0.00998645168764533,145,0.2891871929168701,-175.11021040000003
2436,-184.89714,0.7002514402761504,0.00998645168764533,135,0.27863287925720215,-175.36765440000002
2437,-177.24844000000002,0.7237654505901295,0.00998645168764533,725,1.494499921798706,-175.2146948
2438,-161.03463999999997,0.7125029222566693,0.00998645168764533,504,1.0424180030822754,-174.73773680000002
2439,-165.77252000000004,0.5214525848701826,0.00998645168764533,324,0.6857409477233887,-174.35541960000003
2440,-184.88182000000003,0.6833386849890004,0.00998645168764533,134,0.26718997955322266,-174.3551276
2441,-184.89714,0.842198467882419,0.00998645168764533,135,0.26562976837158203,-174.90664360000002
2442,-184.88182000000003,0.5462776587984122,0.00998645168764533,134,0.31145596504211426,-175.09512000000004
2443,-184.88182000000003,0.7321685927836642,0.00998645168764533,134,0.306290864944458,-175.57619440000002
2444,-184.88254000000003,0.8009864100352374,0.00998645168764533,134,0.27939772605895996,-175.718218
2445,-186.12768000000003,0.7468467296308113,0.00998645168764533,144,0.2900869846343994,-176.23967720000002
2446,19.89344000000015,0.6672686839479156,0.00998645168764533,1272,2.6314198970794678,-172.144172
2447,-184.88182000000003,0.5412631724724797,0.00998645168764533,134,0.26713109016418457,-172.48965320000002
2448,-184.88182000000003,0.37834376651348905,0.00998645168764533,134,0.2754549980163574,-172.50393
2449,-184.88182000000003,0.5875996058014458,0.00998645168764533,134,0.26642513275146484,-172.50363800000002
2450,-164.84196000000003,0.5895847168455327,0.00998645168764533,781,1.5465810298919678,-172.06764160000003
2451,-174.35872000000003,0.5752447101328632,0.00998645168764533,680,1.3731122016906738,-171.85716520000003
2452,20.07088000000008,0.6363246012619115,0.00998645168764533,1064,2.192225933074951,-167.9170276
2453,-177.25038000000004,0.49396883364481564,0.00998645168764533,222,0.4422481060028076,-167.7641068
2454,-184.88254000000003,0.588425894309558,0.00998645168764533,134,0.3112781047821045,-167.9874872
2455,-184.88182000000003,0.847163932126905,0.00998645168764533,134,0.3375570774078369,-167.952288
2456,-185.18824000000004,0.740195443699586,0.00998645168764533,145,0.3002009391784668,-168.13393600000003
2457,-184.88254000000003,0.6590152228000894,0.00998645168764533,134,0.27569007873535156,-168.13395040000003
2458,-178.95528000000004,0.7023450984883433,0.00998645168764533,600,1.2117550373077393,-167.9905024
2459,20.589200000000105,0.5671140036984282,0.00998645168764533,1032,2.119832992553711,-163.88108200000002
2460,-172.54080000000005,0.5648303603038493,0.00998645168764533,297,0.5965182781219482,-163.63395520000003
2461,24.510160000000077,0.5185117497721704,0.00998645168764533,848,1.6888320446014404,-159.4461156
2462,-186.28376,0.45373516587606083,0.00998645168764533,1193,2.4480440616607666,-159.7209748
2463,-184.88182000000003,0.5408884022357081,0.00998645168764533,134,0.29853391647338867,-159.98674160000002
2464,-184.88182000000003,0.40172145282154653,0.00998645168764533,134,0.30243682861328125,-159.98674160000002
2465,-177.8933799999999,0.36019807501532397,0.00998645168764533,1491,2.972676992416382,-160.0793996
2466,-175.09662000000003,0.3852591207430682,0.00998645168764533,570,1.1205217838287354,-159.8836956
2467,-169.30573999999982,0.33472864214762765,0.00998645168764533,854,1.692870855331421,-159.54725679999999
2468,-172.54440000000002,0.4653314163513256,0.00998645168764533,297,0.5904898643493652,-159.3005084
2469,-184.88254000000003,0.2083950806582875,0.00998645168764533,134,0.2631499767303467,-159.406092
2470,-184.88182000000003,0.42083716900921914,0.00998645168764533,134,0.2776012420654297,-159.406092
2471,-184.02576000000002,0.2613297420644408,0.00998645168764533,144,0.29428601264953613,-159.8634596
2472,-184.88182000000003,0.3501845516278339,0.00998645168764533,134,0.27061915397644043,-160.3298092
2473,-186.12768,0.3937540647198653,0.00998645168764533,144,0.29805684089660645,-160.9256784
2474,-182.21866000000003,0.4914096688500956,0.00998645168764533,154,0.3161966800689697,-160.8724008
2475,-185.48770000000002,0.4282669662604172,0.00998645168764533,263,0.5977878570556641,-164.97489720000002
2476,-184.89714,0.37311453601276434,0.00998645168764533,135,0.340684175491333,-164.9749116
2477,-184.88254000000003,0.6797693676259646,0.00998645168764533,134,0.2748069763183594,-165.22290800000002
2478,-166.50776000000002,0.5204205251894788,0.00998645168764533,361,0.8256862163543701,-164.85542680000003
2479,-172.54008000000005,0.5009690203252389,0.00998645168764533,297,0.6203291416168213,-164.60859200000002
2480,-184.88254000000003,0.44700556249121454,0.00998645168764533,134,0.27507495880126953,-164.60859200000002
2481,-184.88182000000003,0.3050976685081511,0.00998645168764533,134,0.2800161838531494,-164.60857760000002
2482,-184.88254000000003,0.5631694431736398,0.00998645168764533,134,0.2955622673034668,-164.7799268
2483,-184.88254000000003,0.4467903195199237,0.00998645168764533,134,0.2876617908477783,-164.7737888
2484,-184.89714,0.5809818538112773,0.00998645168764533,135,0.28014516830444336,-164.7740952
2485,-172.64348000000007,0.513635139332224,0.00998645168764533,301,0.7672629356384277,-164.5232144
2486,-184.88254000000003,0.6320914103746859,0.00998645168764533,134,0.2792179584503174,-164.52292240000003
2487,-172.54080000000005,0.5416648430226101,0.00998645168764533,297,0.6224880218505859,-164.4287696
2488,-163.85134000000002,0.6105208958451924,0.00998645168764533,434,0.9785642623901367,-164.4851036
2489,-184.89714,0.7001185801018167,0.00998645168764533,135,0.2729039192199707,-164.86759600000002
2490,-184.88182000000003,0.6813711028879703,0.00998645168764533,134,0.26810407638549805,-164.86759600000002
2491,-169.26168000000004,0.6230947239693932,0.00998645168764533,489,0.9664950370788574,-164.55488680000002
2492,-184.88182000000003,0.7512732649347119,0.00998645168764533,134,0.26503515243530273,-164.55488680000002
2493,-184.88254000000003,0.7984769309856998,0.00998645168764533,134,0.264542818069458,-164.55490120000002
2494,-172.84306000000004,0.7182977384898259,0.00998645168764533,263,0.5229058265686035,-164.3141116
2495,-186.64178,0.5213402799216279,0.00998645168764533,114,0.23456311225891113,-164.3243936
2496,-186.12504,0.701653663334178,0.00998645168764533,144,0.2872648239135742,-168.4447632
2497,-172.04028000000002,0.7029921296486181,0.00998645168764533,580,1.2246220111846924,-168.18793240000002
2498,-185.18944000000002,0.7624687575638808,0.00998645168764533,145,0.2918400764465332,-168.1940848
2499,-184.89642,0.8631235633321382,0.00998645168764533,135,0.3081331253051758,-168.19437680000001
2500,-185.19016000000002,0.9572691508600938,0.00998645168764533,145,0.3416471481323242,-168.6013408
2501,20.4348799999999,0.7814771630657241,0.00998645168764533,2328,5.949396133422852,-164.7054688
2502,-185.18944000000002,0.8503615835360412,0.00998645168764533,145,0.34736084938049316,-168.8106752
2503,-184.88182000000003,0.588561062930402,0.00998645168764533,134,0.3836181163787842,-168.96330400000002
2504,-181.66866000000002,0.6060861660760708,0.00998645168764533,179,0.5688531398773193,-168.8990264
2505,-184.88254000000003,0.634361775035956,0.00998645168764533,134,0.40874624252319336,-168.8990408
2506,-166.61320000000006,0.7689092733031406,0.00998645168764533,313,0.8407721519470215,-168.52754000000002
2507,-173.18466000000004,0.7571569641265984,0.00998645168764533,327,0.7977228164672852,-168.29358240000002
2508,-184.88254000000003,0.660038879370567,0.00998645168764533,134,0.36257100105285645,-168.41212760000002
2509,-184.88182000000003,0.8235595949591874,0.00998645168764533,134,0.34536004066467285,-172.52154800000005
2510,-184.88254000000003,0.8234964084686406,0.00998645168764533,134,0.3257172107696533,-172.76838280000004
2511,-184.88182000000003,0.8723708243150987,0.00998645168764533,134,0.33051490783691406,-176.9562224
2512,-184.89714,0.7251430416962614,0.00998645168764533,135,0.3263249397277832,-176.92849
2513,-184.88182000000003,0.49751938267180057,0.00998645168764533,134,0.3595762252807617,-176.92849
2514,-171.66184000000004,1.005911217348986,0.00998645168764533,305,0.7213788032531738,-176.66409040000002
2515,-167.16622000000004,0.8154748420695654,0.00998645168764533,443,1.083751916885376,-176.4495472
2516,-184.88182000000003,0.8464511209237042,0.00998645168764533,134,0.324185848236084,-176.64525120000002
2517,-185.18824000000004,0.6787311445728972,0.00998645168764533,145,0.3652517795562744,-176.9629012
2518,-185.574,0.9247418845050215,0.00998645168764533,168,0.4431018829345703,-177.22349320000004
2519,-184.88182000000003,1.0103875158785551,0.00998645168764533,134,0.34430885314941406,-177.22347880000004
2520,-168.23002000000005,0.7921623918049155,0.00998645168764533,443,1.0626380443572998,-176.89044280000002
2521,-184.88254000000003,0.6357924986575076,0.00998645168764533,134,0.31777071952819824,-176.90757840000003
2522,25.52567999999988,0.6948517559017054,0.00998645168764533,1000,2.35864520072937,-172.69942840000004
2523,-184.88254000000003,0.7979333807450177,0.00998645168764533,134,0.3153269290924072,-172.6745256
2524,-184.88182000000003,0.7300837004223644,0.00998645168764533,134,0.3281290531158447,-172.7277888
2525,-184.88182000000003,0.6833007362351489,0.00998645168764533,134,0.32158327102661133,-172.71567120000003
2526,-172.70800000000003,0.7059329244995215,0.00998645168764533,305,0.7363100051879883,-172.4718884
2527,-184.89714,0.7936580297088733,0.00998645168764533,135,0.3310861587524414,-172.47218040000004
2528,-184.88182000000003,0.7289392201563538,0.00998645168764533,134,0.31543588638305664,-172.83966160000003
2529,-184.88182000000003,0.6131558044841374,0.00998645168764533,134,0.33669400215148926,-173.08649640000004
2530,-166.50704000000002,0.6267047243855811,0.00998645168764533,361,0.8712821006774902,-172.71898640000003
2531,-184.88182000000003,0.6814602487512044,0.00998645168764533,134,0.31695103645324707,-172.71898640000003
2532,-185.18752000000003,0.7207043720152357,0.00998645168764533,145,0.3389451503753662,-172.72508600000003
2533,-184.88182000000003,0.706315688545635,0.00998645168764533,134,0.31130385398864746,-172.72507160000004
2534,-184.88254000000003,0.7745089373523508,0.00998645168764533,134,0.3194859027862549,-172.72477960000003
2535,-184.88182000000003,0.9632066903295301,0.00998645168764533,134,0.31859421730041504,-172.96954640000004
2536,-184.88182000000003,0.9179102791431568,0.00998645168764533,134,0.3168787956237793,-172.96953200000004
2537,-156.96573999999993,0.7935643874813576,0.00998645168764533,1110,2.661194086074829,-172.6580308
2538,-184.88254000000003,0.7077783194314966,0.00998645168764533,134,0.31966114044189453,-173.07865480000004
2539,-184.88182000000003,0.6375536081214338,0.00998645168764533,134,0.3260488510131836,-173.07834840000004
2540,-184.88254000000003,0.7995685440863469,0.00998645168764533,134,0.35224294662475586,-173.07836280000004
2541,-184.88182000000003,0.826638147248817,0.00998645168764533,134,0.3574798107147217,-173.3907656
2542,-184.89642,0.772086842606465,0.00998645168764533,135,0.3216519355773926,-173.3910576
2543,-184.88254000000003,0.8953873302592937,0.00998645168764533,134,0.3234391212463379,-173.3910576
2544,-184.88182000000003,0.8250000182845032,0.00998645168764533,134,0.3676328659057617,-173.63183280000004
2545,-172.66960000000006,1.1208379132856354,0.00998645168764533,305,0.7756810188293457,-173.35238920000003
2546,-184.88254000000003,1.1305050624659592,0.00998645168764533,134,0.37055277824401855,-173.32753920000002
2547,-181.31380000000001,0.9483107499573834,0.00998645168764533,164,0.41490983963012695,-173.51300960000003
2548,-184.89642,0.983687227267634,0.00998645168764533,135,0.3786940574645996,-173.50714920000001
2549,-184.88182000000003,0.9679215700754812,0.00998645168764533,134,0.3534080982208252,-173.50685720000004
2550,-185.18944000000002,1.2638990632740075,0.00998645168764533,145,0.3525841236114502,-173.50684280000004
2551,-184.88182000000003,0.9452721543693497,0.00998645168764533,134,0.3186149597167969,-177.61317680000005
2552,-184.88254000000003,0.8519010998225257,0.00998645168764533,134,0.32443809509277344,-177.60703880000005
2553,-184.88254000000003,0.8977478072881254,0.00998645168764533,134,0.3264460563659668,-177.60705320000005
2554,-160.96753999999996,0.8799152834226135,0.00998645168764533,503,1.6375999450683594,-177.1930308
2555,14.74904000000021,0.8418214422390087,0.00998645168764533,1512,3.9080679416656494,-173.20039920000002
2556,-184.88254000000003,0.70915627717944,0.00998645168764533,134,0.3697991371154785,-173.565786
2557,-161.13511999999992,0.8351225584928346,0.00998645168764533,560,1.4181091785430908,-173.3247952
2558,-184.89714,0.7518908386705099,0.00998645168764533,135,0.32825279235839844,-173.3250872
2559,-168.07966000000005,0.6828652293102111,0.00998645168764533,283,0.7663769721984863,-172.98904400000004
2560,-184.88182000000003,0.5218867582282913,0.00998645168764533,134,0.32294392585754395,-172.98902960000004
2561,-184.89642,0.912176279399406,0.00998645168764533,135,0.3249320983886719,-172.9893216
2562,-167.11811999999995,0.7269748208277366,0.00998645168764533,748,1.788940191268921,-172.6337412
2563,-184.88182000000003,0.7344606815865125,0.00998645168764533,134,0.3181488513946533,-172.6337412
2564,-160.70175999999995,0.9209856550986315,0.00998645168764533,785,1.8744237422943115,-172.4145396
2565,-184.88182000000003,0.873295519591323,0.00998645168764533,134,0.3182988166809082,-172.7688516
2566,13.836400000000019,0.6639261099282966,0.00998645168764533,1736,4.384533166885376,-168.7944872
2567,-184.88182000000003,0.7059506008109606,0.00998645168764533,134,0.3250732421875,-168.78835880000003
2568,-184.89642,0.7692589092861724,0.00998645168764533,135,0.3404808044433594,-168.77480720000003
2569,-185.18944000000002,0.481615383531256,0.00998645168764533,145,0.36670637130737305,-168.78095960000002
2570,-184.88182000000003,0.521074552297481,0.00998645168764533,134,0.3817620277404785,-169.1139956
2571,-184.88254000000003,0.6358015471930379,0.00998645168764533,134,0.4087557792663574,-169.1139956
2572,-185.18752000000003,0.8286431265545302,0.00998645168764533,145,0.4467799663543701,-173.32825960000002
2573,-184.88182000000003,1.0319872923654074,0.00998645168764533,134,0.3584258556365967,-173.32824520000003
2574,-167.35888000000006,0.7034856115702656,0.00998645168764533,353,1.0175132751464844,-172.9777864
2575,-185.18944000000002,0.5672453930922623,0.00998645168764533,145,0.3653900623321533,-172.98393880000003
2576,-181.31380000000001,0.6188233362158715,0.00998645168764533,164,0.40753912925720215,-173.15605480000002
2577,-171.66064000000003,0.6546518475153162,0.00998645168764533,305,0.7314388751983643,-172.8913248
2578,33.99504000000013,0.5213500302911527,0.00998645168764533,1528,3.7281360626220703,-168.5137876
2579,24.558000000000078,0.4795094525020345,0.00998645168764533,1696,4.150905132293701,-164.3249912
2580,-184.88182000000003,0.3550131747693713,0.00998645168764533,134,0.32283902168273926,-164.6924868
2581,-174.06647999999998,0.42918862961328086,0.00998645168764533,976,2.342700958251953,-164.47618000000003
2582,-167.41188000000002,0.4120922347484731,0.00998645168764533,405,0.9908938407897949,-164.1206672
2583,-192.09512000000004,0.33404038849733636,0.00998645168764533,273,0.652256965637207,-164.2649332
2584,-184.88182000000003,0.28016857674289775,0.00998645168764533,134,0.31557393074035645,-164.2649188
2585,-166.17552,0.4062476399800052,0.00998645168764533,345,0.8192720413208008,-163.8907928
2586,-163.99968000000007,0.36518893178653755,0.00998645168764533,441,1.0441319942474365,-163.47315
2587,-185.73692,0.6308549649510232,0.00998645168764533,124,0.2965390682220459,-164.04857360000003
2588,-162.89397999999997,0.36553119020330727,0.00998645168764533,543,1.287647008895874,-163.6088024
2589,-172.31400000000005,0.6018642550071014,0.00998645168764533,336,0.7942452430725098,-163.357446
2590,-184.88182000000003,0.5170897567477911,0.00998645168764533,134,0.3198988437652588,-163.3574316
2591,-185.18752000000003,0.4350158444220393,0.00998645168764533,145,0.34417009353637695,-163.3635456
2592,-184.88254000000003,0.47016932718705995,0.00998645168764533,134,0.31713008880615234,-163.363268
2593,-184.88182000000003,0.444789586366335,0.00998645168764533,134,0.35403895378112793,-163.3632536
2594,-187.89344000000003,0.4977457316919834,0.00998645168764533,273,0.701444149017334,-163.42348600000003
2595,-183.94078000000002,0.4971153886327469,0.00998645168764533,1283,3.3624796867370605,-163.6489096
2596,-164.71146000000005,0.4180668970582386,0.00998645168764533,375,0.9393389225006104,-163.245488
2597,-169.47201999999996,0.45209146553969015,0.00998645168764533,807,1.8958659172058105,-163.00865240000002
2598,-184.88182000000003,0.39900834404919017,0.00998645168764533,134,0.3134479522705078,-163.00836040000002
2599,-184.88254000000003,0.32886850766823694,0.00998645168764533,134,0.3113391399383545,-163.0083748
2600,-182.21866000000003,0.3304732215935485,0.00998645168764533,154,0.3659961223602295,-162.94895920000002
2601,-178.77120000000002,0.49511438296899274,0.00998645168764533,393,0.9209792613983154,-162.8267468
2602,-184.88182000000003,0.537577788727775,0.00998645168764533,134,0.3187122344970703,-162.8267324
2603,-186.64178,0.38048181513308044,0.00998645168764533,114,0.26843690872192383,-162.8619172
2604,-184.88182000000003,0.3061384782890108,0.00998645168764533,134,0.31995391845703125,-163.34020280000001
2605,-161.68877999999995,0.5521787199236479,0.00998645168764533,583,1.3833250999450684,-166.86895920000003
2606,24.68239999999987,0.5505317174313719,0.00998645168764533,984,2.592573881149292,-162.67766040000004
2607,-184.89714,0.44504914088519637,0.00998645168764533,135,0.37061595916748047,-163.15290080000003
2608,-184.88182000000003,0.40402554094430004,0.00998645168764533,134,0.3451547622680664,-163.15259440000003
2609,-184.88254000000003,0.4247651129835911,0.00998645168764533,134,0.3413550853729248,-163.48865200000003
2610,-166.93561999999997,0.5890240435726865,0.00998645168764533,887,2.4233129024505615,-163.129728
2611,-184.88182000000003,0.7265439021276004,0.00998645168764533,134,0.35449790954589844,-163.12943600000003
2612,-184.88182000000003,0.6327749796614829,0.00998645168764533,134,0.360598087310791,-163.48471
2613,-184.89642,0.6075885219223521,0.00998645168764533,135,0.3670060634613037,-163.485002
2614,-171.19872000000004,0.680267114868565,0.00998645168764533,336,0.8159399032592773,-163.69494120000002
2615,26.485040000000208,0.5307532279976273,0.00998645168764533,1064,2.6829910278320312,-159.46760400000002
2616,-184.88182000000003,0.3323391615621634,0.00998645168764533,134,0.33436012268066406,-163.44196840000004
2617,-184.88254000000003,0.516984557788541,0.00998645168764533,134,0.37573814392089844,-163.44198280000003
2618,-184.88254000000003,0.9606207195919618,0.00998645168764533,134,0.3613440990447998,-163.4417052
2619,-184.88182000000003,0.49357672523595947,0.00998645168764533,134,0.3590090274810791,-163.4355528
2620,-167.75584000000003,0.6405335837767786,0.00998645168764533,521,1.3554961681365967,-163.0930332
2621,-184.88182000000003,0.6813267318587473,0.00998645168764533,134,0.342134952545166,-163.0930188
2622,-184.88182000000003,0.4455760574357501,0.00998645168764533,134,0.37749195098876953,-163.0869048
2623,-184.88766,0.48079807647567896,0.00998645168764533,131,0.38641834259033203,-163.0870216
2624,-184.88182000000003,0.5194606368096351,0.00998645168764533,134,0.33199214935302734,-163.43748040000003
2625,-184.89642,0.8170375087608893,0.00998645168764533,135,0.32610321044921875,-163.43162
2626,-165.33078000000003,0.6290426628827249,0.00998645168764533,354,0.8504910469055176,-163.1119596
2627,-184.89642,0.7003820477812378,0.00998645168764533,135,0.3206188678741455,-163.37667520000002
2628,-169.64902,0.6221668075685298,0.00998645168764533,966,2.3994569778442383,-167.4495564
2629,-184.88182000000003,0.6360351034829309,0.00998645168764533,134,0.365847110748291,-171.63835280000004
2630,-184.88254000000003,0.705129163214631,0.00998645168764533,134,0.33950114250183105,-171.63836720000003
2631,-168.27584000000004,0.7537936738102149,0.00998645168764533,393,1.0740678310394287,-171.52255440000002
2632,-168.07334000000003,0.7031270420920483,0.00998645168764533,334,0.8617379665374756,-171.53578360000003
2633,-187.97554,0.5783432411982585,0.00998645168764533,131,0.35964417457580566,-171.453392
2634,-174.93608000000003,0.6796850848561179,0.00998645168764533,361,0.8726661205291748,-171.25447720000003
2635,-171.69534000000004,0.5915986972014888,0.00998645168764533,306,0.8300468921661377,-171.36487360000004
2636,-160.39923999999996,0.6614178377177035,0.00998645168764533,525,1.280487298965454,-171.29286480000002
2637,-184.88182000000003,0.5898459283496017,0.00998645168764533,134,0.31952691078186035,-171.27576280000002
2638,-184.88182000000003,0.8226035780745989,0.00998645168764533,134,0.34055304527282715,-171.7155196
2639,-182.20376000000002,0.9091218110064373,0.00998645168764533,153,0.38509607315063477,-171.9133148
2640,-184.89642,0.35277857943955393,0.00998645168764533,135,0.3239119052886963,-171.91360680000003
2641,-184.88254000000003,0.5681093155837326,0.00998645168764533,134,0.32596397399902344,-171.90750720000003
2642,-172.54512000000003,0.5885265586734671,0.00998645168764533,297,0.8020331859588623,-171.6607588
2643,-185.18944000000002,0.7209935713366702,0.00998645168764533,145,0.4003300666809082,-171.66691120000004
2644,-184.88254000000003,0.895139780180501,0.00998645168764533,134,0.4000077247619629,-171.6066932
2645,-169.6980200000001,0.6699609799825809,0.00998645168764533,911,2.1671271324157715,-171.321838
2646,-159.98626000000002,0.7212902732678572,0.00998645168764533,503,1.1877162456512451,-171.227334
2647,15.742479999999953,0.682749372194795,0.00998645168764533,1768,4.225128173828125,-167.523044
2648,-183.41428,0.6013007435391134,0.00998645168764533,164,0.39269280433654785,-167.49369320000002
2649,20.522720000000024,0.6220579816584683,0.00998645168764533,1080,2.7437310218811035,-163.385588
2650,-184.88254000000003,0.6587659045358869,0.00998645168764533,134,0.35977792739868164,-163.4388656
2651,-184.88254000000003,0.4958511261728161,0.00998645168764533,134,0.33106184005737305,-163.5610924
2652,-185.19016000000002,0.6979426983551219,0.00998645168764533,145,0.35620713233947754,-163.56725920000002
2653,-163.03914000000003,0.5237890461926985,0.00998645168764533,594,1.5647919178009033,-163.09520640000002
2654,-182.20448000000002,0.495241016563442,0.00998645168764533,153,0.36772584915161133,-163.04165960000003
2655,-173.47808000000003,0.5284129765202107,0.00998645168764533,848,2.0235557556152344,-163.27744560000002
2656,-172.38858000000005,0.4710214708555369,0.00998645168764533,339,0.8276140689849854,-167.21886520000004
2657,-184.89714,0.5117767144546465,0.00998645168764533,135,0.3207869529724121,-167.21886520000004
2658,-184.88254000000003,0.6325164058996336,0.00998645168764533,134,0.318126916885376,-167.21887960000004
2659,-168.54648000000006,0.4476787777490058,0.00998645168764533,409,1.053184986114502,-166.8921584
2660,-184.88182000000003,0.2613590495980609,0.00998645168764533,134,0.3534858226776123,-167.2510824
2661,-184.88254000000003,0.7281922145065531,0.00998645168764533,134,0.367448091506958,-167.25109680000003
2662,-184.88254000000003,0.564681072135581,0.00998645168764533,134,0.3264288902282715,-167.25111120000003
2663,-184.88182000000003,0.6587360570374042,0.00998645168764533,134,0.3210148811340332,-167.2508192
2664,-184.88254000000003,0.493000285512309,0.00998645168764533,134,0.31798887252807617,-167.52449560000002
2665,-155.2433399999999,0.6021983770974125,0.00998645168764533,1078,2.693345069885254,-171.15906320000002
2666,14.153440000000149,0.41635911988998303,0.00998645168764533,1424,3.6885972023010254,-167.178358
2667,-184.88766,0.43109829724190457,0.00998645168764533,131,0.31145620346069336,-167.1784604
2668,-167.28128000000007,0.37082761119430263,0.00998645168764533,345,0.8133811950683594,-166.82643520000002
2669,-168.30080000000004,0.4151507751381086,0.00998645168764533,393,0.9948110580444336,-166.49481480000003
2670,-184.88182000000003,0.4723960258511465,0.00998645168764533,134,0.32662200927734375,-166.83733440000003
2671,-184.88254000000003,0.4213473963162014,0.00998645168764533,134,0.37961411476135254,-166.83734880000003
2672,-172.39050000000003,0.5878779693797868,0.00998645168764533,339,0.9695298671722412,-166.5875224
2673,-172.38344000000004,0.6094952921018932,0.00998645168764533,289,0.826030969619751,-166.33743800000005
2674,-179.60264000000004,0.45068281168199104,0.00998645168764533,184,0.5027456283569336,-166.2318544
2675,-173.53344000000004,0.5349178570619636,0.00998645168764533,345,0.8300809860229492,-166.0045948
2676,-184.89642,0.4209959477531137,0.00998645168764533,135,0.35388898849487305,-166.39590760000002
2677,-155.68739999999994,0.48905524239880055,0.00998645168764533,597,1.520430088043213,-165.81172720000004
2678,-184.89642,0.5604319026555729,0.00998645168764533,135,0.3291020393371582,-166.11667520000003
2679,-184.88254000000003,0.42433495285795697,0.00998645168764533,134,0.40045905113220215,-166.11668960000003
2680,-182.36308,0.42820716718575214,0.00998645168764533,164,0.4399731159210205,-166.06630040000005
2681,-184.88254000000003,0.8238290427461156,0.00998645168764533,134,0.39450979232788086,-166.3984344
2682,-184.88254000000003,0.6601178078606391,0.00998645168764533,134,0.37461018562316895,-166.73461840000004
2683,-184.88182000000003,0.5209804770689624,0.00998645168764533,134,0.35456204414367676,-166.67274400000002
2684,-184.88182000000003,0.6611438420559488,0.00998645168764533,134,0.330233097076416,-166.8716588
2685,-184.88182000000003,0.8001573565068529,0.00998645168764533,134,0.3826150894165039,-167.1353884
2686,-178.38720000000004,0.5237148458335368,0.00998645168764533,576,1.477977991104126,-167.49514760000002
2687,-184.88254000000003,0.5895926860550335,0.00998645168764533,134,0.3249938488006592,-167.49516200000002
2688,-184.89714,0.8643791723237545,0.00998645168764533,135,0.43617701530456543,-167.49546840000002
2689,-184.88254000000003,0.9176414325249507,0.00998645168764533,134,0.3844888210296631,-167.54904400000004
2690,-184.13824000000002,0.7851127497980307,0.00998645168764533,145,0.3964548110961914,-167.53388040000002
2691,-163.38668,0.8040988491197746,0.00998645168764533,716,1.8200979232788086,-167.10396320000004
2692,-186.64178,0.6066017030052057,0.00998645168764533,114,0.2699761390686035,-167.3858964
2693,-166.36504000000005,0.757548850313684,0.00998645168764533,305,0.7218661308288574,-167.00940840000004
2694,-184.88254000000003,0.6375227286063357,0.00998645168764533,134,0.3395357131958008,-167.00940840000004
2695,-174.24050000000005,0.6678730499596974,0.00998645168764533,427,1.075181007385254,-167.10025800000003
2696,-184.89642,0.8636857761553041,0.00998645168764533,135,0.3186008930206299,-167.59846120000003
2697,-184.88182000000003,0.730142136521415,0.00998645168764533,134,0.31525301933288574,-171.6109472
2698,-186.12696,0.7026009685618596,0.00998645168764533,144,0.3466770648956299,-171.6652008
2699,-165.34104000000002,0.7389830543868053,0.00998645168764533,353,0.8370890617370605,-175.38247600000003
2700,-184.13824000000002,0.7223678721179222,0.00998645168764533,145,0.3659529685974121,-175.36759
2701,-171.59540000000007,0.8080538351775651,0.00998645168764533,301,0.7523899078369141,-175.1018472
2702,-184.88254000000003,0.8001947669701567,0.00998645168764533,134,0.347930908203125,-175.09569480000002
2703,-171.40226000000004,0.7959042412850669,0.00998645168764533,343,0.8303790092468262,-175.26295720000002
2704,-185.18752000000003,0.8501068389557045,0.00998645168764533,145,0.3490121364593506,-175.32261800000003
2705,-184.88182000000003,0.8946018478721937,0.00998645168764533,134,0.31597399711608887,-175.55069280000004
2706,-167.28548000000004,0.8109628611316312,0.00998645168764533,349,0.8247630596160889,-175.44863080000002
2707,-184.88254000000003,0.5686300762984624,0.00998645168764533,134,0.32358407974243164,-175.44833880000002
2708,-184.88182000000003,0.7556373662690619,0.00998645168764533,134,0.32268691062927246,-175.44832440000002
2709,-185.18944000000002,0.7658544439886664,0.00998645168764533,145,0.34689903259277344,-175.78118360000005
2710,-184.88182000000003,0.8970941880425967,0.00998645168764533,134,0.31543898582458496,-175.78118360000005
2711,-184.88182000000003,1.062120553453578,0.00998645168764533,134,0.31852102279663086,-175.78116920000005
2712,-165.32342000000006,0.9583417201729517,0.00998645168764533,355,0.9656198024749756,-175.3899868
2713,-184.88254000000003,0.9898927491922765,0.00998645168764533,134,0.32063817977905273,-175.3900012
2714,-184.88182000000003,1.0157373013225064,0.00998645168764533,134,0.31772327423095703,-175.3899868
2715,-172.44030000000004,0.9675808977553545,0.00998645168764533,342,0.8102278709411621,-175.73392600000003
2716,-184.89714,1.192797006280334,0.00998645168764533,135,0.32190513610839844,-179.7149376
2717,29.86392000000021,0.8261918011621929,0.00998645168764533,856,2.062191963195801,-175.419906
2718,-166.61248000000006,0.891769403856569,0.00998645168764533,313,0.8613529205322266,-175.40653000000003
2719,-164.5279999999998,1.009732564823668,0.00998645168764533,872,2.4005157947540283,-175.331074
2720,-184.88254000000003,0.640603421742458,0.00998645168764533,134,0.3187110424041748,-175.3310884
2721,-185.19016000000002,0.7220745209090669,0.00998645168764533,145,0.40009093284606934,-175.33724080000005
2722,-174.77652000000006,0.9220752635185357,0.00998645168764533,453,1.1007401943206787,-175.38496120000002
2723,-184.88254000000003,0.8944561774703438,0.00998645168764533,134,0.3125619888305664,-175.6349432
2724,-186.64178,0.6633717294684366,0.00998645168764533,114,0.2675650119781494,-175.77572600000002
2725,-173.26048000000003,0.7775324848497094,0.00998645168764533,281,0.6817212104797363,-175.77026680000003
2726,22.0718400000001,0.816093835413602,0.00998645168764533,1224,2.8818740844726562,-171.63090160000004
2727,-176.92590000000004,0.7389413511307148,0.00998645168764533,203,0.48683714866638184,-172.0556716
2728,-184.88182000000003,0.8698204907505259,0.00998645168764533,134,0.35509681701660156,-172.0553796
2729,-166.61320000000006,0.6106757231848166,0.00998645168764533,313,0.7943899631500244,-171.68999280000003
2730,-185.18752000000003,0.5492415843403031,0.00998645168764533,145,0.3765847682952881,-171.7464816
2731,-184.88182000000003,0.7525215816280958,0.00998645168764533,134,0.3202197551727295,-171.7464672
2732,-176.66346000000004,0.6234535081938772,0.00998645168764533,639,1.5262222290039062,-171.58208560000003
2733,-167.33784000000006,0.6276611203548351,0.00998645168764533,304,0.7126789093017578,-171.23120600000001
2734,-172.54008000000005,0.6405893601069497,0.00998645168764533,297,0.846926212310791,-170.98437120000003
2735,-184.88254000000003,0.661489967444439,0.00998645168764533,134,0.35372328758239746,-170.98438560000002
2736,-164.46548,0.626882946162384,0.00998645168764533,917,2.7049851417541504,-170.70595120000002
2737,-184.89714,0.6585924450928966,0.00998645168764533,135,0.40456509590148926,-170.70624320000002
2738,-184.88254000000003,0.7985589445165512,0.00998645168764533,134,0.3635599613189697,-170.70595120000002
2739,-176.60089999999985,0.5969332787727274,0.00998645168764533,1283,3.1051759719848633,-170.54031840000005
2740,-184.88254000000003,0.42424374733314807,0.00998645168764533,134,0.31505298614501953,-170.5552044
2741,-184.88182000000003,0.5622243559432786,0.00998645168764533,134,0.31487321853637695,-170.98510720000002
2742,-184.88254000000003,0.7254938546206746,0.00998645168764533,134,0.31064915657043457,-170.94992240000002
2743,-184.88182000000003,0.5162733943312804,0.00998645168764533,134,0.3136892318725586,-171.32025800000002
2744,-184.88254000000003,0.5851625437750968,0.00998645168764533,134,0.32730817794799805,-171.32025800000002
2745,-184.88182000000003,0.494613872034781,0.00998645168764533,134,0.31203579902648926,-171.5330844
2746,-184.88254000000003,0.588377666902909,0.00998645168764533,134,0.3557119369506836,-171.53280680000003
2747,-164.7054200000001,0.6634160902738212,0.00998645168764533,871,2.228724241256714,-171.12927880000004
2748,-186.64178,0.5456542308736396,0.00998645168764533,114,0.29513072967529297,-171.13957520000002
2749,-169.7582600000001,0.6345503277157594,0.00998645168764533,911,2.2373201847076416,-171.22791960000004
2750,-186.9823,0.4242979944753113,0.00998645168764533,134,0.3107779026031494,-171.2848008
2751,-184.89714,0.41959774167863306,0.00998645168764533,135,0.31816792488098145,-171.55083560000003
2752,-173.35402000000005,0.7734898375027549,0.00998645168764533,335,0.8065180778503418,-171.32026520000002
2753,-184.88182000000003,0.8679430534951945,0.00998645168764533,134,0.32318592071533203,-171.58985640000003
2754,-184.88254000000003,0.6571296214390157,0.00998645168764533,134,0.32495784759521484,-171.5837568
2755,-184.88182000000003,0.5884463689915502,0.00998645168764533,134,0.3280918598175049,-171.5837568
2756,-164.4197000000001,0.6450900325958507,0.00998645168764533,911,2.227057933807373,-171.52644120000002
2757,-172.77482000000003,0.628434700847388,0.00998645168764533,307,0.7920899391174316,-171.28428680000002
2758,-171.28842000000003,0.7393283609267884,0.00998645168764533,339,0.8500730991363525,-171.0124188
2759,-184.88254000000003,0.7980411301450386,0.00998645168764533,134,0.33070802688598633,-171.0062808
2760,-172.57054000000005,0.7708174353683473,0.00998645168764533,299,0.7283658981323242,-170.7600552
2761,-175.92552000000003,0.7467368372298521,0.00998645168764533,609,1.4716436862945557,-170.5809292
2762,-172.15456000000003,0.7118263214679383,0.00998645168764533,329,0.800236701965332,-170.71755200000004
2763,-166.31990000000005,0.5863089868891291,0.00998645168764533,403,0.9937138557434082,-170.34629920000003
2764,-163.94968000000003,0.5881462424558092,0.00998645168764533,385,0.9705491065979004,-169.92765640000002
2765,-184.88254000000003,0.6348489348901741,0.00998645168764533,134,0.3329010009765625,-170.17650120000002
2766,-171.58314000000004,0.6962389945665486,0.00998645168764533,351,0.8541371822357178,-169.91022120000002
2767,-184.88254000000003,0.774165145295269,0.00998645168764533,134,0.3662910461425781,-174.2051504
2768,-185.18944000000002,0.7391007125570342,0.00998645168764533,145,0.3874051570892334,-174.57668960000004
2769,-177.22768000000005,0.6489597569018053,0.00998645168764533,217,0.5946769714355469,-174.8306832
2770,-184.88254000000003,0.7062594595003817,0.00998645168764533,134,0.4651479721069336,-174.8306832
2771,-184.88182000000003,0.5189417762118879,0.00998645168764533,134,0.40182018280029297,-174.82451640000002
2772,-172.89298000000005,0.6461493903889682,0.00998645168764533,314,0.797370195388794,-174.78684560000002
2773,-167.33784000000006,0.7499085548885265,0.00998645168764533,304,0.7659440040588379,-174.43595160000004
2774,-166.61320000000006,0.7292820390034169,0.00998645168764533,313,0.7709100246429443,-174.03538000000003
2775,-181.31380000000001,0.8877467671352461,0.00998645168764533,164,0.4070110321044922,-174.1964464
2776,-184.91096000000002,0.7888002855812802,0.00998645168764533,136,0.33637118339538574,-178.33610240000002
2777,-184.89714,0.8655204206153199,0.00998645168764533,135,0.3343689441680908,-178.49552720000003
2778,-184.89714,1.0034300053561176,0.00998645168764533,135,0.33147120475769043,-178.49583360000005
2779,-184.88182000000003,0.8944056505309557,0.00998645168764533,134,0.32970190048217773,-178.861206
2780,-184.88182000000003,0.6359420565735382,0.00998645168764533,134,0.32948803901672363,-178.85509200000004
2781,-172.38344000000004,0.6698838477457992,0.00998645168764533,289,0.8204066753387451,-178.60512440000002
2782,-172.54008000000005,0.6845413591612368,0.00998645168764533,297,0.832024097442627,-178.52265680000005
2783,-172.48608000000004,0.8931880953654215,0.00998645168764533,345,0.9612240791320801,-178.62562160000004
2784,26.853360000000215,0.7068448039693758,0.00998645168764533,1000,2.703329086303711,-174.63775280000002
2785,-180.45870000000002,0.49936014323377576,0.00998645168764533,174,0.4536440372467041,-174.54927600000002
2786,-161.86147999999991,0.6721080650525455,0.00998645168764533,596,1.626878023147583,-174.49719600000003
2787,-171.74103999999997,0.632634511567364,0.00998645168764533,905,2.408350944519043,-174.23407400000005
2788,-185.19016000000002,0.7644504766975497,0.00998645168764533,145,0.3831617832183838,-174.24022640000004
2789,-184.88182000000003,0.6152259610496017,0.00998645168764533,134,0.33150315284729004,-174.4058448
2790,-184.89642,0.8178625414768855,0.00998645168764533,135,0.3317902088165283,-174.40612240000002
2791,-184.88254000000003,0.7772982304415373,0.00998645168764533,134,0.33377814292907715,-174.4061368
2792,-184.89642,0.6341868447622767,0.00998645168764533,135,0.33585476875305176,-174.40641440000002
2793,-184.88182000000003,0.6173765844623766,0.00998645168764533,134,0.33597898483276367,-174.40641440000002
2794,-184.13824000000002,0.6359777647102701,0.00998645168764533,145,0.3548622131347656,-174.39152840000003
2795,-184.88254000000003,0.6395585728294925,0.00998645168764533,134,0.3399050235748291,-174.39154280000002
2796,-184.89642,0.8909444240439269,0.00998645168764533,135,0.3636019229888916,-174.39182040000003
2797,-184.88182000000003,0.6847597396056821,0.00998645168764533,134,0.368319034576416,-174.79534840000005
2798,-186.12696,0.8796031957155921,0.00998645168764533,144,0.39777207374572754,-174.78505200000004
2799,-184.88182000000003,0.752995046050246,0.00998645168764533,134,0.33380913734436035,-175.08752320000002
2800,-182.55918000000003,0.8602012761269064,0.00998645168764533,174,0.4935719966888428,-174.9990608
2801,-184.91096000000002,1.0427421473569292,0.00998645168764533,136,0.41387009620666504,-174.9993372
2802,-170.28557999999992,0.8155319025418958,0.00998645168764533,847,2.266375780105591,-174.93796840000002
2803,-163.8033,0.8843023113564349,0.00998645168764533,1130,3.173497200012207,-174.516398
2804,-162.79579999999999,0.6211261965956728,0.00998645168764533,1085,2.8885462284088135,-174.07466320000003
2805,-185.18944000000002,0.6755502230776795,0.00998645168764533,145,0.40873003005981445,-174.08081560000002
2806,-184.88254000000003,0.6350585251712977,0.00998645168764533,134,0.37443995475769043,-174.49007240000003
2807,-176.60556000000003,0.7822501969239157,0.00998645168764533,540,1.414350986480713,-174.56668720000002
2808,-179.99792000000002,0.5334392579556522,0.00998645168764533,649,1.6312148571014404,-174.74087720000003
2809,-165.88852000000003,0.5533337095957137,0.00998645168764533,332,0.816493034362793,-174.36099680000004
2810,-184.88182000000003,0.7955105901945994,0.00998645168764533,134,0.33710312843322754,-174.60722240000004
2811,-184.88182000000003,0.6558423148634941,0.00998645168764533,134,0.32735514640808105,-174.78634840000004
2812,-184.88182000000003,0.538841737392567,0.00998645168764533,134,0.359281063079834,-175.0408936
2813,-184.89642,0.6521962642048796,0.00998645168764533,135,0.3695862293243408,-175.41242400000002
2814,-184.88254000000003,0.7279260033991799,0.00998645168764533,134,0.34099912643432617,-175.8310812
2815,-185.18944000000002,0.7605641199404309,0.00998645168764533,145,0.37639927864074707,-175.8372192
2816,-184.88254000000003,0.5170071609735266,0.00998645168764533,134,0.3332381248474121,-176.10320720000004
2817,-184.88182000000003,0.5877236257891045,0.00998645168764533,134,0.41026973724365234,-176.10319280000004
2818,-160.12205999999998,0.7453670114471983,0.00998645168764533,511,1.6078150272369385,-175.6018452
2819,-184.88182000000003,0.6126607174554201,0.00998645168764533,134,0.36713480949401855,-175.754928
2820,-184.88254000000003,0.7296447236083948,0.00998645168764533,134,0.36702418327331543,-175.754928
2821,-161.0545799999999,0.6863790335834381,0.00998645168764533,1050,3.328788995742798,-175.27838320000004
2822,-170.84259999999995,0.7088670486633977,0.00998645168764533,1125,2.747354030609131,-175.2373756
2823,-184.88254000000003,0.4694653751099232,0.00998645168764533,134,0.325484037399292,-175.58826960000002
2824,-184.88182000000003,0.564685998595695,0.00998645168764533,134,0.327686071395874,-175.953642
2825,-184.88254000000003,0.6562937762616063,0.00998645168764533,134,0.38005876541137695,-176.0250168
2826,-170.23980000000003,0.6052614032203527,0.00998645168764533,789,2.0053131580352783,-175.73159360000002
2827,-159.3798,0.5332552070102051,0.00998645168764533,573,1.4957687854766846,-175.22124680000002
2828,-165.60371999999992,0.5453901027831118,0.00998645168764533,772,1.8856630325317383,-174.8353784
2829,-184.88254000000003,0.492901772059111,0.00998645168764533,134,0.3318147659301758,-174.83539280000002
2830,-184.88182000000003,0.5153838451117722,0.00998645168764533,134,0.33793091773986816,-174.83539280000002
2831,-184.88182000000003,0.5178752118103039,0.00998645168764533,134,0.3304119110107422,-175.08536039999998
2832,-166.34872000000001,0.7462585847658875,0.00998645168764533,449,1.094209909439087,-174.96153320000002
2833,-184.88182000000003,0.44765448724545204,0.00998645168764533,134,0.3678290843963623,-175.209448
2834,-184.88182000000003,0.5867411368874027,0.00998645168764533,134,0.3376271724700928,-179.4441516
2835,-184.88254000000003,0.705523726113363,0.00998645168764533,134,0.38565492630004883,-179.53262840000002
2836,-178.08163999999985,0.689899787414932,0.00998645168764533,1253,3.1715497970581055,-179.8570316
2837,-184.89714,0.6304926393070707,0.00998645168764533,135,0.32701897621154785,-180.1201536
2838,-184.88254000000003,0.6576276434404748,0.00998645168764533,134,0.32950615882873535,-180.11400120000002
2839,-184.88182000000003,0.7990520509627106,0.00998645168764533,134,0.3247029781341553,-180.11400120000002
2840,-184.89714,0.6542371827626118,0.00998645168764533,135,0.32769203186035156,-180.11401560000002
2841,-174.46790000000004,0.6270302355104892,0.00998645168764533,439,1.0644910335540771,-179.9057228
2842,26.20839999999987,0.565620710318768,0.00998645168764533,1064,2.6257917881011963,-175.68362640000004
2843,-179.60264,0.5034652344082765,0.00998645168764533,184,0.4511728286743164,-175.5780428
2844,-184.88182000000003,0.6325371484133179,0.00998645168764533,134,0.3259761333465576,-175.5929144
2845,-170.57467999999983,0.4796625264809308,0.00998645168764533,965,2.386604070663452,-175.3067572
2846,-184.91168000000002,0.5316219028866138,0.00998645168764533,136,0.35156869888305664,-175.3070624
2847,-186.64178,0.7381372066263697,0.00998645168764533,114,0.32155609130859375,-175.34226160000003
2848,-165.34063999999995,0.5790945675265643,0.00998645168764533,560,1.434568166732788,-174.9265352
2849,-181.77244000000005,0.6218121840522819,0.00998645168764533,788,2.0139458179473877,-174.8643476
2850,-184.88182000000003,0.49410510471146274,0.00998645168764533,134,0.3501880168914795,-174.9108004
2851,-184.88254000000003,0.44745122765733014,0.00998645168764533,134,0.4218769073486328,-174.910232
2852,-171.47422000000006,0.6038995670122483,0.00998645168764533,347,0.9317209720611572,-174.9340048
2853,-184.89714,0.6278730970151999,0.00998645168764533,135,0.43384385108947754,-175.35588160000003
2854,-173.55826000000005,0.5969182124538229,0.00998645168764533,395,1.1087539196014404,-175.57113080000002
2855,-176.92662000000004,0.5516527994430344,0.00998645168764533,203,0.5115869045257568,-175.40587440000002
2856,-184.88182000000003,0.7739362746004516,0.00998645168764533,134,0.3801720142364502,-175.40586000000002
2857,-184.88182000000003,0.47092765206193077,0.00998645168764533,134,0.3822469711303711,-175.5713852
2858,-185.19016000000002,0.4576850795026483,0.00998645168764533,145,0.36919689178466797,-175.67523
2859,-186.64178,0.7980538098827789,0.00998645168764533,114,0.28017687797546387,-176.0902952
2860,-184.02648000000002,0.7004470437985018,0.00998645168764533,144,0.4462871551513672,-176.0731884
2861,-166.52922000000012,0.6644496664093705,0.00998645168764533,859,2.447880983352661,-175.70613640000002
2862,-184.88182000000003,0.8196354530779506,0.00998645168764533,134,0.39082789421081543,-175.70613640000002
2863,20.90335999999993,0.6803139815428012,0.00998645168764533,1320,3.6710920333862305,-171.5901408
2864,-184.88254000000003,0.7256984531935027,0.00998645168764533,134,0.36435890197753906,-171.5901408
2865,-184.88182000000003,0.5407147042717395,0.00998645168764533,134,0.4446828365325928,-171.5839884
2866,-185.18944000000002,0.6746532794923104,0.00998645168764533,145,0.37555694580078125,-171.5901264
2867,-185.18752000000003,0.4584471622803088,0.00998645168764533,145,0.37772274017333984,-171.59624040000003
2868,-169.19350000000003,0.5857917447356583,0.00998645168764533,342,0.9082341194152832,-171.77766920000002
2869,-185.18752000000003,0.5659809835576292,0.00998645168764533,145,0.35380005836486816,-171.78378320000004
2870,-180.45870000000002,0.5312748638827397,0.00998645168764533,174,0.4620323181152344,-171.69530640000002
2871,-165.88852000000003,0.5921464270956994,0.00998645168764533,332,0.882565975189209,-171.79198520000003
2872,-184.88182000000003,0.611674288829872,0.00998645168764533,134,0.3316080570220947,-172.07276960000002
2873,-184.88182000000003,0.6124028772560518,0.00998645168764533,134,0.39035892486572266,-172.07275520000002
2874,-176.21122000000003,0.626055017742291,0.00998645168764533,623,1.5644519329071045,-171.89934320000003
2875,-173.20312000000004,0.6642728544613148,0.00998645168764533,329,0.8082060813903809,-171.66575480000003
2876,-184.89642,0.5179392336902243,0.00998645168764533,135,0.32971787452697754,-171.95888720000002
2877,-166.33400000000006,0.7591871785300196,0.00998645168764533,304,0.8701169490814209,-172.09797120000002
2878,-171.03860000000006,0.6732107646304828,0.00998645168764533,325,0.7896897792816162,-172.20666880000005
2879,-184.88254000000003,0.5655501251484254,0.00998645168764533,134,0.32559895515441895,-172.20666880000005
2880,-184.88182000000003,0.8228358750426169,0.00998645168764533,134,0.32439303398132324,-172.20666880000005
2881,-184.89642,0.7252438609108881,0.00998645168764533,135,0.39387083053588867,-172.20696080000002
2882,-184.88182000000003,0.7299785211181907,0.00998645168764533,134,0.3359191417694092,-172.57762280000003
2883,-184.88254000000003,0.9878823438019895,0.00998645168764533,134,0.3815288543701172,-172.57763720000003
2884,-172.86312000000007,0.7221115265363971,0.00998645168764533,312,0.8313291072845459,-172.33726320000002
2885,-184.89642,0.6324081390751181,0.00998645168764533,135,0.34715986251831055,-172.33754080000003
2886,-185.19016000000002,0.7216548317593747,0.00998645168764533,145,0.35059595108032227,-172.47971120000003
2887,-161.0965599999999,0.7757062072389836,0.00998645168764533,1145,2.8777830600738525,-172.00369960000003
2888,-184.88182000000003,0.5456204921660472,0.00998645168764533,134,0.32967305183410645,-172.00368520000004
2889,-165.26725999999982,0.7238424530694452,0.00998645168764533,911,2.2841689586639404,-171.61139400000005
2890,-184.88182000000003,0.752417741301678,0.00998645168764533,134,0.3426699638366699,-171.61108760000002
2891,-184.88182000000003,0.5657760677442177,0.00998645168764533,134,0.3446061611175537,-171.819366
2892,-184.88182000000003,0.5180550659033678,0.00998645168764533,134,0.324084997177124,-176.0411704
2893,-182.21866000000003,0.6984367765752333,0.00998645168764533,154,0.396561861038208,-176.09349080000004
2894,-184.89642,0.632367235035808,0.00998645168764533,135,0.3313779830932617,-176.0937828
2895,-184.88182000000003,0.6360494527173465,0.00998645168764533,134,0.32965683937072754,-176.37992560000004
2896,-184.88182000000003,0.520188681454634,0.00998645168764533,134,0.32656168937683105,-176.37932840000002
2897,-172.87736000000004,0.6586550764037302,0.00998645168764533,313,0.8141031265258789,-176.10404000000003
2898,-185.18944000000002,0.7630272869534533,0.00998645168764533,145,0.4254889488220215,-176.50101600000002
2899,-184.88254000000003,0.5681379634483871,0.00998645168764533,134,0.3437998294830322,-176.563218
2900,-184.88182000000003,0.7544627110682317,0.00998645168764533,134,0.33444786071777344,-176.563218
2901,-184.88254000000003,0.6611955285927197,0.00998645168764533,134,0.45703601837158203,-176.563218
2902,-184.13752000000002,0.9576125531489479,0.00998645168764533,145,0.3684051036834717,-176.81648400000003
2903,-185.19016000000002,0.8723991490515142,0.00998645168764533,145,0.4672081470489502,-176.82234440000005
2904,-171.06132000000002,0.8288868169910435,0.00998645168764533,580,1.4644558429718018,-176.7724056
2905,-165.91957999999988,0.8184449726034055,0.00998645168764533,787,1.959434986114502,-176.55226480000002
2906,-185.19016000000002,0.6340992159884552,0.00998645168764533,145,0.3549809455871582,-176.55843160000003
2907,-184.88254000000003,0.8711557084722306,0.00998645168764533,134,0.33358216285705566,-176.55844600000003
2908,-185.19016000000002,0.7851569554222555,0.00998645168764533,145,0.36301279067993164,-176.55844600000003
2909,-184.88254000000003,0.7539072007899965,0.00998645168764533,134,0.3551790714263916,-176.5232612
2910,-184.88254000000003,0.7538323385446374,0.00998645168764533,134,0.3296692371368408,-176.54038240000003
2911,-184.88254000000003,0.9877383304106544,0.00998645168764533,134,0.361940860748291,-176.90744880000003
2912,-184.88182000000003,0.8937673637810261,0.00998645168764533,134,0.3240668773651123,-176.90744880000003
2913,-184.88182000000003,0.8247766558484021,0.00998645168764533,134,0.33033013343811035,-181.02315240000004
2914,-172.74774000000005,0.7770044351684453,0.00998645168764533,306,0.7690191268920898,-180.78045640000005
2915,-171.70356000000007,0.792676837843548,0.00998645168764533,357,0.9412789344787598,-180.51689120000003
2916,-184.88182000000003,0.6384015570936808,0.00998645168764533,134,0.4210188388824463,-180.51073880000004
2917,-170.61520000000004,0.914153582990536,0.00998645168764533,305,1.0190818309783936,-180.2192924
2918,-184.88254000000003,1.0343743839593076,0.00998645168764533,134,0.40707898139953613,-180.53307320000005
2919,-184.88182000000003,0.7318352800863448,0.00998645168764533,134,0.3609771728515625,-180.52695920000002
2920,-185.19016000000002,0.7651019401976774,0.00998645168764533,145,0.4191410541534424,-180.62158840000004
2921,-184.88182000000003,1.1526836731276517,0.00998645168764533,134,0.383512020111084,-181.00145440000003
2922,-184.89642,0.9824490810916932,0.00998645168764533,135,0.39884114265441895,-181.0017464
2923,-184.88182000000003,1.1300550016727466,0.00998645168764533,134,0.484224796295166,-181.0017464
2924,-184.89714,0.912145696932243,0.00998645168764533,135,0.4659872055053711,-181.17546480000001
2925,-180.45870000000002,1.1466860073008414,0.00998645168764533,174,0.5878043174743652,-181.32057640000002
2926,-184.88182000000003,1.1519655893181464,0.00998645168764533,134,0.41907405853271484,-181.32028440000002
2927,-184.88254000000003,0.9881521777750285,0.00998645168764533,134,0.4203197956085205,-181.6912552
2928,-166.38230000000004,0.7994937951713379,0.00998645168764533,354,0.9688990116119385,-181.59812920000002
2929,-176.01168000000004,0.8246410770127862,0.00998645168764533,209,0.5065970420837402,-181.420712
2930,-184.88182000000003,1.0585238129011731,0.00998645168764533,134,0.327423095703125,-181.420712
2931,-154.59173999999985,0.9165037360823073,0.00998645168764533,1138,2.8386857509613037,-180.81461840000003
2932,-178.67508000000004,1.0586791467611436,0.00998645168764533,189,0.4662809371948242,-180.6904836
2933,-184.88182000000003,0.6634014325855828,0.00998645168764533,134,0.3243849277496338,-180.6904692
2934,-184.88110000000003,0.9421394343293313,0.00998645168764533,134,0.3258178234100342,-180.93082880000003
2935,-171.66568000000004,1.1609747827602703,0.00998645168764533,305,0.748870849609375,-180.666214
2936,-184.88254000000003,1.0590823589921443,0.00998645168764533,134,0.3365039825439453,-180.6600616
2937,-176.01168000000004,0.9903100548873535,0.00998645168764533,209,0.513178825378418,-180.95836400000005
2938,-166.5232199999999,1.0438085096423335,0.00998645168764533,619,1.5000791549682617,-180.591192
2939,-184.88254000000003,0.8731742160353086,0.00998645168764533,134,0.32637786865234375,-180.98349760000002
2940,-184.88182000000003,0.9436269841407106,0.00998645168764533,134,0.32566308975219727,-180.98349760000002
2941,-184.13896000000003,1.1331783673758138,0.00998645168764533,145,0.3920600414276123,-180.9686404
2942,19.616640000000178,0.8796530083953933,0.00998645168764533,1336,3.2370128631591797,-176.8786712
2943,-184.88182000000003,0.7773437782037836,0.00998645168764533,134,0.3251171112060547,-176.93193440000002
2944,-167.61072000000004,0.8158907522442024,0.00998645168764533,865,2.0785789489746094,-176.58622040000003
2945,-185.19016000000002,0.7862894921081847,0.00998645168764533,145,0.35050296783447266,-176.59238720000002
2946,-184.88182000000003,0.7308844697953605,0.00998645168764533,134,0.3248450756072998,-176.59238720000002
2947,-166.61320000000006,0.7400990376701228,0.00998645168764533,313,0.7649269104003906,-176.46710400000003
2948,-184.88182000000003,0.8501493198338396,0.00998645168764533,134,0.3265957832336426,-176.46095160000002
2949,-166.41422000000006,0.8337271103333661,0.00998645168764533,358,0.9005041122436523,-176.0915852
2950,-184.88182000000003,0.7077904354586307,0.00998645168764533,134,0.3237760066986084,-176.0915852
2951,-169.63326000000004,0.6701661206423838,0.00998645168764533,411,0.9986929893493652,-175.78659960000002
2952,-185.19016000000002,0.7222957414928182,0.00998645168764533,145,0.35054707527160645,-175.8076524
2953,-171.66064000000003,0.6768705342300847,0.00998645168764533,305,0.736893892288208,-175.537062
2954,20.22336000000014,0.6524228025091826,0.00998645168764533,1096,2.8003249168395996,-171.71136840000003
2955,-184.89714,0.5381362149698867,0.00998645168764533,135,0.38489818572998047,-172.0909196
2956,-184.88254000000003,0.7277706888810134,0.00998645168764533,134,0.5077710151672363,-172.08476720000002
2957,-185.18752000000003,0.5684106350715818,0.00998645168764533,145,0.4165160655975342,-172.09086680000001
2958,-184.88254000000003,0.3540863884237609,0.00998645168764533,134,0.43671321868896484,-172.08471440000002
2959,-165.44958000000003,0.6444985090399166,0.00998645168764533,411,1.1685869693756104,-171.69605520000002
2960,-184.88182000000003,0.7037758653246756,0.00998645168764533,134,0.37045812606811523,-171.69604080000002
2961,-185.18944000000002,0.6100786019180869,0.00998645168764533,145,0.3605659008026123,-171.7021788
2962,-185.18752000000003,0.6751876015922633,0.00998645168764533,145,0.36116504669189453,-171.7082928
2963,-162.14714000000004,0.678660554734879,0.00998645168764533,755,2.005641222000122,-171.25359920000002
2964,25.116800000000218,0.6593331819555411,0.00998645168764533,1032,2.6049611568450928,-167.29630840000002
2965,-184.88254000000003,0.5423823475921109,0.00998645168764533,134,0.32700324058532715,-167.55988800000003
2966,-181.31380000000001,0.7540848786465641,0.00998645168764533,164,0.3997659683227539,-167.48852760000003
2967,-171.41506000000007,0.5204205342078051,0.00998645168764533,1035,2.8031978607177734,-167.5045248
2968,-185.56164,0.5053207965158835,0.00998645168764533,164,0.44626688957214355,-167.51810680000003
2969,-184.88182000000003,0.3751087638396603,0.00998645168764533,134,0.3465151786804199,-167.51810680000003
2970,-184.88254000000003,0.6098480464876699,0.00998645168764533,134,0.33260273933410645,-167.5119544
2971,24.359520000000085,0.49303293585728264,0.00998645168764533,760,1.8961777687072754,-163.3271276
2972,-184.88182000000003,0.6148141107118842,0.00998645168764533,134,0.33370494842529297,-163.3268356
2973,-185.18944000000002,0.7207283334678103,0.00998645168764533,145,0.3585498332977295,-163.332988
2974,-184.88182000000003,0.5917853088528195,0.00998645168764533,134,0.33044004440307617,-163.3326816
2975,-185.18752000000003,0.6763299998474018,0.00998645168764533,145,0.3547823429107666,-163.42725800000002
2976,-184.88182000000003,0.5676455113953397,0.00998645168764533,134,0.3587818145751953,-163.42725800000002
2977,-184.89714,0.6323987537650047,0.00998645168764533,135,0.3746051788330078,-163.42755
2978,-184.88182000000003,0.7513394853197483,0.00998645168764533,134,0.3248720169067383,-163.7975404
2979,29.70296000000023,0.6493467459150235,0.00998645168764533,1680,4.116042137145996,-159.68324760000002
2980,-184.66806000000003,0.3696823643852325,0.00998645168764533,174,0.42597198486328125,-159.6789724
2981,-184.88254000000003,0.5652565051551297,0.00998645168764533,134,0.3283960819244385,-160.28478840000002
2982,-178.45820000000003,0.45443781760103746,0.00998645168764533,580,1.4170811176300049,-160.2804508
2983,-184.88182000000003,0.6837451079957632,0.00998645168764533,134,0.33092713356018066,-160.2804508
2984,-184.89714,0.6093151266238204,0.00998645168764533,135,0.3306996822357178,-160.2807716
2985,-171.59708000000003,0.5336927947488875,0.00998645168764533,253,0.622147798538208,-160.2793996
2986,-184.88254000000003,0.7044082362093588,0.00998645168764533,134,0.3463878631591797,-160.2793996
2987,-184.88254000000003,0.6126589126217721,0.00998645168764533,134,0.32682108879089355,-160.4568168
2988,-184.88182000000003,0.5640307830771737,0.00998645168764533,134,0.3270139694213867,-160.8239888
2989,-184.88182000000003,0.5889744106263145,0.00998645168764533,134,0.33523106575012207,-160.8239744
2990,-185.18944000000002,0.6759822794717961,0.00998645168764533,145,0.3595771789550781,-160.83012680000002
2991,-185.18752000000003,0.9371699734623062,0.00998645168764533,145,0.35683703422546387,-160.851098
2992,15.45368000000024,0.5470560503832164,0.00998645168764533,1272,3.1063640117645264,-160.93435720000002
2993,-184.89642,0.30637050402109267,0.00998645168764533,135,0.3343820571899414,-160.9346492
2994,25.395759999999836,0.5638897296712598,0.00998645168764533,1544,3.976016044616699,-157.0745196
2995,-184.88254000000003,0.5159048531690974,0.00998645168764533,134,0.33597397804260254,-157.0683672
2996,-173.10202000000004,0.531143178476414,0.00998645168764533,322,0.7997009754180908,-156.8327712
2997,-166.40818000000002,0.5199571508074731,0.00998645168764533,355,0.8692269325256348,-156.82867080000003
2998,-184.89714,0.5379796207020128,0.00998645168764533,135,0.3361520767211914,-156.8289772
2999,-184.89642,0.7027888599783182,0.00998645168764533,135,0.33632612228393555,-157.19862120000002
3000,-184.88182000000003,0.541205926714882,0.00998645168764533,134,0.33333778381347656,-157.19862120000002
3001,-184.02576000000002,0.5925890549034294,0.00998645168764533,144,0.35563015937805176,-157.4864712
3002,-184.88182000000003,0.754619840150282,0.00998645168764533,134,0.32720088958740234,-157.4803044
3003,-159.21876000000003,0.4504709829996645,0.00998645168764533,565,1.4033918380737305,-157.23146680000002
3004,-186.64178,0.6609102023700089,0.00998645168764533,114,0.2802162170410156,-161.3687696
3005,-184.88182000000003,0.4263157466593296,0.00998645168764533,134,0.3271489143371582,-161.3684632
3006,-184.88254000000003,0.587304402796079,0.00998645168764533,134,0.32630395889282227,-161.3684632
3007,-184.88254000000003,0.5195974869333875,0.00998645168764533,134,0.32947802543640137,-161.3623636
3008,-185.07504,0.6590575591091894,0.00998645168764533,144,0.35355687141418457,-161.3662136
3009,-184.88182000000003,0.6360152081808826,0.00998645168764533,134,0.32877206802368164,-161.75485840000002
3010,-170.72408000000004,0.7656897335220386,0.00998645168764533,361,0.8951699733734131,-161.4717036
3011,-167.10825999999994,0.548263839776397,0.00998645168764533,747,1.9495701789855957,-161.11008
3012,-168.07966000000005,0.438596223342782,0.00998645168764533,283,0.7113778591156006,-160.7679228
3013,-174.41614000000004,0.6918803794522597,0.00998645168764533,590,1.472154140472412,-161.01330280000002
3014,-184.88182000000003,0.7313723633997142,0.00998645168764533,134,0.3354790210723877,-165.21327520000003
3015,-184.88182000000003,0.7085978244222811,0.00998645168764533,134,0.3511662483215332,-165.21326080000003
3016,-184.88182000000003,0.6607685136719982,0.00998645168764533,134,0.4238100051879883,-165.2846212
3017,-184.88182000000003,0.755663657825051,0.00998645168764533,134,0.40645408630371094,-165.55395640000003
3018,-174.97536,0.6935953472280774,0.00998645168764533,1273,3.5133981704711914,-165.34223080000004
3019,-185.18944000000002,0.8053908923833535,0.00998645168764533,145,0.3764779567718506,-165.34838320000003
3020,-172.43464000000003,0.5184724584937204,0.00998645168764533,345,0.9198172092437744,-165.0994252
3021,28.234000000000147,0.5801243885775917,0.00998645168764533,872,2.191744089126587,-165.0219356
3022,-184.88254000000003,0.6370750510397909,0.00998645168764533,134,0.40262699127197266,-165.02195
3023,-184.89642,0.6771533394163406,0.00998645168764533,135,0.38022398948669434,-165.01608960000002
3024,-168.27624000000003,0.5718563858419656,0.00998645168764533,345,0.9166207313537598,-164.68397800000002
3025,-184.88182000000003,0.7539729760236927,0.00998645168764533,134,0.3864288330078125,-164.677864
3026,-184.88182000000003,0.6601713435210065,0.00998645168764533,134,0.3440878391265869,-164.677864
3027,-164.23540000000003,0.7106541978139983,0.00998645168764533,404,1.0387458801269531,-164.26462920000003
3028,18.147280000000023,0.6898315763187461,0.00998645168764533,1400,3.7272489070892334,-160.2040472
3029,-184.88182000000003,0.5655999842391752,0.00998645168764533,134,0.4251880645751953,-164.49574280000002
3030,24.467440000000163,0.5410517180035319,0.00998645168764533,1112,2.8770580291748047,-160.31303280000003
3031,-184.88182000000003,0.7978557758658791,0.00998645168764533,134,0.3808722496032715,-160.31301840000003
3032,-177.69790000000003,0.4410860802749393,0.00998645168764533,590,1.4722249507904053,-160.29781240000003
3033,16.05943999999997,0.42871980228278034,0.00998645168764533,752,2.0062029361724854,-156.27898720000002
3034,-184.88182000000003,0.561946556993774,0.00998645168764533,134,0.3869199752807617,-156.27868080000002
3035,-184.89642,0.3292530101620489,0.00998645168764533,135,0.34649109840393066,-156.54466760000003
3036,-184.88254000000003,0.3086366790047944,0.00998645168764533,134,0.33992910385131836,-156.54466760000003
3037,-184.88182000000003,0.5166815715327636,0.00998645168764533,134,0.3536560535430908,-156.5446532
3038,-168.98688000000004,0.396403763193418,0.00998645168764533,425,1.0704960823059082,-156.2267544
3039,-184.88182000000003,0.35248440301129175,0.00998645168764533,134,0.32802700996398926,-156.2267544
3040,-184.88182000000003,0.6799427959650978,0.00998645168764533,134,0.3263969421386719,-156.220602
3041,-184.88182000000003,0.5629235200945344,0.00998645168764533,134,0.32235097885131836,-156.21448800000002
3042,-184.88254000000003,0.5201292898950737,0.00998645168764533,134,0.3247959613800049,-160.2212124
3043,-167.60704000000004,0.44348258079852587,0.00998645168764533,361,0.9048781394958496,-159.87542480000002
3044,-184.88254000000003,0.47159305308014154,0.00998645168764533,134,0.34286999702453613,-164.08099080000002
3045,-172.07532000000003,0.5587078137366377,0.00998645168764533,324,0.7910230159759521,-163.8248464
3046,-165.27997999999985,0.5021042969395414,0.00998645168764533,1607,3.91186785697937,-163.66840560000003
3047,-184.89714,0.5357255913696631,0.00998645168764533,135,0.33045196533203125,-164.0381848
3048,18.277760000000036,0.48024593503335683,0.00998645168764533,1152,2.8080766201019287,-159.97468680000003
3049,-184.88254000000003,0.3778849692403603,0.00998645168764533,134,0.32844090461730957,-159.9744092
3050,-186.12504,0.5256141481028559,0.00998645168764533,144,0.3510720729827881,-159.9992736
3051,-184.88182000000003,0.3289352138804744,0.00998645168764533,134,0.3288309574127197,-160.01639480000003
3052,-183.11870000000002,0.4076612369303091,0.00998645168764533,147,0.36530590057373047,-159.9811324
3053,-184.88182000000003,0.4506836273193137,0.00998645168764533,134,0.3302180767059326,-160.49439360000002
3054,-172.08788000000004,0.4117975744461784,0.00998645168764533,325,0.8438451290130615,-160.20331560000002
3055,-184.89714,0.5365966804808489,0.00998645168764533,135,0.37751293182373047,-160.20362200000002
3056,-184.88182000000003,0.6335782190757011,0.00998645168764533,134,0.34226083755493164,-160.20360760000003
3057,-184.89642,0.5348497269261214,0.00998645168764533,135,0.340482234954834,-160.20388520000003
3058,21.99680000000001,0.5416965186303114,0.00998645168764533,1320,3.4707820415496826,-156.06244840000002
3059,-184.88254000000003,0.4465466449975467,0.00998645168764533,134,0.33250927925109863,-156.06246280000002
3060,-184.88182000000003,0.4720335478560804,0.00998645168764533,134,0.3300309181213379,-156.3456176
3061,-185.19016000000002,0.6091328904578655,0.00998645168764533,145,0.4022500514984131,-156.7072556
3062,-168.77976000000007,0.4905236347919305,0.00998645168764533,817,2.051983118057251,-156.7212576
3063,-184.88182000000003,0.6336360189737057,0.00998645168764533,134,0.38765907287597656,-156.9305712
3064,-184.88254000000003,0.42425360818351826,0.00998645168764533,134,0.4026212692260742,-156.9305856
3065,-184.88182000000003,0.5881885606726047,0.00998645168764533,134,0.3571960926055908,-156.9305856
3066,-184.88182000000003,0.5876131859753948,0.00998645168764533,134,0.33611488342285156,-156.9305856
3067,-184.13824000000002,0.5261337658647319,0.00998645168764533,145,0.3678910732269287,-156.915714
3068,-160.77971999999997,0.5611703491091546,0.00998645168764533,493,1.3575501441955566,-156.6318012
3069,8.078800000000012,0.5701857653217139,0.00998645168764533,1072,2.9824271202087402,-152.76643640000003
3070,-184.88254000000003,0.5410279030077604,0.00998645168764533,134,0.43416810035705566,-153.0153944
3071,14.157680000000024,0.5063723662902314,0.00998645168764533,1608,4.818485736846924,-153.2969208
3072,-169.18308000000002,0.40862281576350884,0.00998645168764533,540,1.627554178237915,-152.9829316
3073,-184.88182000000003,0.37686061223885464,0.00998645168764533,134,0.3590049743652344,-152.98263960000003
3074,-172.15456000000003,0.5222879682007985,0.00998645168764533,329,0.9550321102142334,-153.06020600000002
3075,-162.08596000000006,0.5001850453664523,0.00998645168764533,996,2.836237907409668,-152.6042888
3076,-184.88254000000003,0.5402577145150237,0.00998645168764533,134,0.3666539192199707,-152.6043032
3077,-162.87865999999994,0.42171978491007267,0.00998645168764533,838,2.125994920730591,-152.5771684
3078,-184.88182000000003,0.42262153731269847,0.00998645168764533,134,0.37265515327453613,-156.63775040000002
3079,-184.88254000000003,0.4220579859328025,0.00998645168764533,134,0.36870503425598145,-156.6377648
3080,-170.48545999999993,0.38728233775302645,0.00998645168764533,959,2.718175172805786,-160.53682280000004
3081,-184.88254000000003,0.37391666029996945,0.00998645168764533,134,0.337846040725708,-160.53683720000004
3082,-185.18944000000002,0.3497108149599156,0.00998645168764533,145,0.36655592918395996,-160.68666800000003
3083,-185.73692,0.42904731900536364,0.00998645168764533,124,0.32035207748413086,-164.72259520000003
3084,-184.88254000000003,0.4914851451584541,0.00998645168764533,134,0.39139318466186523,-164.72260960000003
3085,-184.88182000000003,0.39694410001636665,0.00998645168764533,134,0.3382411003112793,-164.72231760000003
3086,-172.54008000000005,0.49964671248651615,0.00998645168764533,297,0.7294766902923584,-164.47546840000004
3087,-184.88254000000003,0.5159995006744875,0.00998645168764533,134,0.33177900314331055,-164.47548280000004
3088,-184.91168000000002,0.41735058508621636,0.00998645168764533,136,0.33847880363464355,-164.7939788
3089,-185.18944000000002,0.39314529043140595,0.00998645168764533,145,0.37435388565063477,-164.80013120000004
3090,-159.45265999999995,0.5344356291857109,0.00998645168764533,530,1.3239779472351074,-164.291548
3091,-172.08668000000006,0.6819429082566729,0.00998645168764533,325,0.8047680854797363,-164.0356452
3092,-184.88254000000003,0.4943845112905351,0.00998645168764533,134,0.325469970703125,-164.0356452
3093,-161.40454000000005,0.4575268376529926,0.00998645168764533,567,1.4183530807495117,-163.91159520000002
3094,-184.88182000000003,0.5386863912650343,0.00998645168764533,134,0.3330719470977783,-163.91158080000002
3095,-184.88254000000003,0.49475206381905434,0.00998645168764533,134,0.33529114723205566,-164.16772520000004
3096,-171.82496000000003,0.5770502951287757,0.00998645168764533,313,0.7884180545806885,-164.29862480000003
3097,-184.88182000000003,0.5423642520500875,0.00998645168764533,134,0.33761119842529297,-164.29831840000003
3098,-184.88182000000003,0.6817227617781887,0.00998645168764533,134,0.3491981029510498,-168.36151
3099,31.060320000000004,0.5830920080178206,0.00998645168764533,1336,3.318284034729004,-164.04265280000004
3100,-184.88182000000003,0.5424189131929359,0.00998645168764533,134,0.3360879421234131,-164.01778840000003
3101,-184.89714,0.35110761018952835,0.00998645168764533,135,0.3434302806854248,-164.01809480000003
3102,-162.13323999999986,0.6116375033419128,0.00998645168764533,660,1.659461259841919,-163.59838560000003
3103,-184.88182000000003,0.6130519236104368,0.00998645168764533,134,0.4291870594024658,-163.59838560000003
3104,-184.88182000000003,0.519390558156727,0.00998645168764533,134,0.33978700637817383,-163.85426440000003
3105,-184.88182000000003,0.6147118669364657,0.00998645168764533,134,0.43039417266845703,-163.85395800000003
3106,-185.19016000000002,0.6338277076403128,0.00998645168764533,145,0.37150120735168457,-163.86012480000002
3107,-184.88254000000003,0.7995900623847856,0.00998645168764533,134,0.38072800636291504,-163.8598472
3108,-172.90782000000004,0.635191945069366,0.00998645168764533,315,0.9773750305175781,-167.75793960000001
3109,-173.14868000000007,0.7513298395190101,0.00998645168764533,325,0.9489209651947021,-167.52326240000002
3110,-184.88254000000003,0.6368591699735331,0.00998645168764533,134,0.3466057777404785,-167.52327680000002
3111,-185.52096000000003,0.6905403093301824,0.00998645168764533,161,0.45669102668762207,-167.52989280000003
3112,-184.88182000000003,0.8469061177265622,0.00998645168764533,134,0.3771672248840332,-167.85193400000003
3113,-184.89714,0.8428834870733597,0.00998645168764533,135,0.3731570243835449,-167.8522404
3114,-184.88182000000003,0.7543734513125869,0.00998645168764533,134,0.3244647979736328,-167.852226
3115,-167.28476000000003,0.8192852522142466,0.00998645168764533,349,0.8614857196807861,-167.5002848
3116,-184.89642,0.8886691187266951,0.00998645168764533,135,0.33389711380004883,-167.5005768
3117,-184.88182000000003,0.5672563797196568,0.00998645168764533,134,0.33167600631713867,-167.51544840000003
3118,-185.19016000000002,0.7659651568031003,0.00998645168764533,145,0.3617711067199707,-168.00365720000002
3119,-165.14571999999998,0.9037831153158591,0.00998645168764533,749,2.01235294342041,-171.4681476
3120,-184.88182000000003,0.8733858382885358,0.00998645168764533,134,0.34010910987854004,-171.4681332
3121,-168.79552000000004,0.9265880968668382,0.00998645168764533,521,1.3487670421600342,-175.1271972
3122,-160.26099999999997,0.7475174359630706,0.00998645168764533,516,1.541466236114502,-174.9487556
3123,-184.88254000000003,0.8015303306642976,0.00998645168764533,134,0.37503910064697266,-174.94877
3124,-171.88532000000004,0.6619897103488802,0.00998645168764533,709,1.969918966293335,-174.94338520000002
3125,-184.89642,0.8189014994297866,0.00998645168764533,135,0.3328728675842285,-175.3995944
3126,-184.88182000000003,0.6834462466649711,0.00998645168764533,134,0.33027100563049316,-175.39958000000001
3127,-184.89714,0.887772038537595,0.00998645168764533,135,0.32982683181762695,-175.83994960000004
3128,-160.02903999999995,0.7440612448992888,0.00998645168764533,504,1.2804601192474365,-175.342894
3129,-184.88182000000003,0.754839872823222,0.00998645168764533,134,0.3401186466217041,-175.3428796
3130,-184.89642,0.818666820159113,0.00998645168764533,135,0.46655893325805664,-175.63109880000005
3131,-184.88254000000003,0.6624816029207475,0.00998645168764533,134,0.3711841106414795,-175.63109880000005
3132,-185.19016000000002,0.8297355454286625,0.00998645168764533,145,0.39121294021606445,-175.63111320000004
3133,34.03920000000008,0.7356986481964862,0.00998645168764533,1384,3.646527051925659,-171.23559080000004
3134,-185.19016000000002,0.7853710382727199,0.00998645168764533,145,0.4146549701690674,-171.24174320000003
3135,-184.32562000000001,0.6591264698654413,0.00998645168764533,154,0.38600826263427734,-171.2306192
3136,-184.88254000000003,0.7300532416635152,0.00998645168764533,134,0.337766170501709,-171.47746840000002
3137,-172.15384000000003,0.7923922487973352,0.00998645168764533,329,0.8600559234619141,-171.2228944
3138,-184.88254000000003,0.6842061187515953,0.00998645168764533,134,0.3336911201477051,-171.22231160000004
3139,-184.88254000000003,0.7070697415689591,0.00998645168764533,134,0.32765722274780273,-171.2161736
3140,-171.65992000000003,0.8707675600699225,0.00998645168764533,305,0.7859351634979248,-171.4603188
3141,-184.89714,0.840185563404251,0.00998645168764533,135,0.33785510063171387,-171.71652800000004
3142,-184.88254000000003,0.9193327119504449,0.00998645168764533,134,0.3743898868560791,-171.71652800000004
3143,-184.88254000000003,0.8252614827187204,0.00998645168764533,134,0.36795783042907715,-172.186088
3144,-185.19016000000002,1.0453973772839225,0.00998645168764533,145,0.361738920211792,-172.1922548
3145,-160.68059999999994,0.710242633287224,0.00998645168764533,589,1.4569611549377441,-171.70821600000002
3146,-170.99295999999978,0.6596786129839077,0.00998645168764533,1128,2.8681130409240723,-171.69157600000003
3147,-184.88182000000003,0.6598243801368039,0.00998645168764533,134,0.3393731117248535,-171.69157600000003
3148,26.552319999999725,0.6559353744296276,0.00998645168764533,1192,3.001542806625366,-167.4628932
3149,-185.18944000000002,0.5902866959186464,0.00998645168764533,145,0.3703181743621826,-171.7878884
3150,-160.51262,0.58685734833854,0.00998645168764533,527,1.2880518436431885,-171.30050440000002
3151,-184.88182000000003,0.4743908731503162,0.00998645168764533,134,0.32520127296447754,-171.30019800000002
3152,-184.88254000000003,0.7052835431992451,0.00998645168764533,134,0.32675600051879883,-171.755184
3153,-184.88182000000003,0.5652866810212718,0.00998645168764533,134,0.32872486114501953,-171.755184
3154,-184.88182000000003,0.6122307006353095,0.00998645168764533,134,0.32736897468566895,-171.755184
3155,-184.88254000000003,0.44828835028265396,0.00998645168764533,134,0.32415008544921875,-171.7551984
3156,-185.18752000000003,0.654937061847284,0.00998645168764533,145,0.3523120880126953,-171.75514560000002
3157,-184.88254000000003,0.563867600961352,0.00998645168764533,134,0.32462191581726074,-171.75514560000002
3158,-184.89642,0.4461468712116281,0.00998645168764533,135,0.33049607276916504,-171.9949176
3159,-184.88182000000003,0.7981429130895369,0.00998645168764533,134,0.3260488510131836,-172.2295804
3160,-184.88182000000003,0.8224418529364934,0.00998645168764533,134,0.3285970687866211,-172.229566
3161,-184.89714,0.7470664327067358,0.00998645168764533,135,0.3316349983215332,-172.21708960000004
3162,-184.88182000000003,0.7759135526660552,0.00998645168764533,134,0.326279878616333,-172.21708960000004
3163,-184.88182000000003,0.8710358873593496,0.00998645168764533,134,0.32581210136413574,-172.21678320000004
3164,-184.88254000000003,0.7072766130067297,0.00998645168764533,134,0.3240807056427002,-172.21679760000004
3165,-184.89642,0.5863056750209243,0.00998645168764533,135,0.3289370536804199,-172.56903080000004
3166,-166.25406000000004,0.7328565027054817,0.00998645168764533,347,0.8496561050415039,-172.1961836
3167,-184.89642,0.6563324427025186,0.00998645168764533,135,0.32900309562683105,-172.1964756
3168,-185.18824000000004,0.8279826456359748,0.00998645168764533,145,0.3511800765991211,-172.19643720000005
3169,-184.88182000000003,0.8250750614774983,0.00998645168764533,134,0.3246777057647705,-172.59115920000005
3170,-184.88182000000003,0.9420931367551102,0.00998645168764533,134,0.32602500915527344,-172.59115920000005
3171,-167.70551999999998,0.7681038614954081,0.00998645168764533,721,1.7413182258605957,-172.56935920000004
3172,-185.18824000000004,0.545866020081629,0.00998645168764533,145,0.370542049407959,-173.06790400000003
3173,-184.89642,1.003203322193413,0.00998645168764533,135,0.3301119804382324,-173.06818160000003
3174,-169.28840000000005,0.7963265137231641,0.00998645168764533,441,1.1907670497894287,-173.01624320000002
3175,-184.88838,1.1543487996531239,0.00998645168764533,131,0.33214688301086426,-173.01608240000002
3176,-184.88254000000003,0.7542036102403566,0.00998645168764533,134,0.34685325622558594,-173.0160968
3177,-184.88182000000003,0.8721837713383138,0.00998645168764533,134,0.3338799476623535,-173.01579040000001
3178,-184.88182000000003,0.8014970382592127,0.00998645168764533,134,0.3306691646575928,-173.51284600000002
3179,-184.88182000000003,0.8018383573977026,0.00998645168764533,134,0.3287508487701416,-173.51284600000002
3180,-184.88182000000003,0.7557439386372024,0.00998645168764533,134,0.32805466651916504,-173.51255400000002
3181,-184.88182000000003,0.9889844248710729,0.00998645168764533,134,0.3293318748474121,-173.51253960000003
3182,-166.77826000000002,0.8338553828789907,0.00998645168764533,374,0.9118027687072754,-173.14430160000003
3183,-184.88254000000003,0.8492715241554291,0.00998645168764533,134,0.33390116691589355,-177.52273640000004
3184,-184.88254000000003,0.8490809303805676,0.00998645168764533,134,0.33048105239868164,-177.51658400000005
3185,-184.89642,1.2385825344257884,0.00998645168764533,135,0.3320610523223877,-177.52800000000002
3186,-184.88182000000003,0.6845604083014291,0.00998645168764533,134,0.33033013343811035,-177.52798560000002
3187,-182.55918000000003,0.8603801451377228,0.00998645168764533,174,0.4308910369873047,-177.73609240000002
3188,-185.18944000000002,0.7637435214208632,0.00998645168764533,145,0.3628427982330322,-177.7422304
3189,-163.7088199999999,0.9329623645567519,0.00998645168764533,635,1.5504529476165771,-177.31875600000004
3190,-186.64178,0.6342952126522728,0.00998645168764533,114,0.2818319797515869,-177.6183932
3191,21.23424000000007,0.8340692996322755,0.00998645168764533,1096,2.8111348152160645,-173.49576560000003
3192,-173.59964000000005,0.8395244163970722,0.00998645168764533,349,0.8875110149383545,-173.27010760000002
3193,-184.88182000000003,0.8271304724543397,0.00998645168764533,134,0.3422839641571045,-173.27009320000002
3194,-184.88182000000003,0.8266875424297221,0.00998645168764533,134,0.33825111389160156,-173.26392640000003
3195,-184.88182000000003,0.6389347782789437,0.00998645168764533,134,0.3433499336242676,-173.74795080000004
3196,13.776880000000002,0.851434957392137,0.00998645168764533,1256,3.29862904548645,-170.05255400000001
3197,-184.88254000000003,0.8023235798646599,0.00998645168764533,134,0.3391571044921875,-170.0525684
3198,-184.91168000000002,1.0646305965150105,0.00998645168764533,136,0.3521096706390381,-174.28184840000003
3199,-184.88182000000003,0.8496693110010073,0.00998645168764533,134,0.33580493927001953,-174.27569600000004
3200,-184.88182000000003,0.7081641922635373,0.00998645168764533,134,0.3358581066131592,-174.76308
3201,-184.89642,0.9576521160563937,0.00998645168764533,135,0.3355400562286377,-174.763372
3202,-166.42882000000003,0.823696951464877,0.00998645168764533,359,0.9069392681121826,-174.39429760000002
3203,-184.88182000000003,0.9186623619188234,0.00998645168764533,134,0.3335850238800049,-174.39429760000002
3204,-184.88254000000003,0.800796603860417,0.00998645168764533,134,0.3452153205871582,-174.394312
3205,-177.63262000000003,0.773376007269184,0.00998645168764533,590,1.543652057647705,-174.24931360000002
3206,-184.88254000000003,0.7511485479633088,0.00998645168764533,134,0.34008097648620605,-174.243214
3207,-184.89714,0.6575930217556931,0.00998645168764533,135,0.3605821132659912,-174.24350600000002
3208,-166.93728000000004,0.8608966155782886,0.00998645168764533,384,0.9573538303375244,-173.88432320000004
3209,-184.88182000000003,0.6836636512012068,0.00998645168764533,134,0.33211588859558105,-173.88432320000004
3210,-184.89642,0.7929693109597321,0.00998645168764533,135,0.3301241397857666,-173.8846152
3211,-184.88182000000003,0.8965052494556823,0.00998645168764533,134,0.33384108543395996,-173.88430880000004
3212,-184.88182000000003,0.8255840704234233,0.00998645168764533,134,0.32774877548217773,-173.88430880000004
3213,-184.88254000000003,0.8732439325427386,0.00998645168764533,134,0.3278017044067383,-173.88432320000004
3214,-184.89714,0.9108779499583223,0.00998645168764533,135,0.33399295806884766,-173.8846152
3215,-175.56942000000004,0.8795571196745918,0.00998645168764533,594,1.4634201526641846,-173.69807520000003
3216,-186.64178,0.7973354909765092,0.00998645168764533,114,0.28088879585266113,-174.10582960000002
3217,-171.62086000000002,0.6994237674708603,0.00998645168764533,758,1.8731682300567627,-173.84031840000003
3218,-184.88182000000003,0.6575183446532977,0.00998645168764533,134,0.32755398750305176,-173.83419
3219,-184.88182000000003,0.6613946389615425,0.00998645168764533,134,0.3286471366882324,-173.83419
3220,-184.88182000000003,0.6126352013644776,0.00998645168764533,134,0.3340952396392822,-173.83419
3221,-184.88254000000003,0.7524203351601514,0.00998645168764533,134,0.3335731029510498,-174.17773040000003
3222,-184.88182000000003,0.9636515352958396,0.00998645168764533,134,0.33133673667907715,-174.171602
3223,-184.88182000000003,0.5904216583567992,0.00998645168764533,134,0.32221007347106934,-174.17131
3224,-172.43754000000004,0.9651461439719263,0.00998645168764533,291,0.705082893371582,-174.23429280000005
3225,-174.38750000000002,0.5116615404390683,0.00998645168764533,590,1.4205150604248047,-174.0242752
3226,-184.13824000000002,0.7614855916849498,0.00998645168764533,145,0.35045909881591797,-174.00938920000002
3227,-170.81060000000005,0.5846718640237623,0.00998645168764533,316,0.78426194190979,-173.7279648
3228,-174.22964000000005,0.790726713227622,0.00998645168764533,580,1.3994557857513428,-173.51492120000003
3229,-184.88182000000003,0.6381981552842615,0.00998645168764533,134,0.32276487350463867,-173.51492120000003
3230,-184.88182000000003,0.5937074211759688,0.00998645168764533,134,0.32505011558532715,-173.51492120000003
3231,-184.88182000000003,0.8245208834006048,0.00998645168764533,134,0.36331701278686523,-173.51492120000003
3232,-184.88182000000003,0.7091377043067965,0.00998645168764533,134,0.32947421073913574,-173.8769924
3233,-184.88254000000003,1.0367194923655645,0.00998645168764533,134,0.33812999725341797,-173.8769924
3234,-184.88182000000003,0.9881396571924882,0.00998645168764533,134,0.36851930618286133,-173.876978
3235,-184.88182000000003,0.8474973434818658,0.00998645168764533,134,0.35081911087036133,-173.876686
3236,-184.88254000000003,0.825260506063672,0.00998645168764533,134,0.33170580863952637,-173.8767004
3237,-184.88182000000003,0.8727639838288636,0.00998645168764533,134,0.34171223640441895,-173.9231532
3238,-184.88182000000003,0.6872646250247733,0.00998645168764533,134,0.3501319885253906,-173.9170008
3239,-184.88254000000003,0.7788740847565567,0.00998645168764533,134,0.36382389068603516,-174.34047520000004
3240,-184.88182000000003,1.2478083766329644,0.00998645168764533,134,0.35038208961486816,-174.30527600000002
3241,-184.88182000000003,0.9900556620724722,0.00998645168764533,134,0.3288538455963135,-178.4275972
3242,-184.88182000000003,0.8038615498538894,0.00998645168764533,134,0.3325047492980957,-178.65324080000002
3243,-184.88254000000003,0.8962150565974081,0.00998645168764533,134,0.33025288581848145,-178.65325520000002
3244,-162.07481999999982,1.0178434593739623,0.00998645168764533,859,2.1425678730010986,-178.19711520000004
3245,-184.88182000000003,0.8264660978231079,0.00998645168764533,134,0.3426520824432373,-178.19711520000004
3246,-184.88182000000003,0.8956004609701349,0.00998645168764533,134,0.39142727851867676,-182.17028920000004
3247,-184.88254000000003,0.9425079727670483,0.00998645168764533,134,0.3475348949432373,-182.17028920000004
3248,-172.80554000000004,0.86122010427437,0.00998645168764533,310,0.769235372543335,-181.9281664
3249,-183.11870000000002,0.9276937150782874,0.00998645168764533,147,0.3752567768096924,-181.89290400000002
3250,-160.57075999999995,1.0450539649552353,0.00998645168764533,581,1.5990262031555176,-181.40668280000003
3251,-184.88182000000003,0.9901706923160758,0.00998645168764533,134,0.3919358253479004,-181.4063908
3252,-185.18944000000002,0.744057766091207,0.00998645168764533,145,0.3662841320037842,-181.78160320000003
3253,-184.88254000000003,1.1318645848989932,0.00998645168764533,134,0.33843302726745605,-181.78161760000003
3254,11.356399999999997,0.8228816505984797,0.00998645168764533,776,1.9891531467437744,-177.85683880000005
3255,-185.18752000000003,0.9162474396156853,0.00998645168764533,145,0.3598928451538086,-178.00793680000004
3256,-184.88254000000003,0.8505513868781168,0.00998645168764533,134,0.39231109619140625,-178.00793680000004
3257,-184.88182000000003,1.036094705595065,0.00998645168764533,134,0.36558079719543457,-178.0076304
3258,-181.31380000000001,0.775481547978593,0.00998645168764533,164,0.43449878692626953,-178.29516080000002
3259,-165.90212000000008,0.853479486047653,0.00998645168764533,629,1.6078121662139893,-177.91556680000002
3260,-186.64178,0.8548651332803593,0.00998645168764533,114,0.3214609622955322,-177.95047400000004
3261,-184.88182000000003,1.0854851535813355,0.00998645168764533,134,0.34393811225891113,-177.95047400000004
3262,-184.88182000000003,0.9658311085928398,0.00998645168764533,134,0.3282310962677002,-177.95047400000004
3263,-184.88254000000003,1.0124015897067624,0.00998645168764533,134,0.3556981086730957,-177.95047400000004
3264,-185.18944000000002,0.637852463614324,0.00998645168764533,145,0.3598630428314209,-177.95632
3265,-185.18944000000002,0.8753485852081714,0.00998645168764533,145,0.36371898651123047,-178.14872040000003
3266,-170.83722000000006,0.9968438010810623,0.00998645168764533,315,0.7675800323486328,-177.8326292
3267,-185.18944000000002,1.1549104639746506,0.00998645168764533,145,0.3552219867706299,-178.10400080000002
3268,-184.88182000000003,0.964869357826216,0.00998645168764533,134,0.35724401473999023,-178.10400080000002
3269,-185.19016000000002,0.8732066053832913,0.00998645168764533,145,0.3711671829223633,-178.1101676
3270,-184.88182000000003,1.0586514353696534,0.00998645168764533,134,0.337054967880249,-178.1101676
3271,-184.88182000000003,1.130490186999538,0.00998645168764533,134,0.3981781005859375,-178.1101532
3272,-184.88182000000003,0.7799905085407975,0.00998645168764533,134,0.33240699768066406,-178.1101532
3273,-184.88182000000003,0.9433575006785677,0.00998645168764533,134,0.3618350028991699,-178.1101532
3274,-184.88254000000003,1.199178431315153,0.00998645168764533,134,0.4302988052368164,-178.3590532
3275,-164.18168,1.0691084808758313,0.00998645168764533,601,1.5458459854125977,-178.15493680000003
3276,-184.89642,0.9586180773598176,0.00998645168764533,135,0.35877203941345215,-178.17010040000002
3277,-184.88182000000003,1.0604563741666724,0.00998645168764533,134,0.3257746696472168,-178.45152480000004
3278,-178.21322,0.9134721068497659,0.00998645168764533,1055,2.6850991249084473,-178.5311964
3279,-184.89714,0.9575063603964669,0.00998645168764533,135,0.33502817153930664,-178.53150280000003
3280,-171.21734,0.8298938036217577,0.00998645168764533,1283,3.189687967300415,-178.25821320000003
3281,-184.88182000000003,0.9612760416843664,0.00998645168764533,134,0.32929301261901855,-178.25821320000003
3282,-184.88182000000003,0.9865398769364205,0.00998645168764533,134,0.35301876068115234,-178.25821320000003
3283,-172.58840000000004,0.8017748226808511,0.00998645168764533,352,0.8670070171356201,-178.01233040000002
3284,-184.88182000000003,0.7301404371774242,0.00998645168764533,134,0.3297848701477051,-178.01233040000002
3285,-184.88254000000003,0.7076094823250019,0.00998645168764533,134,0.3344261646270752,-178.01234480000002
3286,-184.88254000000003,0.6372525106642896,0.00998645168764533,134,0.3283379077911377,-178.01234480000002
3287,-169.5916800000002,0.8516207316434011,0.00998645168764533,1000,2.7487258911132812,-177.706542
3288,-185.18752000000003,0.6961939983840646,0.00998645168764533,145,0.3631768226623535,-177.71265600000004
3289,-184.88182000000003,0.5173877098583686,0.00998645168764533,134,0.3317692279815674,-177.7126416
3290,-182.55918000000003,0.9078281940731766,0.00998645168764533,174,0.4722769260406494,-177.66618880000001
3291,-184.88182000000003,0.7746420956439158,0.00998645168764533,134,0.3407270908355713,-177.66618880000001
3292,-186.12696,0.789254458543534,0.00998645168764533,144,0.4137129783630371,-177.69109160000005
3293,-184.88182000000003,0.7513017841447979,0.00998645168764533,134,0.35901975631713867,-177.69107720000002
3294,-184.88182000000003,0.7285360754884557,0.00998645168764533,134,0.3349878787994385,-178.1472172
3295,-184.88182000000003,0.7990008384031035,0.00998645168764533,134,0.33170318603515625,-178.1472172
3296,-185.19016000000002,0.7848506192130775,0.00998645168764533,145,0.3642151355743408,-178.15338400000005
3297,-175.79576000000003,0.7570841840057845,0.00998645168764533,1241,3.2241151332855225,-177.97164840000002
3298,-184.88254000000003,0.5881514969393055,0.00998645168764533,134,0.38714170455932617,-178.21318840000004
3299,-184.88182000000003,0.6354821599714124,0.00998645168764533,134,0.33710694313049316,-178.24845080000003
3300,-176.02020000000005,0.614669266659679,0.00998645168764533,213,0.5611248016357422,-178.55743960000004
3301,-184.88254000000003,0.8682553712765116,0.00998645168764533,134,0.3580899238586426,-178.55745400000004
3302,-184.89642,0.678380786979364,0.00998645168764533,135,0.3415958881378174,-178.55159360000002
3303,-184.89642,0.5848371746984345,0.00998645168764533,135,0.33643007278442383,-178.55187120000002
3304,-184.89642,0.7930985578646262,0.00998645168764533,135,0.3333709239959717,-182.4769276
3305,-174.22652000000005,0.8428066399879753,0.00998645168764533,580,1.4801788330078125,-182.25770760000003
3306,-184.88182000000003,0.8699305148572841,0.00998645168764533,134,0.36823010444641113,-182.25769320000003
3307,-185.18944000000002,0.6747229583176045,0.00998645168764533,145,0.4070272445678711,-182.26384560000002
3308,-184.88182000000003,0.3781112586634595,0.00998645168764533,134,0.3551158905029297,-182.33520600000003
3309,-184.88254000000003,0.7520456920141605,0.00998645168764533,134,0.3912389278411865,-182.71481440000002
3310,-184.88182000000003,0.8921838065317429,0.00998645168764533,134,0.3410820960998535,-182.67961520000006
3311,-184.88182000000003,0.6591726220838392,0.00998645168764533,134,0.385098934173584,-182.67961520000006
3312,-184.88766,0.9592884686981676,0.00998645168764533,131,0.3571779727935791,-182.67973200000003
3313,-184.88182000000003,0.7744657656858995,0.00998645168764533,134,0.34467577934265137,-182.67971760000003
3314,-184.88838,0.9354637908102333,0.00998645168764533,131,0.37125706672668457,-182.67369640000004
3315,-184.88182000000003,1.057466887389379,0.00998645168764533,134,0.3363962173461914,-182.66754400000002
3316,27.25480000000007,0.7622517211141453,0.00998645168764533,1208,3.2206499576568604,-178.70570360000002
3317,-185.18752000000003,0.7830520707086243,0.00998645168764533,145,0.36275696754455566,-178.70566520000003
3318,-172.87232000000003,0.818880479229382,0.00998645168764533,313,0.7797970771789551,-178.46547520000004
3319,-184.88182000000003,0.7045783081870359,0.00998645168764533,134,0.3319828510284424,-178.45930840000005
3320,-184.88254000000003,0.7074970875852811,0.00998645168764533,134,0.3301219940185547,-178.45932280000005
3321,-173.93534000000005,0.8200943298327769,0.00998645168764533,907,2.397088050842285,-178.24039320000003
3322,-166.17624,0.7912649671682089,0.00998645168764533,345,0.9130139350891113,-177.86628160000004
3323,-184.88254000000003,0.7284172413064472,0.00998645168764533,134,0.4121990203857422,-177.86629600000003
3324,-184.88182000000003,0.9166481945760993,0.00998645168764533,134,0.35765886306762695,-177.86628160000004
3325,-184.88254000000003,0.8227003766362792,0.00998645168764533,134,0.3551928997039795,-178.28029880000003
3326,-184.88182000000003,0.8466963553870681,0.00998645168764533,134,0.3857560157775879,-178.28000680000005
3327,-184.88254000000003,0.7985305308517235,0.00998645168764533,134,0.41446495056152344,-178.28002120000005
3328,-184.88182000000003,0.9172096719353724,0.00998645168764533,134,0.40777587890625,-178.41339320000003
3329,-184.88254000000003,0.918314515967478,0.00998645168764533,134,0.4351019859313965,-178.41310120000003
3330,-184.89714,0.8185498806751437,0.00998645168764533,135,0.3723280429840088,-178.68669720000003
3331,18.63647999999995,0.8263777601157793,0.00998645168764533,1528,4.856856107711792,-174.61633120000002
3332,-184.88182000000003,0.8441886123089092,0.00998645168764533,134,0.44492197036743164,-174.61633120000002
3333,-184.88254000000003,0.7271091630195837,0.00998645168764533,134,0.515038013458252,-174.86221400000002
3334,-185.18944000000002,0.5248714712930137,0.00998645168764533,145,0.3875460624694824,-174.8683664
3335,-184.89642,0.6999644566223853,0.00998645168764533,135,0.4736208915710449,-174.86864400000002
3336,-184.88182000000003,0.6583401081360766,0.00998645168764533,134,0.4736151695251465,-174.86862960000002
3337,-185.74240000000003,0.9607961626092264,0.00998645168764533,121,0.40007710456848145,-175.19164400000003
3338,-184.88254000000003,0.847204444790954,0.00998645168764533,134,0.4403707981109619,-175.18554440000003
3339,-184.88254000000003,0.7765905570600238,0.00998645168764533,134,0.3704040050506592,-175.18555880000002
3340,-172.02838000000006,0.7986908646254158,0.00998645168764533,322,0.8178439140319824,-174.97494280000004
3341,-171.37288000000007,0.8104706945922548,0.00998645168764533,289,0.7332408428192139,-174.70476400000004
3342,20.017440000000036,0.7214065562911071,0.00998645168764533,2224,5.685259103775024,-170.58187600000002
3343,-172.80528000000007,0.5645689459205949,0.00998645168764533,257,0.6496610641479492,-170.3403452
3344,-185.19016000000002,0.5262722308779585,0.00998645168764533,145,0.38272595405578613,-170.34651200000005
3345,-185.18752000000003,0.5872877234464575,0.00998645168764533,145,0.3673701286315918,-170.35262600000001
3346,-185.18752000000003,0.5652836599740488,0.00998645168764533,145,0.366588830947876,-170.35257320000005
3347,-184.88254000000003,0.7725873388586315,0.00998645168764533,134,0.33870816230773926,-170.53430880000005
3348,-184.88182000000003,0.49436853085158033,0.00998645168764533,134,0.3410789966583252,-170.53429440000002
3349,-184.89642,0.6281081904139784,0.00998645168764533,135,0.34828996658325195,-170.53458640000005
3350,-184.13896000000003,0.6314004024554943,0.00998645168764533,145,0.37978386878967285,-170.69696160000004
3351,-184.89642,0.6082620331258686,0.00998645168764533,135,0.34345221519470215,-170.69723920000004
3352,-184.89714,0.5141877056271942,0.00998645168764533,135,0.34415698051452637,-170.69725360000004
3353,-184.88254000000003,0.8209976881547872,0.00998645168764533,134,0.3938930034637451,-170.69697600000003
3354,-184.88182000000003,0.8472504546907522,0.00998645168764533,134,0.3721451759338379,-170.69668400000003
3355,14.67735999999999,0.6205871870003515,0.00998645168764533,712,2.062196969985962,-166.91860640000002
3356,-176.01168000000004,0.7774583108981616,0.00998645168764533,209,0.6189768314361572,-166.74120360000003
3357,-169.7378,0.6408596788082095,0.00998645168764533,1012,2.9572770595550537,-166.43217080000002
3358,-173.11884000000003,0.5969785144035187,0.00998645168764533,324,0.8275930881500244,-166.19691120000005
3359,-184.88254000000003,0.6574274356226757,0.00998645168764533,134,0.33723998069763184,-166.19691120000005
3360,-184.88254000000003,0.6104087618304722,0.00998645168764533,134,0.38469719886779785,-166.19692560000004
3361,22.988720000000157,0.6320194911217144,0.00998645168764533,1032,2.8245818614959717,-162.0395148
3362,-185.18944000000002,0.5887645857119611,0.00998645168764533,145,0.3823370933532715,-162.04555040000002
3363,-170.7561799999999,0.5557194902578758,0.00998645168764533,923,2.3075177669525146,-161.76303760000002
3364,-185.18944000000002,0.542143094038655,0.00998645168764533,145,0.3559870719909668,-161.7690588
3365,-184.88182000000003,0.3529927707485743,0.00998645168764533,134,0.33762407302856445,-161.7690588
3366,-173.21536000000003,0.5696463795254251,0.00998645168764533,329,0.8391916751861572,-165.77846200000005
3367,-184.89642,0.4893364530332662,0.00998645168764533,135,0.3380610942840576,-165.77264000000002
3368,-162.00191999999993,0.4952390237886519,0.00998645168764533,553,1.3767549991607666,-165.55523200000005
3369,-184.88182000000003,0.5384832843790637,0.00998645168764533,134,0.33084702491760254,-165.55523200000005
3370,-184.89714,0.6062594219041919,0.00998645168764533,135,0.33309173583984375,-165.555524
3371,-184.91168000000002,0.6229492932941545,0.00998645168764533,136,0.3382232189178467,-165.77505080000003
3372,-184.88182000000003,0.4954836104176383,0.00998645168764533,134,0.3291962146759033,-166.14916240000002
3373,-184.89642,0.6064394713310456,0.00998645168764533,135,0.34284114837646484,-166.14944000000003
3374,-182.01126000000002,0.6269114494718837,0.00998645168764533,198,0.4921128749847412,-166.0920288
3375,-184.88182000000003,0.8216608234389282,0.00998645168764533,134,0.33333301544189453,-166.0920144
3376,-184.88254000000003,0.6805971574191171,0.00998645168764533,134,0.3326709270477295,-166.0920288
3377,-160.36567999999994,0.6756716055261389,0.00998645168764533,673,1.6622860431671143,-165.6016916
3378,-184.88182000000003,0.7981248115008669,0.00998645168764533,134,0.3362009525299072,-165.6016916
3379,-181.50726000000003,0.7649470351893326,0.00998645168764533,174,0.43439316749572754,-165.534186
3380,-184.88182000000003,0.5202771550211222,0.00998645168764533,134,0.33838796615600586,-165.5338796
3381,-168.2618000000002,0.648483460162752,0.00998645168764533,788,2.0000171661376953,-169.27184520000003
3382,-184.89714,0.7944632319250593,0.00998645168764533,135,0.3462858200073242,-169.27215160000003
3383,-184.88182000000003,0.588939523018563,0.00998645168764533,134,0.33143091201782227,-169.27213720000003
3384,-184.88182000000003,0.7776664704946217,0.00998645168764533,134,0.32866501808166504,-169.2659848
3385,-184.88254000000003,0.6130684523134312,0.00998645168764533,134,0.33261704444885254,-169.26570720000004
3386,-184.88254000000003,0.7078591035331474,0.00998645168764533,134,0.34232282638549805,-169.26572160000003
3387,20.8752800000001,0.6881545803416824,0.00998645168764533,1224,3.049103021621704,-165.13336800000002
3388,-184.88182000000003,0.7048739077829158,0.00998645168764533,134,0.35102009773254395,-165.13335360000002
3389,-184.88182000000003,0.5415590646218008,0.00998645168764533,134,0.33748722076416016,-165.13333920000002
3390,-184.88182000000003,0.7521993406881481,0.00998645168764533,134,0.34319114685058594,-165.39040800000004
3391,-182.21866,0.7416375192220915,0.00998645168764533,154,0.3901839256286621,-165.60732360000003
3392,-184.89714,0.8861649256199599,0.00998645168764533,135,0.33278584480285645,-169.70561520000004
3393,-184.89642,0.6090784023205439,0.00998645168764533,135,0.3396890163421631,-169.947438
3394,-182.21866000000003,0.8010128633203831,0.00998645168764533,154,0.38205814361572266,-169.888008
3395,-184.88254000000003,0.7536906823759147,0.00998645168764533,134,0.3330090045928955,-169.88190840000004
3396,-184.88182000000003,0.7543835929150123,0.00998645168764533,134,0.3294870853424072,-169.87579440000002
3397,-185.18944000000002,0.895054035665917,0.00998645168764533,145,0.36336731910705566,-169.8819324
3398,-184.88182000000003,0.6373256634496876,0.00998645168764533,134,0.3383188247680664,-169.8819324
3399,-169.40174,0.7905833073290177,0.00998645168764533,898,2.230214834213257,-169.5720388
3400,-184.88182000000003,0.7076989468117592,0.00998645168764533,134,0.3265228271484375,-169.58689600000002
3401,-184.13824000000002,1.0251134513459843,0.00998645168764533,145,0.3576161861419678,-169.5717324
3402,-168.53160000000003,0.681309157112627,0.00998645168764533,409,1.0145337581634521,-169.2444216
3403,-191.17952000000002,0.8475320125681997,0.00998645168764533,184,0.4556570053100586,-169.37036120000002
3404,-184.89642,0.6106749350963919,0.00998645168764533,135,0.34091901779174805,-169.37065320000002
3405,-168.61802000000006,0.8074201855820764,0.00998645168764533,911,2.322704792022705,-173.03656080000002
3406,-184.88182000000003,0.9423431072370219,0.00998645168764533,134,0.3616220951080322,-173.21396360000003
3407,-184.88182000000003,0.9183093135300746,0.00998645168764533,134,0.33868885040283203,-173.51684400000002
3408,-177.35504000000003,0.9350497840866173,0.00998645168764533,273,0.7935819625854492,-173.60156800000001
3409,-184.88254000000003,0.8463044382089665,0.00998645168764533,134,0.38021087646484375,-173.60156800000001
3410,-184.88254000000003,0.7780106925030252,0.00998645168764533,134,0.3593180179595947,-173.60156800000001
3411,-184.88182000000003,1.0125633583876734,0.00998645168764533,134,0.3637828826904297,-177.7589788
3412,19.042240000000042,0.7588973753212904,0.00998645168764533,1112,3.0822911262512207,-173.67434520000003
3413,-172.87400000000002,0.7183554161804172,0.00998645168764533,313,0.7883269786834717,-173.71670160000002
3414,-162.83248,0.6876490483511948,0.00998645168764533,689,1.7813608646392822,-173.26956240000004
3415,-184.88182000000003,0.6138027707087015,0.00998645168764533,134,0.3479337692260742,-173.26956240000004
3416,-184.88254000000003,0.611682837752542,0.00998645168764533,134,0.34879636764526367,-173.50290600000005
3417,-184.88254000000003,0.7772866289492752,0.00998645168764533,134,0.408750057220459,-173.50262840000002
3418,-184.88182000000003,0.8003971068077346,0.00998645168764533,134,0.4070301055908203,-173.96022640000004
3419,-183.11798000000002,1.0519920639586033,0.00998645168764533,147,0.3917372226715088,-173.92494960000005
3420,-156.02829999999994,0.7594391318472504,0.00998645168764533,566,1.4171710014343262,-173.34757280000002
3421,-184.89642,0.586029465344769,0.00998645168764533,135,0.3347508907318115,-173.3472676
3422,-172.38594000000003,0.5827403387362494,0.00998645168764533,339,0.9420208930969238,-173.09735
3423,-184.88182000000003,0.6372632922521279,0.00998645168764533,134,0.3964550495147705,-173.09705800000003
3424,-177.25590000000003,0.6398798438017829,0.00998645168764533,570,1.6650500297546387,-173.0019508
3425,-162.19802,0.7241932547548025,0.00998645168764533,758,2.2340729236602783,-172.54827480000003
3426,-179.60264000000004,0.6417429915922896,0.00998645168764533,184,0.5411069393157959,-172.44267680000002
3427,-168.1536599999999,0.667642046084986,0.00998645168764533,847,2.4033143520355225,-172.59843640000003
3428,-185.18944000000002,0.675448043817847,0.00998645168764533,145,0.3603940010070801,-172.60458880000002
3429,-184.88182000000003,0.4955198420976191,0.00998645168764533,134,0.3352198600769043,-172.67208000000002
3430,-184.88254000000003,0.5894292964905834,0.00998645168764533,134,0.3434298038482666,-172.67209440000002
3431,-174.96089999999998,0.6403025652960177,0.00998645168764533,1207,3.274916172027588,-172.80607640000002
3432,-171.69342000000006,0.6198209793355584,0.00998645168764533,306,0.7938592433929443,-172.54200200000002
3433,-184.88182000000003,0.5418259631286362,0.00998645168764533,134,0.3600451946258545,-172.54200200000002
3434,-184.89714,0.536999421408055,0.00998645168764533,135,0.3644070625305176,-172.5423084
3435,-185.18752000000003,0.5019451319272148,0.00998645168764533,145,0.36290574073791504,-172.54840800000002
3436,-184.88182000000003,0.5861243861310407,0.00998645168764533,134,0.3351321220397949,-172.54839360000003
3437,-174.21568000000002,0.6339203582394779,0.00998645168764533,377,0.9919650554656982,-176.4502128
3438,-163.55729999999983,0.5675904278551531,0.00998645168764533,679,1.7561190128326416,-176.0237224
3439,-184.88182000000003,0.6086000684134439,0.00998645168764533,134,0.3394639492034912,-176.0237224
3440,-185.18944000000002,0.2862376281092393,0.00998645168764533,145,0.3733491897583008,-176.0298748
3441,-185.19016000000002,0.45868129001866126,0.00998645168764533,145,0.38433218002319336,-176.08930480000004
3442,-184.88254000000003,0.5892304146189743,0.00998645168764533,134,0.3504650592803955,-176.0890128
3443,-181.31380000000001,0.6570416440528523,0.00998645168764533,164,0.4222228527069092,-176.01736040000003
3444,-174.06966000000006,0.5291444112922539,0.00998645168764533,570,1.5266528129577637,-175.8543804
3445,-186.12696000000003,0.7242313365762433,0.00998645168764533,144,0.40135812759399414,-175.87926880000003
3446,-184.89642,0.3980339722569894,0.00998645168764533,135,0.40816211700439453,-175.8795608
3447,19.287360000000103,0.6926779072097309,0.00998645168764533,1192,3.4976139068603516,-171.79002480000003
3448,-184.88182000000003,0.609494453240464,0.00998645168764533,134,0.3433570861816406,-171.79002480000003
3449,-184.88182000000003,0.5189420648072082,0.00998645168764533,134,0.3643989562988281,-172.0996264
3450,-185.19016000000002,0.7612125920260261,0.00998645168764533,145,0.36922693252563477,-172.1057932
3451,-167.55815999999987,0.5863745453980646,0.00998645168764533,817,2.260341167449951,-171.77419160000002
3452,-184.88254000000003,0.5396905363287166,0.00998645168764533,134,0.3380119800567627,-172.1012104
3453,-184.89642,0.48951985459705744,0.00998645168764533,135,0.36447906494140625,-171.9755484
3454,-172.57054000000005,0.8536912322785692,0.00998645168764533,299,0.9041709899902344,-171.7290308
3455,-184.88182000000003,0.5876284081405446,0.00998645168764533,134,0.33751797676086426,-172.0543068
3456,21.486479999999982,0.5837546740521852,0.00998645168764533,1192,3.163306951522827,-167.9269408
3457,-184.88254000000003,0.42292317798805995,0.00998645168764533,134,0.3757607936859131,-167.9269552
3458,-185.19016000000002,0.5881851084144979,0.00998645168764533,145,0.4270298480987549,-168.0836576
3459,-184.88182000000003,0.7504628519666617,0.00998645168764533,134,0.33968400955200195,-168.0836432
3460,-184.88182000000003,0.5393794123708868,0.00998645168764533,134,0.35881972312927246,-168.0836288
3461,21.537360000000152,0.6102501414496438,0.00998645168764533,1144,3.069401264190674,-163.95524519999998
3462,-184.89642,0.5378456291570156,0.00998645168764533,135,0.4199552536010742,-168.03401840000004
3463,-184.88182000000003,0.5866801913049239,0.00998645168764533,134,0.3463099002838135,-168.2741748
3464,-163.10029999999995,0.7354219808407566,0.00998645168764533,850,2.1329379081726074,-168.2795312
3465,-184.88182000000003,0.7744147881184384,0.00998645168764533,134,0.3373539447784424,-168.2795312
3466,-184.88182000000003,0.7276020018008551,0.00998645168764533,134,0.37200188636779785,-168.2795168
3467,-162.27332,0.5819917707492663,0.00998645168764533,661,1.6530539989471436,-167.82733240000002
3468,17.699519999999982,0.5279789695373943,0.00998645168764533,720,1.9453239440917969,-163.7757056
3469,-184.88182000000003,0.6132344212383032,0.00998645168764533,134,0.3643200397491455,-163.8109824
3470,-184.89642,0.40162018522344256,0.00998645168764533,135,0.344696044921875,-164.38834480000003
3471,-184.88254000000003,0.5652270662883269,0.00998645168764533,134,0.36519718170166016,-164.3880672
3472,-184.88182000000003,0.44752383446181887,0.00998645168764533,134,0.37645387649536133,-164.63798480000003
3473,-184.88254000000003,0.49544461416567104,0.00998645168764533,134,0.33095598220825195,-164.63799920000002
3474,-169.95548,0.5951436084920217,0.00998645168764533,629,1.6004891395568848,-164.49199080000002
3475,-160.23923999999997,0.6216172801297718,0.00998645168764533,565,1.4587719440460205,-164.4528152
3476,-184.88254000000003,0.565229478653576,0.00998645168764533,134,0.3265678882598877,-164.5584132
3477,-184.88254000000003,0.544957714801682,0.00998645168764533,134,0.33280301094055176,-164.8929908
3478,-184.88182000000003,0.5687661794702342,0.00998645168764533,134,0.34795188903808594,-164.88683840000002
3479,-180.45870000000002,0.7493663661331794,0.00998645168764533,174,0.4397308826446533,-164.79837600000002
3480,-184.89714,0.5849051821425005,0.00998645168764533,135,0.3954768180847168,-164.798668
3481,-184.88182000000003,0.801411997401781,0.00998645168764533,134,0.35905933380126953,-164.9970864
3482,-184.88254000000003,0.3332243901468925,0.00998645168764533,134,0.33395910263061523,-165.26086880000003
3483,16.286640000000094,0.5827657671590104,0.00998645168764533,1384,3.499662160873413,-161.2374996
3484,-185.18944000000002,0.5261514715015374,0.00998645168764533,145,0.4894850254058838,-161.2433456
3485,-171.60712000000004,0.4181523197000746,0.00998645168764533,353,0.9351241588592529,-160.9717376
3486,-184.88254000000003,0.49474393912076725,0.00998645168764533,134,0.3369150161743164,-160.971752
3487,-185.19016000000002,0.4396117883381145,0.00998645168764533,145,0.36147594451904297,-161.1912416
3488,-176.98528000000005,0.6547363246774434,0.00998645168764533,560,1.4921321868896484,-161.45980120000002
3489,-149.2038399999999,0.572014609039744,0.00998645168764533,1088,2.829866886138916,-160.74624160000002
3490,-185.18752000000003,0.37302503619856875,0.00998645168764533,145,0.443936824798584,-160.74620320000002
3491,-179.68842000000004,0.6019359628636396,0.00998645168764533,639,1.6484229564666748,-160.6361684
3492,-184.88182000000003,0.7274464053769054,0.00998645168764533,134,0.45837974548339844,-160.636154
3493,-171.68694000000005,0.6209283077547607,0.00998645168764533,306,0.8181979656219482,-160.44361680000003
3494,-184.88182000000003,0.7975794846998222,0.00998645168764533,134,0.3405940532684326,-160.65986
3495,-163.48406,0.5197878241022846,0.00998645168764533,415,1.069383144378662,-160.20700200000002
3496,-184.88254000000003,0.4488627830270066,0.00998645168764533,134,0.33057713508605957,-160.2067244
3497,14.068160000000002,0.5797496777885455,0.00998645168764533,1832,4.6435019969940186,-160.31110840000002
3498,-184.88182000000003,0.5633502309419104,0.00998645168764533,134,0.36418986320495605,-160.31110840000002
3499,-184.88182000000003,0.4926906770178631,0.00998645168764533,134,0.35942578315734863,-160.31110840000002
3500,-184.88182000000003,0.5163999005262532,0.00998645168764533,134,0.36292123794555664,-160.3049416
3501,-161.87898000000004,0.5092221963317076,0.00998645168764533,486,1.337021827697754,-160.191358
3502,-178.12212000000002,0.6137675598368678,0.00998645168764533,213,0.5267877578735352,-160.0561496
3503,-184.88182000000003,0.49300270932796064,0.00998645168764533,134,0.3296329975128174,-160.05585760000002
3504,23.97303999999994,0.5160045370835603,0.00998645168764533,1112,2.8869638442993164,-156.124986
3505,14.716719999999988,0.4299168386903356,0.00998645168764533,664,1.7601778507232666,-152.13301520000002
3506,-184.88254000000003,0.6086941212137689,0.00998645168764533,134,0.3679780960083008,-156.2603956
3507,-185.56522,0.4225160955245088,0.00998645168764533,167,0.41100502014160156,-156.2740492
3508,-184.89714,0.5125359813441281,0.00998645168764533,135,0.3335299491882324,-156.26818880000002
3509,-181.29184000000004,0.44197673248167774,0.00998645168764533,1145,2.8809428215026855,-156.1963892
3510,-184.88254000000003,0.4680430492414023,0.00998645168764533,134,0.33227086067199707,-156.19640360000002
3511,-173.57590000000005,0.4586535927300108,0.00998645168764533,347,0.8992149829864502,-160.0986688
3512,-184.88182000000003,0.5860004735095844,0.00998645168764533,134,0.3958299160003662,-160.0983768
3513,-184.88254000000003,0.3760950380637408,0.00998645168764533,134,0.374157190322876,-160.09839120000004
3514,-163.73002000000002,0.41583342306438903,0.00998645168764533,530,1.4075922966003418,-160.11098560000002
3515,-171.66256000000004,0.5184058209178878,0.00998645168764533,305,0.8218269348144531,-159.84660040000003
3516,-184.88254000000003,0.4952116041207936,0.00998645168764533,134,0.3275928497314453,-159.84661480000003
3517,-181.70384,0.45137190799046634,0.00998645168764533,184,0.5049881935119629,-160.23522520000003
3518,-184.88254000000003,0.4698578149789194,0.00998645168764533,134,0.35938215255737305,-164.28686640000004
3519,-173.38094,0.5317247575164725,0.00998645168764533,590,1.5683331489562988,-164.0568488
3520,-185.18752000000003,0.3718900705559243,0.00998645168764533,145,0.36865782737731934,-164.0626708
3521,-171.11818000000005,0.6081721461259192,0.00998645168764533,431,1.0818567276000977,-163.78738360000003
3522,-181.31380000000001,0.5615709524079249,0.00998645168764533,164,0.4535849094390869,-163.71602320000002
3523,-159.93497999999997,0.516092902163721,0.00998645168764533,550,1.390693187713623,-163.21707200000003
3524,-184.88182000000003,0.44701333721376846,0.00998645168764533,134,0.392413854598999,-163.51559880000002
3525,-184.89714,0.4913988159141607,0.00998645168764533,135,0.35936689376831055,-164.00875680000001
3526,-174.36482000000004,0.55731101095384,0.00998645168764533,586,1.7930879592895508,-163.79840240000004
3527,-171.17498000000003,0.5797250516888011,0.00998645168764533,887,2.2180562019348145,-163.5242512
3528,-184.88182000000003,0.42581742068530243,0.00998645168764533,134,0.33481383323669434,-163.5242512
3529,-172.85325999999992,0.5070530754697294,0.00998645168764533,1362,3.370605707168579,-163.37214240000003
3530,-179.74968000000004,0.48939726543065337,0.00998645168764533,689,1.7306149005889893,-163.26919320000002
3531,-184.88182000000003,0.4213634725632285,0.00998645168764533,134,0.3840932846069336,-163.26919320000002
3532,-184.88254000000003,0.5373349461614141,0.00998645168764533,134,0.3559589385986328,-163.26919320000002
3533,-184.88254000000003,0.7021148818468591,0.00998645168764533,134,0.3360562324523926,-167.29257680000003
3534,-185.19016000000002,0.5234096772615509,0.00998645168764533,145,0.448793888092041,-167.29259120000003
3535,-184.88182000000003,0.4218958689858998,0.00998645168764533,134,0.3399991989135742,-167.55808520000002
3536,-186.12504,0.7003179106072316,0.00998645168764533,144,0.3640730381011963,-167.58293520000004
3537,-184.89642,0.5596086488484785,0.00998645168764533,135,0.3379530906677246,-167.57706040000002
3538,-184.88182000000003,0.539635870682159,0.00998645168764533,134,0.3564929962158203,-167.73499120000005
3539,-170.50208000000003,0.5604907888680993,0.00998645168764533,352,0.8801078796386719,-168.16095600000006
3540,-182.87676000000002,0.5735090359325998,0.00998645168764533,189,0.468250036239624,-168.11474080000005
3541,-169.37808,0.6941088520551407,0.00998645168764533,601,1.6447832584381104,-167.90853400000003
3542,-184.88182000000003,0.5867030770490085,0.00998645168764533,134,0.33303189277648926,-167.90853400000003
3543,-184.88182000000003,0.844433243615803,0.00998645168764533,134,0.3369560241699219,-168.1724316
3544,-184.88182000000003,0.8920409449709774,0.00998645168764533,134,0.4040541648864746,-168.1724316
3545,-169.75574000000003,0.5756229690857408,0.00998645168764533,463,1.2650871276855469,-168.29786520000002
3546,-180.45870000000002,0.47738790575243617,0.00998645168764533,174,0.44202184677124023,-168.20938840000002
3547,-184.88182000000003,0.7973982655067942,0.00998645168764533,134,0.34319210052490234,-172.188388
3548,-180.68134,0.6988148686003641,0.00998645168764533,690,1.7089591026306152,-172.10437840000003
3549,-180.44970000000004,0.6714727462159799,0.00998645168764533,170,0.42377376556396484,-172.01573600000003
3550,-185.89170000000001,0.5906958296523516,0.00998645168764533,183,0.47167181968688965,-172.03593360000002
3551,-167.43926000000002,0.7019118887678987,0.00998645168764533,659,1.6406900882720947,-172.14713920000003
3552,-165.30890000000002,0.5565574211658726,0.00998645168764533,355,0.9668002128601074,-171.8908748
3553,-184.88182000000003,0.5891385016573677,0.00998645168764533,134,0.39718031883239746,-171.8908748
3554,-184.88182000000003,0.7049258313586574,0.00998645168764533,134,0.37029290199279785,-176.067972
3555,-172.29442000000006,0.6538339967213904,0.00998645168764533,335,0.916114091873169,-179.80819480000002
3556,-176.38928,0.6131779114152315,0.00998645168764533,481,1.2834370136260986,-179.63832960000002
3557,-184.88254000000003,0.7030127107360359,0.00998645168764533,134,0.3392770290374756,-179.62467600000002
3558,-170.39626000000004,0.7124017040065412,0.00998645168764533,347,0.8683509826660156,-179.33465840000005
3559,-169.75090000000003,0.5832684260245485,0.00998645168764533,563,1.4097900390625,-179.10383960000001
3560,-164.31446000000003,0.6483840090716934,0.00998645168764533,358,0.8828558921813965,-178.69247800000002
3561,25.536959999999965,0.6466045124533247,0.00998645168764533,1912,5.1822288036346436,-174.71022080000003
3562,-166.29113999999987,0.5748825392298773,0.00998645168764533,859,2.2917888164520264,-174.33840720000003
3563,-184.89642,0.3531800720909679,0.00998645168764533,135,0.35581326484680176,-174.3386848
3564,-184.88254000000003,0.635768954065253,0.00998645168764533,134,0.3463878631591797,-174.76173520000003
3565,-184.88182000000003,0.6793623480445413,0.00998645168764533,134,0.37879514694213867,-175.02612040000002
3566,-184.88182000000003,0.5409336331675747,0.00998645168764533,134,0.3654639720916748,-175.02610600000003
3567,-184.88182000000003,0.7509949892731522,0.00998645168764533,134,0.3442833423614502,-175.08966560000002
3568,-184.88254000000003,0.6589854769408703,0.00998645168764533,134,0.43553805351257324,-175.08966560000002
3569,-184.88254000000003,0.7291486198986088,0.00998645168764533,134,0.3593759536743164,-175.31969760000004
3570,-172.42170000000004,0.6590728569171277,0.00998645168764533,342,0.8562908172607422,-175.0643812
3571,-184.88254000000003,0.6582005787571308,0.00998645168764533,134,0.34969496726989746,-175.33966840000002
3572,-184.88182000000003,0.49299445635736433,0.00998645168764533,134,0.3659961223602295,-175.41102880000003
3573,25.551359999999924,0.5296684358724862,0.00998645168764533,1048,2.678226947784424,-171.70130200000003
3574,-184.88182000000003,0.7042145752973521,0.00998645168764533,134,0.3601861000061035,-171.70130200000003
3575,-158.21602000000001,0.5356831617890238,0.00998645168764533,519,1.3406660556793213,-171.1676796
3576,-163.18347999999997,0.5127052534152422,0.00998645168764533,956,2.4475317001342773,-170.94405280000004
3577,19.63368,0.44333362327134934,0.00998645168764533,1384,3.6856698989868164,-167.12787960000003
3578,-184.88838,0.550304758767704,0.00998645168764533,131,0.3245508670806885,-167.1280108
3579,-184.89714,0.4244791851413471,0.00998645168764533,135,0.3319220542907715,-167.36888840000003
3580,-184.88182000000003,0.5391190831424363,0.00998645168764533,134,0.3975238800048828,-167.47153120000002
3581,-170.38048000000003,0.40182803098500397,0.00998645168764533,600,1.649787187576294,-167.18150440000002
3582,-184.88254000000003,0.5643942994621596,0.00998645168764533,134,0.354694128036499,-167.18150440000002
3583,-177.17058000000003,0.42444533968909354,0.00998645168764533,867,2.2373719215393066,-167.02726520000004
3584,-153.90001999999987,0.5137054648882449,0.00998645168764533,719,1.8975038528442383,-166.4014624
3585,-171.22622000000004,0.40945657313394246,0.00998645168764533,334,0.8299527168273926,-166.12835040000002
3586,-184.88254000000003,0.5862496603843269,0.00998645168764533,134,0.33473801612854004,-166.1035004
3587,-167.61810000000017,0.47299864102909567,0.00998645168764533,859,2.3099770545959473,-165.75793400000003
3588,-184.88182000000003,0.61199961733351,0.00998645168764533,134,0.3479759693145752,-165.75793400000003
3589,-184.88254000000003,0.4702205359866259,0.00998645168764533,134,0.3570597171783447,-166.04554320000003
3590,-185.73692,0.5328645173445223,0.00998645168764533,124,0.31169605255126953,-166.10274640000003
3591,-184.88254000000003,0.4712315245892908,0.00998645168764533,134,0.342404842376709,-166.41283560000002
3592,-184.88182000000003,0.30871554799794926,0.00998645168764533,134,0.3333280086517334,-166.41283560000002
3593,-184.88182000000003,0.5180305793547808,0.00998645168764533,134,0.33661699295043945,-166.41283560000002
3594,-185.18752000000003,0.3966386749120108,0.00998645168764533,145,0.3626689910888672,-166.41894960000002
3595,-171.50016000000002,0.5695693189825927,0.00998645168764533,352,0.8769032955169678,-166.45383800000002
3596,-184.89642,0.6313895161298139,0.00998645168764533,135,0.3344380855560303,-166.54259240000002
3597,-167.4626,0.5027171973130967,0.00998645168764533,461,1.1886441707611084,-166.19420800000003
3598,-184.88254000000003,0.4257248331959457,0.00998645168764533,134,0.33977794647216797,-166.27823200000003
3599,-184.88254000000003,0.6328683749411199,0.00998645168764533,134,0.3478720188140869,-166.36688880000003
3600,-168.80794000000012,0.5009861747318537,0.00998645168764533,867,2.299161911010742,-166.02521360000003
3601,-184.88182000000003,0.4930699255817862,0.00998645168764533,134,0.34906697273254395,-166.3740648
3602,-178.67436000000004,0.523966278875907,0.00998645168764533,189,0.49794888496398926,-166.64137400000004
3603,-184.88182000000003,0.47036913360135435,0.00998645168764533,134,0.3930051326751709,-166.64137400000004
3604,-177.36476000000002,0.4865161470458682,0.00998645168764533,580,1.5368678569793701,-166.49103280000003
3605,-183.11870000000002,0.4541489814921301,0.00998645168764533,147,0.3649921417236328,-166.7075184
3606,-184.88182000000003,0.6115967172906914,0.00998645168764533,134,0.34105610847473145,-166.87736920000003
3607,-184.88182000000003,0.4969634680466643,0.00998645168764533,134,0.33789515495300293,-166.87735480000003
3608,-181.56360000000004,0.6658796453901098,0.00998645168764533,177,0.4444432258605957,-167.10070160000004
3609,-184.88182000000003,0.5887807499332381,0.00998645168764533,134,0.33338189125061035,-167.40332
3610,-184.88254000000003,0.5665313800338155,0.00998645168764533,134,0.3373291492462158,-167.81468160000003
3611,-184.88182000000003,0.5887826321882876,0.00998645168764533,134,0.33500099182128906,-172.02305720000004
3612,-184.02648000000002,0.5725162506439827,0.00998645168764533,144,0.3731269836425781,-172.377764
3613,19.526400000000073,0.7348927258427428,0.00998645168764533,1336,3.352323055267334,-168.28930760000003
3614,-184.89642,0.7469426409858796,0.00998645168764533,135,0.3362150192260742,-168.28958520000003
3615,-166.76423999999992,0.5796482231807666,0.00998645168764533,976,2.6449310779571533,-167.92723360000002
3616,-184.88182000000003,0.5896012224743504,0.00998645168764533,134,0.33702588081359863,-167.92723360000002
3617,-185.18752000000003,0.5898741203906207,0.00998645168764533,145,0.3793051242828369,-167.93334760000002
3618,-186.78548,0.6591246120346289,0.00998645168764533,124,0.31439805030822754,-167.9714064
3619,-172.55458000000004,0.6879386952447487,0.00998645168764533,347,0.908837080001831,-167.72484720000003
3620,-184.88182000000003,0.9405965629909465,0.00998645168764533,134,0.3449828624725342,-167.97404960000003
3621,-185.18944000000002,0.7420837246395391,0.00998645168764533,145,0.43798398971557617,-167.98018760000002
3622,-180.44970000000004,0.8953851661370957,0.00998645168764533,170,0.46878695487976074,-167.89154520000002
3623,-166.02184000000003,0.6629810437874554,0.00998645168764533,385,0.9724969863891602,-171.7230092
3624,-170.90114000000003,0.8413033048974703,0.00998645168764533,370,0.9208359718322754,-171.44339560000003
3625,-184.88182000000003,0.7771447966181075,0.00998645168764533,134,0.3337578773498535,-171.97671160000002
3626,-181.31380000000001,0.8891450071468858,0.00998645168764533,164,0.40714216232299805,-172.33931800000002
3627,-170.55616000000003,0.7316709952349788,0.00998645168764533,353,0.8760621547698975,-176.14311480000003
3628,-184.88182000000003,0.7540066609186913,0.00998645168764533,134,0.33395981788635254,-176.14298360000004
3629,-172.75872000000004,0.8221981529320769,0.00998645168764533,609,1.6993088722229004,-175.90021520000002
3630,-166.36272000000002,0.6403877502201764,0.00998645168764533,353,0.9845297336578369,-175.52983320000004
3631,-184.88182000000003,0.7067927309770637,0.00998645168764533,134,0.34131598472595215,-175.81986
3632,-184.88110000000003,0.47464126392281547,0.00998645168764533,134,0.3398609161376953,-175.8198312
3633,-184.88182000000003,0.4490109445985907,0.00998645168764533,134,0.33513903617858887,-175.97405600000002
3634,-167.72788000000003,0.7703533137983252,0.00998645168764533,372,0.992516040802002,-176.25061320000003
3635,-171.94224000000006,0.7402161305445331,0.00998645168764533,321,0.8127772808074951,-176.26493360000003
3636,-184.88766,0.7702806485489807,0.00998645168764533,131,0.3319060802459717,-176.26503600000004
3637,-164.55165999999988,0.7446096177274982,0.00998645168764533,675,1.8697309494018555,-176.20370720000003
3638,-186.64178,0.7431276713154817,0.00998645168764533,114,0.29491090774536133,-176.23890640000002
3639,-185.18752000000003,0.5262441578353273,0.00998645168764533,145,0.3706777095794678,-176.24500600000002
3640,-185.51548,0.7929302117469289,0.00998645168764533,164,0.42009806632995605,-176.24057720000002
3641,-178.64854000000005,0.7452364193883299,0.00998645168764533,590,1.6031200885772705,-176.11589720000003
3642,-184.88182000000003,0.5197206441896842,0.00998645168764533,134,0.38909220695495605,-176.11589720000003
3643,-184.88182000000003,0.708344851898502,0.00998645168764533,134,0.3976571559906006,-176.11589720000003
3644,-184.88254000000003,0.800305038155404,0.00998645168764533,134,0.352647066116333,-176.1097976
3645,-184.88182000000003,0.7059032600929043,0.00998645168764533,134,0.3453030586242676,-176.37743080000004
3646,-184.88182000000003,0.7059396544554785,0.00998645168764533,134,0.3409140110015869,-176.37713880000004
3647,-184.89642,0.7468034991856527,0.00998645168764533,135,0.33876895904541016,-176.72581520000003
3648,-184.88254000000003,0.7082426800086761,0.00998645168764533,134,0.33569908142089844,-176.72581520000003
3649,-184.88182000000003,0.6147047522783613,0.00998645168764533,134,0.34075331687927246,-176.72580080000003
3650,-172.82648000000003,0.8184048297951756,0.00998645168764533,361,0.9769279956817627,-176.80617160000003
3651,-184.88254000000003,0.9860201281453691,0.00998645168764533,134,0.36667299270629883,-176.80618600000003
3652,-185.18944000000002,0.827246996118077,0.00998645168764533,145,0.39121103286743164,-176.93648760000005
3653,-184.88182000000003,0.8947514739207256,0.00998645168764533,134,0.43013811111450195,-176.93648760000005
3654,-176.76366000000002,0.7207181819372188,0.00998645168764533,699,1.8613240718841553,-176.92446560000005
3655,-184.89642,0.5396743969439909,0.00998645168764533,135,0.41301512718200684,-176.96002000000001
3656,-167.82300000000004,0.9198363733357163,0.00998645168764533,324,1.03751802444458,-176.61884360000005
3657,13.947520000000168,0.8082311107504314,0.00998645168764533,1400,4.125482082366943,-172.64225680000004
3658,-184.88182000000003,0.8459687292534135,0.00998645168764533,134,0.34162306785583496,-172.7086212
3659,-184.88254000000003,0.8238419777185503,0.00998645168764533,134,0.35585999488830566,-172.7086356
3660,-184.88182000000003,0.7522826337867152,0.00998645168764533,134,0.34337878227233887,-172.7086212
3661,-184.88254000000003,0.9863063256506488,0.00998645168764533,134,0.3478209972381592,-172.7086356
3662,-173.31156000000004,0.696864314601049,0.00998645168764533,333,0.8394460678100586,-172.49433720000002
3663,-184.88182000000003,0.9887592580530848,0.00998645168764533,134,0.337954044342041,-176.58250160000003
3664,-169.87338000000003,0.7692462050930616,0.00998645168764533,423,1.0517780780792236,-176.28204080000003
3665,-184.88182000000003,0.6833263788817089,0.00998645168764533,134,0.34174609184265137,-176.64439240000004
3666,-184.88182000000003,0.7062821515710719,0.00998645168764533,134,0.3384380340576172,-176.64439240000004
3667,-185.19016000000002,0.699986543352234,0.00998645168764533,145,0.36116981506347656,-176.6444452
3668,-184.88254000000003,0.7754519324986013,0.00998645168764533,134,0.33187413215637207,-176.60638640000002
3669,-184.88254000000003,0.5887228335573602,0.00998645168764533,134,0.33193111419677734,-176.85294560000003
3670,27.66360000000013,0.783032481893723,0.00998645168764533,856,2.164113998413086,-172.6020372
3671,-162.31079999999992,0.7455874247194438,0.00998645168764533,568,1.4174590110778809,-172.14446440000003
3672,-184.91096000000002,0.6061429610092413,0.00998645168764533,136,0.3475477695465088,-172.23368960000005
3673,-184.88182000000003,0.8712453075976514,0.00998645168764533,134,0.3431060314178467,-172.61088920000003
3674,-184.91096000000002,0.9746044613489443,0.00998645168764533,136,0.34398794174194336,-172.8910856
3675,-166.88308000000004,0.9112756920880393,0.00998645168764533,380,1.224402904510498,-172.53111080000002
3676,-183.41428,0.7185178558773747,0.00998645168764533,164,0.4829998016357422,-172.5731204
3677,-167.88084000000006,0.6281927831465217,0.00998645168764533,324,0.89457106590271,-172.519614
3678,22.70352000000018,0.7294235354740628,0.00998645168764533,1096,3.0770010948181152,-168.36790720000002
3679,20.69576000000005,0.5850973631513502,0.00998645168764533,1176,3.148477792739868,-164.4988176
3680,-184.88182000000003,0.4270440890425955,0.00998645168764533,134,0.3355441093444824,-164.86919960000003
3681,-163.11318,0.5220995348040942,0.00998645168764533,703,1.7832722663879395,-164.43382680000002
3682,-184.88182000000003,0.47047894240926896,0.00998645168764533,134,0.33876776695251465,-164.43384120000002
3683,-166.49611999999985,0.4502224138143748,0.00998645168764533,869,2.2205331325531006,-164.0661272
3684,-185.07504,0.5925164259388112,0.00998645168764533,144,0.37596607208251953,-164.4130704
3685,-184.88182000000003,0.44944001917741194,0.00998645168764533,134,0.3424668312072754,-164.671862
3686,-184.88254000000003,0.3782784766865088,0.00998645168764533,134,0.3430769443511963,-164.6717596
3687,-184.88182000000003,0.6825113981517393,0.00998645168764533,134,0.40819597244262695,-165.0783628
3688,-158.92007999999996,0.594742434272953,0.00998645168764533,649,1.7740139961242676,-164.5239288
3689,-185.19016000000002,0.5914955230815143,0.00998645168764533,145,0.36516499519348145,-164.5239816
3690,-184.88182000000003,0.47281045305070035,0.00998645168764533,134,0.33652305603027344,-164.51130840000002
3691,-184.88254000000003,0.38058310278357743,0.00998645168764533,134,0.33750319480895996,-164.63598840000003
3692,-172.74846000000005,0.5625369201773425,0.00998645168764533,306,0.7802128791809082,-164.3933212
3693,-184.88182000000003,0.5886207593243513,0.00998645168764533,134,0.3353290557861328,-164.3933212
3694,-184.88254000000003,0.6598743299203021,0.00998645168764533,134,0.33964109420776367,-164.3933212
3695,-172.96082000000004,0.5290417256487715,0.00998645168764533,319,0.833733081817627,-164.1549012
3696,-184.88254000000003,0.5207878026777684,0.00998645168764533,134,0.3613269329071045,-164.1549156
3697,-184.88254000000003,0.799947870380954,0.00998645168764533,134,0.35210704803466797,-164.154638
3698,-184.88182000000003,0.4045801379078471,0.00998645168764533,134,0.39979004859924316,-164.1546236
3699,-184.88254000000003,0.7309005371670225,0.00998645168764533,134,0.3515310287475586,-164.154638
3700,-175.16498,0.508319630279235,0.00998645168764533,223,0.6037073135375977,-164.20140800000001
3701,-182.58832,0.6704257412136279,0.00998645168764533,176,0.510573148727417,-164.1555236
3702,-159.88675999999992,0.5702944566268532,0.00998645168764533,701,2.0503323078155518,-163.64947
3703,-185.22866,0.5284892678297809,0.00998645168764533,151,0.41544294357299805,-163.6564068
3704,-184.88254000000003,0.5184075459003893,0.00998645168764533,134,0.34425783157348633,-163.8187844
3705,-184.88182000000003,0.5445211231917032,0.00998645168764533,134,0.33672213554382324,-163.81849240000003
3706,-184.88254000000003,0.710678791960896,0.00998645168764533,134,0.3375420570373535,-164.1596832
3707,-184.88254000000003,0.7540938307030766,0.00998645168764533,134,0.3408510684967041,-168.1362844
3708,-184.88182000000003,0.6371669131887159,0.00998645168764533,134,0.35015296936035156,-168.1362844
3709,-180.71056000000004,0.6442089486429238,0.00998645168764533,689,1.8309156894683838,-168.05284480000003
3710,-184.88182000000003,0.4746779146145529,0.00998645168764533,134,0.35631895065307617,-168.05284480000003
3711,-184.02576000000002,0.7279639671711872,0.00998645168764533,144,0.36519718170166016,-168.0357092
3712,-184.88182000000003,0.684784115875946,0.00998645168764533,134,0.3561689853668213,-168.26711440000003
3713,-167.82300000000004,0.7744312171370114,0.00998645168764533,324,0.8351242542266846,-167.92593800000003
3714,-166.79098000000002,0.6662897302888653,0.00998645168764533,374,1.042388916015625,-167.86429
3715,-181.31380000000001,0.8896682668795309,0.00998645168764533,164,0.5063588619232178,-167.79292960000004
3716,-185.18944000000002,0.6140407335912359,0.00998645168764533,145,0.3954641819000244,-167.79908200000003
3717,23.914560000000062,0.8439882720593797,0.00998645168764533,928,2.4620471000671387,-163.61698760000002
3718,-184.88182000000003,0.8519459551394876,0.00998645168764533,134,0.33911609649658203,-163.61697320000002
3719,-184.88182000000003,0.849459778246428,0.00998645168764533,134,0.39234089851379395,-163.61695880000002
3720,-184.88254000000003,0.8489381983570421,0.00998645168764533,134,0.3337230682373047,-167.8678816
3721,-185.19016000000002,0.8736736000804551,0.00998645168764533,145,0.36328792572021484,-168.3254688
3722,-171.35564000000005,0.7861558793413946,0.00998645168764533,340,0.8711917400360107,-168.05436240000003
3723,-184.89642,0.7036813880144446,0.00998645168764533,135,0.3525991439819336,-168.0546544
3724,-185.18944000000002,0.8937048761238312,0.00998645168764533,145,0.4690208435058594,-168.060224
3725,-172.54008000000005,0.8441704393329995,0.00998645168764533,297,0.8018348217010498,-168.173364
3726,-184.88182000000003,0.7569145347589432,0.00998645168764533,134,0.3353607654571533,-168.20271480000002
3727,-160.17693999999995,1.0100936973847334,0.00998645168764533,711,1.7729711532592773,-168.04863680000003
3728,-184.88182000000003,0.6897480653306998,0.00998645168764533,134,0.33727097511291504,-172.20034360000002
3729,-184.88182000000003,0.8274691463795616,0.00998645168764533,134,0.3347182273864746,-176.31189520000004
3730,-171.44376000000003,0.9755453065658609,0.00998645168764533,345,0.8571181297302246,-176.04313400000004
3731,-184.88254000000003,0.9651842526743994,0.00998645168764533,134,0.34059643745422363,-176.47852120000005
3732,-184.88182000000003,0.8742848919259746,0.00998645168764533,134,0.3366978168487549,-176.47852120000005
3733,-184.89642,0.7745896463040952,0.00998645168764533,135,0.33308911323547363,-176.84652720000003
3734,-184.88182000000003,1.0142434060907186,0.00998645168764533,134,0.33266210556030273,-176.84266280000003
3735,-186.64178,0.885051764237384,0.00998645168764533,114,0.28578615188598633,-176.87786200000002
3736,-160.88697999999994,0.8378351662423925,0.00998645168764533,498,1.2411482334136963,-176.39795080000005
3737,-182.07722000000004,0.938076349312864,0.00998645168764533,847,2.1162350177764893,-176.3418588
3738,-173.18414000000004,0.8327924794290041,0.00998645168764533,430,1.0845592021942139,-176.62714000000003
3739,-185.19016000000002,0.5060220335353295,0.00998645168764533,145,0.36347198486328125,-176.62714000000003
3740,-162.25056000000004,0.7705563602105733,0.00998645168764533,808,2.2592520713806152,-176.17451480000003
3741,-166.61248000000006,0.7110369142484122,0.00998645168764533,313,0.8198678493499756,-175.80911360000002
3742,-184.88182000000003,0.7540695001301703,0.00998645168764533,134,0.3852207660675049,-176.05178080000002
3743,-185.18944000000002,0.8509764570999762,0.00998645168764533,145,0.4318578243255615,-176.0579332
3744,-168.80834000000004,0.702781681610822,0.00998645168764533,619,1.6767828464508057,-175.73644920000004
3745,-184.89714,0.6555422578972799,0.00998645168764533,135,0.4012119770050049,-175.97517560000003
3746,-172.07460000000003,0.6582181512113706,0.00998645168764533,324,0.8207600116729736,-175.71901680000002
3747,-167.6639,0.7729760403376259,0.00998645168764533,619,1.5575428009033203,-175.37464400000002
3748,-172.42300000000003,0.7130483427838304,0.00998645168764533,293,0.7485549449920654,-175.1254676
3749,-166.55584000000005,0.7050418625418046,0.00998645168764533,361,0.9131999015808105,-174.7589336
3750,-184.88182000000003,0.6357540711135006,0.00998645168764533,134,0.33344078063964844,-174.95327040000004
3751,-173.89544000000004,0.4806091738890578,0.00998645168764533,361,0.9216110706329346,-174.77941280000002
3752,-184.88254000000003,0.7768402482980667,0.00998645168764533,134,0.3499772548675537,-175.27932840000003
3753,-184.88254000000003,0.47542162450836667,0.00998645168764533,134,0.35796284675598145,-175.27240600000002
3754,-166.26354000000003,0.7255937871987536,0.00998645168764533,351,0.9021239280700684,-174.90002600000003
3755,-185.18752000000003,0.6999967374228712,0.00998645168764533,145,0.3702516555786133,-174.90614000000002
3756,-186.64178,0.990473569909993,0.00998645168764533,114,0.31412816047668457,-174.94132480000005
3757,-184.88182000000003,0.8936527799050421,0.00998645168764533,134,0.3633997440338135,-174.94131040000005
3758,-160.13139999999996,0.7224867470336683,0.00998645168764533,660,1.7379631996154785,-174.44630200000003
3759,-184.88254000000003,0.8476480814044489,0.00998645168764533,134,0.3512232303619385,-174.52974160000002
3760,-185.18944000000002,1.0008391049144596,0.00998645168764533,145,0.421907901763916,-174.535894
3761,-184.88254000000003,0.7064596572334865,0.00998645168764533,134,0.3860001564025879,-174.5530296
3762,-185.18944000000002,0.9553127366920997,0.00998645168764533,145,0.3975670337677002,-174.55918200000005
3763,-184.89714,0.9114813662582526,0.00998645168764533,135,0.36735105514526367,-174.90066480000002
3764,-184.88182000000003,0.5910696605526244,0.00998645168764533,134,0.35911989212036133,-175.26248160000003
3765,-166.90516000000005,0.9695898720983405,0.00998645168764533,333,0.9530129432678223,-174.97430880000005
3766,-173.14840000000004,0.8109872880409069,0.00998645168764533,377,1.1338999271392822,-174.73348800000002
3767,-184.13824000000002,0.699798098367093,0.00998645168764533,145,0.4510769844055176,-178.89454400000002
3768,-184.88182000000003,0.7060077230154134,0.00998645168764533,134,0.34399986267089844,-178.89454400000002
3769,-184.88182000000003,0.6373253997498706,0.00998645168764533,134,0.3941020965576172,-178.89454400000002
3770,21.693200000000097,0.7265826701148739,0.00998645168764533,984,2.7852330207824707,-174.7630292
3771,-184.13752000000002,0.8280893316942042,0.00998645168764533,145,0.4056990146636963,-174.74197640000003
3772,-168.54567999999998,0.6560441547171665,0.00998645168764533,1185,3.1924118995666504,-174.68577720000002
3773,-162.92275999999993,0.6857122207207342,0.00998645168764533,596,1.9122002124786377,-174.246304
3774,-160.15757999999994,0.6690300761283545,0.00998645168764533,514,1.3190042972564697,-173.74566680000004
3775,-184.88254000000003,0.6370783462536647,0.00998645168764533,134,0.3380279541015625,-173.99251600000002
3776,-167.87180000000004,0.609320835871507,0.00998645168764533,324,0.8696951866149902,-173.6523156
3777,-185.19016000000002,0.8933496668324645,0.00998645168764533,145,0.3842158317565918,-174.15258000000003
3778,-169.75070000000005,0.5305190559620289,0.00998645168764533,363,0.9713950157165527,-173.8499576
3779,21.879360000000084,0.6329708805564662,0.00998645168764533,928,2.37302303314209,-169.71473400000002
3780,-184.89642,0.6766426434119542,0.00998645168764533,135,0.35347819328308105,-169.9837872
3781,-184.13896000000003,0.46267830872073257,0.00998645168764533,145,0.37752676010131836,-169.9689156
3782,-184.88182000000003,0.7770877333163325,0.00998645168764533,134,0.36408090591430664,-169.9689156
3783,-164.0268,0.7387524525191796,0.00998645168764533,393,0.9863739013671875,-169.55152320000002
3784,-169.92022000000003,0.6721938598918388,0.00998645168764533,322,0.8249759674072266,-169.2522912
3785,18.074080000000045,0.5629490178303215,0.00998645168764533,1160,3.025763988494873,-165.15797400000002
3786,-184.88182000000003,0.4257410160238062,0.00998645168764533,134,0.33650803565979004,-165.63787080000003
3787,-184.89642,0.3299190732305525,0.00998645168764533,135,0.3663671016693115,-165.6942548
3788,9.986559999999997,0.45767728573682304,0.00998645168764533,1880,4.728036165237427,-162.03084080000002
3789,-170.76244000000008,0.33302761705906536,0.00998645168764533,812,2.0114712715148926,-161.7422864
3790,-163.52476,0.3583708392273817,0.00998645168764533,572,1.4035179615020752,-161.76777040000002
3791,-184.88182000000003,0.23327365642371797,0.00998645168764533,134,0.32816004753112793,-162.13315720000003
3792,-172.55498000000006,0.4245944947282465,0.00998645168764533,298,0.7314770221710205,-161.8866204
3793,-184.88254000000003,0.5147149124210562,0.00998645168764533,134,0.32924795150756836,-161.8804824
3794,-169.26297999999997,0.45614860578437794,0.00998645168764533,798,1.971074104309082,-161.88957520000002
3795,-171.49968000000004,0.37398118211696496,0.00998645168764533,297,0.7382240295410156,-161.62162600000002
3796,-184.89714,0.30447248499840496,0.00998645168764533,135,0.33539509773254395,-161.87807680000003
3797,-164.30674000000002,0.3869866931257366,0.00998645168764533,503,1.235917091369629,-161.8109336
3798,-184.13824000000002,0.5206348826980283,0.00998645168764533,145,0.37479496002197266,-162.04523840000002
3799,-184.88254000000003,0.5176007890406606,0.00998645168764533,134,0.3318979740142822,-162.41177240000002
3800,-178.67436000000004,0.3245273057529062,0.00998645168764533,189,0.46576499938964844,-162.2876232
3801,-170.88003999999998,0.4601482686216832,0.00998645168764533,972,2.4634201526641846,-162.22731520000002
3802,-184.88182000000003,0.30179355496457266,0.00998645168764533,134,0.33350396156311035,-162.22730080000002
3803,-173.20960000000002,0.3398407526076474,0.00998645168764533,329,0.8223960399627686,-161.99384200000003
3804,-184.13824000000002,0.4559982194597351,0.00998645168764533,145,0.36140918731689453,-162.351336
3805,-184.89642,0.3275631147678252,0.00998645168764533,135,0.3365328311920166,-162.345514
3806,28.78048000000021,0.47322201095706656,0.00998645168764533,1760,4.7447669506073,-158.03706880000001
3807,-173.31496000000004,0.4229211427264429,0.00998645168764533,537,1.6087360382080078,-157.80573160000003
3808,-184.88254000000003,0.3737565973745798,0.00998645168764533,134,0.3333890438079834,-158.30075440000002
3809,-184.88182000000003,0.25718271175969337,0.00998645168764533,134,0.3382759094238281,-158.30074000000002
3810,-184.88254000000003,0.5837398158949313,0.00998645168764533,134,0.33201122283935547,-158.29460200000003
3811,-184.88254000000003,0.3499461456215871,0.00998645168764533,134,0.3358800411224365,-158.29460200000003
3812,-184.88254000000003,0.37462557670173807,0.00998645168764533,134,0.33563685417175293,-158.288464
3813,-184.88182000000003,0.5162867148226099,0.00998645168764533,134,0.3363461494445801,-158.2881576
3814,-184.89642,0.30217383926803315,0.00998645168764533,135,0.35660791397094727,-158.2884496
3815,-184.88182000000003,0.46985646800846975,0.00998645168764533,134,0.3334650993347168,-158.64798280000002
3816,-157.0045599999999,0.5205124578121731,0.00998645168764533,761,1.8849570751190186,-158.325106
3817,-171.49968000000004,0.6083039309490811,0.00998645168764533,297,0.7317137718200684,-158.07233480000002
3818,-185.18944000000002,0.45956572385440614,0.00998645168764533,145,0.36153507232666016,-158.0784872
3819,17.593280000000174,0.6083166483623479,0.00998645168764533,1272,3.324028968811035,-154.0289852
3820,-185.18752000000003,0.587960666379538,0.00998645168764533,145,0.36772680282592773,-158.1665996
3821,-184.88182000000003,0.6120201391237441,0.00998645168764533,134,0.3549039363861084,-158.1814856
3822,-184.88254000000003,0.4928868224691433,0.00998645168764533,134,0.3384850025177002,-158.5082228
3823,-173.26048000000003,0.4502546545913529,0.00998645168764533,281,0.7077319622039795,-158.71497720000002
3824,-184.88254000000003,0.6806156314499399,0.00998645168764533,134,0.33162808418273926,-159.2094764
3825,-184.88254000000003,0.6811804736394491,0.00998645168764533,134,0.33914780616760254,-159.2094764
3826,-167.82300000000004,0.6169377278139884,0.00998645168764533,324,0.9294719696044922,-159.20850040000002
3827,-177.26426000000004,0.703020545967224,0.00998645168764533,223,0.5791761875152588,-159.0499824
3828,-184.88182000000003,0.6131982738673409,0.00998645168764533,134,0.37644481658935547,-159.3526048
3829,24.9615200000002,0.5411786805509678,0.00998645168764533,1584,4.229037046432495,-159.2909616
3830,-184.88182000000003,0.5400602229551148,0.00998645168764533,134,0.3785998821258545,-159.2906696
3831,-184.91096000000002,0.6941058812731439,0.00998645168764533,136,0.4767322540283203,-159.3061096
3832,-184.88182000000003,0.6832910929598025,0.00998645168764533,134,0.43982815742492676,-159.3061096
3833,-169.16736000000006,0.6054627695857951,0.00998645168764533,537,1.4286558628082275,-159.4089208
3834,-184.89642,0.3740298762641571,0.00998645168764533,135,0.35402607917785645,-159.70844480000002
3835,-184.88182000000003,0.6102342640028905,0.00998645168764533,134,0.33476686477661133,-163.7675628
3836,-184.88182000000003,0.39922021798886803,0.00998645168764533,134,0.3440561294555664,-163.7675628
3837,-184.88254000000003,0.6610365818504855,0.00998645168764533,134,0.343721866607666,-163.7672852
3838,-184.88254000000003,0.5652651886956127,0.00998645168764533,134,0.34293508529663086,-167.6646672
3839,-184.88182000000003,0.42285092362661414,0.00998645168764533,134,0.3406829833984375,-167.94705480000002
3840,-184.88182000000003,0.7308471541740557,0.00998645168764533,134,0.33656883239746094,-168.374196
3841,-173.15794000000005,0.5400646720081568,0.00998645168764533,275,0.6907598972320557,-168.13971840000002
3842,-165.37814000000003,0.7382235714934219,0.00998645168764533,354,0.8844699859619141,-167.99618160000003
3843,-184.88182000000003,0.7557295598228698,0.00998645168764533,134,0.346081018447876,-167.99616720000003
3844,15.36288,0.6467759452378073,0.00998645168764533,736,1.8584959506988525,-164.30365
3845,-184.88182000000003,0.7772253328976013,0.00998645168764533,134,0.3361341953277588,-164.5712928
3846,-184.88182000000003,0.8013349223965361,0.00998645168764533,134,0.3350489139556885,-164.5709864
3847,-184.02648000000002,0.5521329303285003,0.00998645168764533,144,0.36241722106933594,-164.96538120000002
3848,-184.89714,0.887679085618368,0.00998645168764533,135,0.33185482025146484,-164.98055920000002
3849,-184.88254000000003,0.7781217633538059,0.00998645168764533,134,0.3452131748199463,-164.98055920000002
3850,-184.89642,0.6118289280130907,0.00998645168764533,135,0.34699487686157227,-165.10500040000002
3851,10.357599999999985,0.627786926888747,0.00998645168764533,1048,2.7944469451904297,-161.4802476
3852,-184.88254000000003,0.5670023248252918,0.00998645168764533,134,0.3510589599609375,-161.480262
3853,-184.88254000000003,0.5431787375180023,0.00998645168764533,134,0.33731794357299805,-161.7137208
3854,-179.47933999999992,0.6640779947058073,0.00998645168764533,1382,3.5700700283050537,-161.6205428
3855,-184.88182000000003,0.5929393440123591,0.00998645168764533,134,0.3381021022796631,-161.6202508
3856,-184.88182000000003,0.4969791123685218,0.00998645168764533,134,0.3427410125732422,-165.89349680000004
3857,-166.33472000000006,0.5855496149405984,0.00998645168764533,304,0.772320032119751,-165.753892
3858,-173.06002000000004,0.6099106852043039,0.00998645168764533,323,0.8259730339050293,-165.5174416
3859,-184.89714,0.7723901806399226,0.00998645168764533,135,0.34444689750671387,-165.51774800000004
3860,-184.88182000000003,0.355169106761355,0.00998645168764533,134,0.3458521366119385,-165.51773360000004
3861,-184.88254000000003,0.7293309930976091,0.00998645168764533,134,0.3313589096069336,-165.51773360000004
3862,-170.98404000000002,0.6601787571625043,0.00998645168764533,372,0.9819598197937012,-165.2397636
3863,-179.28150000000002,0.7433785178355481,0.00998645168764533,570,1.6966640949249268,-165.12775720000002
3864,-173.14292000000006,0.7521925161778927,0.00998645168764533,325,0.8531439304351807,-164.8926872
3865,-185.85056000000003,0.6298275566633559,0.00998645168764533,177,0.5076260566711426,-164.912062
3866,-184.89714,0.704660778934205,0.00998645168764533,135,0.39618992805480957,-165.46991360000004
3867,-185.19016000000002,0.590401423915193,0.00998645168764533,145,0.4537930488586426,-165.74372320000003
3868,-184.89714,0.864540092419419,0.00998645168764533,135,0.3601830005645752,-165.7378772
3869,-179.60264000000004,0.7784630427562186,0.00998645168764533,184,0.5657141208648682,-169.68179560000004
3870,-166.41439999999983,0.7380484721403967,0.00998645168764533,1057,2.7527880668640137,-169.3063332
3871,-184.88254000000003,0.5900229390418685,0.00998645168764533,134,0.34326720237731934,-169.3063476
3872,-184.88254000000003,0.5885933330039314,0.00998645168764533,134,0.3428690433502197,-169.3063476
3873,-184.88182000000003,0.6815050551459304,0.00998645168764533,134,0.42844486236572266,-169.5387744
3874,-184.88254000000003,0.7301721977236778,0.00998645168764533,134,0.4008450508117676,-169.5387744
3875,-184.88254000000003,0.5650677915676428,0.00998645168764533,134,0.37526893615722656,-169.5387744
3876,-164.26167999999996,0.6857932638370337,0.00998645168764533,704,1.8180022239685059,-169.46754800000002
3877,-194.12402,0.757795605090167,0.00998645168764533,223,0.643963098526001,-169.80474320000002
3878,27.884239999999956,0.630502475258739,0.00998645168764533,840,2.3789498805999756,-165.54942200000002
3879,-184.88838,0.5532868331589714,0.00998645168764533,131,0.45839476585388184,-169.74642000000003
3880,-184.88254000000003,0.6106959616264968,0.00998645168764533,134,0.4335978031158447,-169.74643440000003
3881,-184.13824000000002,0.674835501184109,0.00998645168764533,145,0.44422292709350586,-169.73098000000002
3882,-184.88182000000003,0.6094005136305828,0.00998645168764533,134,0.41177988052368164,-169.73098000000002
3883,-166.9416,0.7030514554207912,0.00998645168764533,384,1.0570909976959229,-169.68646480000004
3884,-185.19016000000002,0.48186892357751215,0.00998645168764533,145,0.45417118072509766,-169.69233960000003
3885,-184.88254000000003,0.4939303906050636,0.00998645168764533,134,0.37475085258483887,-169.69235400000002
3886,-185.18944000000002,0.9992586455918078,0.00998645168764533,145,0.36270999908447266,-169.6985064
3887,-184.89642,0.7478269056934449,0.00998645168764533,135,0.35385870933532715,-169.69878400000002
3888,-184.88254000000003,0.6603842471489934,0.00998645168764533,134,0.33367228507995605,-169.69878400000002
3889,-172.87160000000003,0.7788487987848707,0.00998645168764533,313,0.7952923774719238,-169.4585796
3890,-172.54512000000003,0.7558891244251469,0.00998645168764533,297,0.738102912902832,-169.2118456
3891,-170.0238199999999,0.7030141321226131,0.00998645168764533,887,2.4191832542419434,-169.1491632
3892,-184.88182000000003,0.6374556876844101,0.00998645168764533,134,0.3377718925476074,-169.5392368
3893,22.587359999999997,0.742733911726741,0.00998645168764533,1144,2.9178829193115234,-165.3898532
3894,-184.88182000000003,0.681940900432919,0.00998645168764533,134,0.3375401496887207,-169.3947472
3895,-182.05236000000005,0.6144473522393541,0.00998645168764533,1045,2.920680046081543,-169.338158
3896,-184.89714,0.5356285650248604,0.00998645168764533,135,0.3986670970916748,-169.33846440000002
3897,10.160400000000129,0.5715183853616208,0.00998645168764533,1624,4.375739097595215,-165.45472680000003
3898,-184.89642,0.34944320866769113,0.00998645168764533,135,0.33754658699035645,-165.45471240000003
3899,-184.88182000000003,0.49091251874203556,0.00998645168764533,134,0.33258819580078125,-165.45469800000004
3900,-155.8728199999999,0.46065677673597827,0.00998645168764533,911,2.2517402172088623,-164.87422600000002
3901,20.00008000000015,0.42395108686189553,0.00998645168764533,1208,3.1537909507751465,-164.6813764
3902,-184.88182000000003,0.46903356894461523,0.00998645168764533,134,0.3630988597869873,-164.681362
3903,-177.22768000000005,0.5870324922596803,0.00998645168764533,217,0.6013200283050537,-164.5282648
3904,-162.13367999999997,0.40711818915910547,0.00998645168764533,1153,3.2790298461914062,-164.18135160000003
3905,-184.88182000000003,0.32746169717162293,0.00998645168764533,134,0.33771800994873047,-164.18135160000003
3906,-184.89714,0.302205907177456,0.00998645168764533,135,0.33818602561950684,-164.18165800000003
3907,-167.85822000000005,0.2359762395784005,0.00998645168764533,323,0.8138020038604736,-164.212128
3908,-170.78322000000003,0.30130053714494265,0.00998645168764533,315,0.7874619960784912,-164.166592
3909,-184.88254000000003,0.1849228760762724,0.00998645168764533,134,0.3400142192840576,-164.1663
3910,-184.88254000000003,0.3263687506255541,0.00998645168764533,134,0.3454740047454834,-164.1663144
3911,-184.88182000000003,0.537348301945699,0.00998645168764533,134,0.3599421977996826,-164.1663
3912,-171.17258000000004,0.2786444885011909,0.00998645168764533,331,0.8763940334320068,-164.1700708
3913,-185.19016000000002,0.6305203932690723,0.00998645168764533,145,0.3745920658111572,-164.28824400000002
3914,5.606800000000133,0.38181923026401604,0.00998645168764533,1928,5.089134693145752,-160.7132496
3915,-172.88432000000003,0.39313422490101746,0.00998645168764533,313,0.8755900859832764,-160.4539248
3916,-186.9823,0.5834437129539507,0.00998645168764533,134,0.44275593757629395,-160.495628
3917,-184.88254000000003,0.4663908095724547,0.00998645168764533,134,0.3392338752746582,-160.4894756
3918,-185.18944000000002,0.32644248176687235,0.00998645168764533,145,0.3764050006866455,-160.4953216
3919,-186.12768,0.39394192481672186,0.00998645168764533,144,0.36530399322509766,-160.6258224
3920,-173.16834000000003,0.4371737329087284,0.00998645168764533,378,0.9537820816040039,-160.7609012
3921,-184.88182000000003,0.4452770935934482,0.00998645168764533,134,0.3325669765472412,-160.7608868
3922,-168.39380000000003,0.4744109106188294,0.00998645168764533,452,1.2006771564483643,-160.431112
3923,-184.89714,0.6274639530866234,0.00998645168764533,135,0.3675730228424072,-160.4314184
3924,4.233840000000078,0.4901050150900452,0.00998645168764533,2008,5.164734125137329,-156.6490908
3925,-178.64542000000003,0.43756977070391306,0.00998645168764533,590,1.49552321434021,-156.5243484
3926,-171.65992000000003,0.5395136156119407,0.00998645168764533,305,0.760066032409668,-156.67231320000002
3927,-168.96612000000005,0.3884781357248277,0.00998645168764533,429,1.0859289169311523,-156.1691552
3928,-184.88254000000003,0.373198928304517,0.00998645168764533,134,0.3551778793334961,-160.4244908
3929,-168.7122,0.4695320969802593,0.00998645168764533,716,1.7714600563049316,-160.1009672
3930,-171.1373199999999,0.41599202720172596,0.00998645168764533,1236,3.135219097137451,-159.8260628
3931,-185.18752000000003,0.3452528363157963,0.00998645168764533,145,0.3640868663787842,-159.8470484
3932,-185.18752000000003,0.2596254923637828,0.00998645168764533,145,0.3649861812591553,-159.8531624
3933,-184.88182000000003,0.3962980753519753,0.00998645168764533,134,0.34530115127563477,-160.2119668
3934,-171.44434000000004,0.40125224524330594,0.00998645168764533,347,0.8910207748413086,-159.9370504
3935,-184.88182000000003,0.32791547546051997,0.00998645168764533,134,0.3424382209777832,-159.937036
3936,19.188160000000057,0.44350509642700514,0.00998645168764533,1352,3.4009628295898438,-155.84948400000002
3937,-184.88254000000003,0.443888230384814,0.00998645168764533,134,0.3365020751953125,-155.8492064
3938,-184.88254000000003,0.39649253104354687,0.00998645168764533,134,0.337360143661499,-155.8492064
3939,-184.88182000000003,0.5591958493807478,0.00998645168764533,134,0.4039309024810791,-156.0894108
3940,-185.19016000000002,0.5430383104702522,0.00998645168764533,145,0.3945736885070801,-156.34231160000002
3941,21.183680000000138,0.44182180576524316,0.00998645168764533,1272,3.4813458919525146,-152.5181616
3942,-184.88182000000003,0.2812607307334556,0.00998645168764533,134,0.42241883277893066,-152.5181616
3943,-185.18944000000002,0.3246432788092001,0.00998645168764533,145,0.37493300437927246,-156.67369760000003
3944,-161.40237999999985,0.370274989759226,0.00998645168764533,927,2.3729941844940186,-156.2041088
3945,-184.88254000000003,0.4445781937675245,0.00998645168764533,134,0.3467109203338623,-156.2607124
3946,-184.88182000000003,0.34956052268980375,0.00998645168764533,134,0.3358340263366699,-156.260406
3947,-185.19016000000002,0.28280607583001255,0.00998645168764533,145,0.3705451488494873,-160.1674172
3948,-184.88182000000003,0.5590078210520711,0.00998645168764533,134,0.339893102645874,-160.16712520000002
3949,-173.20888000000002,0.6058143849164745,0.00998645168764533,329,0.8379502296447754,-159.9336664
3950,-184.88254000000003,0.4442235750716124,0.00998645168764533,134,0.33799099922180176,-160.5138608
3951,-184.88182000000003,0.49316597123171635,0.00998645168764533,134,0.3375058174133301,-164.61149880000002
3952,-163.72009999999992,0.5350365285204327,0.00998645168764533,635,1.5905489921569824,-164.1882644
3953,-184.88182000000003,0.6324692969314698,0.00998645168764533,134,0.33722805976867676,-164.34134720000003
3954,20.126480000000072,0.4671420183367072,0.00998645168764533,1560,3.888108015060425,-160.696144
3955,-184.88254000000003,0.32992553517722817,0.00998645168764533,134,0.33505892753601074,-160.6961584
3956,-184.89642,0.3948297331661538,0.00998645168764533,135,0.3349461555480957,-160.696144
3957,-184.89714,0.4680301348368327,0.00998645168764533,135,0.33571815490722656,-161.0369224
3958,-175.71072000000004,0.5732509292584533,0.00998645168764533,600,1.5063517093658447,-161.1354724
3959,-176.74244000000002,0.6001725016201642,0.00998645168764533,748,1.8696551322937012,-160.9726704
3960,-185.18752000000003,0.5014763348896442,0.00998645168764533,145,0.3682868480682373,-160.97877
3961,-184.88254000000003,0.3049452929243223,0.00998645168764533,134,0.3370959758758545,-160.9787844
3962,-168.51442,0.48553458473550465,0.00998645168764533,659,1.6913580894470215,-160.9256212
3963,-185.19016000000002,0.6288500334553677,0.00998645168764533,145,0.4191563129425049,-160.9256212
3964,-172.13154000000006,0.627698919881101,0.00998645168764533,327,0.8926899433135986,-164.48038800000003
3965,-182.44235999999995,0.5131619227544402,0.00998645168764533,1372,3.5782713890075684,-164.6715488
3966,-184.89642,0.6268566484045651,0.00998645168764533,135,0.3386108875274658,-164.6298312
3967,-172.54008000000005,0.5200823320731245,0.00998645168764533,297,0.822861909866333,-164.382982
3968,-184.91168000000002,0.6233696854015922,0.00998645168764533,136,0.347548246383667,-164.3774268
3969,-184.88182000000003,0.5630336064748022,0.00998645168764533,134,0.3427698612213135,-164.35250960000002
3970,-184.88254000000003,0.6801128838239099,0.00998645168764533,134,0.35427093505859375,-164.58679360000002
3971,-192.23072000000002,0.5869389372351377,0.00998645168764533,184,0.47563600540161133,-164.7337716
3972,-185.18944000000002,0.45624752878050867,0.00998645168764533,145,0.3666989803314209,-165.0696844
3973,-184.88254000000003,0.587683141693723,0.00998645168764533,134,0.36598825454711914,-165.0693924
3974,-184.88182000000003,0.7494712553139943,0.00998645168764533,134,0.36139583587646484,-168.85170560000003
3975,-184.91096000000002,0.4627674963318414,0.00998645168764533,136,0.36542725563049316,-168.9770164
3976,-171.68805999999992,0.6383115799430427,0.00998645168764533,966,2.42218017578125,-168.9775792
3977,-184.88254000000003,0.6572195573000988,0.00998645168764533,134,0.36042189598083496,-169.2959076
3978,-186.64178,0.4105807886981781,0.00998645168764533,114,0.29000377655029297,-169.33109240000002
3979,-184.88838,0.5988287515156255,0.00998645168764533,131,0.3338799476623535,-169.65461600000003
3980,-184.88254000000003,1.0999972874910307,0.00998645168764533,134,0.3589291572570801,-169.9295204
3981,-184.88182000000003,0.5617225719059804,0.00998645168764533,134,0.373751163482666,-169.92340640000003
3982,-161.19365999999994,0.6200844519721921,0.00998645168764533,562,1.5066471099853516,-169.4435292
3983,-166.69667999999987,0.5038042087309665,0.00998645168764533,877,2.256699800491333,-169.07982640000003
3984,-184.88182000000003,0.772752641609856,0.00998645168764533,134,0.3648519515991211,-169.34857599999998
3985,-184.89714,0.7678501572528923,0.00998645168764533,135,0.3450968265533447,-169.3488824
3986,-168.45139999999998,0.6853657919307088,0.00998645168764533,860,2.283099889755249,-173.1016736
3987,-161.82648,0.6787715212123921,0.00998645168764533,489,1.2226130962371826,-172.64055240000002
3988,-183.11798000000002,0.5380446989038566,0.00998645168764533,147,0.36686182022094727,-172.60526120000003
3989,-165.12504,0.5801921051481496,0.00998645168764533,345,0.8753621578216553,-172.2101256
3990,-186.12504,0.896628240420897,0.00998645168764533,144,0.36352086067199707,-172.2288232
3991,-168.61647999999988,0.6837819075432586,0.00998645168764533,768,1.927649736404419,-176.02482640000002
3992,-184.88254000000003,0.7045929965688221,0.00998645168764533,134,0.33944201469421387,-176.02484080000002
3993,-185.18944000000002,0.5452773166435032,0.00998645168764533,145,0.370833158493042,-176.02484080000002
3994,-149.6369599999998,0.6326162043254642,0.00998645168764533,1009,2.557386875152588,-175.78953239999998
3995,-184.88254000000003,0.5640764962812301,0.00998645168764533,134,0.3505737781524658,-175.78953239999998
3996,-166.50693999999996,0.630788652911662,0.00998645168764533,867,2.2122650146484375,-175.4220348
3997,-184.88182000000003,0.519193095474768,0.00998645168764533,134,0.33748888969421387,-175.41586800000002
3998,-184.88182000000003,0.7763289462483085,0.00998645168764533,134,0.34763598442077637,-175.41586800000002
3999,-185.19016000000002,0.6326606715162253,0.00998645168764533,145,0.37225794792175293,-175.6554936
4000,-186.64178,0.8516503834949904,0.00998645168764533,114,0.3022611141204834,-175.6906784
4001,-184.88182000000003,0.5189734895074212,0.00998645168764533,134,0.36373400688171387,-175.6906784
4002,-184.88182000000003,0.8223965108227819,0.00998645168764533,134,0.3401908874511719,-176.1139128
4003,-184.88254000000003,0.4264475369492351,0.00998645168764533,134,0.34092283248901367,-176.1139272
4004,-165.03040000000004,0.663818777338449,0.00998645168764533,488,1.2339119911193848,-179.8170648
4005,-174.02146000000005,0.570425268474017,0.00998645168764533,467,1.1692421436309814,-179.5998432
4006,-184.88182000000003,0.636286377274334,0.00998645168764533,134,0.3365809917449951,-179.59955120000004
4007,-184.88254000000003,0.7524553807660826,0.00998645168764533,134,0.3385899066925049,-179.5992592
4008,-184.88182000000003,0.7055561521868986,0.00998645168764533,134,0.3719358444213867,-179.7826812
4009,-184.88182000000003,0.6821051050158246,0.00998645168764533,134,0.3870961666107178,-179.94546880000001
4010,-184.88182000000003,0.5430459569541932,0.00998645168764533,134,0.3375849723815918,-179.9393548
4011,-186.64178,0.8530691205278823,0.00998645168764533,114,0.28388476371765137,-179.9745396
4012,-185.18944000000002,0.6335193646879032,0.00998645168764533,145,0.35730671882629395,-180.30804
4013,22.773440000000278,0.6537506821665114,0.00998645168764533,2016,5.337219715118408,-176.14876800000002
4014,-184.88182000000003,0.5403318511280439,0.00998645168764533,134,0.334320068359375,-176.4037736
4015,-176.89688000000004,0.4155340967862056,0.00998645168764533,201,0.5039148330688477,-176.292864
4016,-184.89714,0.6528435867141794,0.00998645168764533,135,0.3340427875518799,-176.2928784
4017,-184.88254000000003,0.47153270725550045,0.00998645168764533,134,0.32897090911865234,-176.5397276
4018,-184.88182000000003,0.5892032146342655,0.00998645168764533,134,0.331467866897583,-176.5391304
4019,-159.83575999999994,0.6581943249642449,0.00998645168764533,745,1.8289330005645752,-176.0382092
4020,-172.39492000000004,0.6348499736565648,0.00998645168764533,341,0.8671739101409912,-175.78845679999998
4021,-184.88182000000003,0.8682610701852992,0.00998645168764533,134,0.33841705322265625,-175.64147880000002
4022,-163.88942000000003,0.7428675711651896,0.00998645168764533,491,1.2171847820281982,-175.2154784
4023,-184.88182000000003,0.635300126545298,0.00998645168764533,134,0.32958102226257324,-175.215464
4024,-184.88254000000003,0.5657679021997906,0.00998645168764533,134,0.3330090045928955,-175.2154784
4025,-169.07520000000005,0.6973987642593247,0.00998645168764533,633,1.5548079013824463,-174.8987632
4026,20.039360000000148,0.5911881367322778,0.00998645168764533,1656,4.348057270050049,-171.0642148
4027,-184.88182000000003,0.5655080478694012,0.00998645168764533,134,0.3289370536804199,-171.0642004
4028,-184.88182000000003,0.5656210454458843,0.00998645168764533,134,0.3269810676574707,-171.02900119999998
4029,-170.28640000000004,0.43364670451578824,0.00998645168764533,393,0.9969511032104492,-170.7369616
4030,-184.88254000000003,0.7973719049981837,0.00998645168764533,134,0.33535289764404297,-170.7369616
4031,-184.88254000000003,0.6823351651624735,0.00998645168764533,134,0.3352508544921875,-170.736976
4032,-184.88182000000003,0.680535860001735,0.00998645168764533,134,0.33232688903808594,-171.21073919999998
4033,-184.88182000000003,0.6826063216413691,0.00998645168764533,134,0.3296990394592285,-171.574442
4034,-172.58538000000004,0.4286257275924129,0.00998645168764533,351,0.8767328262329102,-171.3285132
4035,-184.88254000000003,0.496339390707661,0.00998645168764533,134,0.3305339813232422,-171.3282212
4036,-184.88182000000003,0.8454283618493311,0.00998645168764533,134,0.33243227005004883,-171.6568296
4037,-184.88182000000003,0.4477739747224459,0.00998645168764533,134,0.3499460220336914,-172.1179364
4038,-184.88182000000003,0.7071985540591847,0.00998645168764533,134,0.32964181900024414,-172.15321320000004
4039,-184.88254000000003,0.44956445727330535,0.00998645168764533,134,0.32558703422546387,-172.5483632
4040,-165.05894,0.5293439038589521,0.00998645168764533,394,0.9640438556671143,-172.1270412
4041,-184.88254000000003,0.5661570146096064,0.00998645168764533,134,0.32784485816955566,-172.45236240000003
4042,-184.88182000000003,0.6121878676227669,0.00998645168764533,134,0.3328089714050293,-172.45234800000003
4043,-185.73692,0.6580217054804727,0.00998645168764533,124,0.30438709259033203,-172.4632976
4044,-184.02576000000002,0.5946573950997036,0.00998645168764533,144,0.3563220500946045,-173.15107360000002
4045,-167.90154,0.5906261067309888,0.00998645168764533,579,1.434295892715454,-172.81145360000002
4046,-167.87300000000005,0.560985377713762,0.00998645168764533,324,0.8206779956817627,-172.83877480000004
4047,-184.89642,0.748025166588249,0.00998645168764533,135,0.3600118160247803,-172.83906680000004
4048,-184.88182000000003,0.5909574075754899,0.00998645168764533,134,0.3478710651397705,-172.83906680000004
4049,-184.88182000000003,0.6395348401795795,0.00998645168764533,134,0.338702917098999,-172.8329
4050,-184.88182000000003,0.7329788976696445,0.00998645168764533,134,0.33487582206726074,-172.79770080000003
4051,-184.88254000000003,0.9437473603009955,0.00998645168764533,134,0.3753979206085205,-172.79771520000003
4052,-184.88254000000003,0.7812201655608838,0.00998645168764533,134,0.37217092514038086,-172.79772960000003
4053,-177.25158000000005,0.5832703126938427,0.00998645168764533,222,0.5857179164886475,-172.64511040000002
4054,-176.38098000000002,0.804877431914049,0.00998645168764533,231,0.5780081748962402,-172.87212200000002
4055,-185.18752000000003,0.7222054175968314,0.00998645168764533,145,0.366696834564209,-173.0954432
4056,-172.95936000000003,0.7975072205642895,0.00998645168764533,417,1.078843116760254,-172.85699400000001
4057,-185.54486000000003,0.6542823937250278,0.00998645168764533,166,0.45615601539611816,-172.8702404
4058,-184.88182000000003,0.8732170448986007,0.00998645168764533,134,0.37405991554260254,-172.8702404
4059,-184.89714,0.7022807727395385,0.00998645168764533,135,0.3510279655456543,-172.8705468
4060,-169.94984000000005,0.7799363376681424,0.00998645168764533,377,1.05419921875,-172.57190720000003
4061,-184.88182000000003,0.78016438075939,0.00998645168764533,134,0.33664703369140625,-172.53670800000003
4062,-184.88182000000003,0.7563949070259262,0.00998645168764533,134,0.33406782150268555,-172.5305556
4063,-184.89714,0.9615109828197294,0.00998645168764533,135,0.3348510265350342,-176.68396720000004
4064,-168.04324000000003,0.8347053360749452,0.00998645168764533,788,2.0105481147766113,-176.34719560000002
4065,-184.88182000000003,1.0351601941024524,0.00998645168764533,134,0.3378560543060303,-176.50689440000002
4066,-170.80894000000006,0.9596887031825152,0.00998645168764533,314,0.7821869850158691,-176.2251304
4067,-184.89714,0.7957160993030777,0.00998645168764533,135,0.34014415740966797,-176.2254224
4068,-164.67488000000003,0.9853257631008812,0.00998645168764533,424,1.0595600605010986,-175.82128360000002
4069,-184.88182000000003,0.8525036631652446,0.00998645168764533,134,0.35044097900390625,-176.32220480000004
4070,-184.88254000000003,0.8040800568883988,0.00998645168764533,134,0.3368067741394043,-176.57195720000004
4071,-184.88182000000003,0.9436877853473398,0.00998645168764533,134,0.363842248916626,-176.57195720000004
4072,-172.22816000000003,1.038801241702643,0.00998645168764533,433,1.1984570026397705,-176.73873200000003
4073,-184.88254000000003,1.0854453995768258,0.00998645168764533,134,0.4274170398712158,-176.73874640000003
4074,29.752800000000146,1.0664749810960457,0.00998645168764533,904,2.483029842376709,-172.44603960000003
4075,-184.88110000000003,0.8524253726033355,0.00998645168764533,134,0.435427188873291,-172.76215760000002
4076,-185.18752000000003,0.9415458600068914,0.00998645168764533,145,0.47628283500671387,-176.86669520000004
4077,-184.88254000000003,0.9210824099466649,0.00998645168764533,134,0.37238407135009766,-176.86670960000004
4078,-185.19016000000002,0.9198533119312648,0.00998645168764533,145,0.458096981048584,-176.87287640000002
4079,18.58040000000016,0.9009106370935622,0.00998645168764533,1176,3.2128782272338867,-173.09554040000003
4080,-184.88182000000003,0.7567866114315702,0.00998645168764533,134,0.36136388778686523,-173.09552600000004
4081,-173.16764000000003,0.7379790722183754,0.00998645168764533,580,1.5872070789337158,-172.861228
4082,-184.88254000000003,0.710367472237671,0.00998645168764533,134,0.41188716888427734,-172.8612424
4083,-184.88182000000003,0.7793142545217676,0.00998645168764533,134,0.4720938205718994,-172.8612424
4084,-184.88182000000003,0.5679669723456809,0.00998645168764533,134,0.33405423164367676,-173.1071712
4085,-184.89642,0.8664534939659967,0.00998645168764533,135,0.33203935623168945,-173.10744880000001
4086,-177.85280000000003,0.8318757246862251,0.00998645168764533,352,0.8866989612579346,-172.9668684
4087,-160.40281999999993,0.7961801591555412,0.00998645168764533,626,1.5669987201690674,-172.47728840000002
4088,-166.61320000000006,0.7401568581448338,0.00998645168764533,313,0.8029060363769531,-172.111916
4089,-168.16632000000004,0.7594518278590222,0.00998645168764533,489,1.2211151123046875,-171.77759160000002
4090,-184.88254000000003,0.5913653454131711,0.00998645168764533,134,0.33873677253723145,-172.1740636
4091,-184.89642,0.6109143899201795,0.00998645168764533,135,0.34747982025146484,-172.17434120000001
4092,-160.56379999999996,0.7250573855172362,0.00998645168764533,581,1.5414609909057617,-171.6879808
4093,-184.88254000000003,0.6381297242591408,0.00998645168764533,134,0.39812707901000977,-171.67089320000002
4094,-184.88254000000003,0.6622505684577819,0.00998645168764533,134,0.3821382522583008,-171.68802880000004
4095,-172.43754000000004,0.5572025458395635,0.00998645168764533,291,0.7379400730133057,-171.77874880000002
4096,-185.19016000000002,0.9138270315617837,0.00998645168764533,145,0.425900936126709,-172.125092
4097,-185.18944000000002,0.6986988724883775,0.00998645168764533,145,0.3734700679779053,-172.1309524
4098,-184.88254000000003,0.5452178530117024,0.00998645168764533,134,0.37009501457214355,-172.1309668
4099,-184.88254000000003,0.6856257266907105,0.00998645168764533,134,0.396378755569458,-172.13098120000004
4100,-184.88182000000003,0.8497556156492723,0.00998645168764533,134,0.3463308811187744,-172.13098120000004
4101,-184.88254000000003,0.7990560497073874,0.00998645168764533,134,0.3603179454803467,-172.13098120000004
4102,-186.64178,0.6905349415988383,0.00998645168764533,114,0.2931787967681885,-172.166166
4103,-184.88182000000003,0.8468822487351944,0.00998645168764533,134,0.35260891914367676,-172.3187708
4104,-184.88182000000003,0.7544468451472027,0.00998645168764533,134,0.36217403411865234,-172.48878760000002
4105,-184.89642,1.2362880612068154,0.00998645168764533,135,0.3607940673828125,-172.48296560000003
4106,-184.88254000000003,1.0817925887279658,0.00998645168764533,134,0.33902812004089355,-172.72142920000002
4107,-172.51082000000005,0.6680238581088892,0.00998645168764533,295,0.7515480518341064,-172.4607484
4108,-174.39946000000003,0.7212516944911053,0.00998645168764533,335,0.8325760364532471,-172.25110120000002
4109,-184.89642,0.5640142984826255,0.00998645168764533,135,0.33226919174194336,-172.25108680000002
4110,-184.88182000000003,0.9430053633248517,0.00998645168764533,134,0.3388199806213379,-172.54972640000003
4111,12.937919999999956,0.7104484233999643,0.00998645168764533,1672,4.657273054122925,-168.59333160000003
4112,-166.38158000000004,0.7355723255169236,0.00998645168764533,354,0.8789138793945312,-168.22332680000002
4113,-184.88182000000003,0.6825113623305711,0.00998645168764533,134,0.3616170883178711,-168.22302040000002
4114,-184.88182000000003,0.753225451585517,0.00998645168764533,134,0.3394010066986084,-168.55979200000002
4115,-184.88254000000003,0.7290978601424775,0.00998645168764533,134,0.3361179828643799,-168.5598064
4116,-184.89714,0.5174864233988855,0.00998645168764533,135,0.34287309646606445,-168.84157040000002
4117,-162.08445999999992,0.740749343864416,0.00998645168764533,951,2.35406494140625,-168.3853168
4118,-184.88182000000003,0.8698351768457067,0.00998645168764533,134,0.3315701484680176,-168.7894556
4119,17.943040000000153,0.7563490348140284,0.00998645168764533,1208,2.9986109733581543,-164.73295840000003
4120,-184.88182000000003,0.7511108069360923,0.00998645168764533,134,0.33547496795654297,-164.73294400000003
4121,-185.18752000000003,0.7855941249571484,0.00998645168764533,145,0.36008596420288086,-164.739058
4122,-185.18752000000003,0.5668006015395552,0.00998645168764533,145,0.3581833839416504,-164.9982452
4123,-184.89714,0.7928065568312175,0.00998645168764533,135,0.35749197006225586,-164.99853720000002
4124,-184.13896000000003,0.7604615618635354,0.00998645168764533,145,0.36452722549438477,-169.2763724
4125,-184.88182000000003,0.8470773247362517,0.00998645168764533,134,0.3457300662994385,-169.2763868
4126,-184.88182000000003,0.6610689312845135,0.00998645168764533,134,0.33982181549072266,-169.27027280000001
4127,-184.89642,1.0271632611682568,0.00998645168764533,135,0.33548402786254883,-169.27055040000002
4128,-184.89642,0.6538774690280358,0.00998645168764533,135,0.34510207176208496,-169.2646756
4129,-162.27641999999997,0.7186102493389385,0.00998645168764533,663,1.9132280349731445,-172.88181200000002
4130,-177.89072000000004,0.6814303783153793,0.00998645168764533,249,0.6743857860565186,-172.74199000000002
4131,20.9529599999999,0.6806411070845736,0.00998645168764533,1408,4.036588907241821,-168.85957800000003
4132,-184.88182000000003,0.612143981763954,0.00998645168764533,134,0.39770078659057617,-168.85956360000003
4133,-173.05594000000002,0.5317091657758248,0.00998645168764533,426,1.2091171741485596,-168.62304600000004
4134,-184.88182000000003,0.5870728162534312,0.00998645168764533,134,0.3541100025177002,-168.62304600000004
4135,-186.78548,0.4037207817929166,0.00998645168764533,124,0.3224830627441406,-168.66082720000003
4136,-179.60336,0.6870826159416616,0.00998645168764533,184,0.6218447685241699,-168.69583840000004
4137,-173.15866000000005,0.5158978001028299,0.00998645168764533,275,0.7300212383270264,-168.95095520000004
4138,-184.88254000000003,0.5168444165167635,0.00998645168764533,134,0.36197495460510254,-169.316342
4139,-164.9493999999999,0.4991290095901964,0.00998645168764533,741,1.970108985900879,-169.25200360000002
4140,-184.88182000000003,0.5627375303197708,0.00998645168764533,134,0.3619260787963867,-169.25198920000003
4141,-185.18944000000002,0.6340705600213902,0.00998645168764533,145,0.3871490955352783,-169.25784960000001
4142,-184.13824000000002,0.545708653401455,0.00998645168764533,145,0.37039899826049805,-169.72933840000002
4143,19.66615999999998,0.6330196018332795,0.00998645168764533,1368,3.61564302444458,-165.63836440000003
4144,-184.88254000000003,0.5850300616932227,0.00998645168764533,134,0.39031076431274414,-165.63836440000003
4145,-184.89642,0.5107725460737668,0.00998645168764533,135,0.34691882133483887,-165.88754200000002
4146,-184.88182000000003,0.6115450141777687,0.00998645168764533,134,0.34943628311157227,-165.8813752
4147,-185.19016000000002,0.6952289609623881,0.00998645168764533,145,0.36527419090270996,-165.8813896
4148,-181.50726000000003,0.5825388265356165,0.00998645168764533,174,0.4371819496154785,-165.81388400000003
4149,-166.2764999999999,0.6538280510865109,0.00998645168764533,859,2.300182819366455,-165.44176320000003
4150,-184.88254000000003,0.5879436391822771,0.00998645168764533,134,0.36471080780029297,-165.44177760000002
4151,-185.5302,0.7482944820697109,0.00998645168764533,165,0.4475719928741455,-165.45473080000002
4152,-185.18944000000002,0.6734676870999151,0.00998645168764533,145,0.4187901020050049,-165.425684
4153,-184.88182000000003,0.8909393893902315,0.00998645168764533,134,0.34429121017456055,-165.425684
4154,-184.88254000000003,0.49685766601434617,0.00998645168764533,134,0.3395650386810303,-165.4256984
4155,-184.88182000000003,0.6802495717237801,0.00998645168764533,134,0.339080810546875,-165.42540640000004
4156,-180.45870000000002,0.8541279606435491,0.00998645168764533,174,0.4421350955963135,-165.3369296
4157,-187.83548000000002,0.9129715752262142,0.00998645168764533,124,0.3292660713195801,-165.6434228
4158,-162.08483999999993,0.6534530274492937,0.00998645168764533,556,1.3941090106964111,-165.39713040000004
4159,-171.75667999999996,0.6345903325928507,0.00998645168764533,917,2.3067150115966797,-165.1343356
4160,-184.88182000000003,0.5627985595614274,0.00998645168764533,134,0.3321418762207031,-165.1343356
4161,-184.88254000000003,0.63363711551221,0.00998645168764533,134,0.37711215019226074,-169.09074480000004
4162,-184.88182000000003,0.5637141090275636,0.00998645168764533,134,0.3373870849609375,-169.4607496
4163,-157.5270799999999,0.6616978072717677,0.00998645168764533,685,2.0301239490509033,-168.91365480000002
4164,-185.18944000000002,0.6107660177773957,0.00998645168764533,145,0.37055110931396484,-168.9198072
4165,-184.88182000000003,0.7534968884342086,0.00998645168764533,134,0.34123682975769043,-168.91979279999998
4166,-158.6345199999999,0.7478148124268194,0.00998645168764533,788,1.964327096939087,-168.3945404
4167,-186.78548,0.5328727432511626,0.00998645168764533,124,0.3066837787628174,-168.88856080000002
4168,-184.88182000000003,0.7275345422737578,0.00998645168764533,134,0.3338439464569092,-168.88856080000002
4169,-181.50726000000003,0.7474249594887697,0.00998645168764533,174,0.42995524406433105,-172.8775668
4170,-172.54008000000005,0.6922796789011119,0.00998645168764533,297,0.7481749057769775,-172.63073200000002
4171,-172.95818000000003,0.7248864157218778,0.00998645168764533,319,0.787517786026001,-172.38614520000002
4172,-184.88182000000003,0.8471446303136424,0.00998645168764533,134,0.3316469192504883,-172.38003120000002
4173,-184.13824000000002,0.6337432856061336,0.00998645168764533,145,0.3825080394744873,-172.3648532
4174,-171.88266000000004,0.7939262941331854,0.00998645168764533,315,0.7859699726104736,-172.11972720000003
4175,-184.88182000000003,0.6584272808534329,0.00998645168764533,134,0.3317840099334717,-172.11972720000003
4176,-155.80831999999998,0.7637611487812984,0.00998645168764533,553,1.364260196685791,-171.5382572
4177,-185.18752000000003,0.763309592207701,0.00998645168764533,145,0.3709230422973633,-171.54407920000003
4178,-169.05607999999995,0.6874861050930425,0.00998645168764533,737,1.8119702339172363,-171.2272724
4179,-172.67886000000004,0.7005605919929875,0.00998645168764533,1054,2.5911309719085693,-171.4353212
4180,-184.88182000000003,0.5655671802293787,0.00998645168764533,134,0.3335838317871094,-171.5751432
4181,-165.98050000000003,0.6697407860545336,0.00998645168764533,386,0.9607899188995361,-175.31381240000002
4182,-184.88254000000003,0.5421247272335216,0.00998645168764533,134,0.3297231197357178,-175.31382680000002
4183,-184.88110000000003,0.7995472468519166,0.00998645168764533,134,0.3331277370452881,-175.55033000000003
4184,-184.88254000000003,0.5900790257198708,0.00998645168764533,134,0.43474411964416504,-175.55034440000003
4185,-184.89714,0.7951228587163819,0.00998645168764533,135,0.4144308567047119,-175.51257760000001
4186,-184.88182000000003,0.8707266977585074,0.00998645168764533,134,0.36631202697753906,-175.61814680000003
4187,-184.88182000000003,0.5901501874453319,0.00998645168764533,134,0.4068751335144043,-175.85261000000003
4188,-178.26870000000005,0.6949615361512099,0.00998645168764533,570,1.4886791706085205,-175.72033320000003
4189,-184.89642,0.5168713381238006,0.00998645168764533,135,0.4319181442260742,-176.1192736
4190,-178.75698000000003,0.6360903279367596,0.00998645168764533,639,1.897658109664917,-175.99677680000002
4191,-184.88182000000003,0.823021071003889,0.00998645168764533,134,0.3685789108276367,-175.9906244
4192,-184.88254000000003,0.6355446875025865,0.00998645168764533,134,0.37554001808166504,-176.00551040000002
4193,-184.88254000000003,0.6368858522054419,0.00998645168764533,134,0.359011173248291,-180.0964844
4194,-184.88182000000003,0.5890944636107158,0.00998645168764533,134,0.35210490226745605,-180.09647
4195,-184.88182000000003,0.4955666459360118,0.00998645168764533,134,0.3783090114593506,-180.096178
4196,-184.88182000000003,0.7067046997748982,0.00998645168764533,134,0.3477659225463867,-180.096178
4197,-174.28050000000002,0.6263654253756007,0.00998645168764533,231,0.6852660179138184,-179.8779848
4198,-184.88182000000003,0.8707693257063294,0.00998645168764533,134,0.4145028591156006,-179.945476
4199,-184.2955,0.7211806124632621,0.00998645168764533,154,0.4040992259979248,-180.30585600000003
4200,-164.27069999999995,0.7113862988805751,0.00998645168764533,859,2.333122730255127,-179.89361920000002
4201,-184.89714,0.49403703069245375,0.00998645168764533,135,0.3535149097442627,-179.88095800000002
4202,-170.01819999999987,0.7019097781850625,0.00998645168764533,885,2.330698013305664,-179.5775332
4203,-185.19016000000002,0.7412231556942751,0.00998645168764533,145,0.3984990119934082,-179.58370000000002
4204,-184.88182000000003,0.5887656838549719,0.00998645168764533,134,0.4170360565185547,-179.58368560000002
4205,-174.6511,0.876067584127253,0.00998645168764533,798,2.2084529399871826,-179.3790712
4206,-184.88182000000003,0.9157616104305124,0.00998645168764533,134,0.3443598747253418,-179.46753360000002
4207,-160.63497999999993,0.668218508722034,0.00998645168764533,1011,2.7135279178619385,-178.9235236
4208,-184.89714,0.7684539047035354,0.00998645168764533,135,0.5021557807922363,-179.3797696
4209,-172.00368000000003,0.6508789400155206,0.00998645168764533,321,0.877871036529541,-179.38470960000004
4210,-184.88182000000003,0.6103755458702903,0.00998645168764533,134,0.3419499397277832,-179.38470960000004
4211,-162.78271999999998,0.5912407983619263,0.00998645168764533,433,1.124157190322876,-178.9427132
4212,18.923280000000194,0.7316682256767769,0.00998645168764533,1072,2.65765118598938,-174.8666112
4213,-171.93148000000005,0.7487240771965744,0.00998645168764533,317,0.7873010635375977,-175.15469919999998
4214,-184.88254000000003,0.7299321079974188,0.00998645168764533,134,0.3346259593963623,-175.14856120000002
4215,-184.88254000000003,0.5175542558418281,0.00998645168764533,134,0.33001208305358887,-175.14857560000002
4216,-184.88182000000003,0.5890371099795535,0.00998645168764533,134,0.32828307151794434,-175.67352160000002
4217,-184.89642,0.6995020572579017,0.00998645168764533,135,0.3340339660644531,-175.63574040000003
4218,-188.57189999999989,0.5944328349061907,0.00998645168764533,1798,5.09689998626709,-175.709542
4219,-175.58610000000002,0.5282490157724723,0.00998645168764533,690,2.237874984741211,-175.5911188
4220,-184.88254000000003,0.3499733327345839,0.00998645168764533,134,0.5252978801727295,-175.837968
4221,-186.9823,0.4903933301310875,0.00998645168764533,134,0.3433711528778076,-176.1184504
4222,-184.89642,0.5095501835975382,0.00998645168764533,135,0.35698890686035156,-176.1187424
4223,-165.36120000000005,0.4964825209871423,0.00998645168764533,305,0.8431060314178467,-175.7432016
4224,-184.88182000000003,0.44335845962111187,0.00998645168764533,134,0.35639500617980957,-176.0031848
4225,-184.89642,0.5345076264330635,0.00998645168764533,135,0.37361979484558105,-176.00347680000002
4226,-184.89714,0.6483115390770965,0.00998645168764533,135,0.3607969284057617,-176.5852532
4227,-184.88182000000003,0.6324141461874789,0.00998645168764533,134,0.36340999603271484,-176.57913920000001
4228,-184.88254000000003,0.49133431389510857,0.00998645168764533,134,0.4188079833984375,-176.8956684
4229,-182.36308,0.4447037143002423,0.00998645168764533,164,0.4342930316925049,-177.08935280000003
4230,-184.13824000000002,0.5003089154588765,0.00998645168764533,145,0.37514305114746094,-177.0744812
4231,-167.71026,0.6516951107281146,0.00998645168764533,570,1.4562652111053467,-177.10907640000002
4232,-178.67508000000004,0.5064873226016523,0.00998645168764533,189,0.47095394134521484,-176.98492720000002
4233,-184.89714,0.5130278593343165,0.00998645168764533,135,0.3477933406829834,-176.98524799999998
4234,-174.11152000000004,0.5791610581246196,0.00998645168764533,521,1.5491530895233154,-176.7698276
4235,-169.1509,0.601624207770118,0.00998645168764533,887,2.411663055419922,-176.4549028
4236,-175.5593,0.5823134962341314,0.00998645168764533,742,1.96083402633667,-176.26845240000003
4237,-184.88182000000003,0.51693263299652,0.00998645168764533,134,0.39393115043640137,-176.26845240000003
4238,-183.80432000000002,0.9110646538092229,0.00998645168764533,184,0.6078660488128662,-176.3791648
4239,-173.15794000000005,0.63021243581379,0.00998645168764533,275,0.7974081039428711,-176.1443952
4240,-167.85040000000004,0.6670215819272048,0.00998645168764533,425,1.0899658203125,-175.92626360000003
4241,-184.89642,0.3278505522205874,0.00998645168764533,135,0.3437659740447998,-175.9265556
4242,-184.88182000000003,0.5859515680862006,0.00998645168764533,134,0.33913183212280273,-175.9265412
4243,-166.82252000000003,0.49938669494916627,0.00998645168764533,324,0.8134257793426514,-175.5653408
4244,-184.88182000000003,0.6107996628522429,0.00998645168764533,134,0.3331730365753174,-175.5653408
4245,27.140559999999873,0.5939307595120418,0.00998645168764533,872,2.1682162284851074,-171.32489320000002
4246,-166.24004000000002,0.672242122841065,0.00998645168764533,349,0.8641009330749512,-170.95205760000002
4247,-184.88182000000003,0.8186601996143807,0.00998645168764533,134,0.3354361057281494,-171.164084
4248,-155.2365199999998,0.6773491401010738,0.00998645168764533,1085,3.0199429988861084,-170.571178
4249,-185.18752000000003,0.6984012826185289,0.00998645168764533,145,0.3745410442352295,-170.58901840000001
4250,-176.90756000000005,0.5965124224846365,0.00998645168764533,253,0.6996147632598877,-170.8417556
4251,-184.88182000000003,0.49667320757715117,0.00998645168764533,134,0.36094117164611816,-170.84144920000003
4252,-184.88182000000003,0.589652287322027,0.00998645168764533,134,0.4246029853820801,-171.13872160000003
4253,-184.88254000000003,0.4733874765155253,0.00998645168764533,134,0.4233510494232178,-171.1325692
4254,-185.18752000000003,0.892915201469742,0.00998645168764533,145,0.44385218620300293,-171.1386832
4255,-184.88182000000003,1.0339573840610683,0.00998645168764533,134,0.4930918216705322,-171.3432976
4256,-184.89642,0.4686783640610951,0.00998645168764533,135,0.4109318256378174,-171.3435896
4257,-184.88182000000003,0.6131208139791418,0.00998645168764533,134,0.4777181148529053,-171.82852640000002
4258,-184.88182000000003,0.7537510764173496,0.00998645168764533,134,0.3752291202545166,-171.82822
4259,-184.88254000000003,0.8000464469625322,0.00998645168764533,134,0.34593725204467773,-172.0857972
4260,-185.18752000000003,0.915056555230042,0.00998645168764533,145,0.39840102195739746,-172.09191120000003
4261,-184.88254000000003,0.8015590159139082,0.00998645168764533,134,0.3744938373565674,-172.53390760000002
4262,-184.88254000000003,0.7552140883670481,0.00998645168764533,134,0.3641238212585449,-176.610024
4263,-185.19016000000002,0.5694607676681259,0.00998645168764533,145,0.37070679664611816,-176.87519760000004
4264,-184.88182000000003,0.9637130367597426,0.00998645168764533,134,0.38602709770202637,-176.87518320000004
4265,-185.18944000000002,1.0209730241640376,0.00998645168764533,145,0.40824437141418457,-176.88132120000003
4266,-185.19016000000002,0.8276524753855734,0.00998645168764533,145,0.3629179000854492,-176.88748800000002
4267,-185.99136000000001,0.7414795865740451,0.00998645168764533,233,0.580592155456543,-176.90938680000002
4268,-184.88254000000003,1.1048152188478566,0.00998645168764533,134,0.3322598934173584,-176.83559960000002
4269,-161.27450000000005,0.7364264449524837,0.00998645168764533,563,1.4214670658111572,-176.54936760000004
4270,-184.88254000000003,0.7526550804153641,0.00998645168764533,134,0.32938575744628906,-176.54936760000004
4271,-184.88254000000003,0.963929947868768,0.00998645168764533,134,0.3912999629974365,-176.5073724
4272,-171.56586000000004,0.617284450247523,0.00998645168764533,351,0.9934978485107422,-176.2407612
4273,-184.88182000000003,0.8705046828210687,0.00998645168764533,134,0.4029991626739502,-176.63117360000004
4274,-168.42316000000002,0.6975815354577027,0.00998645168764533,605,1.592545747756958,-176.30200040000003
4275,-190.10128000000003,0.8373528659119118,0.00998645168764533,481,1.2963500022888184,-176.40609760000004
4276,-192.31272,0.8240078554724547,0.00998645168764533,233,0.5972669124603271,-176.5544092
4277,26.001200000000214,0.8026346057508694,0.00998645168764533,888,2.5057578086853027,-172.3367488
4278,-167.98584000000005,0.8041182940966488,0.00998645168764533,384,0.9715731143951416,-171.99881480000005
4279,-167.61632000000003,0.74984871189351,0.00998645168764533,313,0.7971436977386475,-171.70387960000005
4280,-184.88182000000003,0.49865164163647524,0.00998645168764533,134,0.34021806716918945,-171.7187512
4281,-171.22218,0.8660630408296858,0.00998645168764533,439,1.1135077476501465,-171.78898960000004
4282,-182.21866000000003,0.4982609464907898,0.00998645168764533,154,0.38254308700561523,-171.8598612
4283,-184.88182000000003,0.5453052219253645,0.00998645168764533,134,0.3311340808868408,-171.8595548
4284,-167.87108000000003,0.7364640486840572,0.00998645168764533,324,0.8125097751617432,-171.734746
4285,-184.88254000000003,0.66168699414233,0.00998645168764533,134,0.33281779289245605,-172.0493788
4286,-167.61512000000005,0.7714965002010234,0.00998645168764533,313,0.8036279678344727,-171.89049520000003
4287,-184.88110000000003,0.8023813243107453,0.00998645168764533,134,0.3307640552520752,-171.89048080000003
4288,-184.88182000000003,0.9195133935896429,0.00998645168764533,134,0.3290421962738037,-171.91203080000003
4289,-166.76986000000002,0.8521310740952345,0.00998645168764533,374,0.9288520812988281,-171.7842692
4290,-172.54440000000002,0.8554648715620139,0.00998645168764533,297,0.7464520931243896,-171.8781492
4291,-164.20245999999997,0.884486725726063,0.00998645168764533,503,1.573333978652954,-171.46427000000003
4292,-170.40912000000006,0.8219639570681729,0.00998645168764533,345,0.8864331245422363,-171.17481600000002
4293,-184.88182000000003,0.8733966275215593,0.00998645168764533,134,0.390056848526001,-171.536002
4294,-184.89642,0.7284633794868434,0.00998645168764533,135,0.42658495903015137,-171.53629400000003
4295,7.188159999999975,0.7469667677114558,0.00998645168764533,1024,3.1950180530548096,-171.93534200000002
4296,-184.88182000000003,0.4747154607729458,0.00998645168764533,134,0.34702491760253906,-172.30817760000002
4297,-184.89642,0.8180035675358441,0.00998645168764533,135,0.3711268901824951,-172.30846960000002
4298,-173.47054000000003,0.721037913221203,0.00998645168764533,798,2.218352794647217,-172.67315000000002
4299,-184.88254000000003,0.6842524524805929,0.00998645168764533,134,0.36214208602905273,-172.6670504
4300,-167.43374,0.5790060640306536,0.00998645168764533,451,1.2086191177368164,-172.47757400000003
4301,-184.88182000000003,0.7317634124322725,0.00998645168764533,134,0.37310004234313965,-172.47757400000003
4302,-184.88182000000003,0.612853191633111,0.00998645168764533,134,0.36408209800720215,-172.47757400000003
4303,-155.09575999999996,0.5898059183738825,0.00998645168764533,521,1.4227159023284912,-171.88183840000002
4304,-184.88254000000003,0.6145439550433475,0.00998645168764533,134,0.3509049415588379,-171.87573880000002
4305,-184.88182000000003,0.7769418585378287,0.00998645168764533,134,0.3551058769226074,-171.87573880000002
4306,-184.88182000000003,0.571166817557567,0.00998645168764533,134,0.34615135192871094,-171.87544680000002
4307,-184.02576000000002,0.6407485027901001,0.00998645168764533,144,0.3692011833190918,-171.85832560000003
4308,-184.88254000000003,0.5921537723850959,0.00998645168764533,134,0.3627889156341553,-171.85834000000003
4309,-172.54008000000005,0.6640104249539951,0.00998645168764533,297,0.786024808883667,-171.61149080000004
4310,-184.88182000000003,0.7101749980530299,0.00998645168764533,134,0.3755300045013428,-171.60537680000002
4311,-172.90136,0.6925125922876785,0.00998645168764533,569,1.4997820854187012,-171.36575320000003
4312,-185.18944000000002,0.7018792453254091,0.00998645168764533,145,0.3998441696166992,-171.37189120000002
4313,-184.88766,0.8691887618362448,0.00998645168764533,131,0.37383008003234863,-171.36584120000003
4314,-184.89642,0.7032225203044988,0.00998645168764533,135,0.42653894424438477,-171.3661332
4315,-184.88254000000003,0.8023693217312111,0.00998645168764533,134,0.34476709365844727,-171.35999520000001
4316,-184.88838,0.8684608756941352,0.00998645168764533,131,0.33530688285827637,-171.35395960000002
4317,-186.64178,0.9391484024215555,0.00998645168764533,114,0.2887721061706543,-171.366968
4318,-184.15466,0.7347100746507446,0.00998645168764533,147,0.37260913848876953,-171.3524104
4319,11.71320000000009,0.7580748892540642,0.00998645168764533,1464,3.8582541942596436,-167.89265640000002
4320,-184.88254000000003,0.6143159017508933,0.00998645168764533,134,0.3502840995788574,-167.89265640000002
4321,-184.88182000000003,0.47245716802609056,0.00998645168764533,134,0.34090518951416016,-167.89264200000002
4322,19.305600000000123,0.6585481308784883,0.00998645168764533,1144,2.8905599117279053,-164.0752128
4323,-184.88182000000003,0.5660526781454126,0.00998645168764533,134,0.38361120223999023,-164.0752128
4324,-172.11126000000004,0.6220311161489525,0.00998645168764533,327,0.8968503475189209,-164.14897480000002
4325,-185.19016000000002,0.5485152802526437,0.00998645168764533,145,0.3673679828643799,-164.05075240000002
4326,-184.89714,0.6528634274516393,0.00998645168764533,135,0.3965020179748535,-163.9024408
4327,-169.81426000000005,0.6109058102059371,0.00998645168764533,419,1.140136957168579,-167.81875000000002
4328,-184.88838,0.5034236089248239,0.00998645168764533,131,0.3309149742126465,-168.1568008
4329,-175.16498,0.5630752215571201,0.00998645168764533,223,0.5467720031738281,-168.30777400000002
4330,-184.89714,0.5622111678744356,0.00998645168764533,135,0.34588193893432617,-168.30808040000002
4331,-184.88254000000003,0.636486376746933,0.00998645168764533,134,0.34259819984436035,-168.58128760000002
4332,-184.88254000000003,0.4032746282225447,0.00998645168764533,134,0.33663105964660645,-168.63456520000003
4333,-171.90216000000004,0.817830315970268,0.00998645168764533,369,0.9781608581542969,-168.374972
4334,-184.88254000000003,0.6824367918254836,0.00998645168764533,134,0.36467504501342773,-168.71520120000002
4335,-162.9159599999999,0.779335478770193,0.00998645168764533,748,2.125311851501465,-168.2758696
4336,-184.89714,0.6796472607801358,0.00998645168764533,135,0.3735768795013428,-168.62151000000003
4337,-184.88182000000003,0.5188471571639625,0.00998645168764533,134,0.3363330364227295,-168.62152440000003
4338,-179.70814000000004,0.7832746189671679,0.00998645168764533,590,1.472790002822876,-168.51805080000003
4339,23.99967999999994,0.6379543738343335,0.00998645168764533,1160,3.210435152053833,-164.70266000000004
4340,-171.44904000000002,0.5518844591237713,0.00998645168764533,345,0.8864970207214355,-164.68075280000002
4341,-184.88182000000003,0.7019984232428581,0.00998645168764533,134,0.35125088691711426,-165.09434000000002
4342,-171.30838000000006,0.5919989318360944,0.00998645168764533,338,0.8658480644226074,-165.11232520000002
4343,-183.11870000000002,0.7093844292558679,0.00998645168764533,147,0.36385369300842285,-165.07706280000002
4344,-184.88182000000003,0.40143456552594675,0.00998645168764533,134,0.33993983268737793,-165.07677080000002
4345,-188.31016000000002,0.6278774646723672,0.00998645168764533,193,0.6351139545440674,-168.98673720000002
4346,-180.44970000000004,0.6164257322629804,0.00998645168764533,170,0.4647088050842285,-168.89809480000002
4347,-180.45798000000002,0.5850386660032231,0.00998645168764533,174,0.4591648578643799,-168.809326
4348,-184.89642,0.7248542440434297,0.00998645168764533,135,0.35481715202331543,-169.0378436
4349,-184.88254000000003,0.7073058112343745,0.00998645168764533,134,0.333193302154541,-169.0378436
4350,-184.88254000000003,0.8457396182009199,0.00998645168764533,134,0.3357229232788086,-169.38681960000002
4351,-184.88182000000003,0.5638879828794456,0.00998645168764533,134,0.33563899993896484,-169.38681960000002
4352,-184.88182000000003,0.6110103752867165,0.00998645168764533,134,0.34545111656188965,-169.38681960000002
4353,-173.07873999999987,0.6248804744018088,0.00998645168764533,1035,2.768700361251831,-169.74647920000004
4354,-173.59200000000004,0.6717346187787576,0.00998645168764533,297,0.8375370502471924,-169.52066840000003
4355,-184.88254000000003,0.6336904367042789,0.00998645168764533,134,0.36897897720336914,-169.52068280000003
4356,-184.88182000000003,0.6598179382689074,0.00998645168764533,134,0.36156582832336426,-169.52068280000003
4357,-184.88182000000003,0.7278919778555742,0.00998645168764533,134,0.3721909523010254,-169.53780400000002
4358,-184.89642,0.7712295150039372,0.00998645168764533,135,0.36242103576660156,-169.5380816
4359,-166.76794,0.622587674172884,0.00998645168764533,374,0.951164960861206,-169.42263880000002
4360,15.588880000000113,0.7238822890055795,0.00998645168764533,1424,3.972937822341919,-165.41322480000002
4361,-184.88182000000003,0.7748533401763372,0.00998645168764533,134,0.3844449520111084,-165.652834
4362,-185.18944000000002,0.7829963995015313,0.00998645168764533,145,0.4386019706726074,-165.652834
4363,-184.88182000000003,0.5175430857812735,0.00998645168764533,134,0.3383479118347168,-165.6527172
4364,-172.33444000000003,0.6563733489609355,0.00998645168764533,389,0.9953711032867432,-165.4014776
4365,-184.88254000000003,0.540042404551059,0.00998645168764533,134,0.36574888229370117,-165.4014776
4366,-185.18944000000002,0.6535004102978214,0.00998645168764533,145,0.3654770851135254,-165.40749880000004
4367,-184.88182000000003,0.7053238669855159,0.00998645168764533,134,0.3408241271972656,-165.37229960000002
4368,-184.88182000000003,0.7058068144538286,0.00998645168764533,134,0.334212064743042,-165.3868428
4369,-184.88182000000003,0.6346763207702272,0.00998645168764533,134,0.3321528434753418,-169.31874320000003
4370,-185.19016000000002,0.7198364674916555,0.00998645168764533,145,0.3815159797668457,-169.32489560000002
4371,-184.88182000000003,0.8014096406344047,0.00998645168764533,134,0.36295080184936523,-169.32489560000002
4372,-184.88766,0.771984348656567,0.00998645168764533,131,0.3358638286590576,-173.4087608
4373,-184.13752000000002,0.763950054353938,0.00998645168764533,145,0.43325376510620117,-173.39387480000002
4374,-164.28910000000002,0.7129309170224108,0.00998645168764533,1154,2.961925983428955,-173.2374316
4375,-184.89642,0.4712847238165085,0.00998645168764533,135,0.3966958522796631,-173.23155680000002
4376,-186.78548,0.7363931407866579,0.00998645168764533,124,0.34233689308166504,-173.26932360000004
4377,-184.88182000000003,1.0570588524091933,0.00998645168764533,134,0.3434922695159912,-173.5706748
4378,-184.89714,0.7047616803811656,0.00998645168764533,135,0.4369618892669678,-173.57085000000004
4379,-184.88182000000003,0.6359749636126321,0.00998645168764533,134,0.35951995849609375,-173.7651868
4380,-172.99618000000004,0.6825335849464066,0.00998645168764533,471,1.197007179260254,-173.52716760000004
4381,-184.88254000000003,0.7772091735265593,0.00998645168764533,134,0.35943102836608887,-173.52716760000004
4382,-171.72212,0.6714915184450367,0.00998645168764533,917,2.297818899154663,-173.26395920000002
4383,-168.94114000000002,0.7949445163919475,0.00998645168764533,527,1.4000542163848877,-173.2047388
4384,-184.88182000000003,0.7055703654968694,0.00998645168764533,134,0.37555408477783203,-173.2047244
4385,-174.41638000000003,0.6903711596772448,0.00998645168764533,638,1.594614028930664,-173.4347328
4386,-163.70042,0.5971453256055588,0.00998645168764533,478,1.271620750427246,-173.01079840000003
4387,-184.88254000000003,0.6118995373540405,0.00998645168764533,134,0.3717811107635498,-173.01081280000002
4388,-184.88254000000003,0.6803859372678867,0.00998645168764533,134,0.4029700756072998,-173.11430080000002
4389,-175.28100000000003,0.7207851466290774,0.00998645168764533,429,1.0983192920684814,-177.09991440000002
4390,-184.88182000000003,0.7532719167074494,0.00998645168764533,134,0.3358941078186035,-177.36857000000003
4391,-184.89714,0.8627042768316137,0.00998645168764533,135,0.3363051414489746,-177.3688764
4392,-184.88254000000003,0.6829047566627278,0.00998645168764533,134,0.33240389823913574,-177.6403596
4393,-173.96750000000003,0.6430820359639003,0.00998645168764533,418,1.0206058025360107,-177.4573356
4394,-185.18944000000002,0.6964229375188207,0.00998645168764533,145,0.35566091537475586,-177.46348800000004
4395,-184.88182000000003,0.7760757790503106,0.00998645168764533,134,0.32653093338012695,-177.39492120000003
4396,-184.88254000000003,0.5657326135673185,0.00998645168764533,134,0.33785486221313477,-177.48357800000002
4397,-184.88254000000003,0.7034839628292109,0.00998645168764533,134,0.33501410484313965,-177.57206920000002
4398,-184.88182000000003,0.6112969751511492,0.00998645168764533,134,0.3320629596710205,-177.57177720000004
4399,-171.23170000000005,0.9171923289853913,0.00998645168764533,335,0.8231120109558105,-177.29876040000002
4400,-171.82424000000003,0.7599834215116149,0.00998645168764533,313,0.7629940509796143,-177.03759440000002
4401,-184.29622,0.5996572408982396,0.00998645168764533,154,0.37982892990112305,-177.0258824
4402,-184.88254000000003,1.150201148596773,0.00998645168764533,134,0.3386523723602295,-177.0258968
4403,-186.12696,1.0077460465512962,0.00998645168764533,144,0.36771297454833984,-177.28686120000003
4404,-184.89642,0.6096516006729669,0.00998645168764533,135,0.33637285232543945,-177.51294960000004
4405,-179.60336,0.7956620973443774,0.00998645168764533,184,0.4606499671936035,-177.40736600000002
4406,-184.88182000000003,0.7075624821582503,0.00998645168764533,134,0.3359229564666748,-177.40736600000002
4407,-184.88182000000003,0.8469370894008942,0.00998645168764533,134,0.3420107364654541,-177.40736600000002
4408,-184.88182000000003,1.0577609132169121,0.00998645168764533,134,0.3350710868835449,-177.40707400000002
4409,-173.34104000000005,0.8663983203537032,0.00998645168764533,337,1.1173298358917236,-177.53853600000002
4410,-184.88182000000003,0.683242405243496,0.00998645168764533,134,0.4123659133911133,-181.54795000000001
4411,-184.88182000000003,0.683065441576069,0.00998645168764533,134,0.3349800109863281,-181.54795000000001
4412,-185.18944000000002,0.978214311448793,0.00998645168764533,145,0.42053699493408203,-181.54795000000001
4413,-184.88182000000003,0.8245945408342601,0.00998645168764533,134,0.37835216522216797,-181.54795000000001
4414,-167.30598000000003,0.8688838115010292,0.00998645168764533,347,0.8971741199493408,-181.44738080000002
4415,-184.88182000000003,0.8011370975760492,0.00998645168764533,134,0.3585851192474365,-181.44736640000002
4416,-154.2432799999999,0.9424248907252368,0.00998645168764533,632,1.5613479614257812,-180.82844320000004
4417,-184.88182000000003,0.9424832845384727,0.00998645168764533,134,0.33634471893310547,-180.82844320000004
4418,-184.88182000000003,1.0362616017697128,0.00998645168764533,134,0.32835984230041504,-180.82844320000004
4419,-171.45072000000005,0.9474763740501974,0.00998645168764533,345,0.8510499000549316,-180.55982120000002
4420,-184.13824000000002,1.0022326252712257,0.00998645168764533,145,0.3716549873352051,-180.5387828
4421,20.54208000000007,0.766394227202591,0.00998645168764533,1144,2.824449062347412,-176.43030480000002
4422,-153.9461799999998,0.8429109226062098,0.00998645168764533,918,2.2510087490081787,-175.81147520000002
4423,-171.65992000000003,0.8530190371434953,0.00998645168764533,305,0.7507400512695312,-175.56192320000002
4424,-175.12378000000004,0.714529015718786,0.00998645168764533,371,0.9071431159973145,-175.7786168
4425,-184.88182000000003,0.8482439965079192,0.00998645168764533,134,0.3236048221588135,-175.7783248
4426,-184.88182000000003,0.708412698178149,0.00998645168764533,134,0.331693172454834,-175.74025160000002
4427,-180.56288000000004,0.8446713615061536,0.00998645168764533,177,0.4304349422454834,-175.65387280000002
4428,-184.89642,0.9582977890899336,0.00998645168764533,135,0.3294680118560791,-175.65385840000002
4429,-184.88182000000003,0.9662670884072891,0.00998645168764533,134,0.32833099365234375,-175.65385840000002
4430,-184.88254000000003,0.8736318092195512,0.00998645168764533,134,0.3275437355041504,-175.89158560000004
4431,-182.58712000000003,0.8497864074676975,0.00998645168764533,176,0.4362938404083252,-175.84567720000004
4432,-172.78582000000006,0.7645974686696171,0.00998645168764533,359,0.88401198387146,-175.86695120000002
4433,-169.92106000000004,0.8342773859852297,0.00998645168764533,374,0.9258790016174316,-175.88654960000002
4434,-145.2196399999998,0.8229477407884869,0.00998645168764533,1100,3.033015727996826,-175.093306
4435,-185.18944000000002,0.5276427532578337,0.00998645168764533,145,0.40880513191223145,-175.3087672
4436,-184.88182000000003,0.682576628339324,0.00998645168764533,134,0.34986114501953125,-175.73239520000004
4437,-184.89714,0.51712107549387,0.00998645168764533,135,0.37969374656677246,-175.7326872
4438,-185.02200000000002,1.0138999716426333,0.00998645168764533,137,0.3655731678009033,-175.7354764
4439,-169.23606,0.6881670596412303,0.00998645168764533,847,2.608207941055298,-175.61457760000002
4440,-170.91748,0.5451028227610719,0.00998645168764533,1268,3.262507677078247,-175.3352908
4441,-185.19016000000002,0.6540013467764546,0.00998645168764533,145,0.42990589141845703,-175.3411512
4442,-184.88182000000003,0.6108201046251872,0.00998645168764533,134,0.3803420066833496,-175.34113680000002
4443,-184.88182000000003,0.5403330790629582,0.00998645168764533,134,0.3750903606414795,-175.55942320000003
4444,-184.91096000000002,0.4420983690686305,0.00998645168764533,136,0.3627340793609619,-175.5538536
4445,27.596639999999933,0.5196407692665563,0.00998645168764533,904,2.5005440711975098,-171.30428440000003
4446,-169.52158000000006,0.5710805922113451,0.00998645168764533,403,1.02901291847229,-170.99706520000004
4447,-184.88254000000003,0.6103065601174733,0.00998645168764533,134,0.34368896484375,-170.99706520000004
4448,-184.88182000000003,0.5180282234005741,0.00998645168764533,134,0.3523387908935547,-170.99706520000004
4449,21.766480000000044,0.5034183887395114,0.00998645168764533,1184,3.9383788108825684,-167.13710160000002
4450,-166.79670000000004,0.5868688990399241,0.00998645168764533,375,0.9727728366851807,-167.03655080000001
4451,-165.74614000000003,0.6807311001447911,0.00998645168764533,374,1.061551809310913,-166.66554920000002
4452,27.481679999999887,0.5503674397004603,0.00998645168764533,856,2.70522403717041,-162.4182648
4453,-185.19016000000002,0.74001684824069,0.00998645168764533,145,0.3836250305175781,-162.3995288
4454,-170.61520000000004,0.35505770277537285,0.00998645168764533,305,0.910416841506958,-162.11390440000002
4455,-184.88182000000003,0.3313930079778795,0.00998645168764533,134,0.3719010353088379,-162.21947360000001
4456,-169.20075999999986,0.492029158056276,0.00998645168764533,996,2.630469799041748,-161.90585240000001
4457,-172.30767999999998,0.43202035739484684,0.00998645168764533,1041,2.773212194442749,-161.6543696
4458,-184.89714,0.2566167779646262,0.00998645168764533,135,0.3330569267272949,-161.65467600000002
4459,-156.99281999999994,0.3887412245557816,0.00998645168764533,810,2.3031396865844727,-161.32771160000001
4460,-184.88182000000003,0.44316920093191203,0.00998645168764533,134,0.3305940628051758,-161.32771160000001
4461,-184.89642,0.44188292577724764,0.00998645168764533,135,0.3347172737121582,-161.32800360000002
4462,-184.88182000000003,0.4965882246146229,0.00998645168764533,134,0.33498215675354004,-161.32185120000003
4463,-184.88254000000003,0.4225004220297977,0.00998645168764533,134,0.33168578147888184,-161.32186560000002
4464,-184.88254000000003,0.5165707006591803,0.00998645168764533,134,0.34421777725219727,-161.6733968
4465,-184.89714,0.5595609894850188,0.00998645168764533,135,0.39328789710998535,-161.6737032
4466,-184.88254000000003,0.51657745125356,0.00998645168764533,134,0.34128808975219727,-162.28648840000002
4467,-184.88254000000003,0.26219312379609294,0.00998645168764533,134,0.40339016914367676,-162.28650280000002
4468,-184.88182000000003,0.8225886253709558,0.00998645168764533,134,0.40858006477355957,-162.28650280000002
4469,-173.09396000000004,0.5585841769152807,0.00998645168764533,373,0.9849419593811035,-162.3193676
4470,-184.88182000000003,0.5422464148975464,0.00998645168764533,134,0.3408818244934082,-162.3342392
4471,-184.88254000000003,0.3786280084985183,0.00998645168764533,134,0.33297300338745117,-166.4427316
4472,-180.44970000000004,0.5079458436216502,0.00998645168764533,170,0.5169038772583008,-166.972802
4473,-184.88182000000003,0.727721004691253,0.00998645168764533,134,0.3366551399230957,-167.23724
4474,-163.79755999999995,0.5958023201021617,0.00998645168764533,685,1.9310908317565918,-167.0107156
4475,-160.08655999999996,0.5931821464602502,0.00998645168764533,560,1.435030221939087,-166.51481040000002
4476,23.220479999999924,0.5750790902919538,0.00998645168764533,1888,5.035589694976807,-162.3527644
4477,-166.99150000000003,0.5040404692599078,0.00998645168764533,434,1.2063970565795898,-162.0813368
4478,16.951920000000136,0.46104497591754673,0.00998645168764533,1648,4.519287109375,-158.04437000000001
4479,-171.15955999999989,0.3806794566244845,0.00998645168764533,941,2.6101789474487305,-157.7699248
4480,19.954240000000073,0.46732862433860206,0.00998645168764533,1160,3.0506980419158936,-153.67318920000002
4481,-184.88182000000003,0.4672638024898496,0.00998645168764533,134,0.398101806640625,-153.7190832
4482,-167.54851999999988,0.40327030330975683,0.00998645168764533,869,2.3769748210906982,-153.61433720000002
4483,-172.48848000000004,0.3681878979641782,0.00998645168764533,345,0.9193418025970459,-153.6656856
4484,-184.88182000000003,0.4910561962803798,0.00998645168764533,134,0.34337782859802246,-154.4589292
4485,-184.88254000000003,0.1396403491337186,0.00998645168764533,134,0.4084808826446533,-154.4527912
4486,-184.88182000000003,0.3270083011906427,0.00998645168764533,134,0.35779714584350586,-154.4527912
4487,26.856480000000115,0.2880797237407283,0.00998645168764533,1288,3.4317092895507812,-150.2177188
4488,-161.37231999999997,0.1749376670707989,0.00998645168764533,617,1.662257194519043,-149.7447252
4489,-171.91556000000003,0.24978463931887446,0.00998645168764533,316,0.851027250289917,-149.79831520000002
4490,-170.75992,0.24538288411417616,0.00998645168764533,1065,2.809767007827759,-149.795164
4491,-184.88182000000003,0.16177042699835972,0.00998645168764533,134,0.3372819423675537,-149.7889972
4492,-184.88182000000003,0.3028478338574268,0.00998645168764533,134,0.3338961601257324,-149.7889972
4493,-184.88182000000003,0.23268433607447503,0.00998645168764533,134,0.3312230110168457,-149.7889972
4494,-184.88182000000003,0.2807895700523713,0.00998645168764533,134,0.3284001350402832,-149.7884144
4495,13.845999999999993,0.3012433787421252,0.00998645168764533,1048,2.7643487453460693,-150.0634272
4496,-182.20448000000002,0.5967823287192123,0.00998645168764533,153,0.438586950302124,-150.3170852
4497,-161.94594,0.3134086417777761,0.00998645168764533,595,1.5845999717712402,-149.8583532
4498,-185.18944000000002,0.4112881294098394,0.00998645168764533,145,0.360522985458374,-149.8645056
4499,-184.88182000000003,0.3976945642611262,0.00998645168764533,134,0.33074283599853516,-153.9974716
4500,-161.08234000000004,0.38378914099215666,0.00998645168764533,899,2.4252872467041016,-153.8831844
4501,-177.30176000000003,0.4149300470204526,0.00998645168764533,273,0.7064099311828613,-154.1142968
4502,-184.88182000000003,0.5392684217389506,0.00998645168764533,134,0.35370588302612305,-158.3615668
4503,-184.88110000000003,0.3503393453316513,0.00998645168764533,134,0.3453819751739502,-158.3553856
4504,-184.88254000000003,0.4493879635415193,0.00998645168764533,134,0.3622400760650635,-158.6407324
4505,-184.88182000000003,0.5630010970478961,0.00998645168764533,134,0.3498079776763916,-158.6407324
4506,-184.88254000000003,0.471599930730551,0.00998645168764533,134,0.346560001373291,-158.95436800000002
4507,-158.32313999999994,0.4724665812283981,0.00998645168764533,526,1.3191328048706055,-158.67467720000002
4508,28.75440000000019,0.37754598282066515,0.00998645168764533,856,2.181392192840576,-154.4016464
4509,-184.88254000000003,0.3299132039728783,0.00998645168764533,134,0.34862327575683594,-154.9594408
4510,-186.64178,0.5200199531799737,0.00998645168764533,114,0.28599977493286133,-154.99464
4511,22.253200000000014,0.4715008287637773,0.00998645168764533,776,1.917876958847046,-150.8516476
4512,-167.5845199999999,0.459416270057489,0.00998645168764533,917,2.2459189891815186,-150.5057016
4513,-171.31316000000004,0.4782779519309235,0.00998645168764533,340,0.8362870216369629,-150.23431399999998
4514,-174.80784000000003,0.494863876742609,0.00998645168764533,609,1.5178790092468262,-150.03282000000002
4515,-172.28866000000005,0.3635116781080281,0.00998645168764533,335,0.8737740516662598,-149.78065039999998
4516,-185.18944000000002,0.5663352122530341,0.00998645168764533,145,0.3578319549560547,-149.7867884
4517,-184.88254000000003,0.49428454917897263,0.00998645168764533,134,0.3400869369506836,-149.7867884
4518,-184.88182000000003,0.5630960317550978,0.00998645168764533,134,0.33388590812683105,-149.7867884
4519,-168.37391999999986,0.45211814051763705,0.00998645168764533,1105,2.7790868282318115,-149.6923876
4520,-184.88254000000003,0.517743375298303,0.00998645168764533,134,0.3357229232788086,-149.69240200000002
4521,-184.88182000000003,0.39838649169194384,0.00998645168764533,134,0.3347480297088623,-149.6923876
4522,-173.49840000000003,0.4328840672353676,0.00998645168764533,393,1.087778091430664,-149.55336160000002
4523,-184.88254000000003,0.7051148650014022,0.00998645168764533,134,0.36194491386413574,-149.55337600000001
4524,-184.88254000000003,0.5198066762314915,0.00998645168764533,134,0.4019901752471924,-149.9750756
4525,-184.88182000000003,0.49570032138266223,0.00998645168764533,134,0.35715723037719727,-150.4709808
4526,-172.38988000000003,0.468919956621023,0.00998645168764533,341,1.2210631370544434,-154.38318800000002
4527,-184.88182000000003,0.4713974435146509,0.00998645168764533,134,0.340925931930542,-154.7409944
4528,-184.88182000000003,0.6113140399275876,0.00998645168764533,134,0.33711886405944824,-158.7776692
4529,-184.91096000000002,0.7658295188208714,0.00998645168764533,136,0.375744104385376,-159.0526972
4530,-184.88182000000003,0.9168038269602207,0.00998645168764533,134,0.42510986328125,-163.1494184
4531,-184.89642,0.677888052324178,0.00998645168764533,135,0.3833298683166504,-163.1497104
4532,-184.88254000000003,0.5413116426902143,0.00998645168764533,134,0.36435508728027344,-163.4963908
4533,-185.18944000000002,0.8074326778408782,0.00998645168764533,145,0.3988983631134033,-163.75041000000002
4534,-184.88182000000003,0.8933872375637293,0.00998645168764533,134,0.37937402725219727,-163.75041000000002
4535,-184.88254000000003,0.6817695900881245,0.00998645168764533,134,0.34369683265686035,-163.75041000000002
4536,-184.88182000000003,0.8687426282523839,0.00998645168764533,134,0.4106748104095459,-163.75041000000002
4537,-184.88254000000003,0.49640219594671653,0.00998645168764533,134,0.3842048645019531,-167.98519040000002
4538,-180.44970000000004,0.7859508009243976,0.00998645168764533,170,0.5370230674743652,-168.366738
4539,-184.88254000000003,0.8465198023147437,0.00998645168764533,134,0.3766591548919678,-168.62607760000003
4540,-184.88182000000003,0.6365183525399041,0.00998645168764533,134,0.3402409553527832,-168.90851560000002
4541,-185.18944000000002,0.829664046156766,0.00998645168764533,145,0.3969888687133789,-168.914668
4542,-184.88254000000003,0.9189925729922617,0.00998645168764533,134,0.3845341205596924,-168.91468240000003
4543,-171.76952000000003,0.8036526435821051,0.00998645168764533,361,0.9742698669433594,-168.6524364
4544,-160.68376000000004,0.7587702165569968,0.00998645168764533,632,1.9369909763336182,-168.16847520000002
4545,-184.02576000000002,0.7469500231090933,0.00998645168764533,144,0.4098801612854004,-172.12591040000004
4546,-185.18944000000002,0.8708784705220626,0.00998645168764533,145,0.37197089195251465,-172.18560960000002
4547,-184.88182000000003,0.8482793711209252,0.00998645168764533,134,0.3993110656738281,-172.64432720000002
4548,-184.89642,0.7745624340104836,0.00998645168764533,135,0.396791934967041,-172.63846680000003
4549,-184.88182000000003,0.8267293906937451,0.00998645168764533,134,0.3471040725708008,-172.63846680000003
4550,-181.35706,0.7607590383097173,0.00998645168764533,167,0.43257761001586914,-173.0439612
4551,-183.81584,0.9492007388389143,0.00998645168764533,184,0.5333247184753418,-173.17424280000003
4552,-184.88182000000003,1.0119228016015198,0.00998645168764533,134,0.39897990226745605,-173.17424280000003
4553,-184.88182000000003,0.967248885537873,0.00998645168764533,134,0.34892702102661133,-173.17425720000003
4554,35.87432000000028,0.9192121181151397,0.00998645168764533,1584,4.035985946655273,-168.75912
4555,-166.56512000000004,0.7613327962170822,0.00998645168764533,313,0.7858748435974121,-168.392786
4556,-184.88182000000003,1.0822341803099904,0.00998645168764533,134,0.34903812408447266,-168.3927716
4557,-165.63694000000004,0.7762310313882795,0.00998645168764533,1362,3.6292569637298584,-168.5390476
4558,-184.88182000000003,0.8480260737115212,0.00998645168764533,134,0.33396291732788086,-172.81177200000002
4559,22.55111999999996,0.8266874300659753,0.00998645168764533,1192,2.9277358055114746,-168.6630988
4560,-184.88254000000003,0.638994237533145,0.00998645168764533,134,0.3352680206298828,-168.62791400000003
4561,-184.88254000000003,0.8933197015326526,0.00998645168764533,134,0.3322560787200928,-172.77062880000003
4562,-186.12504,0.5951643467997201,0.00998645168764533,144,0.35527801513671875,-173.14143920000004
4563,-185.18752000000003,0.7428198314817815,0.00998645168764533,145,0.35767078399658203,-173.41892640000003
4564,-184.88182000000003,0.8482774337545148,0.00998645168764533,134,0.3315610885620117,-173.620406
4565,-166.98666,0.6532031813987246,0.00998645168764533,738,1.8153738975524902,-173.514366
4566,-185.18944000000002,0.8504902851414577,0.00998645168764533,145,0.354172945022583,-173.514366
4567,-184.88182000000003,0.6377288294302772,0.00998645168764533,134,0.32326388359069824,-173.5143516
4568,-171.10778000000002,0.6500933974779275,0.00998645168764533,378,0.936150074005127,-173.2388708
4569,-184.88254000000003,0.5648547789401639,0.00998645168764533,134,0.3381831645965576,-173.5690432
4570,-184.88254000000003,0.6397998242625105,0.00998645168764533,134,0.32732272148132324,-173.5690432
4571,-184.88182000000003,0.8707852837379411,0.00998645168764533,134,0.33438682556152344,-173.5690432
4572,-184.88254000000003,0.7073288228668606,0.00998645168764533,134,0.32479214668273926,-173.796726
4573,-184.88182000000003,0.6378532264715255,0.00998645168764533,134,0.32648324966430664,-173.7967116
4574,-184.88254000000003,0.5195063996031436,0.00998645168764533,134,0.32641172409057617,-173.7967116
4575,-169.83932000000004,0.6744529067882974,0.00998645168764533,917,2.232571840286255,-173.4958616
4576,-184.88182000000003,0.6136409046489801,0.00998645168764533,134,0.3273956775665283,-173.74570040000003
4577,-172.55570000000006,0.6278262076346242,0.00998645168764533,298,0.7508628368377686,-173.49917800000003
4578,20.09312000000021,0.5027872895257377,0.00998645168764533,1488,4.4566850662231445,-169.39967920000004
4579,-184.89714,0.41987424575620225,0.00998645168764533,135,0.3765289783477783,-169.39940280000002
4580,-184.88254000000003,0.5400845260818058,0.00998645168764533,134,0.5106070041656494,-169.39941720000002
4581,-166.35564,0.5519947351680862,0.00998645168764533,405,1.246096134185791,-169.0286016
4582,-186.78548,0.4818257337075568,0.00998645168764533,124,0.3301551342010498,-169.0666604
4583,-184.88182000000003,0.563202480469316,0.00998645168764533,134,0.35314416885375977,-169.060508
4584,-184.88182000000003,0.822495897203239,0.00998645168764533,134,0.40573787689208984,-169.060508
4585,-177.78064000000003,0.5298779197375005,0.00998645168764533,193,0.49509668350219727,-168.91847
4586,-173.05756,0.6059144583099332,0.00998645168764533,924,2.3494746685028076,-168.68198480000004
4587,-174.18186,0.6348518919122895,0.00998645168764533,679,1.6823139190673828,-168.46797120000002
4588,-184.89642,0.5602524062756586,0.00998645168764533,135,0.33654284477233887,-168.55690560000002
4589,-184.88182000000003,0.4464183495442536,0.00998645168764533,134,0.37659597396850586,-168.55689120000002
4590,-184.88182000000003,0.8689169521832755,0.00998645168764533,134,0.3522171974182129,-168.55689120000002
4591,-184.88254000000003,0.6105509442416256,0.00998645168764533,134,0.38991785049438477,-168.5507532
4592,-184.88182000000003,0.7281994669586976,0.00998645168764533,134,0.3335001468658447,-168.5507388
4593,-184.88254000000003,0.6577558429188916,0.00998645168764533,134,0.34690308570861816,-168.8129992
4594,-171.95184000000006,0.7209291461611462,0.00998645168764533,321,0.8872168064117432,-169.03836080000002
4595,-168.30436000000003,0.7533622848124665,0.00998645168764533,501,1.3505208492279053,-168.7239328
4596,-184.02576000000002,0.550490259218754,0.00998645168764533,144,0.3649718761444092,-168.70065920000002
4597,-184.88182000000003,0.8002327692542058,0.00998645168764533,134,0.3353579044342041,-168.70065920000002
4598,-171.33952000000002,0.6050535405604831,0.00998645168764533,689,1.7800533771514893,-168.4295212
4599,-172.54440000000002,0.8818705154658116,0.00998645168764533,297,0.8377559185028076,-168.1827728
4600,-184.88254000000003,0.540911086626462,0.00998645168764533,134,0.3445899486541748,-168.25328240000002
4601,-184.88182000000003,0.6361775201217118,0.00998645168764533,134,0.4007260799407959,-168.27460200000002
4602,-184.88182000000003,0.8927621525893016,0.00998645168764533,134,0.3628981113433838,-168.27460200000002
4603,-184.88182000000003,0.8918987719912026,0.00998645168764533,134,0.4262709617614746,-168.27460200000002
4604,-165.40509999999992,0.6386108020161555,0.00998645168764533,867,2.3608222007751465,-172.30019040000002
4605,-167.85894000000005,0.5897245549369061,0.00998645168764533,323,0.9372570514678955,-172.3260668
4606,-184.88182000000003,0.4723135729584454,0.00998645168764533,134,0.42022085189819336,-172.3260668
4607,-184.88182000000003,0.7297741688454329,0.00998645168764533,134,0.3807401657104492,-172.71096440000002
4608,-184.89642,0.6762112170388853,0.00998645168764533,135,0.33971095085144043,-172.71125640000002
4609,-184.88182000000003,0.7304484926914768,0.00998645168764533,134,0.3541140556335449,-176.85991520000005
4610,-184.89714,0.7236896306483283,0.00998645168764533,135,0.3547630310058594,-176.8602072
4611,-184.88254000000003,0.4971722226186808,0.00998645168764533,134,0.33685994148254395,-176.8602072
4612,-184.91096000000002,0.7422839969410288,0.00998645168764533,136,0.3366680145263672,-176.8359256
4613,-184.88182000000003,0.7062988250460753,0.00998645168764533,134,0.32982587814331055,-176.82981160000003
4614,-166.88544000000005,0.660891707774143,0.00998645168764533,377,0.9556999206542969,-176.469884
4615,-168.63282000000012,0.740337932428152,0.00998645168764533,859,2.135772943496704,-176.50280720000003
4616,-184.88110000000003,0.7318784706503042,0.00998645168764533,134,0.33586978912353516,-176.49664040000005
4617,-181.13026,0.7156958571416485,0.00998645168764533,758,1.982652187347412,-176.42160920000003
4618,21.65672000000008,0.6979445079427764,0.00998645168764533,1080,2.822132110595703,-172.56631920000004
4619,-184.88182000000003,0.8454760126769543,0.00998645168764533,134,0.3874208927154541,-172.56630480000004
4620,-164.88953999999998,0.6515472529241365,0.00998645168764533,538,1.3515701293945312,-172.16644480000002
4621,-160.4896799999999,0.757375443690511,0.00998645168764533,529,1.2908589839935303,-171.67860200000004
4622,-184.89714,0.7246215906201138,0.00998645168764533,135,0.33649516105651855,-171.678894
4623,-172.96010000000004,0.6866316425330867,0.00998645168764533,319,0.7881553173065186,-171.44045960000003
4624,-167.02960000000004,0.6313697000554243,0.00998645168764533,385,0.9674758911132812,-171.08340080000002
4625,-184.88254000000003,0.6589409218086347,0.00998645168764533,134,0.331301212310791,-171.38426520000002
4626,-184.89642,0.6080441463462732,0.00998645168764533,135,0.33833909034729004,-171.38455720000002
4627,-180.44970000000004,0.7097054141190122,0.00998645168764533,170,0.41908884048461914,-171.54243720000002
4628,-184.88182000000003,0.4480994294828443,0.00998645168764533,134,0.3318338394165039,-175.64193600000002
4629,-184.88254000000003,0.6145053716487626,0.00998645168764533,134,0.32863616943359375,-175.641644
4630,-186.12768000000003,0.6152373205340054,0.00998645168764533,144,0.35421204566955566,-175.66654680000002
4631,-180.44970000000004,0.7116406430928585,0.00998645168764533,170,0.42133021354675293,-175.94842800000004
4632,-184.88182000000003,0.5452594845277716,0.00998645168764533,134,0.327700138092041,-175.91035480000002
4633,-171.11949999999985,0.6547204377342049,0.00998645168764533,1491,3.6532227993011475,-175.63510840000004
4634,-184.88254000000003,0.6798900429354008,0.00998645168764533,134,0.331157922744751,-175.63512280000003
4635,-172.80268000000004,0.6486368286060532,0.00998645168764533,308,0.7589530944824219,-175.53556360000002
4636,-167.11552000000006,0.6230316243623755,0.00998645168764533,689,1.6899549961090088,-175.41672280000003
4637,-184.88182000000003,0.6348436038190527,0.00998645168764533,134,0.34461021423339844,-175.63072200000002
4638,-186.64178,0.5471979520087572,0.00998645168764533,114,0.28897595405578613,-175.6656292
4639,-184.89642,0.5393736293470418,0.00998645168764533,135,0.44597506523132324,-175.6659212
4640,-173.26120000000003,0.584526949316873,0.00998645168764533,281,0.8795204162597656,-175.43350880000003
4641,-184.88182000000003,0.5410019260650473,0.00998645168764533,134,0.38378286361694336,-175.43349440000003
4642,-184.88182000000003,0.40052072368145214,0.00998645168764533,134,0.3646678924560547,-175.43349440000003
4643,-159.78493999999998,0.5529606405429102,0.00998645168764533,542,1.4175660610198975,-174.93154240000004
4644,-172.82974000000004,0.6615287526166276,0.00998645168764533,311,0.8847529888153076,-174.94910040000002
4645,-185.18944000000002,0.7168444990694266,0.00998645168764533,145,0.3966100215911865,-175.28680200000002
4646,-173.20960000000002,0.5318818172768301,0.00998645168764533,329,0.8191721439361572,-175.07047880000002
4647,-168.62394000000012,0.6577948194617304,0.00998645168764533,859,2.1395490169525146,-174.74532120000003
4648,-184.89714,0.4677150390283377,0.00998645168764533,135,0.34206295013427734,-175.01647360000004
4649,-184.88254000000003,0.6341650547084412,0.00998645168764533,134,0.33089113235473633,-175.2632364
4650,-161.78889999999993,0.6548100461708222,0.00998645168764533,639,1.5674638748168945,-174.8013636
4651,-171.85822000000007,0.6265976999257543,0.00998645168764533,314,0.7737679481506348,-174.54089160000004
4652,-180.44970000000004,0.6919288232155583,0.00998645168764533,170,0.4155147075653076,-174.4522492
4653,-184.88182000000003,0.822290573526285,0.00998645168764533,134,0.3344080448150635,-174.4522492
4654,-173.7076,0.5794206872561329,0.00998645168764533,353,0.9024069309234619,-174.61829920000002
4655,-184.88182000000003,0.6583105475613986,0.00998645168764533,134,0.33088207244873047,-174.9587568
4656,-184.88182000000003,1.103125943711945,0.00998645168764533,134,0.33072996139526367,-174.9587568
4657,-184.89642,0.7233021188389372,0.00998645168764533,135,0.3415191173553467,-174.9590488
4658,-167.84375999999997,0.6657727830066433,0.00998645168764533,777,1.9934630393981934,-174.61799560000003
4659,-184.88254000000003,0.5190207885800681,0.00998645168764533,134,0.3438539505004883,-174.61801000000003
4660,-184.89714,0.6079056932418435,0.00998645168764533,135,0.34493279457092285,-174.61801000000003
4661,-185.18944000000002,0.8483178176692334,0.00998645168764533,145,0.37697887420654297,-174.62414800000002
4662,-185.18944000000002,1.1298188483085612,0.00998645168764533,145,0.38270998001098633,-174.6297176
4663,-161.97351999999995,0.5733744780443595,0.00998645168764533,552,1.4604368209838867,-174.17155160000002
4664,-184.88182000000003,0.6115486065912714,0.00998645168764533,134,0.36633801460266113,-174.53147920000004
4665,-184.88254000000003,0.4944140535306686,0.00998645168764533,134,0.35630011558532715,-174.85647360000002
4666,-184.88182000000003,0.634579400796054,0.00998645168764533,134,0.34364891052246094,-174.856488
4667,18.191040000000076,0.6922053609914597,0.00998645168764533,1240,3.2054080963134766,-170.870062
4668,-184.88254000000003,0.7989884150534201,0.00998645168764533,134,0.3420989513397217,-175.00084720000004
4669,-184.88182000000003,0.612115200251035,0.00998645168764533,134,0.3303561210632324,-175.00084720000004
4670,-184.88182000000003,0.588762911133913,0.00998645168764533,134,0.3295259475708008,-175.40069280000003
4671,-184.88182000000003,1.0345243379445885,0.00998645168764533,134,0.3311188220977783,-175.88853560000004
4672,-182.36308,0.7547808951448377,0.00998645168764533,164,0.4071481227874756,-175.83785440000003
4673,-184.88182000000003,0.9890362585185847,0.00998645168764533,134,0.3450448513031006,-176.07628880000001
4674,-155.68191999999988,0.6382507669190862,0.00998645168764533,1056,2.6754891872406006,-175.8493352
4675,-173.34754000000004,0.719248351627099,0.00998645168764533,335,0.8488340377807617,-175.61863520000003
4676,21.293200000000024,0.6551377754957814,0.00998645168764533,1400,3.483347177505493,-171.49484280000001
4677,-184.88254000000003,0.6580244281864378,0.00998645168764533,134,0.3401980400085449,-171.58349960000004
4678,-185.19016000000002,0.8263270466427864,0.00998645168764533,145,0.3789198398590088,-171.58966640000003
4679,-184.88182000000003,0.4949761438530995,0.00998645168764533,134,0.33810997009277344,-171.58965200000003
4680,27.899440000000197,0.5191919063408064,0.00998645168764533,1592,3.924837112426758,-167.3091096
4681,-184.88182000000003,0.49425424205889895,0.00998645168764533,134,0.3335108757019043,-167.397752
4682,-184.88254000000003,0.6583670260620984,0.00998645168764533,134,0.3485567569732666,-167.3977664
4683,-184.88254000000003,0.49736989692631944,0.00998645168764533,134,0.34948110580444336,-167.6730272
4684,-184.88182000000003,0.4465772309027779,0.00998645168764533,134,0.3421480655670166,-167.6730128
4685,-184.88182000000003,0.6097125219764994,0.00998645168764533,134,0.33872103691101074,-167.91459560000004
4686,-184.88182000000003,0.5163115141774292,0.00998645168764533,134,0.3337821960449219,-168.2699216
4687,-174.88272000000003,0.6129118972090921,0.00998645168764533,609,1.515308141708374,-168.0699396
4688,-184.88182000000003,0.7038640636193163,0.00998645168764533,134,0.34876179695129395,-168.0347404
4689,-167.64240000000012,0.5648707982345493,0.00998645168764533,913,2.266392946243286,-167.68966
4690,-184.88254000000003,0.35399421730509667,0.00998645168764533,134,0.32799315452575684,-167.92208680000005
4691,-172.96586000000002,0.43112105199087913,0.00998645168764533,719,1.771859884262085,-167.68376760000004
4692,-184.88254000000003,0.2357122572069404,0.00998645168764533,134,0.33239078521728516,-167.68378200000004
4693,-172.44038000000006,0.4015994525729046,0.00998645168764533,343,0.8550941944122314,-167.93689080000001
4694,-184.88254000000003,0.4477329697432135,0.00998645168764533,134,0.34551095962524414,-168.17794680000003
4695,-171.49776000000003,0.5226077795395572,0.00998645168764533,297,0.7519559860229492,-167.90411320000004
4696,-165.32261999999992,0.4675355008364209,0.00998645168764533,859,2.216069221496582,-167.7463736
4697,-184.88254000000003,0.49294587945454377,0.00998645168764533,134,0.3542959690093994,-168.07154560000004
4698,-184.88182000000003,0.46893783596886407,0.00998645168764533,134,0.34583401679992676,-168.0712392
4699,-184.91168000000002,0.41434301533873247,0.00998645168764533,136,0.34824299812316895,-168.07182200000003
4700,-184.88110000000003,0.5166202002872171,0.00998645168764533,134,0.34235215187072754,-168.533666
4701,-184.13896000000003,0.6961316021416207,0.00998645168764533,145,0.375230073928833,-168.7792808
4702,8.873360000000009,0.5525408319789031,0.00998645168764533,1592,4.013457775115967,-164.9928196
4703,-165.32412000000005,0.531707469729604,0.00998645168764533,508,1.2401952743530273,-164.60166560000002
4704,-185.18752000000003,0.5018856502491339,0.00998645168764533,145,0.36956214904785156,-164.831264
4705,-185.18944000000002,0.45920040340259155,0.00998645168764533,145,0.37947607040405273,-164.8374164
4706,-162.74336000000002,0.5069097482659736,0.00998645168764533,632,1.5928730964660645,-164.3946472
4707,-180.44970000000004,0.5602360704201548,0.00998645168764533,170,0.44754886627197266,-164.3057128
4708,-184.89642,0.5586376505938393,0.00998645168764533,135,0.3627190589904785,-164.646766
4709,-184.89714,0.5345818202045781,0.00998645168764533,135,0.3597381114959717,-164.64705800000004
4710,-184.88254000000003,0.5422155223230818,0.00998645168764533,134,0.35057902336120605,-164.646766
4711,20.071840000000048,0.6741706264672613,0.00998645168764533,1112,3.0150749683380127,-160.5415404
4712,-184.88182000000003,0.4477515419382157,0.00998645168764533,134,0.34554600715637207,-160.535388
4713,-184.88182000000003,0.4226307387310845,0.00998645168764533,134,0.35368776321411133,-160.99355400000002
4714,-184.88254000000003,0.5395935594743646,0.00998645168764533,134,0.34960508346557617,-160.99356840000002
4715,-172.47376000000006,0.5069223593464469,0.00998645168764533,241,0.6449432373046875,-160.74539280000002
4716,-184.91096000000002,0.5095039372784359,0.00998645168764533,136,0.3525087833404541,-160.7459756
4717,-184.88182000000003,0.4471562425605953,0.00998645168764533,134,0.34244370460510254,-164.80743280000002
4718,-184.88182000000003,0.6331143833543939,0.00998645168764533,134,0.33936381340026855,-164.80741840000002
4719,-184.88182000000003,0.5628226608760766,0.00998645168764533,134,0.34427523612976074,-164.80741840000002
4720,-184.88182000000003,0.5399642107563455,0.00998645168764533,134,0.36560821533203125,-164.80741840000002
4721,-184.89642,0.677607115385709,0.00998645168764533,135,0.35013389587402344,-164.80771040000002
4722,-175.00924,0.6223933859129669,0.00998645168764533,669,1.6496796607971191,-164.6606336
4723,-164.30170000000004,0.6396443503100302,0.00998645168764533,455,1.1298408508300781,-164.24903120000002
4724,-184.88182000000003,0.5418814129488014,0.00998645168764533,134,0.32184600830078125,-164.83302920000003
4725,-184.88254000000003,0.8925329839129612,0.00998645168764533,134,0.31882214546203613,-165.0637292
4726,-176.50159999999997,0.5641459077262364,0.00998645168764533,1184,2.8843131065368652,-169.0196252
4727,-184.88182000000003,0.4013899151069015,0.00998645168764533,134,0.32579612731933594,-169.0196108
4728,-185.19016000000002,0.7384380332354842,0.00998645168764533,145,0.35390806198120117,-169.0196108
4729,-184.88182000000003,0.4940381190364263,0.00998645168764533,134,0.3231539726257324,-169.0196108
4730,-175.00366000000002,0.5247920154766029,0.00998645168764533,963,2.320020914077759,-173.07767280000004
4731,-184.89642,0.6728197264623035,0.00998645168764533,135,0.32839202880859375,-173.07796480000002
4732,-184.88182000000003,0.6097243421141114,0.00998645168764533,134,0.3237311840057373,-173.07795040000002
4733,-184.88254000000003,0.5403474267127354,0.00998645168764533,134,0.32414889335632324,-173.07795040000002
4734,-175.28732000000005,0.6806384394643828,0.00998645168764533,580,1.408864974975586,-172.88606040000002
4735,-184.88182000000003,0.4483935908803633,0.00998645168764533,134,0.32042789459228516,-172.88606040000002
4736,-167.63678000000004,0.7520221484255446,0.00998645168764533,363,0.8745846748352051,-172.54115960000001
4737,-184.88182000000003,0.7750166253006058,0.00998645168764533,134,0.3221569061279297,-172.74114160000002
4738,-184.88182000000003,0.6809625631865504,0.00998645168764533,134,0.33071088790893555,-172.74114160000002
4739,-168.33216000000004,0.6715984614019137,0.00998645168764533,545,1.3245768547058105,-172.75493680000002
4740,-182.21866,0.6177427723471608,0.00998645168764533,154,0.373032808303833,-172.70165920000002
4741,-185.53092,0.6530416083776138,0.00998645168764533,165,0.40029096603393555,-172.95296040000002
4742,-185.18944000000002,0.41740191490871126,0.00998645168764533,145,0.3494608402252197,-172.95909840000004
4743,-186.12696,0.5503340154084273,0.00998645168764533,144,0.3488190174102783,-173.23283000000004
4744,-182.20376000000002,0.7243924195105149,0.00998645168764533,153,0.3699672222137451,-173.17925440000002
4745,-175.16498,0.8149459439501032,0.00998645168764533,223,0.538311243057251,-173.25259880000002
4746,-179.60336,0.7758012433794489,0.00998645168764533,184,0.44525790214538574,-173.5382136
4747,-184.88254000000003,0.6605559168869991,0.00998645168764533,134,0.32404494285583496,-173.5382136
4748,-184.88182000000003,0.9628755360869552,0.00998645168764533,134,0.3232400417327881,-173.5382136
4749,-184.88254000000003,0.7294822271440679,0.00998645168764533,134,0.32567715644836426,-173.53763080000002
4750,-172.38892000000004,0.7219947014281713,0.00998645168764533,389,0.9483020305633545,-173.28778720000003
4751,-163.5822599999999,0.7813228119386906,0.00998645168764533,679,1.650029182434082,-172.87665320000005
4752,-184.88182000000003,0.870058169769151,0.00998645168764533,134,0.32376766204833984,-176.75175680000004
4753,-174.5254,0.6549659933198362,0.00998645168764533,1293,3.12096905708313,-176.93578240000002
4754,-169.23112000000006,0.6123061015734285,0.00998645168764533,689,1.6502559185028076,-176.61665440000002
4755,-176.14514000000003,0.5469366406016835,0.00998645168764533,619,1.4852502346038818,-176.43576840000003
4756,-187.83548000000002,0.7318653085629546,0.00998645168764533,124,0.30304384231567383,-176.93761080000004
4757,-184.88838,0.6234407221884218,0.00998645168764533,131,0.31801414489746094,-177.0263844
4758,-184.88182000000003,0.7023755695128729,0.00998645168764533,134,0.325775146484375,-177.0260924
4759,-185.18752000000003,0.7392352241830066,0.00998645168764533,145,0.3515629768371582,-177.03190000000004
4760,-184.88182000000003,0.8897234479577016,0.00998645168764533,134,0.3287680149078369,-177.0318856
4761,-184.02648000000002,0.7216738264671423,0.00998645168764533,144,0.3553788661956787,-181.113852
4762,-184.88182000000003,0.6573391458394924,0.00998645168764533,134,0.3248419761657715,-181.113852
4763,-184.88182000000003,0.6819651768153617,0.00998645168764533,134,0.32305002212524414,-181.113852
4764,-184.88254000000003,0.7284480403941959,0.00998645168764533,134,0.32216429710388184,-181.113852
4765,-170.91876,0.7306760148901361,0.00998645168764533,877,2.1121530532836914,-181.08275200000003
4766,-184.88254000000003,0.6809159689096372,0.00998645168764533,134,0.32286596298217773,-181.08218360000004
4767,-181.31380000000001,0.7347029516325764,0.00998645168764533,164,0.6124601364135742,-181.0108232
4768,-173.11722000000003,0.7556150311157107,0.00998645168764533,375,1.007469892501831,-180.77553120000002
4769,-184.88254000000003,0.6585535549475298,0.00998645168764533,134,0.322800874710083,-180.77554560000002
4770,-164.42851999999996,0.7357982885312779,0.00998645168764533,668,1.5857150554656982,-180.36647960000002
4771,-185.19016000000002,0.6112764239825051,0.00998645168764533,145,0.3469099998474121,-180.3723544
4772,-184.88182000000003,0.5891844163259575,0.00998645168764533,134,0.3204820156097412,-180.56980600000003
4773,-184.88254000000003,0.7049438019366517,0.00998645168764533,134,0.3245818614959717,-180.98142280000005
4774,14.154640000000015,0.7431170064030864,0.00998645168764533,896,2.140097141265869,-177.0006936
4775,-184.88254000000003,0.7995635481453988,0.00998645168764533,134,0.32106709480285645,-177.0006936
4776,-184.88182000000003,0.7044036361430563,0.00998645168764533,134,0.3236398696899414,-177.16829800000002
4777,-184.88182000000003,0.635087707079947,0.00998645168764533,134,0.3241701126098633,-177.16829800000002
4778,-185.19016000000002,0.5888003481295089,0.00998645168764533,145,0.3492121696472168,-177.16829800000002
4779,-184.88182000000003,0.8448909743021784,0.00998645168764533,134,0.32099103927612305,-177.16829800000002
4780,-186.64178,0.7148807969009667,0.00998645168764533,114,0.27354001998901367,-177.40106040000003
4781,-184.88182000000003,0.6116631855534862,0.00998645168764533,134,0.32465410232543945,-177.4007684
4782,-171.50018000000003,0.6716241989013313,0.00998645168764533,995,2.3917441368103027,-177.13313560000003
4783,-186.64178,0.794253653687376,0.00998645168764533,114,0.30075812339782715,-177.1683204
4784,-168.54358000000005,0.6716328095884962,0.00998645168764533,659,1.968169927597046,-177.03344560000002
4785,-184.89642,0.606217018045761,0.00998645168764533,135,0.49834203720092773,-177.03373760000002
4786,-162.21842,0.7108170484477894,0.00998645168764533,911,2.5972647666931152,-176.92537040000002
4787,-184.89642,0.7237567968045672,0.00998645168764533,135,0.4174480438232422,-176.92566240000005
4788,-185.18752000000003,0.6110720718151023,0.00998645168764533,145,0.4102437496185303,-176.93177640000002
4789,-171.77024000000003,0.6692709818539155,0.00998645168764533,361,0.9956989288330078,-177.000538
4790,-184.88110000000003,0.7513486933199438,0.00998645168764533,134,0.4241800308227539,-177.0537868
4791,-186.78548,0.7102687570131233,0.00998645168764533,124,0.3680121898651123,-177.078878
4792,-166.12849999999995,0.8085013398535239,0.00998645168764533,887,2.284386157989502,-176.6976592
4793,-185.18944000000002,0.7400655220230592,0.00998645168764533,145,0.3726778030395508,-176.67890880000002
4794,-184.88254000000003,0.7772667925082036,0.00998645168764533,134,0.3240468502044678,-176.73248440000003
4795,-188.0355,0.6738044756983641,0.00998645168764533,131,0.31902480125427246,-176.9898948
4796,-185.73692,0.6578153880282996,0.00998645168764533,124,0.3031480312347412,-177.11256600000002
4797,-184.88254000000003,0.5896390777345357,0.00998645168764533,134,0.32762908935546875,-177.11256600000002
4798,-184.88182000000003,0.9634656684139549,0.00998645168764533,134,0.33104729652404785,-177.11256600000002
4799,-172.87208000000004,0.692443143556761,0.00998645168764533,617,1.577388048171997,-176.8723568
4800,-184.88182000000003,0.7775557018580166,0.00998645168764533,134,0.36609888076782227,-177.1222148
4801,-184.88254000000003,0.6122151345375981,0.00998645168764533,134,0.32671523094177246,-177.54822040000002
4802,-184.88182000000003,0.6130463895318445,0.00998645168764533,134,0.3293311595916748,-177.54822040000002
4803,-184.88182000000003,0.6823733730742069,0.00998645168764533,134,0.32666707038879395,-177.75534880000004
4804,-184.88254000000003,0.8222579644895646,0.00998645168764533,134,0.3531310558319092,-178.06837720000004
4805,-184.88182000000003,0.9854526449787194,0.00998645168764533,134,0.3394310474395752,-178.24311080000004
4806,-185.18944000000002,0.8480015140861786,0.00998645168764533,145,0.35791492462158203,-178.19019000000003
4807,-173.80586000000002,0.8157644546993972,0.00998645168764533,358,0.9363720417022705,-177.96853960000004
4808,-185.73692,0.6340481155521928,0.00998645168764533,124,0.3083460330963135,-177.9856416
4809,-185.85824000000002,0.7902758374683938,0.00998645168764533,177,0.5058479309082031,-177.99905600000002
4810,-185.18944000000002,0.9801409056859798,0.00998645168764533,145,0.37131595611572266,-178.00520840000001
4811,-166.69880000000006,0.7838214241866739,0.00998645168764533,369,0.9308578968048096,-177.65865480000005
4812,-169.96354000000005,0.8132814694763314,0.00998645168764533,371,0.9855799674987793,-177.3602892
4813,-184.89642,0.8888180007054298,0.00998645168764533,135,0.3320441246032715,-177.3605812
4814,-184.88182000000003,0.6110419289612058,0.00998645168764533,134,0.3316679000854492,-177.36056680000002
4815,-184.02576000000002,0.726399280079123,0.00998645168764533,144,0.3753218650817871,-177.6227068
4816,-166.17552000000003,0.8190484022964601,0.00998645168764533,345,0.901803731918335,-177.24856640000002
4817,-170.28136000000003,0.8412021836953157,0.00998645168764533,393,0.9941411018371582,-177.02791760000002
4818,-165.88924000000003,0.6789734434162502,0.00998645168764533,332,0.7996318340301514,-176.88335800000002
4819,-168.84432000000004,0.8077270963441534,0.00998645168764533,873,2.1094329357147217,-176.56259360000004
4820,-165.36494000000005,0.9741507460305977,0.00998645168764533,358,0.858154296875,-176.58132200000003
4821,-184.88254000000003,0.8464296920947841,0.00998645168764533,134,0.3216257095336914,-176.5751696
4822,-184.88254000000003,0.8234886503708896,0.00998645168764533,134,0.32291388511657715,-176.575184
4823,-171.9232399999998,0.8122162095757532,0.00998645168764533,917,2.206696033477783,-176.31599800000004
4824,-185.18944000000002,0.8483763525005559,0.00998645168764533,145,0.3480350971221924,-180.3028796
4825,-184.89714,0.8877001460365676,0.00998645168764533,135,0.326596736907959,-180.3031716
4826,-172.55854000000005,0.7814589885861746,0.00998645168764533,350,0.8413810729980469,-180.05670600000002
4827,-171.67280000000005,0.867968209052924,0.00998645168764533,560,1.3514070510864258,-179.7925256
4828,-177.11512,0.8293344968663795,0.00998645168764533,665,1.6007401943206787,-179.6310248
4829,34.53496000000017,0.6804792635696043,0.00998645168764533,1744,4.191241025924683,-175.24268920000003
4830,-184.88182000000003,0.35461714048522397,0.00998645168764533,134,0.32755184173583984,-175.20749000000004
4831,13.754000000000115,0.5099579220891405,0.00998645168764533,1560,3.728188991546631,-171.2347736
4832,-186.64178,0.43693096561586126,0.00998645168764533,114,0.2737159729003906,-171.53760560000003
4833,-172.87232000000003,0.524455824889207,0.00998645168764533,313,0.7517402172088623,-171.2622164
4834,-184.88182000000003,0.6320043522169563,0.00998645168764533,134,0.319979190826416,-171.5889812
4835,-184.88766,0.3106349930664851,0.00998645168764533,131,0.31384706497192383,-171.588806
4836,-184.88182000000003,0.3997059225507859,0.00998645168764533,134,0.32412219047546387,-172.04207400000004
4837,-186.64178,0.5485577343211493,0.00998645168764533,114,0.27568507194519043,-172.0769812
4838,-184.13824000000002,0.459344489917416,0.00998645168764533,145,0.3491370677947998,-172.05599560000002
4839,-185.73692,0.5296484096982186,0.00998645168764533,124,0.299238920211792,-172.33532920000002
4840,-167.58738000000017,0.43277781687588,0.00998645168764533,859,2.0482962131500244,-171.98945480000003
4841,-184.88182000000003,0.328728457718198,0.00998645168764533,134,0.32290196418762207,-171.95138160000002
4842,-184.89642,0.6031098841344593,0.00998645168764533,135,0.3249080181121826,-172.32674000000003
4843,-171.76896000000002,0.44346070144767086,0.00998645168764533,561,1.3635709285736084,-172.05833040000002
4844,-184.88182000000003,0.44487504781668646,0.00998645168764533,134,0.35541605949401855,-172.05831600000002
4845,-184.13824000000002,0.47771278413590684,0.00998645168764533,145,0.4150090217590332,-171.98037080000003
4846,-176.92590000000004,0.4872064973076283,0.00998645168764533,203,0.5608749389648438,-171.80415040000003
4847,-165.08947999999984,0.5166315358389865,0.00998645168764533,701,1.9007019996643066,-171.4082892
4848,-184.88182000000003,0.46970778188682094,0.00998645168764533,134,0.34000086784362793,-171.4082892
4849,-181.70384,0.44990403362063935,0.00998645168764533,184,0.4983348846435547,-171.5849244
4850,-184.88182000000003,0.5850080287904104,0.00998645168764533,134,0.3538811206817627,-171.5849244
4851,-173.50898000000004,0.45476512320642243,0.00998645168764533,394,1.0673649311065674,-171.3574532
4852,-184.88182000000003,0.5634065817263144,0.00998645168764533,134,0.4130101203918457,-171.3574532
4853,-184.88182000000003,0.5622584569796142,0.00998645168764533,134,0.39954304695129395,-171.3574532
4854,-184.88254000000003,0.5384497374171086,0.00998645168764533,134,0.4530818462371826,-171.3574532
4855,-166.17624000000004,0.6054994840647323,0.00998645168764533,345,1.190835952758789,-170.98334160000002
4856,-172.28264000000004,0.555477315772778,0.00998645168764533,337,0.8977279663085938,-170.7252056
4857,-172.88722000000004,0.6353583033404248,0.00998645168764533,314,0.8675470352172852,-170.7068328
4858,-165.83334000000002,0.5666719132921461,0.00998645168764533,330,0.8255538940429688,-170.30876120000002
4859,-179.88184000000004,0.6255027659121573,0.00998645168764533,193,0.48010683059692383,-170.18923320000002
4860,-175.39350000000005,0.6320190772441259,0.00998645168764533,482,1.1867949962615967,-169.99331440000003
4861,-171.82424000000003,0.5275816300544686,0.00998645168764533,313,0.8260989189147949,-170.0958232
4862,-184.88182000000003,0.823172345535079,0.00998645168764533,134,0.3383491039276123,-170.39418880000002
4863,-181.31380000000001,0.8293436251966874,0.00998645168764533,164,0.5537838935852051,-170.32253640000002
4864,-173.00688000000005,0.5951615084177376,0.00998645168764533,321,0.942866325378418,-170.08503760000002
4865,12.781200000000013,0.7776622543060715,0.00998645168764533,1432,3.768953800201416,-166.1488984
4866,-184.88182000000003,0.6840211280496485,0.00998645168764533,134,0.3874528408050537,-166.52302440000003
4867,30.16992000000007,0.7104719855662651,0.00998645168764533,1176,3.0057029724121094,-162.5139988
4868,-184.88254000000003,0.5902933571765672,0.00998645168764533,134,0.3264148235321045,-162.89386480000002
4869,-184.88182000000003,0.5186431848430144,0.00998645168764533,134,0.33165907859802246,-163.21461480000002
4870,-184.88254000000003,0.49495534393102375,0.00998645168764533,134,0.32448315620422363,-163.60496680000003
4871,-184.88254000000003,0.6100963837286429,0.00998645168764533,134,0.33048081398010254,-163.60496680000003
4872,-163.39827999999991,0.6184316968158311,0.00998645168764533,669,1.6169111728668213,-163.1752816
4873,-168.6890600000001,0.5816154447046817,0.00998645168764533,911,2.235656976699829,-163.110598
4874,-165.36048000000005,0.48980221933395157,0.00998645168764533,305,0.7524027824401855,-162.71401880000002
4875,-173.30538,0.4711417300871386,0.00998645168764533,586,1.409031867980957,-162.4821836
4876,-184.89714,0.6774897332717147,0.00998645168764533,135,0.32943105697631836,-162.7289556
4877,-184.88254000000003,0.5416415115686328,0.00998645168764533,134,0.32645559310913086,-162.99315040000002
4878,-171.36666000000002,0.5496376296941038,0.00998645168764533,342,0.8319699764251709,-162.87818120000003
4879,-184.88182000000003,0.42798264310764733,0.00998645168764533,134,0.3252120018005371,-167.26651680000003
4880,-182.20376000000002,0.5832309400894089,0.00998645168764533,153,0.3714580535888672,-167.21295560000002
4881,-184.88182000000003,0.6814559522613105,0.00998645168764533,134,0.32883310317993164,-171.185672
4882,-165.07906,0.6012135628436358,0.00998645168764533,443,1.0900092124938965,-170.7544176
4883,-184.88182000000003,0.47437739296496584,0.00998645168764533,134,0.3315918445587158,-170.99460760000002
4884,-184.88182000000003,0.49260079128834516,0.00998645168764533,134,0.3606588840484619,-170.99460760000002
4885,-184.88182000000003,0.49642344557944296,0.00998645168764533,134,0.33803296089172363,-170.99449080000002
4886,-173.13416000000007,0.6380765753808421,0.00998645168764533,273,0.6935930252075195,-170.75953760000004
4887,-184.88182000000003,0.449952101314079,0.00998645168764533,134,0.4071769714355469,-170.72433840000002
4888,-185.19016000000002,0.4842399026748949,0.00998645168764533,145,0.3940610885620117,-170.7453768
4889,-185.18944000000002,0.5031208688264777,0.00998645168764533,145,0.37862706184387207,-170.73442720000003
4890,-184.88182000000003,0.5450688898007372,0.00998645168764533,134,0.3366260528564453,-171.080316
4891,-184.88254000000003,0.7513284940175268,0.00998645168764533,134,0.33933496475219727,-171.0803304
4892,-184.88182000000003,0.5446417017339437,0.00998645168764533,134,0.3325321674346924,-171.0800384
4893,-173.30771999999985,0.5989597906279591,0.00998645168764533,1333,3.3740811347961426,-171.11081360000003
4894,-184.88182000000003,0.6122789230656379,0.00998645168764533,134,0.3369159698486328,-171.11081360000003
4895,-185.19016000000002,0.48062631175050446,0.00998645168764533,145,0.3954441547393799,-171.13185200000004
4896,-166.17624000000004,0.5356806662338583,0.00998645168764533,345,0.8781647682189941,-170.9168588
4897,-184.89642,1.0020273604257792,0.00998645168764533,135,0.3303830623626709,-171.31299760000002
4898,-184.88182000000003,0.8198167872615159,0.00998645168764533,134,0.32434511184692383,-171.31299760000002
4899,-163.3602999999999,0.5788790075658394,0.00998645168764533,867,2.1248128414154053,-170.94612680000003
4900,-184.02576000000002,0.8982052035603879,0.00998645168764533,144,0.35239315032958984,-170.9290056
4901,-184.91168000000002,0.7885701682432281,0.00998645168764533,136,0.3473207950592041,-171.15705960000003
4902,-184.89642,0.6095315850029389,0.00998645168764533,135,0.3378927707672119,-171.15735160000003
4903,-184.88254000000003,0.7541482653260342,0.00998645168764533,134,0.3403499126434326,-171.15736600000002
4904,-170.35414000000006,0.9252928617186372,0.00998645168764533,395,1.0175297260284424,-170.86679800000002
4905,-167.48834000000002,0.7823603468967925,0.00998645168764533,358,0.8946611881256104,-170.89304000000004
4906,-186.12768000000003,0.768992934233716,0.00998645168764533,144,0.3675510883331299,-171.1699408
4907,-184.89714,0.40129067209997665,0.00998645168764533,135,0.33431029319763184,-171.4101392
4908,-184.88182000000003,0.7538921619598656,0.00998645168764533,134,0.33658909797668457,-171.7911088
4909,-184.88182000000003,0.9403221928236534,0.00998645168764533,134,0.3516721725463867,-171.8911084
4910,-167.83772000000005,0.9660639597848057,0.00998645168764533,325,0.8088047504425049,-171.73999280000004
4911,-184.88182000000003,1.012621278374164,0.00998645168764533,134,0.3333609104156494,-172.00114440000002
4912,-184.88254000000003,0.8242912183015315,0.00998645168764533,134,0.33042120933532715,-172.0011588
4913,-184.88182000000003,0.754392026395384,0.00998645168764533,134,0.3569509983062744,-172.07251920000002
4914,-185.18944000000002,0.7210314306013029,0.00998645168764533,145,0.3661189079284668,-172.3161704
4915,-184.88254000000003,0.7317768593124155,0.00998645168764533,134,0.3380441665649414,-176.2694452
4916,-173.05296000000004,0.9093402760608174,0.00998645168764533,321,0.8310201168060303,-176.032868
4917,10.956480000000045,0.8622010665052142,0.00998645168764533,1480,3.809299945831299,-176.4171368
4918,-167.14802000000003,0.769573635717653,0.00998645168764533,343,0.8545169830322266,-176.0624464
4919,-166.76986000000002,0.7988998430063898,0.00998645168764533,374,0.9120781421661377,-175.7002072
4920,-169.03900000000004,0.803858762124486,0.00998645168764533,332,0.8063490390777588,-175.38333640000002
4921,-184.88182000000003,0.7312563905742631,0.00998645168764533,134,0.32377195358276367,-175.38332200000002
4922,-184.88254000000003,0.7766770798532264,0.00998645168764533,134,0.32538604736328125,-175.81300720000002
4923,-184.88182000000003,0.6595074767733354,0.00998645168764533,134,0.3226139545440674,-176.13686240000004
4924,-184.88182000000003,0.661877880074473,0.00998645168764533,134,0.32349491119384766,-176.5272892
4925,-184.88254000000003,0.8707653034909336,0.00998645168764533,134,0.3255929946899414,-176.75883240000002
4926,-172.68403999999998,0.6127369799670689,0.00998645168764533,956,2.323485851287842,-176.51457040000003
4927,-184.88182000000003,0.9862378831925009,0.00998645168764533,134,0.34020280838012695,-176.514556
4928,-157.97629999999998,0.6921902500892102,0.00998645168764533,1106,2.6719069480895996,-176.24674880000003
4929,-168.25552000000002,0.6880233485034356,0.00998645168764533,600,1.4494342803955078,-175.91422280000003
4930,-184.88182000000003,0.6356113534837738,0.00998645168764533,134,0.3457019329071045,-175.96778400000002
4931,-184.88254000000003,0.7050628459859473,0.00998645168764533,134,0.32521700859069824,-175.96779840000002
4932,-184.88254000000003,0.822971416248092,0.00998645168764533,134,0.333920955657959,-176.36386800000002
4933,-184.88182000000003,0.5188735058677119,0.00998645168764533,134,0.328167200088501,-176.36386800000002
4934,-184.88182000000003,0.6588311333264878,0.00998645168764533,134,0.32709383964538574,-176.36386800000002
4935,-186.40544000000003,0.8491477765313356,0.00998645168764533,153,0.3761007785797119,-176.39434040000003
4936,-172.64276000000007,0.6730979071478314,0.00998645168764533,301,0.7504329681396484,-176.38451240000003
4937,26.886080000000227,0.565678838959762,0.00998645168764533,840,2.1010360717773438,-172.14915440000001
4938,-170.12166,0.6012709726690539,0.00998645168764533,738,1.8213140964508057,-171.84778440000002
4939,-184.88254000000003,0.4955093194035563,0.00998645168764533,134,0.33099913597106934,-171.84164640000003
4940,-185.19016000000002,0.5671432177760991,0.00998645168764533,145,0.35588908195495605,-171.84781320000002
4941,-185.18944000000002,0.5032865529751469,0.00998645168764533,145,0.36046671867370605,-171.8539512
4942,-184.13824000000002,0.5230984245330609,0.00998645168764533,145,0.36630868911743164,-171.8390796
4943,-181.31380000000001,0.4873315436146563,0.00998645168764533,164,0.4160740375518799,-171.99920120000002
4944,25.892479999999864,0.5092806457406517,0.00998645168764533,1032,2.539915084838867,-167.78371520000002
4945,-184.88254000000003,0.6831940804649868,0.00998645168764533,134,0.42225098609924316,-167.77756280000003
4946,-166.95324000000002,0.5182179714855109,0.00998645168764533,333,0.9779510498046875,-167.7931028
4947,-184.89642,0.46919163539315817,0.00998645168764533,135,0.33253002166748047,-167.7931028
4948,-160.84829999999994,0.680846416588934,0.00998645168764533,547,1.5183172225952148,-167.31243240000003
4949,-185.18752000000003,0.6347564458525901,0.00998645168764533,145,0.3780078887939453,-167.7489768
4950,-181.31380000000001,0.7747794684794981,0.00998645168764533,164,0.4574000835418701,-167.6947376
4951,-172.08788000000004,0.6373972839460923,0.00998645168764533,325,0.8739981651306152,-167.4382616
4952,-184.89642,0.5856065229133324,0.00998645168764533,135,0.381361722946167,-167.4382616
4953,-184.88182000000003,0.8708720630340612,0.00998645168764533,134,0.3448817729949951,-167.4382472
4954,-172.00368000000003,0.5554727054000875,0.00998645168764533,321,0.8269467353820801,-167.471238
4955,-161.30585999999985,0.5212543568952501,0.00998645168764533,1011,2.6746952533721924,-167.34758840000003
4956,-184.88254000000003,0.8205428604703786,0.00998645168764533,134,0.4380662441253662,-167.3226856
4957,-183.11798000000002,0.5813333135491021,0.00998645168764533,147,0.49900078773498535,-167.2871024
4958,-184.89642,0.7015208695773725,0.00998645168764533,135,0.48125195503234863,-167.2873944
4959,-184.88254000000003,0.5418254168036936,0.00998645168764533,134,0.4388871192932129,-167.2874088
4960,-184.89642,0.6775692765152564,0.00998645168764533,135,0.4040799140930176,-167.6285828
4961,-184.88182000000003,0.9614173945303617,0.00998645168764533,134,0.35669398307800293,-167.6285828
4962,-184.88838,0.48358787521577745,0.00998645168764533,131,0.32828378677368164,-167.6286996
4963,-184.02576000000002,0.7243855494824756,0.00998645168764533,144,0.42505908012390137,-167.61157839999998
4964,-184.88254000000003,0.8715151039841793,0.00998645168764533,134,0.44384002685546875,-167.60544040000002
4965,-184.88182000000003,0.6364490354239051,0.00998645168764533,134,0.396942138671875,-167.605426
4966,-159.46821999999995,0.7903132616786073,0.00998645168764533,531,1.6690220832824707,-167.3337312
4967,-184.88182000000003,0.7563547121583304,0.00998645168764533,134,0.3537449836730957,-171.25049720000004
4968,-184.88182000000003,0.8269849015719521,0.00998645168764533,134,0.3306541442871094,-171.60517320000002
4969,-184.88182000000003,0.6381216507140937,0.00998645168764533,134,0.3279900550842285,-171.96741240000003
4970,-184.88182000000003,0.7564470294251371,0.00998645168764533,134,0.3653750419616699,-172.28426880000004
4971,-184.88254000000003,0.7563928879324847,0.00998645168764533,134,0.3478829860687256,-172.28428320000003
4972,-166.55938,0.759210788889674,0.00998645168764533,563,1.4822919368743896,-171.91782000000003
4973,-184.89714,0.7740592327313842,0.00998645168764533,135,0.34180307388305664,-171.9181264
4974,28.05440000000024,0.6827697372816578,0.00998645168764533,792,2.048192024230957,-167.659402
4975,-159.9244,0.7259931346998537,0.00998645168764533,649,1.5898427963256836,-167.1602392
4976,-177.25158000000005,0.6362958400057176,0.00998645168764533,222,0.6322739124298096,-167.25159
4977,-186.64178,0.5544412167040271,0.00998645168764533,114,0.37382984161376953,-167.28678920000002
4978,34.488320000000066,0.6293696313396437,0.00998645168764533,1224,3.2285711765289307,-163.43749680000002
4979,-168.64000000000004,0.6519591602357901,0.00998645168764533,409,1.0621449947357178,-163.4451864
4980,-184.88182000000003,0.5469585977939527,0.00998645168764533,134,0.3428840637207031,-163.4451864
4981,-184.89714,0.7255139391248425,0.00998645168764533,135,0.33591127395629883,-163.4454784
4982,-184.91096000000002,0.4900328066535568,0.00998645168764533,136,0.33576297760009766,-163.4460468
4983,-171.96517999999998,0.6169798291404405,0.00998645168764533,1067,2.969119071960449,-163.18771400000003
4984,-165.37762000000004,0.45654645023872675,0.00998645168764533,359,0.9389588832855225,-162.79763
4985,-173.30786000000003,0.5853847876515353,0.00998645168764533,586,1.71085786819458,-162.53567840000002
4986,-185.18944000000002,0.6765161059732581,0.00998645168764533,145,0.41422414779663086,-162.786612
4987,-169.16680000000005,0.5240012789895008,0.00998645168764533,385,1.076982021331787,-166.7076696
4988,-161.27839999999992,0.580659328048201,0.00998645168764533,569,1.6620590686798096,-166.53080440000002
4989,-184.89642,0.49425471135311655,0.00998645168764533,135,0.3619678020477295,-166.53108200000003
4990,-185.18944000000002,0.44257680907331665,0.00998645168764533,145,0.46120667457580566,-166.53106760000003
4991,-184.88254000000003,0.6374140639386293,0.00998645168764533,134,0.36834192276000977,-166.5249296
4992,9.483279999999997,0.5769742447533645,0.00998645168764533,1000,2.665036916732788,-162.6524992
4993,-186.64178,0.5741687858346523,0.00998645168764533,114,0.28569912910461426,-162.7590588
4994,-185.22794,0.6891608222554259,0.00998645168764533,151,0.39786863327026367,-166.9814672
4995,24.10191999999989,0.42420791473017827,0.00998645168764533,1016,2.623305082321167,-162.801778
4996,-184.02576000000002,0.5699955113620186,0.00998645168764533,144,0.4873652458190918,-163.1432284
4997,-184.88182000000003,0.42207519797636056,0.00998645168764533,134,0.450969934463501,-163.14293640000002
4998,-161.50411999999994,0.355599806911278,0.00998645168764533,629,1.6365392208099365,-163.15605280000003
4999,-184.89642,0.42170811912941714,0.00998645168764533,135,0.34079813957214355,-163.1502308
