episode,reward,loss,epsilon,steps,duration_sec,ma_reward_50
0,-200.24654,2.1565133887235626,0.995,1603,38.165284872055054,-200.24654
1,-192.90294000000003,0.09407629192874799,0.990025,267,6.694390058517456,-196.57474000000002
2,-198.06078000000002,0.18810293104849674,0.985074875,411,10.746114015579224,-197.0700866666667
3,-190.54440000000002,0.2240810032871243,0.9801495006250001,401,10.082678079605103,-195.43866500000001
4,-198.4852,0.255890994902793,0.9752487531218751,281,7.343073129653931,-196.04797200000002
5,-198.35160000000002,0.34281786961648136,0.9703725093562657,273,6.900483131408691,-196.43191000000002
6,-192.78490000000002,0.3426307286785018,0.9655206468094844,911,23.57274031639099,-195.9109085714286
7,-194.71784000000002,0.2587773735973645,0.960693043575437,352,9.05138373374939,-195.76177500000003
8,-188.53384000000003,0.3990425521242722,0.9558895783575597,209,5.683405160903931,-194.95867111111113
9,-198.03104000000002,0.40963055921681435,0.9511101304657719,352,9.012290000915527,-195.26590800000002
10,-198.39458000000002,0.3862244258600756,0.946354579813443,274,7.022975921630859,-195.55033272727272
11,-185.97766000000001,0.4496041039549509,0.9416228069143757,590,14.980800151824951,-194.75261
12,-195.84738000000002,0.47827466773419763,0.9369146928798039,203,5.214202165603638,-194.83682307692308
13,-192.63536000000002,0.4326365327962611,0.9322301194154049,352,9.478826999664307,-194.67957571428573
14,-189.61456,0.29973437167864525,0.9275689688183278,209,5.521535873413086,-194.34190800000002
15,-5.1824799999999875,0.4411673261822076,0.9229311239742362,1040,27.924307823181152,-182.51944375000002
16,-192.41168000000002,0.47673077547155757,0.918316468354365,289,8.113562107086182,-183.10134
17,-192.8608,0.2938070310526691,0.9137248860125932,313,8.526782035827637,-183.64353222222223
18,-196.86722000000003,0.3799169489834831,0.9091562615825302,499,13.307836055755615,-184.33951578947372
19,-191.53058000000001,0.408188545728408,0.9046104802746175,847,23.971190929412842,-184.699069
20,-196.43200000000002,0.30563259572271273,0.9000874278732445,281,7.795126914978027,-185.25778000000003
21,-15.196240000000012,0.3960856477099918,0.8955869907338783,1184,31.68461799621582,-177.52771
22,-199.14312,0.3888260957655462,0.8911090557802088,561,14.924827098846436,-178.46751043478264
23,-187.76896000000002,0.35397970833815634,0.8866535105013078,425,11.397930145263672,-178.85507083333334
24,-190.52234,0.301135693766598,0.8822202429488013,451,11.996104001998901,-179.32176160000003
25,-187.53236,0.3273512955529381,0.8778091417340573,613,16.206707000732422,-179.63755384615388
26,-17.29160000000001,0.2916674263141086,0.8734200960253871,1624,42.99460506439209,-173.62474074074075
27,-5.350959999999995,0.2117624040544515,0.8690529955452602,1160,30.20139217376709,-167.61496285714287
28,-188.47114000000002,0.19613719160159307,0.8647077305675338,203,5.269598960876465,-168.33414137931038
29,-180.96324,0.17454506256738436,0.8603841919146962,501,13.176764249801636,-168.75511133333336
30,-198.35816000000003,0.16950934339270352,0.8560822709551227,273,7.165104150772095,-169.7100483870968
31,-189.19946,0.1822921166701428,0.851801859600347,391,10.184146165847778,-170.3190925
32,-13.28272000000001,0.2104828916102893,0.8475428503023453,896,23.351972818374634,-165.56041454545456
33,-189.33376,0.17089608038167609,0.8433051360508336,193,5.067111015319824,-166.25963058823532
34,-191.00064,0.16973372681687277,0.8390886103705794,225,5.881518125534058,-166.96651657142857
35,-197.34086000000002,0.10507387558446966,0.8348931673187264,274,7.2093682289123535,-167.81024833333333
36,-190.69804000000002,0.17471763308042834,0.8307187014821328,461,12.130435228347778,-168.42883729729732
37,-185.97754,0.21401136692485487,0.8265651079747222,386,10.043339967727661,-168.89064526315792
38,-197.13532000000004,0.1870610262125876,0.8224322824348486,461,12.144801139831543,-169.6148676923077
39,-191.2412,0.287387256098784,0.8183201210226743,337,8.789969205856323,-170.155526
40,-193.7752,0.2788821801601165,0.8142285204175609,209,5.556446075439453,-170.73161560975612
41,-197.18388000000002,0.21968380305283133,0.810157377815473,309,8.165233135223389,-171.36143142857145
42,-195.98544000000004,0.2889019304832987,0.8061065909263957,209,5.4642720222473145,-171.9340827906977
43,-195.28112000000002,0.2179293469318913,0.8020760579717637,225,5.86170220375061,-172.4646972727273
44,-199.56850000000003,0.2803128470683993,0.798065677681905,431,11.249489784240723,-173.067004
45,-199.94312000000002,0.29141953510671476,0.7940753492934954,352,9.220941066741943,-173.65126739130437
46,-199.88636000000002,0.31450253630748015,0.7901049725470279,1093,28.729307889938354,-174.20946085106385
47,-192.67124,0.3166879259432729,0.7861544476842928,253,6.5987091064453125,-174.59408125000002
48,-190.70426,0.5114542260650298,0.7822236754458713,511,13.394103050231934,-174.92286040816327
49,-178.22316000000006,0.45205405098594925,0.778312557068642,669,17.508074045181274,-174.9888664
50,1.3337600000000034,0.45619169044480906,0.7744209942832988,896,23.362915992736816,-170.95726040000002
51,-195.77900000000002,0.37459627939424966,0.7705488893118823,253,6.633723258972168,-171.01478160000002
52,-191.31712000000002,0.3088671099537109,0.7666961448653229,392,10.183297157287598,-170.87990840000003
53,-197.89912,0.3440943382402042,0.7628626641409962,1457,38.179444313049316,-171.02700280000002
54,-194.76800000000003,0.29984588104631066,0.7590483508202912,304,7.995740175247192,-170.95265880000002
55,-184.14536,0.32054982708756474,0.7552531090661897,352,9.260412216186523,-170.668534
56,-199.38086,0.44391005276991574,0.7514768435208588,322,8.401262044906616,-170.80045320000002
57,-195.57136000000003,0.4909120403765137,0.7477194593032545,289,7.751528024673462,-170.81752360000002
58,-186.47632,0.4025801138074525,0.7439808620067382,209,5.5149641036987305,-170.77637320000002
59,-9.007279999999986,0.4475615749168875,0.7402609576967045,1120,29.646587133407593,-166.995898
60,-195.4019,0.4273019280106305,0.736559652908221,235,6.14983606338501,-166.93604440000001
61,-193.37714,0.41709206957616135,0.7328768546436799,439,11.555887937545776,-167.08403400000003
62,-189.4173,0.3970983831723691,0.7292124703704616,303,8.068068981170654,-166.95543240000003
63,-192.74968,0.40254847855311615,0.7255664080186093,209,5.563381910324097,-166.9577188
64,-197.54356,0.4030520675987207,0.7219385759785162,332,8.932650089263916,-167.1162988
65,-197.59048,0.3468650796016605,0.7183288830986236,737,19.775787591934204,-170.96445880000002
66,-6.31632,0.37651687089270836,0.7147372386831305,696,18.45944595336914,-167.2425516
67,-190.82283999999999,0.3757415282285611,0.7111635524897149,917,24.185920000076294,-167.20179240000002
68,-194.25916,0.4417919285962897,0.7076077347272662,332,8.754541158676147,-167.14963120000002
69,-194.3193,0.369523819962024,0.7040696960536299,435,11.76656985282898,-167.2054056
70,-194.33512000000002,0.3893553620352222,0.7005493475733617,233,6.301380157470703,-167.16346800000002
71,-190.6876,0.3157844862446153,0.697046600835495,209,5.722916126251221,-170.67329520000004
72,-190.11032,0.3825278818764238,0.6935613678313175,184,4.959830045700073,-170.4926392
73,-189.95616,0.4911043893256121,0.6900935609921609,225,6.0385901927948,-170.53638320000002
74,-190.43676,0.40319493346537155,0.6866430931872001,300,7.91526198387146,-170.5346716
75,-186.16828,0.395290073918007,0.6832098777212641,293,7.658259868621826,-170.50739000000002
76,-194.27364000000003,0.4065792750960256,0.6797938283326578,372,9.830180168151855,-174.04703080000002
77,-196.09423999999999,0.3946964333987254,0.6763948591909945,2353,61.82193088531494,-177.8618964
78,-193.26494,0.3122908880078375,0.6730128848950395,382,10.094062805175781,-177.95777239999998
79,-192.28272000000004,0.40744573275594625,0.6696478204705644,233,5.989561080932617,-178.184162
80,-195.28112000000002,0.4219502000779741,0.6662995813682115,225,5.9079999923706055,-178.1226212
81,-194.7897,0.29444584954103337,0.6629680834613705,203,5.23902702331543,-178.234426
82,-188.52616000000003,0.38722515926567136,0.6596532430440636,209,5.483927965164185,-181.73929480000004
83,-183.72614000000002,0.388530413632364,0.6563549768288433,382,10.021525144577026,-181.62714240000003
84,-200.50448000000003,0.4219792058662828,0.653073201944699,424,11.048979043960571,-181.8172192
85,-190.39072000000002,0.5308936917225449,0.6498078359349755,193,5.029963731765747,-181.67821640000003
86,-192.00476,0.5573468076323087,0.6465587967553006,325,8.50548005104065,-181.70435080000004
87,-191.89384,0.48358117604428635,0.6433260027715241,560,14.594373226165771,-181.8226768
88,-180.10608000000002,0.4161282122333414,0.6401093727576664,808,21.039772272109985,-181.48209200000002
89,-189.85338000000002,0.39897977182940203,0.6369088258938781,471,12.17766809463501,-181.4543356
90,-192.62978,0.4997172175551416,0.6337242817644086,451,11.880229949951172,-181.4314272
91,-188.0355,0.40761184065339673,0.6305556603555866,131,3.381124973297119,-181.24845960000002
92,-190.83071999999999,0.473159958956857,0.6274028820538087,417,10.85427474975586,-181.14536520000001
93,-190.72176000000002,0.48799613767451694,0.6242658676435396,264,6.862547874450684,-181.05417800000004
94,-189.97082,0.48267564555048525,0.6211445383053219,679,17.653225898742676,-180.8622244
95,-188.64228,0.36911538160655283,0.6180388156137953,213,5.506265163421631,-180.6362076
96,-165.97107999999997,0.474206624797257,0.6149486215357263,788,20.40742301940918,-179.957902
97,-190.76350000000002,0.45058645965255256,0.6118738784280476,263,6.8237199783325195,-179.91974720000002
98,-193.05898,0.5533406396486942,0.6088145090359074,422,11.099482774734497,-179.9668416
99,-182.28138,0.4908912918856707,0.6057704364907278,411,10.630521059036255,-180.04800600000002
100,-199.07092,0.5183303558627482,0.6027415843082742,308,8.026880979537964,-184.0560996
101,-186.5474,0.49942220991264885,0.5997278763867329,412,10.418947219848633,-183.8714676
102,-187.47416,0.48453469887846784,0.5967292370047992,352,8.98224401473999,-183.7946084
103,-191.29080000000002,0.5209084150573328,0.5937455908197752,689,17.85196018218994,-183.662442
104,-192.16058,0.5484488165415629,0.5907768628656763,382,9.562963008880615,-183.6102936
105,-184.07234,0.47904901641236264,0.5878229785513479,247,6.171084880828857,-183.60883320000002
106,-172.86368000000002,0.4562977259666199,0.5848838636585911,617,15.495614767074585,-183.07848959999998
107,-192.02498,0.4813312170943538,0.5819594443402982,223,5.679687023162842,-183.007562
108,-190.25474000000003,0.4718548871706738,0.5790496471185967,430,10.797348022460938,-183.08313040000002
109,-189.57010000000002,0.4842522199894604,0.5761543988830038,154,3.8899519443511963,-186.6943868
110,-194.7981,0.498926922958803,0.5732736268885887,203,5.069141149520874,-186.6823108
111,-187.50858,0.5469559503247884,0.5704072587541458,411,10.363817930221558,-186.5649396
112,-169.80894000000004,0.534849422528287,0.567555222460375,874,22.659298181533813,-186.17277239999999
113,-189.66752,0.5007546304867984,0.5647174463480732,352,9.073882818222046,-186.1111292
114,-189.52338,0.5992185847760347,0.5618938591163328,203,5.3146281242370605,-185.9507256
115,-168.29168,0.5627307338605654,0.5590843898207511,649,16.81258487701416,-185.36474959999998
116,-184.83208,0.6200373138423704,0.5562889678716474,281,7.296867847442627,-188.9350648
117,-178.77162,0.4934774220061255,0.5535075230322891,443,11.647598028182983,-188.6940404
118,-196.94464000000002,0.5789440366893774,0.5507399854171277,449,11.843491077423096,-188.74775000000002
119,-192.75756,0.41831148356199266,0.547986285490042,300,7.832534074783325,-188.7165152
120,-190.97414000000003,0.5459035568006103,0.5452463540625918,223,5.839195966720581,-188.64929560000002
121,-193.32964,0.5640918101614215,0.5425201222922789,236,6.1786839962005615,-188.70213640000003
122,-185.52756000000002,0.5733454699430501,0.5398075216808175,165,4.28264594078064,-188.61048119999998
123,-178.3458,0.5084227021102623,0.5371084840724134,372,9.848751068115234,-188.37827400000003
124,-171.05374000000003,0.5809647871321946,0.5344229416520513,530,13.868661165237427,-187.9906136
125,-185.68460000000002,0.6632731600991957,0.531750826943791,421,10.96187710762024,-187.98094
126,-171.13526000000002,0.4460186988799935,0.5290920728090721,638,16.601803064346313,-187.5181724
127,-190.57914,0.49557073685005676,0.5264466124450268,203,5.267853736877441,-187.40787040000004
128,-178.23756000000003,0.5416829204095491,0.5238143793828016,612,15.909753799438477,-187.1073228
129,-197.99460000000002,0.7029227361841887,0.5211953074858876,405,10.559364795684814,-187.22156040000002
130,-189.08714,0.6154482532938412,0.5185893309484582,274,7.123036861419678,-187.0976808
131,-180.67274,0.5601720497528998,0.5159963842937159,382,10.038757801055908,-186.81534160000004
132,-173.25594,0.505740708626896,0.5134164023722473,835,21.747759103775024,-186.50993720000002
133,-187.71964000000003,0.5184517012551835,0.510849320360386,365,9.54809021949768,-186.5898072
134,-183.22505999999998,0.5908098670120259,0.5082950737585841,342,8.910521030426025,-186.24421880000003
135,-170.6146,0.4218405031818239,0.5057535983897912,612,15.904987812042236,-185.8486964
136,-179.95383999999999,0.49468389039213523,0.5032248303978422,401,10.44074296951294,-185.60767800000002
137,-191.63874,0.4640796483388822,0.500708706245853,203,5.296265125274658,-185.602576
138,-184.90218000000002,0.48136058807689347,0.4982051627146237,530,13.739739894866943,-185.698498
139,-190.82994000000002,0.5481856782246506,0.49571413690105054,507,13.305692911148071,-185.71802920000002
140,-185.29436,0.5543137158307693,0.4932355662165453,253,6.614192008972168,-185.5713208
141,-191.18564,0.4818947922590927,0.4907693883854626,580,15.127503156661987,-185.63432360000002
142,-161.45289999999994,0.522456757010392,0.4883155414435353,771,20.18575096130371,-185.0467672
143,-177.28892000000002,0.5060416281158204,0.4858739637363176,372,9.821590900421143,-184.7781104
144,-188.31240000000003,0.5038017195743927,0.483444593917636,345,9.054405212402344,-184.744942
145,11.279440000000024,0.458081485621713,0.4810273709480478,1456,37.608020067214966,-180.7465076
146,-176.04892,0.4022973234012519,0.47862223409330756,365,9.336596965789795,-180.9480644
147,-189.58576000000002,0.4583575399191471,0.47622912292284103,209,5.444474220275879,-180.92450960000002
148,-188.23446,0.4429728736403425,0.4738479773082268,243,6.275887727737427,-180.82801920000003
149,-194.01116000000002,0.39423151715283294,0.47147873742168567,268,7.063020706176758,-181.0626148
150,-191.6675,0.47966134676397965,0.46912134373457726,454,11.775933980941772,-180.9145464
151,-189.08934000000002,0.6825465593231088,0.46677573701590436,131,3.4340622425079346,-180.96538520000001
152,-195.478,0.4734385186256145,0.46444185833082485,281,7.3071300983428955,-181.125462
153,-186.41770000000002,0.4632917994742173,0.46211964903917074,154,4.015275001525879,-181.028
154,-4.87575999999998,0.4505436717936491,0.4598090507939749,1448,37.70542812347412,-177.2823036
155,-184.87968,0.5072330581753438,0.457510005540005,281,7.362927198410034,-177.2984504
156,-174.80912,0.35439078852379413,0.45522245551230495,457,11.940785884857178,-177.33735919999998
157,-196.13344000000004,0.5210082012632098,0.4529463432347434,217,5.606201171875,-177.41952840000002
158,-185.59132,0.33915155969878663,0.4506816115185697,269,6.985871076583862,-177.32626
159,-7.651680000000008,0.44635586550915224,0.4484282034609769,576,14.954219102859497,-173.6878916
160,-180.269,0.401499342052735,0.446186062443672,556,14.475579977035522,-173.3973096
161,-191.6361,0.3379156078886369,0.4439551321314536,203,5.32245397567749,-173.47986
162,-187.62099999999998,0.3744668632819567,0.4417353564707963,164,4.29738974571228,-173.8361012
163,-189.14032,0.3181664155748205,0.43952667968844233,233,6.13144588470459,-173.8255572
164,-179.18040000000002,0.43622205831059646,0.43732904629000013,513,13.396813869476318,-173.61869760000002
165,-166.51707999999996,0.4686857125116208,0.4351424010585501,612,16.076119899749756,-173.5832056
166,-186.0953,0.4613963557901431,0.43296668905325736,343,8.988409996032715,-173.60847
167,-180.34444000000002,0.4580519097410653,0.43080185560799106,365,9.531827926635742,-173.6399264
168,-177.78374,0.4286916636258264,0.4286478463299511,898,23.39907932281494,-173.25670840000004
169,-192.79740000000004,0.5775176808144897,0.42650460709830135,300,7.809738874435425,-173.25750520000003
170,-190.99490000000003,0.36959355071420896,0.42437208406280985,223,5.86064887046814,-173.2579204
171,-154.88047999999986,0.48218322623400917,0.4222502236424958,713,18.749984979629517,-172.4889372
172,4.532879999999996,0.36709241912831203,0.42013897252428334,768,19.971364974975586,-168.68772840000003
173,-185.68622000000002,0.29078789334404315,0.4180382776616619,274,7.210018157958984,-168.8345368
174,-190.63354,0.37496792352093117,0.4159480862733536,154,4.114439964294434,-169.22613280000002
175,-189.27672,0.45495863913351464,0.41386834584198684,144,3.777545928955078,-169.2979752
176,-191.599,0.429369370338631,0.4117990041127769,293,7.617902755737305,-169.70725000000002
177,-185.36986000000002,0.49769085880925323,0.40974000909221303,154,4.059572219848633,-169.6030644
178,-180.47570000000002,0.4101858793762032,0.40769130904675194,223,5.8589348793029785,-169.6478272
179,-188.23392,0.5881441307202395,0.40565285250151817,144,3.731126070022583,-169.4526136
180,4.13720000000001,0.5988535988588635,0.4036245882390106,776,20.43716311454773,-165.5881268
181,-190.98494000000002,0.5013424607302843,0.4016064652978155,223,5.8255228996276855,-165.7943708
182,-159.5098799999998,0.5688163597082746,0.3995984329713264,1173,30.74243402481079,-165.5194496
183,-186.08816,0.5409630835210881,0.3976004408064698,241,6.274001121520996,-165.48682
184,-187.26966000000002,0.45402202613930515,0.39561243860243744,147,3.807945966720581,-165.567712
185,-167.74168000000003,0.5490480221496504,0.3936343764094253,921,24.10425305366516,-165.5102536
186,-156.10839999999996,0.5021264518743002,0.39166620452737816,1017,26.47765016555786,-165.0333448
187,-179.15860000000004,0.5319775667227401,0.3897078735047413,461,12.132993698120117,-164.783742
188,-181.46492,0.5805044177866534,0.3877593341372176,421,11.156229972839355,-164.7149968
189,-184.88182000000003,0.498718755090359,0.3858205374665315,134,3.5482699871063232,-164.59603439999998
190,-189.13288,0.34859300925797415,0.38389143477919885,281,7.469627141952515,-164.67280480000002
191,-192.83916000000002,0.4651311062792307,0.3819719776053028,213,5.5588390827178955,-164.7058752
192,-185.69048,0.5619852740415617,0.3800621177172763,361,9.544907093048096,-165.1906268
193,-188.59168,0.7440112836650042,0.37816180712868996,209,5.487917184829712,-165.416682
194,-188.52154000000002,0.7149479461216984,0.37627099809304654,154,4.0329461097717285,-165.4208648
195,37.75688000000024,0.5014978021550004,0.3743896431025813,1296,34.11797785758972,-164.89131600000002
196,-192.28320000000002,0.5378126415420051,0.37251769488706843,233,6.159847021102905,-165.21600159999997
197,-179.55196,0.5537178868227026,0.3706551064126331,677,17.791024923324585,-165.01532559999998
198,-174.22028000000006,0.4914382935082614,0.36880183088056995,629,16.500340938568115,-164.735042
199,-177.1894,0.35129572633222855,0.3669578217261671,605,16.059629917144775,-164.39860679999998
200,-184.26496,0.29328240997112187,0.36512303261753626,305,8.118552207946777,-164.250556
201,-191.57934000000003,0.35141964711259766,0.3632974174544486,342,8.707201957702637,-164.300356
202,-192.6497,0.36836399114639096,0.3614809303671764,451,11.809936761856079,-164.24379000000002
203,-189.59536000000003,0.5067943426909629,0.3596735257153405,209,5.441580057144165,-164.3073432
204,-191.02182,0.34340478570318256,0.3578751580867638,174,4.556029796600342,-168.03026440000002
205,-179.61856000000003,0.49961561601758003,0.35608578229633,625,16.47533392906189,-167.925042
206,-185.19628,0.4050925868204175,0.3543053533848483,293,7.6778459548950195,-168.1327852
207,-166.26624000000004,0.4728092777589336,0.35253382661792404,600,15.73287582397461,-167.53544119999998
208,-187.8874,0.499942117731177,0.3507711574848344,124,3.2040231227874756,-167.5813628
209,-187.83548000000002,0.4311541261061305,0.34901730169741024,124,3.23386812210083,-171.1850388
210,28.05111999999997,0.42434683927959943,0.3472722151889232,1472,38.66127586364746,-167.0186364
211,-164.50871999999998,0.48171595894831143,0.3455358541129786,1057,27.90756916999817,-166.47608879999999
212,-183.85446000000002,0.39857670588660077,0.3438081748424137,471,12.236212015151978,-166.400758
213,-171.22890000000004,0.34248085738580925,0.3420891339682016,639,16.767428874969482,-166.04252960000002
214,-173.92866,0.34056013116088196,0.3403786882983606,362,9.41775894165039,-165.9374948
215,-185.93052,0.3511908819833607,0.3386767948568688,285,7.393430948257446,-166.3257636
216,-174.73908000000003,0.4155433323699981,0.33698341088258443,540,14.301198959350586,-166.0986392
217,-185.39786,0.4803438553475091,0.3352984938281715,451,11.887431144714355,-166.1997076
218,-187.59204000000003,0.44668176907066587,0.33362200135903064,213,5.59807014465332,-166.39587360000002
219,-189.58411999999998,0.393097825449229,0.33195389135223546,748,19.52143096923828,-166.33160800000002
220,-180.20908000000003,0.43790292440875234,0.3302941218954743,461,12.050859928131104,-166.1158916
221,-188.49524000000002,0.44038796491493937,0.32864265128599696,253,6.599673748016357,-166.7881868
222,-194.92455999999999,0.5677028387232402,0.326999438029567,209,5.4886651039123535,-170.77733560000001
223,-161.32843999999997,0.4282126214962101,0.3253644408394192,709,18.668363094329834,-170.29018
224,-169.65369999999982,0.3805452636177957,0.3237376186352221,2055,54.44618606567383,-169.8705832
225,-189.01746,0.27483777678874016,0.322118930542046,231,6.082798719406128,-169.865398
226,-3.199360000000011,0.3315667885778423,0.32050833588933575,608,15.947775840759277,-166.0974052
227,-183.56284,0.3109908931225441,0.31890579420988907,917,24.002432107925415,-166.0612648
228,-170.59774000000004,0.27395513655521286,0.3173112652388396,791,20.75465488433838,-165.8637056
229,-185.26148,0.288412314352269,0.3157247089126454,300,7.888645172119141,-165.8042568
230,-170.17432000000002,0.3328198753447763,0.3141460853680822,681,17.88739776611328,-169.2904872
231,-186.58292,0.40458063574750786,0.3125753549412418,253,6.634128093719482,-169.2024468
232,-191.1157,0.2443004913736869,0.31101247816653554,274,7.283482789993286,-169.83456320000002
233,-168.38642,0.39615477677723787,0.30945741577570285,451,12.028851985931396,-169.4805284
234,-178.86948,0.3630256523688634,0.3079101286968243,540,14.332164764404297,-169.3125248
235,-185.51780000000002,0.2929302448178586,0.3063705780533402,253,6.566486835479736,-169.6680472
236,-176.18280000000001,0.3754231207458305,0.30483872516307353,657,17.288002967834473,-170.0695352
237,-181.93110000000001,0.37879045130186734,0.3033145315372582,243,6.404206991195679,-170.1249852
238,-189.27672,0.3251344923887195,0.3017979588795719,144,3.7770628929138184,-170.2812212
239,3.088399999999993,0.39260763300173895,0.30028896908517405,656,17.152436017990112,-166.5218168
240,-190.82092,0.6001151358118144,0.2987875242397482,164,4.256197929382324,-166.5555776
241,-188.01422000000002,0.40372989154930883,0.29729358661854943,283,7.524871826171875,-166.4590788
242,-189.44792000000004,0.43314111743246,0.29580711868545667,241,6.298057317733765,-166.5342276
243,-188.74068000000003,0.44592552785056105,0.2943280830920294,165,4.294268846511841,-166.5372076
244,-184.19238,0.5095960347771399,0.29285644267656924,243,6.461927890777588,-166.4506244
245,-190.51590000000002,0.413609239498796,0.2913921604631864,342,8.982955932617188,-171.01608
246,-147.01923999999988,0.5782480399650627,0.28993519966087045,837,22.036280870437622,-170.1108008
247,6.287840000000002,0.5124921555851855,0.2884855236625661,944,24.767422199249268,-166.3940048
248,-187.8874,0.4463944719248121,0.28704309604425327,124,3.2353017330169678,-166.6673472
249,-172.72622,0.4970494702353444,0.285607880564032,355,9.416875123977661,-166.57808359999999
250,-164.01568,0.5259077508021526,0.28417984116121187,392,10.329664945602417,-166.17309799999998
251,-182.36566000000002,0.5493962518145326,0.2827589419554058,362,9.657742023468018,-165.9888244
252,-3.6926399999999986,0.5334578355239635,0.28134514724562876,864,22.836738109588623,-162.2096832
253,-190.32864,0.5783054864926575,0.2799384215094006,144,3.7896790504455566,-162.2243488
254,3.6389599999999955,0.5188179841736243,0.27853872940185365,1016,26.838468074798584,-158.3311332
255,-173.89498,0.4375869853832819,0.27714603575484437,263,6.951900005340576,-158.2166616
256,-187.88444,0.38651315769526046,0.2757603055760701,604,15.708431005477905,-158.2704248
257,-187.00816000000003,0.49203096796626566,0.2743815040481898,233,6.096066236495972,-158.6852632
258,-190.3148,0.4137922761482631,0.2730095965279488,241,6.303892374038696,-158.7338112
259,-187.65684,0.5304441930711897,0.27164454854530906,261,6.826764106750488,-158.7302384
260,-181.55376,0.6012193258189493,0.2702863258025825,225,5.923677921295166,-162.922336
261,-190.32672000000002,0.550285407283809,0.2689348941735696,144,3.8231160640716553,-163.438696
262,-192.14024000000003,0.43405667968094347,0.26759021970270175,225,5.9020607471466064,-163.6044116
263,-170.95338,0.4886965454237698,0.2662522686041882,471,12.482115983963013,-163.5989012
264,-170.05895999999998,0.45150224927769667,0.2649210072611673,777,20.32363200187683,-163.5215072
265,-176.3691,0.44384065482504015,0.26359640222486147,570,15.005897045135498,-163.3302788
266,-172.90204000000006,0.48967681699907184,0.26227842021373715,461,12.054102897644043,-163.293538
267,-171.12302000000003,0.3896192712489886,0.2609670281126685,382,10.06697678565979,-163.0080412
268,-153.72355999999985,0.40980107046570385,0.25966219297210513,1157,30.520169973373413,-162.33067160000002
269,-180.28996,0.426002994482759,0.2583638820072446,461,12.10081672668457,-162.1447884
270,-189.16694,0.5227483482833238,0.2570720625972084,235,6.214052200317383,-162.3239456
271,-182.87282,0.5995508057917649,0.25578670228422234,283,7.460694074630737,-162.2114972
272,-183.31504,0.4685199420863504,0.25450776877280124,209,5.588147878646851,-161.9793068
273,-168.49271999999996,0.5129540989439314,0.2532352299289372,600,15.799251317977905,-162.1225924
274,5.47528,0.4899795537043485,0.2519690537792925,976,25.718966960906982,-158.6200128
275,-182.97406,0.4689485855163785,0.2507092085103961,590,15.835946798324585,-158.4991448
276,-170.76918,0.4823417789688674,0.2494556624678441,362,9.702184915542603,-161.8505412
277,-187.53016,0.4647487952422939,0.24820838415550486,209,5.580020904541016,-161.9298876
278,-188.23584000000002,0.5551024086243059,0.24696734223472733,144,3.8593108654022217,-162.2826496
279,-168.15718000000004,0.5963720700143254,0.2457325055235537,738,19.37033987045288,-161.94056360000002
280,-190.37328000000002,0.6415730449037744,0.24450384299593592,489,12.901445150375366,-162.3445428
281,-182.57780000000002,0.47748033177967253,0.24328132378095624,325,8.566620349884033,-162.2644404
282,-162.69006000000002,0.5875865633301821,0.24206491716205145,679,17.86551284790039,-161.6959276
283,-175.62514000000004,0.3849274977783686,0.2408545925762412,491,12.946445226669312,-161.840702
284,-190.29274000000004,0.5125180412788298,0.23965031961336,431,11.26302981376648,-162.0691672
285,-184.76774,0.44812491428732437,0.2384520680152932,274,7.214597225189209,-162.054166
286,-163.79276,0.5929085059932562,0.23725980767521673,733,19.463871002197266,-161.8063652
287,-181.36176,0.4286162445960428,0.23607350863684065,417,10.959952116012573,-161.7949784
288,4.249040000000012,0.46431422626880126,0.23489314109365644,704,18.485774993896484,-157.92446320000002
289,-188.23584000000002,0.4831146980221901,0.23371867538818816,144,3.747709274291992,-161.750948
290,-187.8874,0.5163578479400566,0.23255008201124722,124,3.2921860218048096,-161.6922776
291,-187.54360000000003,0.39917487723743944,0.231387331601191,209,5.450361967086792,-161.6828652
292,-186.5844,0.6154114681393211,0.23023039494318503,393,10.372541904449463,-161.6255948
293,-183.6516,0.6365391027844159,0.2290792429684691,273,7.231937885284424,-161.5238132
294,-186.62688000000003,0.6337737432491463,0.22793384675362674,113,3.0126137733459473,-161.5725032
295,-6.403279999999995,0.5795195425571119,0.22679417751985861,592,15.609776973724365,-157.89025080000002
296,7.780880000000009,0.5513312211514038,0.22566020663225933,1064,28.09738278388977,-154.79424840000001
297,-176.43198000000004,0.6786301954286135,0.22453190559909803,482,12.802867889404297,-158.4486448
298,-174.88710000000003,0.5407995512514147,0.22340924607110255,411,10.755309104919434,-158.1886388
299,-143.76305999999974,0.47725587681034326,0.22229219984074702,1135,29.689104795455933,-157.6093756
300,-166.76856000000004,0.5589050136271085,0.2211807388415433,617,16.261514902114868,-157.6644332
301,-170.09356000000002,0.42760955813579227,0.22007483514733558,629,16.21042799949646,-157.4189912
302,-184.4358,0.534911887798591,0.2189744609715989,309,7.80242395401001,-161.0338544
303,32.838719999999995,0.3827318191788436,0.2178795886667409,1024,25.924812078475952,-156.5705072
304,-164.39968000000005,0.42280128393488536,0.2167901907234072,560,14.362007856369019,-159.93128000000002
305,-157.99639999999988,0.3348209654776276,0.21570623976979014,1273,32.151535749435425,-159.6133084
306,-184.88182000000003,0.378484970083766,0.21462770857094118,134,3.3849949836730957,-159.553256
307,-190.84572000000003,0.38027843794023447,0.21355457002808648,165,4.198627948760986,-159.6300072
308,-185.90480000000002,0.3455273107848252,0.21248679717794605,184,4.6562340259552,-159.5418072
309,-173.79300000000003,0.43827673696487407,0.21142436319205632,405,10.30197286605835,-159.2645304
310,-190.32864,0.43296665918832233,0.21036724137609603,144,3.609095335006714,-159.440028
311,-187.8874,0.40437935147013876,0.20931540516921554,124,3.117799758911133,-159.3912416
312,-186.62688000000003,0.3538672095906418,0.20826882814336947,113,2.843090772628784,-159.2809744
313,-174.59268,0.327659299057322,0.20722748400265262,540,14.013161897659302,-159.3537604
314,-181.76078,0.3358281872697643,0.20619134658263935,286,7.436213970184326,-159.5877968
315,-181.6685,0.3585303006669341,0.20516038984972615,382,9.961649894714355,-159.6937848
316,-175.47397999999998,0.38862102200321036,0.2041345879004775,382,9.85323977470398,-159.7452236
317,-181.86968000000002,0.3707789083375599,0.2031139149609751,289,7.528833866119385,-159.9601568
318,-160.48911999999996,0.40990181437590345,0.20209834538617025,713,18.404819011688232,-160.095468
319,-188.86638000000002,0.3718270147754543,0.2010878536592394,174,4.604606866836548,-160.2669964
320,-174.04728000000003,0.3977415908556332,0.2000824143909432,561,14.66873288154602,-159.9646032
321,-164.0037599999999,0.41948143612118505,0.19908200231898848,1561,40.847033977508545,-159.587222
322,-186.62688000000003,0.49307054671895717,0.19808659230739353,113,2.9357187747955322,-159.6534588
323,-179.07232000000002,0.411866544933985,0.19709615934585656,401,10.460326910018921,-159.8650508
324,-173.62744,0.42717918292239154,0.19611067854912728,392,10.312579154968262,-163.4471052
325,-172.82162000000002,0.4509158664385059,0.19513012515638165,451,11.844826936721802,-163.2440564
326,-168.01489999999995,0.5753960085138939,0.19415447453059972,571,14.957494020462036,-163.1889708
327,-190.10942,0.6231739285646727,0.19318370215794672,274,7.23362398147583,-163.240556
328,-181.49328,0.5865056189332349,0.192217783647157,369,9.724184036254883,-163.1057048
329,-188.91222,0.5845089644707483,0.1912566947289212,174,4.5570409297943115,-163.52080560000002
330,-186.86120000000003,0.6189059622213244,0.1903004112552766,225,5.884946823120117,-163.45056399999999
331,-186.62688000000003,0.5402731530088107,0.18934890919900021,113,2.9628047943115234,-163.53154560000002
332,-189.00402,0.6492674431654734,0.18840216465300522,231,5.99018120765686,-164.05782480000002
333,-173.26818000000003,0.5044197052049468,0.18746015382974018,530,13.763306140899658,-164.0106856
334,-184.11754000000002,0.6060637478520035,0.1865228530605915,431,11.206543207168579,-163.8871816
335,31.20136000000014,0.5340897677681532,0.18559023879528855,2120,55.04818415641785,-159.5677996
336,-189.69672000000003,0.3096865894201626,0.1846622876013121,209,5.495076894760132,-160.0858788
337,-190.83052,0.526404305815515,0.18373897616330553,164,4.256044626235962,-160.27525400000002
338,-182.85232000000002,0.5836141701276082,0.182820281282489,233,6.090102672576904,-164.01728119999999
339,-171.23870000000002,0.42410600624070255,0.18190617987607657,283,7.335524082183838,-163.6773384
340,-154.36383999999987,0.521661175146454,0.18099664897669618,1065,27.75492572784424,-163.0068672
341,-188.22744,0.6364486855454743,0.1800916657318127,144,3.8467447757720947,-163.020544
342,-189.55556,0.46552483313772164,0.17919120740315364,253,6.616338014602661,-163.0799672
343,-169.59554000000003,0.48189041660169657,0.17829525136613786,391,10.129516124725342,-162.798846
344,-163.90389999999996,0.5020860137843494,0.17740377510930716,639,16.645184993743896,-162.3443864
345,-187.38996,0.4959877225384116,0.17651675623376062,300,7.813434839248657,-165.96412
346,-182.19513999999998,0.5789155196476237,0.1756341724525918,599,15.6925790309906,-169.7636404
347,-184.7172,0.6585057836861532,0.17475600159032884,321,8.471741914749146,-169.9293448
348,-153.07195999999988,0.49986936154732675,0.17388222158237718,677,17.620092153549194,-169.49304199999997
349,-186.62688000000003,0.4034261339863317,0.1730128104744653,113,2.911731004714966,-170.3503184
350,-186.62688000000003,0.5015512300754147,0.17214774642209296,113,2.995911121368408,-170.7474848
351,-186.62688000000003,0.4686230294966856,0.1712870076899825,113,2.968398094177246,-171.07815119999998
352,-190.34016000000003,0.7145432629169792,0.17043057265153258,144,3.766261100769043,-171.1962384
353,0.1790400000000023,0.5006042452507906,0.16957841978827493,528,13.810683727264404,-171.849432
354,-182.17686000000003,0.6192307165993626,0.16873052768933355,203,5.324110984802246,-172.2049756
355,-195.96632000000002,0.41333300875902007,0.1678868750508869,352,9.212957859039307,-172.964374
356,-186.83620000000002,1.0025620136725446,0.16704744067563246,124,3.266841173171997,-173.0034616
357,-186.62688000000003,0.6150556441594278,0.1662122034722543,113,2.997210741043091,-172.91908479999998
358,-165.58872000000002,0.6062802770543548,0.16538114245489302,417,10.822257041931152,-172.5127632
359,-1.902880000000014,0.7043644963239786,0.16455423674261854,1280,33.29118084907532,-169.0749608
360,-165.36260000000001,0.6011929660651696,0.16373146555890544,461,11.915809869766235,-168.57564
361,-180.85828,0.6448441946707386,0.16291280823111093,293,7.623553991317749,-168.4350576
362,-181.82484,0.6659447675738385,0.16209824418995536,189,4.9177868366241455,-168.3390168
363,-170.71610000000004,0.7941126322447236,0.16128775296900558,659,17.142724990844727,-168.26148519999998
364,-182.94148000000004,0.722880850249934,0.16048131420416054,629,16.49506688117981,-168.2850992
365,-184.22928,0.6585849319708844,0.15967890763313974,600,15.739757061004639,-168.3363148
366,-162.11033999999998,0.6415922403146608,0.15888051309497406,690,17.9761860370636,-168.069042
367,-188.86446,0.676689499052477,0.1580861105294992,174,4.54279088973999,-168.20893759999998
368,-190.32864,0.6870085963617183,0.1572956799768517,144,3.7724409103393555,-168.80572800000002
369,-180.5705,0.691879762228027,0.15650920157696743,223,5.7918548583984375,-168.6398104
370,-177.16032,0.7350461779398023,0.1557266555690826,561,14.66736102104187,-168.70207119999998
371,-186.25308,0.7431634397928913,0.1549480222912372,300,7.793391704559326,-169.1470576
372,-155.12655999999993,0.7718785886499973,0.15417328217978102,768,19.933685064315796,-168.5170512
373,-187.83332000000001,0.5160228051570093,0.1534024157688821,172,4.463181972503662,-168.6922712
374,-188.27896,0.7892686575220308,0.1526354036900377,281,7.278035879135132,-168.98530159999999
375,-187.8874,0.7187855829289483,0.1518722266715875,124,3.2639307975769043,-169.2866172
376,-143.74933999999982,0.6996733170586042,0.15111286553822956,827,21.5121967792511,-168.801306
377,-165.99478,0.6680447338309524,0.15035730121053842,638,16.579833269119263,-168.3190132
378,-186.58332000000001,0.646207779171792,0.14960551470448571,165,4.264939069747925,-168.42081399999998
379,-175.77224000000004,0.5111022223127917,0.14885748713096328,481,12.684941053390503,-168.15801439999998
380,-157.24863999999994,0.483076566312876,0.14811319969530845,873,23.015124082565308,-167.5657632
381,-147.79511999999968,0.5754309637557035,0.1473726336968319,1008,26.327858209609985,-166.78912799999998
382,-175.8332,0.5197709222731646,0.14663577052834775,640,16.739673852920532,-166.5257116
383,-148.94127999999986,0.4431544502488714,0.14590259167570602,873,23.07705593109131,-166.0391736
384,-158.39997999999997,0.4522026928148511,0.1451730787173275,822,21.399484872817993,-165.52482239999998
385,-173.52494000000002,0.4793257438780173,0.14444721332374086,391,10.240319967269897,-169.61934839999998
386,-187.81518000000003,0.46979366618090834,0.14372497725712216,174,4.587579965591431,-169.58171759999996
387,-182.52146,0.6090150512838444,0.14300635237083656,223,5.853285074234009,-169.41553639999998
388,-188.03814000000003,0.6098177694779543,0.14229132060898236,131,3.4261538982391357,-169.5192528
389,-187.8874,0.5203322658555642,0.14157986400593744,124,3.1864519119262695,-169.85222679999998
390,-175.58884,0.5807463170312116,0.14087196468590776,293,7.75818657875061,-170.2767268
391,-171.82286000000005,0.4243263366276403,0.14016760486247823,411,10.9130699634552,-169.94863519999998
392,-175.89534,0.5038688584509217,0.13946676683816583,639,16.660096168518066,-169.6754308
393,-165.80650000000003,0.5314349975274957,0.138769433003975,575,14.928457975387573,-169.59965
394,-186.62688000000003,0.48931697680227526,0.13807558583895513,113,3.01237416267395,-170.0541096
395,-174.98994,0.41557239375246985,0.13738520790976036,362,9.663501977920532,-169.80610919999998
396,-172.27814000000004,0.4538352045922964,0.13669828187021155,382,10.220999240875244,-169.6077692
397,18.744320000000016,0.4606606204438811,0.13601479046086049,1040,27.277005910873413,-165.5385388
398,-168.91866000000005,0.44858211276954724,0.1353347165085562,570,15.048098087310791,-165.8554728
399,5.257999999999999,0.4338890354272827,0.1346580429260134,632,16.917922019958496,-162.0177752
400,-185.67808000000002,0.47209976128519726,0.13398475271138335,313,8.179689168930054,-161.9987992
401,-182.56886000000003,0.5123847476185838,0.13331482894782642,223,5.706565856933594,-161.9176388
402,-188.64324000000002,0.4179915577619219,0.13264825480308728,213,5.431301832199097,-161.8837004
403,-185.47464000000002,0.4369515492424868,0.13198501352907185,209,5.258284091949463,-165.596774
404,-188.22744,0.5247824163331339,0.1313250884614265,144,3.6124107837677,-165.71778559999998
405,-185.33100000000005,0.5383747441832114,0.13066846301911936,540,13.609087944030762,-165.5050792
406,-186.62688000000003,0.44121315892357216,0.13001512070402377,113,2.857571840286255,-165.5008928
407,-182.2792,0.6467395478806071,0.12936504510050365,209,5.297183990478516,-165.4139392
408,-154.24859999999995,0.4695928115291498,0.12871821987500112,877,22.790411949157715,-165.18713680000002
409,-188.66452,0.6009714902128752,0.12807462877562611,164,4.235666036605835,-168.9223696
410,-176.42934000000002,0.46554754490407557,0.12743425563174798,666,17.339241981506348,-169.1437044
411,-186.62688000000003,0.8349391381561229,0.12679708435358925,113,2.94690203666687,-169.25907640000003
412,-180.97838000000002,0.5216090194447789,0.1261630989318213,1075,27.94556474685669,-169.2421472
413,-171.34208000000004,0.43399575883713404,0.1255322834371622,537,13.752637147903442,-169.25466680000002
414,-167.98900000000003,0.4706985947748938,0.12490462201997637,332,8.57345199584961,-168.95561719999998
415,-187.8874,0.45965668236866836,0.1242800989098765,124,3.369158983230591,-169.02877959999998
416,-182.58814,0.4725088217287056,0.12365869841532712,323,8.301194906234741,-169.4383356
417,-189.27552,0.49005962769863093,0.12304040492325048,144,3.697721004486084,-169.4465568
418,-189.69864,0.6410768923202628,0.12242520289863423,209,5.354940891265869,-169.4339568
419,39.002880000000246,0.5058347260568803,0.12181307688414106,1048,27.157227993011475,-165.04248919999998
420,-162.73404000000002,0.5744474939359673,0.12120401149972035,580,14.97524619102478,-164.7539636
421,-163.24597999999997,0.5511739584494451,0.12059799144222175,758,19.421621084213257,-164.29382159999997
422,-186.62688000000003,0.7302118669288744,0.11999500148501063,113,2.880222797393799,-164.923828
423,-178.74236000000002,0.5330086630647056,0.11939502647758558,748,19.476685762405396,-164.7420088
424,-166.76736000000005,0.5759499332029193,0.11879805134519765,521,13.475534915924072,-164.31177680000002
425,-187.17624,0.7826017412460513,0.11820406108847166,144,3.7219059467315674,-164.2975536
426,37.061920000000256,0.5963256912552175,0.1176130407830293,1808,46.858530044555664,-160.6813284
427,-186.62688000000003,0.5633847649184476,0.11702497557911415,113,2.9403152465820312,-161.0939704
428,-185.07696,0.4242518769266705,0.11643985070121858,144,3.7359509468078613,-161.06384319999998
429,11.057519999999954,0.5198908005303251,0.11585765144771248,1368,35.532585859298706,-157.327248
430,11.908639999999977,0.5153067614388969,0.11527836319047392,848,21.86773991584778,-153.9441024
431,-174.81064,0.44539189649346683,0.11470197137452155,560,14.547493934631348,-154.4844128
432,-181.22584,0.4624362770984903,0.11412846151764894,209,5.497529983520508,-154.59226560000002
433,-186.62688000000003,0.4784087303003906,0.1135578192100607,113,2.9029219150543213,-155.3459776
434,-151.93361999999988,0.5445759519183061,0.11299003011401039,570,14.833077907562256,-155.2166504
435,-183.06326,0.3490922337419911,0.11242507996344034,339,8.774759292602539,-155.40741680000002
436,35.30200000000007,0.407154718851173,0.11186295456362313,1048,27.461838960647583,-150.9450732
437,-148.80811999999995,0.37485527817560516,0.11130363979080501,716,19.361581087112427,-150.2708064
438,-173.71944000000005,0.35509746423987054,0.11074712159185099,649,17.913609981536865,-149.9844324
439,-186.12696,0.2781463427624355,0.11019338598389174,144,3.900789976119995,-149.9492236
440,-183.16519999999997,0.39956307975279,0.10964241905397228,352,9.654368877410889,-150.10075080000001
441,-147.80435999999986,0.3756382151529122,0.10909420695870241,1045,28.692095041275024,-149.6203808
442,-155.57155999999998,0.3313107635420004,0.1085487359239089,1028,27.922006130218506,-149.2139052
443,-188.18294,0.31460313511989224,0.10800599224428936,322,8.736238241195679,-149.66143399999999
444,-192.78444000000002,0.4272000799328089,0.10746596228306791,300,8.208195686340332,-149.7845852
445,15.969839999999987,0.42417370308087105,0.10692863247165257,720,19.71818709373474,-145.9653896
446,-168.49808000000002,0.40584247557313313,0.1063939893092943,560,15.408799409866333,-145.8897884
447,-179.40374000000003,0.3432593278068999,0.10586201936274783,223,6.095979928970337,-149.85274959999998
448,2.291040000000013,0.396796971137519,0.10533270926593409,768,21.11153793334961,-146.4285556
449,-165.4001,0.5033817982661981,0.10480604571960442,511,13.96495795249939,-149.84171759999998
450,-169.0464,0.43294844287235323,0.1042820154910064,329,8.945403337478638,-149.509084
451,-175.63106000000002,0.48728774648442125,0.10376060541355137,343,9.611829042434692,-149.370328
452,-155.62853999999993,0.38183781444143083,0.1032418023864836,679,18.505239963531494,-148.710034
453,-0.4763200000000003,0.35353504317754414,0.10272559337455119,512,14.111146211624146,-145.01006759999999
454,-0.41679999999999406,0.37473255446820986,0.10221196540767843,512,14.167366027832031,-141.2538548
455,-167.58816000000004,0.3599838617319862,0.10170090558064004,600,16.286648988723755,-140.898998
456,-155.71535999999995,0.450762437120727,0.10119240105273684,737,19.90198302268982,-140.2807676
457,-186.62688000000003,0.642571584379251,0.10068643904747315,113,3.1090810298919678,-140.3677212
458,-175.86586,0.3980330799312454,0.10018300685223579,551,15.026981830596924,-140.8000664
459,-186.62688000000003,0.3970406283748097,0.0996820918179746,113,3.166630744934082,-140.75931359999998
460,-168.72720000000004,0.4511938800362151,0.09918368135888474,808,21.95702815055847,-140.6052708
461,43.00280000000027,0.3625745926620639,0.09868776295209031,1488,40.898072957992554,-136.01267719999998
462,-186.62688000000003,0.427042404659488,0.09819432413732986,113,3.175726890563965,-136.12564719999997
463,-184.88182000000003,0.43943043267215365,0.09770335251664321,134,3.7862069606781006,-136.39644199999998
464,-193.22672000000003,0.36629219801889523,0.09721483575406,225,6.258592128753662,-136.9011964
465,-181.22032000000002,0.330867261055447,0.09672876157528969,209,5.8543901443481445,-136.76785479999998
466,-176.38772,0.3103634633564714,0.09624511776741324,469,12.809473991394043,-136.64384639999997
467,-187.8874,0.40759075213704377,0.09576389217857617,124,3.4015910625457764,-136.616084
468,-175.42402,0.45893593487954265,0.09528507271768329,431,11.729004144668579,-136.3305916
469,-177.32950000000002,0.3720974937914321,0.09480864735409487,322,8.779873847961426,-140.6572392
470,-184.88182000000003,0.46164858676910175,0.0943346041173244,134,3.6074798107147217,-141.1001948
471,-188.66524,0.5293851939722805,0.09386293109673778,164,4.421299934387207,-141.60858
472,-182.28640000000001,0.3875813979441612,0.09339361644125409,209,5.703000783920288,-141.52177039999998
473,3.4592000000000116,0.4704804187579277,0.09292664835904782,608,16.52205801010132,-137.8777392
474,-177.56352000000004,0.34147286849184355,0.09246201511725258,233,6.3208699226379395,-138.0936624
475,-186.62688000000003,0.33775351044878493,0.09199970504166631,113,3.014296054840088,-138.08267519999998
476,-164.49656,0.46237689618221206,0.09153970651645797,857,23.4901282787323,-142.1138448
477,3.304239999999999,0.4315931442521894,0.09108200798387568,664,18.05095601081848,-138.3152224
478,-171.62130000000002,0.4749715132731022,0.0906265979439563,303,8.188391923904419,-138.0461092
479,-186.62688000000003,0.5273511971108023,0.09017346495423652,113,3.0683300495147705,-141.9997972
480,-2.0979200000000087,0.5073791368615914,0.08972259762946533,592,16.40283513069153,-142.2799284
481,-187.8874,0.5048880538783006,0.089273984641318,124,3.3703927993774414,-142.5414636
482,-177.88646000000003,0.4902813774126216,0.0888276147181114,583,16.042251110076904,-142.474676
483,-151.89999999999986,0.504850648012507,0.08838347664452084,768,20.92886996269226,-141.7801384
484,-150.26913999999977,0.47397808039121847,0.08794155926129824,963,26.58523917198181,-141.74684879999998
485,3.7680000000000007,0.39115409860387446,0.08750185146499175,600,16.714645862579346,-138.0102236
486,15.977679999999971,0.39270755624104486,0.08706434220766679,760,20.828758001327515,-138.39670999999998
487,-192.17376000000002,0.3331019048828072,0.08662902049662846,273,7.497541904449463,-139.2640228
488,-188.23392,0.31787655417186517,0.08619587539414532,144,3.939436197280884,-139.5543124
489,-175.95576000000005,0.4207118199449685,0.08576489601717459,257,7.03121018409729,-139.3508884
490,-181.40288,0.46606043694446436,0.08533607153708872,217,6.081331968307495,-139.315642
491,-171.76106000000004,0.4707390745253781,0.08490939117940327,391,10.799674034118652,-139.794776
492,-192.86184000000003,0.446534722802813,0.08448484422350626,209,5.723564147949219,-140.5405816
493,-182.27152,0.4450995447203232,0.08406242000238873,209,5.718854904174805,-140.4223532
494,-172.42828,0.4721744559171257,0.08364210790237678,293,8.096603870391846,-140.01523
495,-190.2997,0.4105212688460994,0.0832238973628649,623,17.247131824493408,-144.1406208
496,-144.2051199999998,0.30437064107788114,0.08280777787605056,969,26.532772064208984,-143.6547616
497,-188.23392,0.27558151204397696,0.08239373898667031,144,3.928558111190796,-143.8313652
498,-189.27744,0.39842832213940305,0.08198177029173696,144,3.9147181510925293,-147.6627348
499,-171.62322000000003,0.388197721968783,0.08157186144027828,303,8.3973970413208,-147.78719719999998
500,-186.62688000000003,0.5094840727186045,0.0811640021330769,113,3.097292900085449,-148.1388068
501,-174.49066000000002,0.43477885098600727,0.08075818212241151,530,14.04267430305481,-148.1159988
502,-186.62688000000003,0.7096478335757171,0.08035439121179945,113,2.975766181945801,-148.7359656
503,-188.86142,0.476001826382238,0.07995261925574046,223,5.903806924819946,-152.5036676
504,-150.67457999999982,0.433318545836483,0.07955285615946175,907,23.998196840286255,-155.5088232
505,-177.92978000000002,0.48262842012540397,0.07915509187866444,451,11.876025199890137,-155.7156556
506,-148.4364599999999,0.5010930884578136,0.07875931641927113,798,21.06038522720337,-155.5700776
507,-177.43246000000002,0.4862136692965623,0.07836551983717477,322,8.581763982772827,-155.3861892
508,-155.90193999999985,0.4188251455272443,0.07797369223798889,798,20.980120182037354,-154.98691079999998
509,-188.79802,0.48026827068737366,0.07758382377679894,263,6.927385091781616,-155.0303336
510,-186.62688000000003,0.4675584695573929,0.07719590465791494,113,2.961042881011963,-155.3883272
511,-152.9651199999999,0.45412349423911785,0.07680992513462537,665,17.425044059753418,-159.30768559999999
512,0.5132000000000154,0.4599576641711347,0.07642587550895225,752,19.871344327926636,-155.564884
513,-165.1227,0.582861308939755,0.07604374613140748,550,14.50666093826294,-155.1697016
514,-147.9309999999999,0.3866046394527977,0.07566352740075044,629,16.73500108718872,-154.2637872
515,-186.62688000000003,0.3171111913809998,0.07528520976374668,113,3.0169034004211426,-154.3719184
516,-175.28116000000006,0.4714216952133366,0.07490878371492794,461,12.2327299118042,-154.34978719999998
517,3.888160000000018,0.46489452006691767,0.0745342397963533,592,16.12143111228943,-150.514276
518,-185.37548,0.603580174048188,0.07416156859737154,157,4.319262981414795,-150.7133052
519,1.7864799999999983,0.44581671931462974,0.07379076075438468,832,22.77365517616272,-147.13098559999997
520,-173.55470000000005,0.3762273922516608,0.07342180695061275,243,6.685523986816406,-146.90444319999997
521,-186.62688000000003,0.41413736741462376,0.07305469791585968,113,3.105638027191162,-146.863676
522,-186.62688000000003,0.4440066141150562,0.07268942442628039,113,3.1054601669311523,-146.95048559999998
523,-145.3081399999999,0.47990064436967894,0.07232597730414898,758,20.891867876052856,-149.9258324
524,-186.62688000000003,0.47104236833850105,0.07196434741762824,113,3.122904062271118,-150.10709959999997
525,-160.67188000000002,0.3987651256558264,0.0716045256805401,677,18.625802993774414,-149.5879996
526,-186.62688000000003,0.5147137124404575,0.0712465030521374,113,3.1314260959625244,-150.03060599999998
527,-151.5030599999999,0.4104483636976643,0.0708902705368767,550,15.227568864822388,-153.12675199999998
528,-174.94425999999999,0.4139160336891168,0.07053581918419231,263,7.273728132247925,-153.19321119999998
529,-177.81650000000002,0.5566606631078531,0.07018314008827135,391,10.882731914520264,-153.01700359999998
530,-171.84152000000003,0.531917036555636,0.06983222438783,313,8.477849006652832,-156.41187559999997
531,-189.74532000000002,0.49777289533028096,0.06948306326589085,165,4.5210490226745605,-156.44903399999998
532,-1.7754399999999975,0.42262316390735816,0.0691356479495614,848,23.144295930862427,-152.92681359999997
533,-191.19398,0.43769355608520577,0.06878996970981359,322,9.007693767547607,-153.7126932
534,-186.62688000000003,0.46122749006392155,0.06844601986126451,113,3.127254009246826,-154.439848
535,-0.4122400000000015,0.5514558900558768,0.06810378976195819,512,14.070882081985474,-154.5234528
536,-185.52096000000003,0.6419327354509823,0.0677632708131484,161,4.429244041442871,-158.5534256
537,-186.62688000000003,0.540645150204016,0.06742445445908266,113,3.119668960571289,-158.442488
538,27.032640000000015,0.4757323057274334,0.06708733218678724,960,26.257208108901978,-154.13715679999999
539,-163.99362000000002,0.46154411255664896,0.0667518955258533,586,16.295777082443237,-153.89791400000001
540,-186.62688000000003,0.5954044691196322,0.06641813604822402,113,3.0552587509155273,-154.00239399999998
541,-170.28176000000002,0.5240927398249919,0.0660860453679829,289,7.880141973495483,-153.972808
542,-177.29216000000002,0.43662771102425146,0.06575561514114299,417,11.462977886199951,-153.66141439999998
543,-186.62688000000003,0.5417519601441063,0.06542683706543727,113,3.1265041828155518,-153.74852159999998
544,-186.62688000000003,0.43122724513729327,0.06509970288011008,113,3.162811040878296,-154.0324936
545,-187.8874,0.4155156488395146,0.06477420436570952,124,3.3552498817443848,-153.9842476
546,-181.22224,0.5982762946965592,0.06445033334388098,209,5.634602069854736,-154.72459
547,1.3628799999999952,0.5767388865795805,0.06412808167716157,1384,37.892853021621704,-150.932654
548,-187.8874,0.4571341417369343,0.06380744126877576,124,3.39208984375,-150.9048532
549,10.353919999999981,0.5453987566673556,0.06348840406243188,1016,27.769378900527954,-147.2653104
550,10.715679999999992,0.440419506452004,0.06317096204211972,880,24.021751880645752,-143.3184592
551,-176.30312,0.4336387973224178,0.06285510723190912,273,7.484930753707886,-143.3547084
552,-181.73856000000004,0.4850894633015607,0.06254083169574957,521,14.474485874176025,-143.256942
553,-172.27186000000003,0.3540673433765538,0.062228127537270826,323,8.944509983062744,-142.92515079999998
554,-172.64972,0.4647166151847882,0.06191698689958447,253,6.984756946563721,-143.3646536
555,-180.2346,0.36147657423302043,0.061607401965086545,213,5.996927976608276,-143.41075
556,-186.62688000000003,0.36570429740127475,0.06129936495526111,113,3.1447157859802246,-144.1745584
557,-182.41066000000004,0.4077798141194897,0.0609928681304848,263,7.179438829421997,-144.2741224
558,-186.62688000000003,0.2723896099930316,0.060687903789832374,113,3.1836540699005127,-144.88862120000002
559,-156.04061999999988,0.5069957647064084,0.06038446427088321,807,22.082768201828003,-144.23347320000002
560,-171.61776000000003,0.44506425960920754,0.06008254194952879,600,16.61675190925598,-143.9332908
561,-186.62688000000003,0.6102475458673672,0.05978212923978115,113,3.093812942504883,-144.606526
562,-165.97204000000005,0.4116844412958063,0.05948321859358224,629,17.497554063796997,-147.9362308
563,-183.2066,0.5557579477814582,0.05918580250061433,253,6.888270139694214,-148.29790880000002
564,-184.79844000000003,0.49563524296008865,0.058889873488111255,669,18.4840087890625,-149.0352576
565,-186.62688000000003,0.5866439208322394,0.058595424120670696,113,3.170992851257324,-149.0352576
566,-182.27152,0.46225096747885197,0.05830244700006734,209,5.770512819290161,-149.17506480000003
567,-188.70322000000002,0.5028101867560595,0.058010934765067,263,7.155045747756958,-153.0268924
568,-148.88079999999988,0.4720331470633181,0.05772088009124167,721,19.903078079223633,-152.2969988
569,-163.48332,0.433329659521738,0.05743227569078546,612,16.815508127212524,-155.6023948
570,-167.85898,0.43594269602678365,0.05714511431233153,619,16.85498881340027,-155.48848040000001
571,-173.17488000000003,0.5231934064626247,0.05685938874076987,417,11.5347421169281,-155.2194404
572,-151.3445599999999,0.46196673903904867,0.056575091797066025,641,17.50147008895874,-154.513794
573,-174.89176,0.47855913423076085,0.056292216338080694,401,11.095087051391602,-155.1054664
574,-181.90854000000002,0.47433370775677297,0.05601075525639029,243,6.664222002029419,-155.01109960000002
575,-169.71990000000002,0.5208612394349351,0.05573070148010834,362,10.045176982879639,-155.19206
576,-179.82604000000003,0.5128869227238584,0.0554520479727078,293,7.97751784324646,-155.0560432
577,-169.48352000000003,0.589188804812941,0.05517478773284426,352,9.720211029052734,-155.41565240000003
578,-175.50486000000004,0.7075358463961418,0.05489891379418004,471,12.771370887756348,-155.4268644
579,-190.12742000000003,0.5712112180298622,0.05462441922520914,322,8.811782121658325,-155.6730828
580,-186.41972,0.6741525190674765,0.0543512971290831,157,4.281599998474121,-155.9646468
581,-187.8874,0.5370853793987583,0.05407954064343768,124,3.404621124267578,-155.92748840000002
582,-186.62688000000003,0.6095726970517266,0.05380914294022049,113,3.072496175765991,-159.6245172
583,-186.62688000000003,0.4516270139246388,0.05354009722551939,113,3.0505659580230713,-159.53317520000002
584,-159.80385999999993,0.5937893904602747,0.05327239673939179,639,17.497330904006958,-158.9967148
585,-184.88182000000003,0.5603314688735044,0.053006034755694834,134,3.6716158390045166,-162.6861064
586,-186.62688000000003,0.6702416943204877,0.052741004581916356,113,3.081282138824463,-162.7082248
587,-186.62688000000003,0.7531248067002908,0.052477299559006776,113,3.096561908721924,-162.7082248
588,-189.71540000000002,0.6480915876024443,0.052214913061211746,253,7.033425807952881,-167.0431856
589,-148.51991999999984,0.7257595389679812,0.05195383849590569,1192,32.59139680862427,-166.73371160000002
590,-187.8874,0.6069213139464057,0.05169406930342616,124,3.3749470710754395,-166.758922
591,-186.62688000000003,0.62823643757904,0.05143559895690903,113,3.1310579776763916,-167.0858244
592,-156.03719999999996,0.6470852772760584,0.051178420962124486,808,22.21009111404419,-166.6607252
593,-186.62688000000003,0.47497745351124127,0.05092252885731386,113,3.0578508377075195,-166.6607252
594,-184.13824000000002,0.9155882831662894,0.05066791621302729,145,3.9306459426879883,-166.61095240000003
595,-173.99070000000003,0.6425063759994913,0.05041457663196215,411,11.272413969039917,-166.33301840000001
596,-164.17055999999997,0.6533997456718255,0.050162503748802344,601,16.348637104034424,-165.99198479999998
597,-186.62688000000003,0.6079147075327624,0.049911691230058335,113,3.094413995742798,-169.75178
598,-187.8874,0.6846939522112089,0.04966213277390804,124,3.331968069076538,-169.75178
599,-168.15076000000005,0.6968766675598694,0.0494138221100385,629,17.314666986465454,-173.3218736
600,-171.35590000000002,0.7214610417159555,0.04916675299948831,431,11.837081909179688,-176.9633052
601,-180.07830000000004,0.51277958835232,0.04892091923449087,203,5.398287773132324,-177.0388088
602,32.10056000000002,0.6544690590469747,0.04867631463831842,1848,48.97341299057007,-172.7620264
603,-167.04560000000006,0.6407567707147922,0.048432933065126825,481,12.710127115249634,-172.6575012
604,-173.68366000000003,0.44774258078234097,0.048190768399801194,530,14.053089141845703,-172.67818
605,-186.62688000000003,0.6658895310278223,0.04794981455780219,113,2.991631031036377,-172.8060256
606,-186.62688000000003,0.680143344240774,0.04771006548501318,113,2.9783499240875244,-172.8060256
607,-186.62688000000003,0.652354646391705,0.047471515157588115,113,2.9913108348846436,-172.89035
608,-185.3894,0.6749100365451438,0.047234157581800176,253,6.7699878215789795,-172.8656004
609,-173.51226000000003,0.5704789781029082,0.046997986793891174,534,14.180156946182251,-173.2150332
610,-182.87830000000002,0.515900420141812,0.04676299685992172,287,7.623538255691528,-173.440244
611,-186.62688000000003,0.48166120276514407,0.04652918187562211,113,2.996169090270996,-173.440244
612,-171.33368000000002,0.6222474129168014,0.046296535966244,289,7.638740062713623,-173.5474768
613,-173.32718000000003,0.4783920242709561,0.046065053286412784,382,10.188019275665283,-173.34988840000003
614,7.141039999999995,0.5358963877384771,0.04583472801998072,1112,30.386306762695312,-169.5110988
615,-156.6278599999999,0.44700060478810755,0.045605554379880814,791,21.46583390235901,-168.91111840000002
616,-186.62688000000003,0.4378400193280087,0.04537752660798141,113,3.0796470642089844,-168.9982256
617,-173.61418000000003,0.5051090680357094,0.0451506389749415,443,12.155473947525024,-168.6964448
618,7.40207999999998,0.4723977347139094,0.044924885780066794,1104,30.090012073516846,-165.5707872
619,-169.71990000000002,0.40047166908664106,0.04470026135116646,362,9.943526029586792,-165.69551880000003
620,-176.3069,0.3812450428399261,0.04447676004441063,703,19.346264123916626,-165.8644772
621,-147.4441999999998,0.39677465963924435,0.04425437624418858,748,20.45236301422119,-165.3498636
622,-180.65456,0.44208643081314536,0.04403310436296763,184,4.994594097137451,-165.9360636
623,-157.85879999999995,0.4259425333696769,0.043812938841152796,649,17.716567039489746,-165.5954044
624,-172.26590000000002,0.3331221275065699,0.04359387414694703,382,10.38079309463501,-165.4025516
625,-145.25375999999986,0.4603820462009435,0.043375904776212296,649,17.806652069091797,-164.91322879999998
626,-182.27152,0.2745628349090877,0.043159025252331236,209,5.728648900985718,-164.96213840000001
627,-162.00245999999999,0.48922750596465037,0.04294323012606958,550,15.057026863098145,-164.8125172
628,-187.97554,0.33285512204303314,0.04272851397543923,131,3.5611660480499268,-165.0619308
629,-180.65456,0.4794401242903879,0.04251487140556204,184,5.013877868652344,-164.8724736
630,-153.42373999999992,0.5387378164770482,0.04230229704853423,586,15.990848064422607,-164.21255399999998
631,-181.51190000000003,0.4790322645295896,0.04209078556329156,223,6.127702951431274,-164.085044
632,-153.52489999999997,0.44685739758340665,0.0418803316354751,778,21.26459813117981,-163.4230044
633,-183.01212,0.40555848164820796,0.041670929977297724,669,18.26487398147583,-163.3507092
634,-167.13744000000005,0.4370266268189791,0.04146257532741124,489,13.475218057632446,-163.4973808
635,-143.16027999999972,0.38010267514256707,0.04125526245077418,996,27.315680027008057,-162.66295
636,-190.17736,0.4227086049819438,0.04104898613852031,281,7.687688112258911,-162.7339596
637,-187.8874,0.3585499965796067,0.04084374120782771,124,3.3761820793151855,-162.75916999999998
638,-184.88182000000003,0.3287169633627827,0.04063952250178857,134,3.68302321434021,-162.66249839999998
639,-184.54806,0.4162812709048924,0.04043632488927963,363,10.062052249908447,-163.3830612
640,-176.06310000000002,0.47275864558026853,0.04023414326483323,362,9.908310890197754,-163.1465752
641,-171.6773,0.5657816043359712,0.040032972548509065,355,9.749169111251831,-162.8475836
642,-186.62688000000003,0.5556339278025965,0.03983280768576652,113,3.145552158355713,-163.4593772
643,-186.62688000000003,0.3523183978632488,0.03963364364733769,113,3.066298007965088,-163.4593772
644,-144.33673999999976,0.5428323042645445,0.039435475429100995,911,24.862440824508667,-162.66334719999998
645,-173.98816000000005,0.513603992171038,0.03923829805195549,313,8.52047610282898,-162.6632964
646,-160.49615999999995,0.6212050664429621,0.03904210656169572,473,12.925349235534668,-162.5898084
647,-186.62688000000003,0.37314042033611144,0.03884689602888724,113,3.059406042098999,-162.5898084
648,-173.44598000000002,0.5645258489518343,0.0386526615487428,382,10.427958011627197,-162.30098
649,-186.62688000000003,0.7077362042052292,0.03845939824099909,113,3.1416308879852295,-162.67050239999998
650,-174.43254000000005,0.6389437855820462,0.03826710124979409,471,12.929760932922363,-162.73203519999998
651,-184.88182000000003,0.679084448477448,0.038075765743545126,134,3.667124032974243,-162.8281056
652,-149.00853999999987,0.5751114368993002,0.0378853869148274,867,23.663985013961792,-166.45028759999997
653,-174.81696000000002,0.6255806483003119,0.03769595998025326,441,12.124374151229858,-166.6057148
654,-180.57394,0.5669571950303897,0.03750748018035199,755,20.866371154785156,-166.74352039999997
655,-187.8874,0.6515802795277729,0.037319942779450235,124,3.398189067840576,-166.7687308
656,-190.33440000000002,0.46138301530542475,0.037133343065552986,144,3.9374401569366455,-166.84288119999997
657,-189.08934000000002,0.6727037897816938,0.03694767635022522,131,3.555744171142578,-166.89213039999999
658,-155.42067999999998,0.5935327972031452,0.036762937968474095,924,25.391329050064087,-166.29275599999997
659,-146.70329999999993,0.6422578852439789,0.03657912327863173,871,23.955596208572388,-165.7565768
660,-186.62688000000003,0.5141756081607489,0.036396227662238566,113,3.1183922290802,-165.8315484
661,-182.2696,0.5676535122613445,0.03621424652392737,209,5.687449216842651,-165.7444028
662,-181.12950000000004,0.5742051985133164,0.036033175291307735,203,5.660723924636841,-165.94031919999998
663,-186.62688000000003,0.5697791853309733,0.03585300941485119,113,3.057068109512329,-166.2063132
664,-174.81472,0.7413452116892462,0.035673744367776934,497,13.740502119064331,-169.84542839999997
665,-187.8874,0.6022711706708276,0.03549537564593805,124,3.341609239578247,-170.4706192
666,-172.74520000000004,0.6098100313489463,0.035317898767708356,401,11.023936033248901,-170.1929856
667,-186.93814000000003,0.442264677714983,0.03514130927386981,131,3.6150660514831543,-170.45946479999998
668,-186.62688000000003,0.9202886929290485,0.03496560272750046,113,3.132377862930298,-174.34004399999998
669,-184.88182000000003,0.7454983312219604,0.03479077471386296,134,3.6995298862457275,-174.64328239999998
670,-152.89775999999995,0.5865682629328959,0.03461682084029365,808,22.06090807914734,-174.17509959999998
671,-186.62688000000003,0.5239310079147067,0.034443736736092176,113,3.1041510105133057,-174.9587532
672,-181.65186,0.546438643604001,0.034271518052411715,231,6.327108144760132,-174.97869919999997
673,-189.01992,0.6241663391722573,0.034100160462149656,225,6.176517009735107,-175.6019216
674,-151.49095999999986,0.5737131913185811,0.03392965965983891,689,18.868494987487793,-175.1864228
675,-159.54248,0.604483145498235,0.033760011361539714,481,13.169935941696167,-175.4721972
676,-150.91327999999982,0.6727519253002746,0.03359121130473201,665,18.129516124725342,-174.84503239999998
677,-170.16778000000002,0.6401837774534833,0.033423255248208356,530,14.425998210906982,-175.0083388
678,-186.62688000000003,0.6126539323775642,0.03325613897196732,113,3.185695171356201,-174.9813656
679,-163.30853999999997,0.6310180934860685,0.03308985827710748,894,24.56966805458069,-174.63444519999996
680,-172.44022000000004,0.620080764491863,0.032924408985721944,431,11.773826837539673,-175.01477479999997
681,-186.62688000000003,0.7236960560446029,0.03275978694079333,113,3.1152682304382324,-175.11707439999998
682,-168.01018,0.5974897526057649,0.032595988006089364,431,11.997889995574951,-175.40678
683,41.515840000000225,0.5904841942247003,0.032433008066058915,1160,31.93266725540161,-170.91622079999996
684,-186.62688000000003,0.4408275382263602,0.03227084302572862,113,3.08306884765625,-171.3060096
685,-175.29168,0.4774501418055621,0.032109488810599975,609,16.811080932617188,-171.9486376
686,-183.04112000000003,0.5473579359725362,0.031948941366546975,913,25.194511890411377,-171.80591280000002
687,-178.73912,0.49283375452671735,0.03178919665971424,385,10.713500022888184,-171.62294719999997
688,-185.18944000000002,0.608951894097544,0.03163025067641567,145,4.0244762897491455,-171.62909960000002
689,-169.93788000000004,0.5127190222753392,0.03147209942303359,372,10.056693077087402,-171.33689599999997
690,-175.76000000000002,0.5752554864807663,0.03131473892591842,297,8.007662057876587,-171.33083399999998
691,-174.14604000000003,0.5292013239826486,0.031158165231288826,372,10.009904146194458,-171.3802088
692,-176.88134000000002,0.5105273230716694,0.03100237440513238,690,18.704627990722656,-171.185298
693,-186.62688000000003,0.504140014092611,0.030847362533106718,113,3.0414650440216064,-171.185298
694,-176.86164000000005,0.4871556166467578,0.030693125720441184,669,18.125464916229248,-171.83579600000002
695,-160.82709999999994,0.4436699137340849,0.030539660091838977,867,23.465131998062134,-171.5725748
696,-186.62688000000003,0.5241519004864766,0.03038696179137978,113,3.132491111755371,-172.0951892
697,-184.88182000000003,0.42343423182645173,0.030235026982422884,134,3.6140589714050293,-172.060288
698,-187.4315,0.44391092024743556,0.030083851847510768,250,6.742870092391968,-172.3399984
699,-171.23870000000002,0.5335028579609975,0.029933432588273214,283,7.641443967819214,-172.0322348
700,-187.8874,0.4393315649170789,0.029783765425331846,124,3.3387739658355713,-172.301332
701,-177.57158,0.4129254796093632,0.029634846598205186,382,10.320248126983643,-172.15512719999998
702,32.50184000000001,0.42507038120486496,0.02948667236521416,864,23.33459997177124,-168.5249196
703,-179.35888000000006,0.388757629878819,0.029339239003388088,560,15.233278036117554,-168.615758
704,-156.88911999999985,0.4466779524874356,0.029192542808371146,1080,29.274560928344727,-168.1420616
705,-172.19644,0.5309076106276767,0.02904658009432929,332,9.000840902328491,-167.8282424
706,-171.36358000000004,0.45280714348183293,0.028901347193857643,431,11.736660957336426,-167.448826
707,-145.73703999999984,0.4690716705887915,0.028756840457888354,777,21.05216407775879,-166.58178
708,-189.74916000000002,0.442873068582831,0.02861305625559891,165,4.468161106109619,-167.2683496
709,16.75168000000002,0.4756222470014888,0.028469990974320916,1120,30.355061054229736,-163.99925
710,-186.24578,0.40415242492236386,0.02832764101944931,679,18.4542977809906,-163.991628
711,-150.92377999999985,0.40490606750889707,0.028186002814352063,1007,27.378180027008057,-163.3647116
712,-186.62688000000003,0.27823323833105046,0.0280450728002803,113,3.0555520057678223,-163.4746592
713,-178.8425,0.386078446498498,0.0279048474362789,391,10.591661930084229,-163.3189716
714,-176.45532000000003,0.40527523281036454,0.027765323199097504,573,15.56417202949524,-163.3517836
715,-175.52694000000002,0.3524666037034805,0.027626496583102015,471,12.712543964385986,-163.1045744
716,38.10360000000023,0.32115277423887384,0.027488364100186506,1576,42.59067988395691,-158.8875984
717,-179.17596000000003,0.16638363787615804,0.027350922279685573,213,5.719743967056274,-158.7323548
718,-185.70592000000002,0.3002151373808957,0.027214167668287145,265,7.185277223587036,-158.71393559999999
719,-186.62688000000003,0.2987342540718681,0.02707809682994571,113,3.174410104751587,-158.7488368
720,-169.52578000000003,0.3398788516458712,0.02694270634579598,551,15.474851846694946,-159.0813972
721,-194.90968,0.3783616941680821,0.026807992814067,497,13.767689943313599,-159.24705319999998
722,-164.05967999999996,0.3755163828992283,0.026673952849996664,441,12.174940824508667,-158.8952096
723,-186.62688000000003,0.3084361341542902,0.02654058308574668,113,3.148477077484131,-158.8473488
724,-157.6979399999999,0.4442297779532092,0.026407880170317945,751,24.497985124588013,-158.9714884
725,-167.57201999999998,0.374445267842211,0.026275840769466357,639,18.76396894454956,-159.1320792
726,-149.1569199999998,0.4043730033931236,0.026144461565619025,1164,32.7621750831604,-159.096952
727,25.008079999999975,0.37102986956735895,0.02601373925779093,1008,28.289522886276245,-155.1934348
728,-0.37000000000000455,0.4019835342460283,0.025883670561501974,512,14.710322856903076,-151.4682972
729,-186.62688000000003,0.3793466066925135,0.025754252208694463,113,3.1198291778564453,-151.934664
730,-164.02955999999998,0.32407625392313943,0.02562548094765099,397,11.152308940887451,-151.76645079999997
731,-182.60304,0.43973170363654696,0.025497353542912736,225,6.255896091461182,-151.685974
732,-188.28000000000003,0.3615351079109435,0.02536986677519817,144,4.029869079589844,-152.0913704
733,-171.33944000000002,0.3879272448975322,0.02524301744132218,289,8.159879207611084,-156.348476
734,-186.62688000000003,0.3952463310442667,0.025116802354115567,113,3.1793830394744873,-156.348476
735,-184.6836,0.4241274656597497,0.024991218342344988,657,18.34154486656189,-156.53631439999998
736,-165.36282000000003,0.39113965593886735,0.024866262250633264,643,18.123430967330933,-156.1827484
737,43.482080000000195,0.4050729190234696,0.024741930939380097,1512,42.680274963378906,-151.73832439999998
738,-186.62688000000003,0.3904764482965775,0.024618221284683196,113,3.118952989578247,-151.7670732
739,-166.98524000000003,0.37465890656138023,0.02449513017825978,629,17.191428184509277,-151.70802039999998
740,-160.3946,0.38297226764353026,0.02437265452736848,612,16.593843936920166,-151.4007124
741,-184.89642,0.40149198535277886,0.024250791254731636,135,3.7008917331695557,-151.61571999999998
742,-186.62688000000003,0.326417536211027,0.024129537298457977,113,3.1048829555511475,-151.81063079999998
743,-184.88182000000003,0.3689766688161154,0.024008889611965685,134,3.6271579265594482,-151.7757296
744,-171.22490000000005,0.4414870513227929,0.023888845163905856,283,7.715929985046387,-151.6629948
745,-186.62688000000003,0.4744923330381908,0.023769400938086327,113,3.1663718223571777,-152.17899039999998
746,10.20424000000001,0.39360601176530674,0.023650553933395897,976,26.630741119384766,-148.242368
747,-149.88279999999986,0.45937570198474076,0.023532301163728918,665,18.170246124267578,-147.54238759999998
748,10.841999999999974,0.4154907582718649,0.023414639657910272,648,17.776820182800293,-143.57691759999997
749,-186.62688000000003,0.3334787491033167,0.023297566459620722,113,3.102872133255005,-143.8846812
750,8.078800000000012,0.40386863215064855,0.023181078627322618,856,23.403753995895386,-139.96535719999997
751,-173.56730000000002,0.45043859317127016,0.023065173234186005,391,10.644982814788818,-139.88527159999998
752,-179.87420000000003,0.5488184520794193,0.022949847368015076,196,5.403366327285767,-144.13279239999997
753,-186.62688000000003,0.5742802395262813,0.022835098131175,113,3.0893619060516357,-144.27815239999998
754,-186.62688000000003,0.33839875059119895,0.022720922640519125,113,3.133009910583496,-144.8729076
755,-175.47030000000004,0.4127216099182069,0.02260731802731653,471,12.856972217559814,-144.9383848
756,-186.62688000000003,0.39523979639881746,0.022494281437179946,113,3.1273930072784424,-145.24365079999998
757,-170.33168000000003,0.4191112990320296,0.022381810029994047,289,7.925075054168701,-145.7355436
758,-186.62688000000003,0.5787623841810016,0.022269900979844076,113,3.0509769916534424,-145.67309799999998
759,-186.62688000000003,0.5674391447409856,0.022158551474944856,113,3.1234843730926514,-149.74066919999999
760,-181.71790000000001,0.46513836242798773,0.022047758717570132,331,9.013942003250122,-149.6501116
761,-186.62688000000003,0.45870856291293044,0.021937519923982282,113,3.1213181018829346,-150.3641736
762,-0.420639999999997,0.4947659269273572,0.021827832324362372,512,13.988730192184448,-146.64004880000002
763,-186.62688000000003,0.5720070485124545,0.02171869316274056,113,3.1332898139953613,-146.7957364
764,-144.40057999999985,0.4845338762998286,0.021610099696926857,758,20.87128710746765,-146.1546416
765,18.84712000000002,0.44531184431889415,0.021502049198442223,1024,27.87788224220276,-142.2671604
766,-174.69298000000003,0.5135503063916192,0.021394538952450012,431,11.836084842681885,-146.523092
767,-177.74258000000003,0.5533439056052233,0.02128756625768776,391,10.768569707870483,-146.4944244
768,-187.8874,0.4697147261486539,0.021181128426399323,124,3.3638148307800293,-146.538054
769,-187.8874,0.4879261980644397,0.021075222784267326,124,3.4324421882629395,-146.5632644
770,-184.88182000000003,0.48780618316785834,0.020969846670345987,134,3.6636009216308594,-146.8703852
771,-172.81548000000004,0.46683785343587925,0.020864997436994256,453,12.453052282333374,-146.4285012
772,-188.87934,0.38312142862585086,0.020760672449809284,174,4.8288798332214355,-146.9248944
773,45.287040000000204,0.5144738147524341,0.020656869087560238,1192,32.867066860198975,-142.28661599999998
774,-154.04415999999992,0.4574897586244333,0.020553584742122436,768,21.167567014694214,-142.2135404
775,-186.62688000000003,0.4204240706213544,0.020450816818411825,113,3.12152099609375,-142.5946376
776,-152.84487999999988,0.5008651915874877,0.020348562734319765,801,22.00337815284729,-142.66839679999998
777,-186.62688000000003,0.465812285208201,0.020246819920648168,113,3.118088960647583,-146.901096
778,-186.62688000000003,0.5313569729059803,0.020145585821044927,113,3.0848729610443115,-150.6262336
779,-172.55636,0.4573936384283851,0.020044857891939702,397,10.954876899719238,-150.34482319999998
780,-174.45422000000002,0.5598855242345547,0.019944633602480003,570,15.73308801651001,-150.5533164
781,-171.99344000000002,0.5069133445900231,0.019844910434467605,313,8.503039836883545,-150.3411244
782,-177.26882000000003,0.480222652244461,0.019745685882295267,223,6.168945074081421,-150.1209008
783,-184.46812,0.558289642002797,0.01964695745288379,164,4.56891393661499,-150.38347439999998
784,-186.62688000000003,0.5820878444288948,0.01954872266561937,113,3.126038074493408,-150.38347439999998
785,-189.65036000000003,0.4722306325427982,0.019450979052291272,253,7.055589199066162,-150.4828096
786,-185.07504,0.5811327096437,0.019353724157029815,144,3.9398069381713867,-150.87705400000002
787,-175.85650000000004,0.4803836355023769,0.019256955536244666,491,13.539933919906616,-155.2638256
788,-173.5612,0.6197217331738306,0.019160670758563442,392,10.768961191177368,-155.002512
789,-161.03087999999997,0.562431832975708,0.019064867404770626,600,16.373305082321167,-154.8834248
790,-173.10116000000002,0.5993635901800727,0.018969543067746772,372,10.157011032104492,-155.13755600000002
791,-176.27566000000002,0.713154121108326,0.018874695352408037,274,7.517532825469971,-154.9651408
792,-188.23968000000002,0.37000343070313746,0.018780321875645996,144,3.94146990776062,-154.99739680000002
793,-171.24974,0.7217211972250744,0.018686420266267767,283,7.788546085357666,-154.7247552
794,-171.62898000000004,0.6103538565718793,0.018592988164936427,303,8.362282037734985,-154.7328368
795,-186.62688000000003,0.5953355928866473,0.018500023224111744,113,3.1674749851226807,-154.7328368
796,-178.83112000000003,0.6387040800767242,0.018407523107991184,193,5.331061124801636,-158.513544
797,-186.62688000000003,0.7443828168696007,0.01831548549245123,113,3.0436899662017822,-159.24842560000002
798,-184.88182000000003,0.7811062652617693,0.018223908064988973,134,3.696894884109497,-163.162902
799,-153.44795999999988,0.6439550161179041,0.018132788524664028,877,24.14944839477539,-162.4993236
800,5.60384,0.5065024808695613,0.018042124582040707,608,16.596251964569092,-162.5488228
801,-186.62688000000003,0.5282730402474383,0.017951913959130504,113,3.0051982402801514,-162.8100144
802,-172.07806000000005,0.508825994215661,0.01786215438933485,274,7.210592031478882,-162.65409160000002
803,-186.62688000000003,0.6119345635736146,0.017772843617388175,113,2.9792237281799316,-162.65409160000002
804,-182.87222,0.6404282708625788,0.017683979399301233,667,17.563651084899902,-162.5789984
805,21.69544000000001,0.6563810986819216,0.017595559502304726,856,22.57655906677246,-158.63568360000002
806,-186.62688000000003,0.7618191258371931,0.0175075817047932,113,3.0105080604553223,-158.63568360000002
807,-175.87474000000003,0.5960094576204563,0.017420043796269234,491,12.962642192840576,-158.7465448
808,-180.65456,0.5308564889103012,0.017332943577287888,184,4.887831211090088,-158.6270984
809,-186.62688000000003,0.7863729672786672,0.01724627885940145,113,2.9830079078674316,-158.6270984
810,-186.62688000000003,0.6291461331621472,0.017160047465104442,113,2.9703280925750732,-158.725278
811,-190.64756000000003,0.6938663769049548,0.01707424722777892,253,6.722702980041504,-158.80569160000002
812,-186.83620000000002,0.6910448504701978,0.016988875991640028,124,3.274661064147949,-162.5340028
813,-187.61596,0.5053580419910026,0.016903931611681827,164,4.36470890045166,-162.5537844
814,-190.62176000000002,0.6506224059849046,0.01681941195362342,352,9.27760910987854,-163.47820800000002
815,-172.51384000000002,0.7204582157962937,0.016735314893855303,392,10.441547870635986,-167.30542720000003
816,-187.62099999999998,0.6706229710508501,0.016651638319386028,164,4.3267600536346436,-167.5639876
817,-161.93922,0.6567289751133821,0.0165683801277891,639,16.85049819946289,-167.2479204
818,-172.03124000000003,0.6720774646248739,0.016485538227150154,469,12.368513107299805,-166.93079720000003
819,-184.88182000000003,0.6736359547323255,0.0164031105360144,134,3.5575339794158936,-166.8706856
820,-4.360799999999992,0.700197264187061,0.01632109498333433,648,17.172127962112427,-163.26026520000002
821,-186.62688000000003,0.6996209603462336,0.016239489508417658,113,3.0526089668273926,-163.5364932
822,-160.28999999999994,0.7410736848300291,0.01615829206087557,649,17.17170786857605,-162.9647064
823,13.933440000000019,0.6559750655536644,0.01607750060057119,720,19.002938270568848,-163.5917784
824,-157.7788,0.5744988597789997,0.015997113097568336,641,16.968863248825073,-163.66647120000002
825,-186.62688000000003,0.41356982340195536,0.015917127532080494,113,3.006819725036621,-163.66647120000002
826,-186.62688000000003,0.5745545335410707,0.01583754189442009,113,3.0316717624664307,-164.3421112
827,-186.62688000000003,0.6115819164180913,0.01575835418494799,113,2.998868942260742,-164.3421112
828,-186.62688000000003,0.49082211901194756,0.01567956241402325,113,2.9864330291748047,-164.3421112
829,33.396560000000285,0.5410644168364368,0.015601164601953134,1416,37.33904266357422,-160.2230528
830,-172.68102000000002,0.5426523009401196,0.015523158778943369,303,8.032668113708496,-160.18758880000001
831,-180.0783,0.41697100816487237,0.015445542985048652,203,5.422712087631226,-160.349286
832,-186.62688000000003,0.5405343205758691,0.015368315270123408,113,3.078360080718994,-160.5364472
833,-182.2792,0.5572005489965874,0.01529147369377279,209,5.546359062194824,-160.49266880000002
834,-186.62688000000003,0.6453681092346664,0.015215016325303928,113,2.979356288909912,-160.49266880000002
835,-156.70600000000005,0.6465635825867839,0.015138941243677408,1161,30.604809999465942,-159.8337816
836,-185.526,0.43933163676410913,0.01506324653745902,161,4.272588014602661,-159.8428008
837,-187.8874,0.7990342911422974,0.014987930304771725,124,3.291452169418335,-160.0834188
838,-180.5232,0.530238038048976,0.014912990653247866,225,5.929249048233032,-160.2226588
839,-153.6297799999999,0.5355370918049913,0.014838425699981627,842,22.30832004547119,-160.0746368
840,-169.35763999999992,0.5401605057462134,0.01476423357148172,781,20.64682412147522,-159.9997664
841,34.342720000000156,0.4989568746624643,0.014690412403624311,1160,30.698542833328247,-155.7873988
842,-187.8874,0.47675644014511376,0.01461696034160619,124,3.3123419284820557,-155.7803532
843,-186.62688000000003,0.44122952831892576,0.014543875539898159,113,2.9873290061950684,-156.087896
844,-186.62688000000003,0.4636116904758774,0.014471156162198668,113,3.0114002227783203,-156.387854
845,-186.62688000000003,0.6536418432287411,0.014398800381387675,113,2.985987663269043,-156.387854
846,-186.62688000000003,0.6037156572483019,0.014326806379480736,113,3.002617120742798,-156.5437692
847,-186.62688000000003,0.34493725844947376,0.014255172347583332,113,3.0185420513153076,-156.5437692
848,-149.3246199999999,0.5023871629305166,0.014183896485845416,798,21.042244911193848,-155.8326252
849,-186.62688000000003,0.4986384864402028,0.014112977003416188,113,3.009260892868042,-156.4962036
850,-157.27347999999998,0.5627317959715888,0.014042412118399107,716,18.967131853103638,-159.75375
851,-152.66735999999992,0.5321491770825327,0.013972200057807112,688,18.18288516998291,-159.0745596
852,1.8361600000000013,0.48263343886288185,0.013902339057518077,688,18.179795742034912,-155.5962752
853,-176.52778000000004,0.5555586934644491,0.013832827362230486,235,6.247653961181641,-155.3942932
854,-186.62688000000003,0.4725044906567947,0.013763663225419333,113,2.992462158203125,-155.4693864
855,-147.4296199999999,0.5647366992945579,0.013694844909292236,791,20.964344024658203,-158.8518876
856,-161.28875999999997,0.49791657293887126,0.013626370684745774,757,20.026093006134033,-158.3451252
857,-180.08406000000002,0.3913012001608393,0.013558238831322046,203,5.391756772994995,-158.4293116
858,-151.39157999999995,0.4233330616958879,0.013490447637165436,491,13.024973154067993,-157.844052
859,-186.07808,0.5477405596221555,0.013422995398979608,289,7.738677024841309,-157.833076
860,-188.17606,0.48836584793443377,0.01335588042198471,235,6.230721950531006,-157.8640596
861,-186.62688000000003,0.5440026415693285,0.013289101019874787,113,3.004240036010742,-157.78364599999998
862,-159.86879999999996,0.5483275091313076,0.013222655514775413,745,19.713807106018066,-157.244298
863,-167.54068,0.4200569282481831,0.013156542237201536,461,12.145540237426758,-156.8427924
864,-184.51088000000001,0.4680967579241207,0.013090759526015528,352,9.332436084747314,-156.7205748
865,-182.27152,0.5114709325491241,0.01302530572838545,209,5.529968023300171,-156.91572839999998
866,-154.92315999999994,0.48365637099505876,0.012960179199743523,701,18.643178939819336,-156.2617716
867,-186.62688000000003,0.7088014556391709,0.012895378303744804,113,3.0194811820983887,-156.7555248
868,-178.92388,0.5909623979799603,0.01283090141222608,629,16.664067029953003,-156.89337759999998
869,-162.00894,0.5300039236593728,0.012766746905164949,495,13.089698076248169,-156.43591999999998
870,-144.1952399999998,0.4740181644147928,0.012702913170639124,996,26.399714946746826,-159.23260879999998
871,3.173520000000009,0.5045372435079816,0.012639398604785928,624,17.024554014205933,-155.43660079999998
872,-177.57392,0.4376142049521208,0.012576201611761997,625,17.081445693969727,-155.7822792
873,-186.62688000000003,0.46760333748122235,0.012513320603703188,113,3.1141769886016846,-159.7934856
874,-159.67636,0.4416013434322015,0.012450754000684672,629,17.16535711288452,-159.8314368
875,-170.84779999999998,0.4993187766777035,0.012388500230681249,877,24.16220712661743,-159.51585519999998
876,-187.81902000000002,0.5271563111194248,0.012326557729527843,174,4.7320029735565186,-159.539698
877,-186.62688000000003,0.4700829254265512,0.012264924940880204,113,3.0972726345062256,-159.539698
878,-184.89642,0.4515514341355474,0.012203600316175803,135,3.7094500064849854,-159.50508879999998
879,14.492639999999955,0.47801337291336193,0.012142582314594924,768,21.007142066955566,-159.8831672
880,-186.62688000000003,0.5654426714388934,0.01208186940302195,113,3.094949245452881,-160.1620844
881,-186.62688000000003,0.6037132331722341,0.01202146005600684,113,3.082014799118042,-160.293056
882,-186.62688000000003,0.5279540092214546,0.011961352755726806,113,3.1230971813201904,-160.293056
883,-171.33368000000002,0.5618413868763042,0.01190154599194817,289,7.898983001708984,-160.07414559999998
884,-184.13824000000002,0.5421501132434812,0.01184203826198843,145,4.007265090942383,-160.0243728
885,-157.99927999999997,0.5873417072242668,0.011782828070678488,457,12.5066659450531,-160.0502384
886,-184.88182000000003,0.6639870993876412,0.011723913930325095,134,3.649034023284912,-160.0373548
887,-189.22286,0.4785482464080795,0.01166529436067347,235,6.436115980148315,-160.064064
888,-181.73254000000003,0.43372584682932064,0.011606967888870102,283,7.756322622299194,-160.0882508
889,22.530560000000033,0.577421401909399,0.01154893304942575,776,21.15203595161438,-156.565044
890,-167.8622399999999,0.5067649155571566,0.011491188384178622,729,19.93965983390808,-156.535136
891,-186.62688000000003,0.5921027103224686,0.011433732442257729,113,3.0951690673828125,-160.95452799999998
892,-189.08934000000002,0.45173598153388683,0.01137656378004644,131,3.6253490447998047,-160.97856679999998
893,43.88064000000019,0.5010897209615602,0.011319680961146208,1440,39.372498989105225,-156.3684164
894,-186.62688000000003,0.4541850218928493,0.011263082556340478,113,3.0846941471099854,-156.3684164
895,-186.62688000000003,0.4500822171371068,0.011206767143558775,113,3.1148080825805664,-156.3684164
896,-186.62688000000003,0.3871453866708727,0.011150733307840981,113,3.080026865005493,-156.3684164
897,-190.02456,0.3952997228737934,0.011094979641301777,273,7.478012800216675,-156.43636999999998
898,-180.65456,0.40190921297661314,0.011039504743095268,184,5.039346933364868,-157.0629688
899,-186.62688000000003,0.5252836218383987,0.01098430721937979,113,3.1071131229400635,-157.0629688
900,-181.22032000000002,0.5165332945723211,0.010929385683282892,209,5.7685840129852295,-157.54190559999998
901,41.42968000000028,0.6216238568606484,0.010874738754866477,1232,32.66638803482056,-153.6599648
902,-175.89682000000005,0.6090607807104705,0.010820365061092144,491,12.967865228652954,-157.2146244
903,-186.62688000000003,0.3157199098670905,0.010766263235786683,113,3.0376360416412354,-157.41660639999998
904,-159.5154799999999,0.6146160104017355,0.01071243191960775,629,16.690178632736206,-156.87437839999998
905,-171.72616000000002,0.5364665638712444,0.010658869760009713,392,10.361787796020508,-157.3603092
906,-186.62688000000003,0.6624712202763927,0.010605575411209664,113,3.0178637504577637,-157.8670716
907,10.85472000000004,0.5411493373695218,0.010552547534153616,960,25.347787141799927,-154.048296
908,-176.6604,0.457029599917325,0.010499784796482848,489,12.999937057495117,-154.55367239999998
909,-186.62688000000003,0.46589305954037513,0.010447285872500434,113,2.993468999862671,-154.56464839999998
910,-184.88766,0.5199790358017305,0.01039504944313793,131,3.466886043548584,-154.4988804
911,-146.4769799999998,0.5067666809139454,0.010343074195922241,847,22.479209899902344,-153.6958824
912,-184.88766,0.5076955494378473,0.01029135882494263,131,3.465730905532837,-154.1962596
913,-186.62688000000003,0.4866195879382106,0.010239902030817916,113,2.979806900024414,-154.57798359999998
914,-186.62688000000003,0.4181681853776748,0.010188702520663827,113,3.0112619400024414,-154.6203036
915,-153.98515999999987,0.5022816681623984,0.010137759008060509,653,17.27110195159912,-154.05457639999997
916,-181.31307999999999,0.3860315195307499,0.010087070213020206,164,4.394505023956299,-154.58237479999997
917,34.43376000000023,0.5259883272383377,0.010036634861955105,1024,27.180757999420166,-150.161162
918,-186.62688000000003,0.6034026048517069,0.00998645168764533,113,3.014958143234253,-150.31522199999998
919,-186.62688000000003,0.5525445566900009,0.00998645168764533,113,2.9895360469818115,-150.80758079999998
920,-186.62688000000003,0.3492669744285203,0.00998645168764533,113,3.0078468322753906,-151.6562136
921,-180.50832000000003,0.49963935972087914,0.00998645168764533,225,5.963283061981201,-155.3298504
922,-187.8874,0.5714727475668394,0.00998645168764533,124,3.300879955291748,-155.53611999999998
923,-0.5070400000000044,0.6448348884478037,0.00998645168764533,512,13.594542026519775,-151.8137232
924,35.534640000000174,0.5540980625264638,0.00998645168764533,1024,27.20783495903015,-147.9095032
925,-174.8982,0.40462260604911765,0.00998645168764533,492,13.024811029434204,-147.9905112
926,-186.62688000000003,0.3958606534200696,0.00998645168764533,113,3.0113179683685303,-147.96666839999997
927,-181.74196,0.4079962593211557,0.00998645168764533,332,8.81498122215271,-147.86897
928,-167.64468000000002,0.5090701829405352,0.00998645168764533,661,17.55319094657898,-147.52393519999998
929,-186.62688000000003,0.5218172786691415,0.00998645168764533,113,2.9867746829986572,-151.5463256
930,-183.12878,0.5266215547520683,0.00998645168764533,243,6.442466974258423,-151.47636359999998
931,-181.45484000000002,0.5638080660492677,0.00998645168764533,421,11.141013860702515,-151.37292279999997
932,-186.822,0.6037508904478616,0.00998645168764533,225,5.953699111938477,-151.37682519999998
933,35.80504000000009,0.4846449230649424,0.00998645168764533,1760,46.62954783439636,-147.23405079999998
934,-186.62688000000003,0.4861001785498409,0.00998645168764533,113,2.9783501625061035,-147.28382359999998
935,-186.62688000000003,0.5544969828601564,0.00998645168764533,113,2.987557888031006,-147.85637559999998
936,9.531200000000002,0.47220822532320966,0.00998645168764533,1040,27.458407163619995,-143.96811519999997
937,-141.50213999999977,0.4667824994229486,0.00998645168764533,919,24.287827968597412,-143.01370079999998
938,-154.1687599999999,0.35862392413141964,0.00998645168764533,773,20.431017875671387,-142.46242519999998
939,-177.16924,0.46190081475021905,0.00998645168764533,365,9.637893199920654,-146.4564212
940,-186.62688000000003,0.5020477500686471,0.00998645168764533,113,2.9943459033966064,-146.83171399999998
941,-172.90602,0.40890673315085907,0.00998645168764533,699,18.59030032157898,-146.5572968
942,-176.34992,0.36878958283471536,0.00998645168764533,649,17.199136972427368,-146.3025084
943,-174.17476000000002,0.3257219227733482,0.00998645168764533,509,13.463850021362305,-150.6636164
944,-180.65456,0.37127761923424574,0.00998645168764533,184,4.858794927597046,-150.54416999999998
945,-186.62688000000003,0.3640831499072039,0.00998645168764533,113,3.0177059173583984,-150.54416999999998
946,-144.82421999999985,0.44016645235821533,0.00998645168764533,1015,26.876954078674316,-149.70811679999997
947,-150.61993999999987,0.4485533023991447,0.00998645168764533,946,25.031849145889282,-148.9200244
948,-1.182080000000016,0.40323005355928804,0.00998645168764533,544,14.399779796600342,-145.33057479999997
949,-186.62688000000003,0.37501364430429135,0.00998645168764533,113,3.015273094177246,-145.33057479999997
950,-184.88182000000003,0.44893012815780603,0.00998645168764533,134,3.5469131469726562,-145.4038048
951,-186.62688000000003,0.5030824151879127,0.00998645168764533,113,2.990769147872925,-149.96493599999997
952,-186.62688000000003,0.4009602041585387,0.00998645168764533,113,3.0567989349365234,-150.17953719999997
953,-177.07284000000004,0.433738916128559,0.00998645168764533,213,5.64274787902832,-149.9884564
954,-182.87604,0.3182931634789658,0.00998645168764533,189,5.01558518409729,-150.45566759999997
955,-186.57363999999998,0.4461822000604759,0.00998645168764533,164,4.347570896148682,-150.75261719999997
956,-186.62688000000003,0.42216805713168815,0.00998645168764533,113,3.034558057785034,-150.75261719999997
957,-180.48712,0.5067553332879801,0.00998645168764533,176,4.705816030502319,-154.579454
958,-173.66972,0.6427685551307813,0.00998645168764533,397,10.470486879348755,-154.5196404
959,-186.62688000000003,0.4881396286387359,0.00998645168764533,113,2.993320941925049,-154.5196404
960,-0.5082400000000113,0.423953347855786,0.00998645168764533,512,13.554043054580688,-150.83205199999998
961,-187.8874,0.6530209925596512,0.00998645168764533,124,3.308497190475464,-151.6602604
962,-186.62688000000003,0.6521302776625463,0.00998645168764533,113,2.999289035797119,-151.6950448
963,3.545600000000011,0.6006619605330726,0.00998645168764533,608,16.136577606201172,-147.89159519999998
964,-186.62688000000003,0.6785710678823227,0.00998645168764533,113,3.002048969268799,-147.89159519999998
965,-183.90268,0.46769417442538475,0.00998645168764533,332,8.817244052886963,-148.4899456
966,-186.62688000000003,0.6227006526350711,0.00998645168764533,113,2.994396209716797,-148.59622159999998
967,-186.62688000000003,0.7297807442172702,0.00998645168764533,113,2.9857821464538574,-153.0174344
968,-165.97688000000002,0.8036978286594181,0.00998645168764533,529,14.016189336776733,-152.6044344
969,-175.62892,0.6894653998589253,0.00998645168764533,476,12.663872957229614,-152.3844752
970,-186.62688000000003,0.4706204713742554,0.00998645168764533,113,3.1143949031829834,-152.3844752
971,-167.53943999999996,0.6548775815435995,0.00998645168764533,600,15.816478967666626,-152.1250976
972,-186.62688000000003,0.7347115833081502,0.00998645168764533,113,3.0008177757263184,-152.09988719999998
973,-162.456,0.6509043724680716,0.00998645168764533,976,25.76403284072876,-155.3388664
974,-165.54568000000003,0.6940358209091105,0.00998645168764533,560,14.83526611328125,-159.3604728
975,-182.2792,0.6652494652294799,0.00998645168764533,209,5.524964094161987,-159.5080928
976,13.344959999999965,0.5373281152796976,0.00998645168764533,840,22.14411687850952,-155.508656
977,-181.21456,0.568825863502278,0.00998645168764533,209,5.573354959487915,-155.498108
978,-172.90534000000002,0.5132311499363728,0.00998645168764533,362,9.543006181716919,-155.60332119999998
979,-186.62688000000003,0.7301112959507556,0.00998645168764533,113,2.9890878200531006,-155.60332119999998
980,-186.62688000000003,0.557673065898429,0.00998645168764533,113,3.0008580684661865,-155.67328320000001
981,-179.75554,0.7114384241489918,0.00998645168764533,191,5.05698823928833,-155.6392972
982,40.6491200000002,0.6684236604087154,0.00998645168764533,1512,40.00492000579834,-151.0898748
983,-169.23576000000006,0.5855906050811822,0.00998645168764533,537,14.213489770889282,-155.1906908
984,-186.62688000000003,0.5739856261380873,0.00998645168764533,113,3.010589361190796,-155.1906908
985,-176.83136000000002,0.520760272473768,0.00998645168764533,544,14.415913105010986,-154.9947804
986,-171.62898000000004,0.5764322086166677,0.00998645168764533,303,8.016072988510132,-158.617984
987,-186.62688000000003,0.4626850482257726,0.00998645168764533,113,3.0079658031463623,-159.5204788
988,41.01368000000017,0.5477021208753784,0.00998645168764533,1752,46.363550901412964,-155.61683000000002
989,-172.84498000000002,0.3629875822247718,0.00998645168764533,263,6.993124008178711,-155.5303448
990,-175.42730000000003,0.416058480236283,0.00998645168764533,235,6.21054220199585,-155.30635320000002
991,-144.4594399999999,0.4913881035327985,0.00998645168764533,808,21.360613346099854,-154.7374216
992,-167.77356000000003,0.29702252596221085,0.00998645168764533,612,16.241219997406006,-154.5658944
993,-186.62688000000003,0.5859673036245909,0.00998645168764533,113,2.9971141815185547,-154.8149368
994,37.817920000000285,0.41576953113044257,0.00998645168764533,1712,45.20808219909668,-150.4454872
995,-191.75562,0.33546491534980905,0.00998645168764533,303,8.067526817321777,-150.548062
996,-171.23996000000002,0.3271775062902477,0.00998645168764533,580,15.472508192062378,-151.0763768
997,-170.55652000000003,0.3861751846500678,0.00998645168764533,501,13.295939207077026,-151.4751084
998,-143.87861999999978,0.2921638276002007,0.00998645168764533,927,24.52178978919983,-154.32903919999998
999,-159.77877999999998,0.32173393652876575,0.00998645168764533,638,16.957319736480713,-153.7920772
1000,19.553119999999986,0.30168323344449793,0.00998645168764533,920,24.407758235931396,-149.7033784
1001,-184.88182000000003,0.3084851143561971,0.00998645168764533,134,3.599547863006592,-149.66847719999998
1002,35.85048000000025,0.28407979724689314,0.00998645168764533,1696,44.98812675476074,-145.21892999999997
1003,-183.57434,0.2637955982041219,0.00998645168764533,511,13.53699517250061,-145.34895999999998
1004,-169.60616000000005,0.3013328093303634,0.00998645168764533,560,14.831857204437256,-145.0835624
1005,-186.62688000000003,0.20572517856757724,0.00998645168764533,113,3.006998062133789,-145.0846272
1006,-167.09188000000006,0.2711952589467073,0.00998645168764533,629,16.727257013320923,-144.6939272
1007,-164.93314000000004,0.19632115540060896,0.00998645168764533,386,10.248976945877075,-144.3828476
1008,-149.4062399999999,0.2530789544378251,0.00998645168764533,649,17.186345100402832,-143.89757799999998
1009,-184.89642,0.2668446729235627,0.00998645168764533,135,3.5930333137512207,-143.8629688
1010,-187.621,0.282670205867872,0.00998645168764533,164,4.340303897857666,-147.605224
1011,-187.8687,0.43038617428820364,0.00998645168764533,174,4.610792875289917,-147.60485
1012,-185.22872,0.28471228736188176,0.00998645168764533,352,9.336594104766846,-147.57688679999998
1013,-168.73137999999997,0.36917428109011236,0.00998645168764533,599,16.02165198326111,-151.02242639999997
1014,-186.62688000000003,0.3042443441886422,0.00998645168764533,113,3.0094799995422363,-151.02242639999997
1015,-184.88182000000003,0.39272217193979825,0.00998645168764533,134,3.554598093032837,-151.0420092
1016,-182.99728000000002,0.45794779473057795,0.00998645168764533,241,6.43914008140564,-150.96941719999998
1017,30.90064000000016,0.4912685652888622,0.00998645168764533,1016,26.985203981399536,-146.61886679999998
1018,-185.28756,0.3303758872238298,0.00998645168764533,300,8.010934114456177,-147.0050804
1019,-159.49911999999995,0.4241603910865337,0.00998645168764533,969,25.69647192955017,-146.6824844
1020,-171.62130000000002,0.37320941013188746,0.00998645168764533,303,8.023257732391357,-146.38237279999998
1021,-176.72662000000003,0.41028053188380204,0.00998645168764533,530,14.0154550075531,-146.5661164
1022,-186.62688000000003,0.5141158243888511,0.00998645168764533,113,3.001444101333618,-146.5661164
1023,-185.07504,0.4928956947211797,0.00998645168764533,144,3.8488221168518066,-147.01849719999998
1024,-171.29938000000004,0.5553253064749808,0.00998645168764533,287,7.596898078918457,-147.13357119999998
1025,-186.62688000000003,0.5893884541021776,0.00998645168764533,113,3.0596680641174316,-147.2205248
1026,-186.62688000000003,0.6039391441386094,0.00998645168764533,113,2.9971489906311035,-151.21996159999998
1027,-184.88182000000003,0.5024489675745812,0.00998645168764533,134,3.5898098945617676,-151.29330679999998
1028,-187.0208,0.6321436632829516,0.00998645168764533,184,4.902410984039307,-151.575616
1029,-181.41952000000003,0.5688840649140933,0.00998645168764533,649,17.16103196144104,-151.4714688
1030,-162.5889199999999,0.5314452702040867,0.00998645168764533,1652,43.772057056427,-150.9907096
1031,-187.8874,0.660267548410282,0.00998645168764533,124,3.3054800033569336,-151.15334679999998
1032,-186.62688000000003,0.6598580497259323,0.00998645168764533,113,2.991025924682617,-155.6988668
1033,-186.62688000000003,0.6405995189978749,0.00998645168764533,113,3.017972946166992,-156.04668919999997
1034,-186.62688000000003,0.5754840164568967,0.00998645168764533,113,2.997070789337158,-156.04668919999997
1035,-171.41816000000006,0.5852057665247808,0.00998645168764533,385,10.21307635307312,-155.93842519999998
1036,-186.62688000000003,0.6627014986016845,0.00998645168764533,113,3.000056028366089,-156.2383832
1037,-186.62688000000003,0.449369286112817,0.00998645168764533,113,3.0195817947387695,-156.2383832
1038,41.84328000000004,0.6064548768526451,0.00998645168764533,1320,35.0358350276947,-156.22179119999998
1039,-0.4038400000000113,0.5594661137602088,0.00998645168764533,512,13.61267614364624,-152.7729684
1040,-172.05952000000002,0.5215224027816605,0.00998645168764533,560,14.848412036895752,-152.7056128
1041,-184.89642,0.5537379710210695,0.00998645168764533,135,3.5913138389587402,-153.51435239999998
1042,-177.69048000000004,0.4939988204572971,0.00998645168764533,600,15.91971492767334,-153.7126908
1043,-186.62688000000003,0.5921936924610518,0.00998645168764533,113,3.0015430450439453,-153.7126908
1044,-186.62688000000003,0.4436395601987575,0.00998645168764533,113,2.993820905685425,-158.2015868
1045,-165.15598000000003,0.5710093537506564,0.00998645168764533,347,9.224170207977295,-157.669594
1046,-165.88046000000003,0.6211360561373737,0.00998645168764533,382,10.160661935806274,-157.56240400000002
1047,30.90552000000009,0.4784190929494798,0.00998645168764533,880,23.259963274002075,-153.5331632
1048,-186.62688000000003,0.47984808558120134,0.00998645168764533,113,3.0564801692962646,-154.3881284
1049,-183.02540000000002,0.40354208479996545,0.00998645168764533,196,5.2926506996154785,-154.8530608
1050,-186.62688000000003,0.5279808990921067,0.00998645168764533,113,2.983057975769043,-158.97666080000002
1051,11.027520000000028,0.53170989573571,0.00998645168764533,720,19.12426495552063,-155.05847400000002
1052,-171.24974,0.47928362697455046,0.00998645168764533,283,7.704176902770996,-159.2004784
1053,-177.63968,0.3972782636982952,0.00998645168764533,481,12.964350938796997,-159.0817852
1054,-178.92670000000004,0.36667381192289167,0.00998645168764533,590,15.859238862991333,-159.26819600000002
1055,-186.62688000000003,0.6882681146725617,0.00998645168764533,113,3.0476911067962646,-159.26819600000002
1056,-186.62688000000003,0.46807183299741123,0.00998645168764533,113,3.0308761596679688,-159.658896
1057,-186.62688000000003,0.5629360841142129,0.00998645168764533,113,3.030031681060791,-160.0927708
1058,-187.8874,0.6186065846723655,0.00998645168764533,124,3.3154900074005127,-160.862394
1059,-175.83058000000003,0.5378907685473471,0.00998645168764533,491,13.014283180236816,-160.6810772
1060,-158.93889999999996,0.6720017604403576,0.00998645168764533,590,15.849661827087402,-160.1074352
1061,-177.33204,0.5505925647498819,0.00998645168764533,372,10.052857160568237,-159.896702
1062,-142.07863999999972,0.473775960469573,0.00998645168764533,1025,27.873812913894653,-159.0337004
1063,-191.23958000000002,0.5302812284442903,0.00998645168764533,322,8.850499153137207,-159.48386440000002
1064,-186.62688000000003,0.4150354422018987,0.00998645168764533,113,3.065294027328491,-159.48386440000002
1065,-186.62688000000003,0.26097388902629637,0.00998645168764533,113,3.132199287414551,-159.5187656
1066,-172.64972,0.5342756897476115,0.00998645168764533,253,7.007818937301636,-159.3118144
1067,-180.65456,0.5984658780001589,0.00998645168764533,184,5.028095245361328,-163.5429184
1068,-175.60569999999998,0.5596123528740375,0.00998645168764533,443,12.082585096359253,-163.3492812
1069,3.307519999999948,0.5995315538464638,0.00998645168764533,1280,34.97671723365784,-160.09314840000002
1070,-186.62688000000003,0.5915410523591316,0.00998645168764533,113,3.0815658569335938,-160.39326
1071,-172.52306000000002,0.5371473116366683,0.00998645168764533,391,10.604773998260498,-160.30918880000002
1072,-159.39672,0.4646981629306025,0.00998645168764533,617,16.808974266052246,-159.7645856
1073,-146.20277999999976,0.44767550602590617,0.00998645168764533,1054,28.60048198699951,-158.98714040000002
1074,-172.34936000000002,0.46118983104166705,0.00998645168764533,481,13.076953887939453,-159.00814
1075,-175.48278000000005,0.5183837734431724,0.00998645168764533,471,12.94890809059143,-158.785258
1076,-172.71416000000002,0.5577668449418112,0.00998645168764533,352,9.683649063110352,-158.50700360000002
1077,-147.73697999999982,0.5416747487175304,0.00998645168764533,1147,31.382521152496338,-157.76410679999998
1078,355.03040000000016,0.41310292001345844,0.00998645168764533,1521,41.60749888420105,-146.9230828
1079,-185.5302,0.4439107335991029,0.00998645168764533,165,4.577197790145874,-147.0052964
1080,-149.1213399999998,0.4416214560587572,0.00998645168764533,699,19.061609983444214,-146.7359448
1081,-184.88182000000003,0.40651518561696603,0.00998645168764533,134,3.6668310165405273,-146.6758332
1082,-166.69442000000004,0.45779671826048324,0.00998645168764533,559,15.346650123596191,-146.277184
1083,28.773840000000153,0.36572973401416675,0.00998645168764533,1024,27.875746250152588,-141.9691696
1084,-186.62688000000003,0.24943702641577847,0.00998645168764533,113,3.1141550540924072,-141.9691696
1085,-176.35994000000005,0.449259108103768,0.00998645168764533,511,13.973979949951172,-142.0680052
1086,7.25871999999998,0.369271463498594,0.00998645168764533,1048,28.73864507675171,-138.19029319999999
1087,-186.62688000000003,0.37538106976884655,0.00998645168764533,113,3.1322357654571533,-138.19029319999999
1088,-175.76192000000003,0.3784703366734363,0.00998645168764533,297,8.154624938964844,-142.54239719999998
1089,-186.62688000000003,0.37005927365899616,0.00998645168764533,113,3.1105589866638184,-146.26685799999998
1090,20.126080000000083,0.4305822149867059,0.00998645168764533,784,21.385378122329712,-142.423146
1091,-173.28274000000002,0.35072771426757016,0.00998645168764533,431,11.792875051498413,-142.1908724
1092,-187.51170000000002,0.4077712577601202,0.00998645168764533,207,5.677861928939819,-142.38729679999997
1093,-158.31783999999993,0.4439130592965206,0.00998645168764533,665,18.127399921417236,-141.821116
1094,-171.38006000000004,0.30285237222062256,0.00998645168764533,334,9.022202014923096,-141.5161796
1095,44.31568000000013,0.39672442322187845,0.00998645168764533,1448,39.68858313560486,-137.3267464
1096,43.516080000000194,0.31381353062093503,0.00998645168764533,1216,33.12799096107483,-133.1388156
1097,-171.33944000000002,0.3982590485306192,0.00998645168764533,289,7.850433826446533,-137.1837148
1098,-186.62688000000003,0.37995017710578655,0.00998645168764533,113,3.174942970275879,-137.1837148
1099,-186.83620000000002,0.2655428522191341,0.00998645168764533,124,3.441258668899536,-137.25993079999998
1100,-186.62688000000003,0.41298727666448176,0.00998645168764533,113,3.1671388149261475,-137.25993079999998
1101,-157.04868,0.2908940588528468,0.00998645168764533,661,18.15149712562561,-140.62145479999998
1102,-173.66222000000005,0.2421453968826227,0.00998645168764533,451,12.564879894256592,-140.6697044
1103,-171.23870000000002,0.3318298245046301,0.00998645168764533,283,7.692171812057495,-140.54168479999998
1104,11.848880000000005,0.4182438314182021,0.00998645168764533,944,25.951047897338867,-136.72617319999998
1105,-176.89002000000002,0.35924650256893914,0.00998645168764533,303,8.395063161849976,-136.53143599999999
1106,-175.65590000000003,0.3229076727619203,0.00998645168764533,243,6.741426944732666,-136.31201639999998
1107,-173.90680000000003,0.39442584788580043,0.00998645168764533,401,11.051803827285767,-136.05761479999998
1108,-181.47834000000003,0.41013883226481906,0.00998645168764533,471,12.90670919418335,-135.92943359999998
1109,-190.02312,0.394345490142512,0.00998645168764533,273,7.535143852233887,-136.21328439999996
1110,-188.06744000000003,0.21261155780951452,0.00998645168764533,184,5.0477941036224365,-136.79585519999998
1111,-186.62688000000003,0.6244640606167042,0.00998645168764533,113,3.082413911819458,-136.98175199999997
1112,-186.62688000000003,0.27689100470624667,0.00998645168764533,113,3.1400368213653564,-137.8727168
1113,-152.80493999999993,0.40974070402708923,0.00998645168764533,946,25.772931814193726,-137.10402399999998
1114,-181.15014000000002,0.4584478908608406,0.00998645168764533,203,5.604840993881226,-136.99448919999998
1115,-186.62688000000003,0.5591458034891207,0.00998645168764533,113,3.1047141551971436,-136.99448919999998
1116,-186.62688000000003,0.42779475656560567,0.00998645168764533,113,3.0817418098449707,-137.2740324
1117,-182.20304000000002,0.5994248639037406,0.00998645168764533,153,4.253399848937988,-137.30500199999997
1118,-152.55353999999988,0.513710573458697,0.00998645168764533,703,19.33564782142639,-136.8439588
1119,-143.55733999999978,0.48457941679186295,0.00998645168764533,1106,30.32781219482422,-139.78125599999998
1120,-179.74678000000003,0.4124785583207314,0.00998645168764533,187,5.107140064239502,-139.643654
1121,-187.82478000000003,0.49570968217248546,0.00998645168764533,174,4.737585783004761,-139.94968839999999
1122,-170.04956,0.4911254883732602,0.00998645168764533,332,9.243512153625488,-140.1627452
1123,-186.62688000000003,0.5500954364352257,0.00998645168764533,113,3.1320040225982666,-140.9712272
1124,-165.59314000000003,0.5968141997403084,0.00998645168764533,471,12.928481101989746,-140.8361028
1125,-186.62688000000003,0.39891467103322525,0.00998645168764533,113,3.086472988128662,-141.0589848
1126,-186.62688000000003,0.5952879232148417,0.00998645168764533,113,3.120901107788086,-141.3372392
1127,-158.54251999999994,0.5491068840873782,0.00998645168764533,629,17.167897939682007,-141.55335
1128,-172.28126000000003,0.5179147629837715,0.00998645168764533,382,10.519237995147705,-152.09958319999998
1129,-171.33944000000002,0.5555041106321098,0.00998645168764533,289,7.879000663757324,-151.815768
1130,-184.88182000000003,0.7036113998532962,0.00998645168764533,134,3.711143970489502,-152.5309776
1131,-178.8329,0.6030618684876072,0.00998645168764533,391,10.677361249923706,-152.40999920000002
1132,-171.85252000000003,0.6810200485035195,0.00998645168764533,461,12.565757036209106,-152.51316119999998
1133,-186.62688000000003,0.8220729296614903,0.00998645168764533,113,3.0841541290283203,-156.8211756
1134,-171.63800000000003,0.5998333615187387,0.00998645168764533,352,9.616481065750122,-156.521398
1135,-151.76867999999988,0.6255751045785939,0.00998645168764533,709,19.383346796035767,-156.0295728
1136,-186.62688000000003,0.7133219054842417,0.00998645168764533,113,3.13303804397583,-159.90728479999999
1137,16.406399999999987,0.6568177237067425,0.00998645168764533,1104,30.258957624435425,-155.8466192
1138,-177.02066000000002,0.5403896192552735,0.00998645168764533,847,23.165857076644897,-155.871794
1139,-184.89642,0.5456056955649897,0.00998645168764533,135,3.7192041873931885,-155.8371848
1140,-164.37624000000005,0.5638211358748718,0.00998645168764533,545,15.067721128463745,-159.52723120000002
1141,-178.83256000000003,0.606691790493736,0.00998645168764533,193,5.25438380241394,-159.63822760000002
1142,-190.70324000000002,0.6016664702828105,0.00998645168764533,253,6.87036395072937,-159.7020584
1143,-172.48276,0.5068860680246389,0.00998645168764533,332,9.112688064575195,-159.9853568
1144,45.95144000000006,0.5277866951302823,0.00998645168764533,1056,28.839752197265625,-155.6387268
1145,-186.62688000000003,0.6182828430679783,0.00998645168764533,113,3.124237060546875,-160.25757800000002
1146,-186.62688000000003,0.5449159883160507,0.00998645168764533,113,3.1009888648986816,-164.8604372
1147,-167.22526000000005,0.522055244360767,0.00998645168764533,690,18.90077495574951,-164.7781536
1148,-165.20506,0.5862877878028963,0.00998645168764533,590,16.051438808441162,-164.34971720000001
1149,-183.09344000000002,0.6374097533512982,0.00998645168764533,337,9.336169958114624,-164.27486199999998
1150,-176.07630000000003,0.4510844429181034,0.00998645168764533,414,11.445854187011719,-164.0638504
1151,-176.45278000000002,0.49999025536750025,0.00998645168764533,647,17.792272806167603,-164.4519324
1152,-173.24990000000003,0.5575266304884242,0.00998645168764533,382,10.398415088653564,-164.443686
1153,-172.19976000000003,0.508697632288218,0.00998645168764533,321,8.774234771728516,-164.46290720000002
1154,-186.62688000000003,0.4697794592980526,0.00998645168764533,113,3.0729899406433105,-168.4324224
1155,-186.62688000000003,0.251469302098308,0.00998645168764533,113,3.096619129180908,-168.62715960000003
1156,-171.75906,0.4596938462897201,0.00998645168764533,303,8.307750940322876,-168.54922280000002
1157,-177.92124,0.47529678131384706,0.00998645168764533,540,14.767706871032715,-168.6295116
1158,-182.32764,0.4220700597416767,0.00998645168764533,213,5.859825134277344,-168.6464976
1159,-187.621,0.5093782317381715,0.00998645168764533,164,4.515290260314941,-168.59845520000002
1160,-186.62688000000003,0.3401715106915979,0.00998645168764533,113,3.0865159034729004,-168.569644
1161,-186.62688000000003,0.5237700271593259,0.00998645168764533,113,3.088357925415039,-168.569644
1162,-186.62688000000003,0.5503964429408048,0.00998645168764533,113,3.0689427852630615,-168.569644
1163,-177.54446000000002,0.5569289867834466,0.00998645168764533,382,10.43913221359253,-169.06443440000004
1164,-175.85362000000003,0.5133493051403287,0.00998645168764533,491,13.495847940444946,-168.958504
1165,-171.33368000000002,0.5923526359618896,0.00998645168764533,289,7.942034959793091,-168.65264
1166,-187.8874,0.4287054374844076,0.00998645168764533,124,3.3802649974823,-168.6778504
1167,-186.62688000000003,0.6719807201864577,0.00998645168764533,113,3.0818350315093994,-168.7663272
1168,-175.29392000000004,0.6334322643528382,0.00998645168764533,225,6.223227024078369,-169.2211348
1169,-188.38376000000002,0.734075415794471,0.00998645168764533,241,6.553401231765747,-170.11766320000004
1170,-171.29938000000004,0.5132167553529143,0.00998645168764533,287,7.903013229370117,-169.9487152
1171,-163.32018,0.6719740266609828,0.00998645168764533,651,17.729122161865234,-169.4586232
1172,-175.23858,0.5803595876949987,0.00998645168764533,471,13.02959418296814,-169.56240360000004
1173,-186.62688000000003,0.5460772277803811,0.00998645168764533,113,3.156956911087036,-169.56240360000004
1174,-177.88016000000002,0.7763374648162756,0.00998645168764533,352,9.623262882232666,-169.80814400000003
1175,-186.62688000000003,0.7172508850133261,0.00998645168764533,113,3.069628953933716,-169.80814400000003
1176,22.999119999999927,0.6747155167260452,0.00998645168764533,760,20.851303100585938,-165.61562400000003
1177,-187.8874,0.6373159339831721,0.00998645168764533,124,3.4078500270843506,-166.20252160000004
1178,-156.82713999999999,0.7249715521083402,0.00998645168764533,639,17.59498381614685,-165.89343920000002
1179,-150.24267999999992,0.6904075551499131,0.00998645168764533,828,22.669658184051514,-165.471504
1180,-174.53696000000002,0.633052221718898,0.00998645168764533,577,15.748735427856445,-165.2646068
1181,-184.88182000000003,0.7423178122392786,0.00998645168764533,134,3.6533586978912354,-165.38558520000004
1182,-180.65456,0.7021918933352699,0.00998645168764533,184,5.1769819259643555,-165.56162600000005
1183,-159.05693999999997,0.6580574073540894,0.00998645168764533,550,15.08213186264038,-165.0102272
1184,-186.62688000000003,0.5372824610037877,0.00998645168764533,113,3.081468343734741,-165.31000480000003
1185,-184.13752000000002,0.8963482365397544,0.00998645168764533,145,4.003662109375,-165.95738160000002
1186,-182.17494000000002,0.7177627277399959,0.00998645168764533,203,5.6186299324035645,-165.86834280000002
1187,-148.59625999999992,0.596099939805437,0.00998645168764533,755,20.73036289215088,-169.16839600000003
1188,-186.62688000000003,0.6451616474814648,0.00998645168764533,113,3.13291597366333,-169.3605204
1189,44.99144000000007,0.6837407600193537,0.00998645168764533,1296,35.728513956069946,-164.7627632
1190,-175.69824,0.4382819700227818,0.00998645168764533,393,10.81743574142456,-164.98920320000002
1191,39.51168000000018,0.5059771309816758,0.00998645168764533,1552,42.50302696228027,-160.6223184
1192,-182.37876000000003,0.3545263832338819,0.00998645168764533,213,5.791975736618042,-160.4558288
1193,-186.62688000000003,0.3840324679158826,0.00998645168764533,113,3.082158088684082,-160.7387112
1194,-186.62688000000003,0.4184321527476464,0.00998645168764533,113,3.097750186920166,-165.39027760000002
1195,-179.78772000000004,0.4491589640828214,0.00998645168764533,669,18.28948998451233,-165.25349440000002
1196,-172.97128000000004,0.5614796512953515,0.00998645168764533,265,7.162153005599976,-164.98038240000002
1197,-174.2353,0.414519017564431,0.00998645168764533,431,11.790892124176025,-165.1205832
1198,-184.88182000000003,0.5047658974193593,0.00998645168764533,134,3.7082149982452393,-165.5141184
1199,-143.84383999999983,0.4367209484967299,0.00998645168764533,1241,33.93260717391968,-164.7291264
1200,-186.62688000000003,0.4239095664393585,0.00998645168764533,113,3.140815258026123,-164.94013800000002
1201,-186.62688000000003,0.3183800104873634,0.00998645168764533,113,3.105232000350952,-165.14362
1202,-170.47836,0.43749778806852796,0.00998645168764533,300,8.211852788925171,-165.08818920000002
1203,-151.0355999999999,0.485649141270209,0.00998645168764533,1081,29.68465781211853,-164.664906
1204,-186.62688000000003,0.5637022332346018,0.00998645168764533,113,3.118377208709717,-164.664906
1205,-171.24974,0.49239368601159156,0.00998645168764533,283,7.738780736923218,-164.3573632
1206,-151.8844799999999,0.44567336444709954,0.00998645168764533,705,19.42406988143921,-163.9598716
1207,17.89015999999999,0.37733024686109273,0.00998645168764533,800,22.007764101028442,-160.0436436
1208,-177.53154000000004,0.27881189697396774,0.00998645168764533,699,19.172626972198486,-159.9477216
1209,-184.88182000000003,0.4364189321606128,0.00998645168764533,134,3.657672166824341,-159.892938
1210,-187.95668,0.42156605760870713,0.00998645168764533,469,12.8611478805542,-159.919534
1211,-186.73216000000002,0.34755467973685206,0.00998645168764533,313,8.632505893707275,-159.9216396
1212,-186.62688000000003,0.3974813659700145,0.00998645168764533,113,3.083343029022217,-159.9216396
1213,-188.23968000000002,0.41691131372418666,0.00998645168764533,144,3.9773690700531006,-160.135544
1214,-178.83256000000003,0.36120328287849773,0.00998645168764533,193,5.277135848999023,-160.1951228
1215,-167.73104,0.4969157769892391,0.00998645168764533,568,15.611985206604004,-160.12307
1216,-186.62688000000003,0.6897476029672981,0.00998645168764533,113,3.086761951446533,-160.09785960000002
1217,9.154080000000008,0.5123804938048124,0.00998645168764533,960,26.191800832748413,-156.1822404
1218,-163.27368000000007,0.4241710303448864,0.00998645168764533,649,17.701284170150757,-155.9418356
1219,-186.62688000000003,0.3423405641739347,0.00998645168764533,113,3.1418941020965576,-155.906698
1220,-187.8874,0.39926070505152306,0.00998645168764533,124,3.3806710243225098,-156.2384584
1221,-186.62688000000003,0.31518123968117007,0.00998645168764533,113,3.062020778656006,-156.7045924
1222,-184.89642,0.4467095190728152,0.00998645168764533,135,3.7050633430480957,-156.8977492
1223,-186.62688000000003,0.564894182113024,0.00998645168764533,113,3.133251190185547,-156.8977492
1224,27.728399999999983,0.5189715077992462,0.00998645168764533,1120,30.7279109954834,-152.78557800000002
1225,-163.78618,0.40341191513252095,0.00998645168764533,431,11.831701040267944,-152.328764
1226,-151.6315199999999,0.424071427977635,0.00998645168764533,729,20.005093097686768,-155.8213768
1227,-186.62688000000003,0.42987222282166504,0.00998645168764533,113,3.110767126083374,-155.7961664
1228,-186.62688000000003,0.37848045639034394,0.00998645168764533,113,3.1026039123535156,-156.3921612
1229,-186.62688000000003,0.5763228528564219,0.00998645168764533,113,3.077357053756714,-157.1198452
1230,-176.90390000000002,0.5359900615658013,0.00998645168764533,586,16.12218689918518,-157.167184
1231,-186.62688000000003,0.4715301670232969,0.00998645168764533,113,3.125917911529541,-157.2020852
1232,-184.88182000000003,0.5574418504152503,0.00998645168764533,134,3.7083592414855957,-157.2866304
1233,-164.01194000000004,0.46404335882915226,0.00998645168764533,679,18.563865184783936,-157.3857304
1234,-186.62688000000003,0.6393723143099815,0.00998645168764533,113,3.1268773078918457,-157.3857304
1235,-167.0488600000001,0.5122036577395673,0.00998645168764533,530,14.588741779327393,-157.0439572
1236,9.347120000000004,0.47571143243377184,0.00998645168764533,968,26.595330238342285,-153.213516
1237,-175.16969999999998,0.5310616624931283,0.00998645168764533,423,11.579190015792847,-153.7449848
1238,-179.27231999999998,0.48237325524684616,0.00998645168764533,945,26.062546968460083,-153.59789360000002
1239,-186.62688000000003,0.4708436004306495,0.00998645168764533,113,3.0660829544067383,-158.23026000000002
1240,-184.88182000000003,0.3908049786018569,0.00998645168764533,134,3.732881784439087,-158.4139316
1241,-186.62688000000003,0.6092015560221883,0.00998645168764533,113,3.0980143547058105,-162.93670280000003
1242,-186.62688000000003,0.4320610084661604,0.00998645168764533,113,3.089970827102661,-163.0216652
1243,-164.55952000000002,0.519087158572594,0.00998645168764533,560,15.456377744674683,-162.580318
1244,-152.01715999999988,0.4994015508498739,0.00998645168764533,1085,29.646088123321533,-161.88812360000003
1245,-186.62688000000003,0.4893310201741689,0.00998645168764533,113,3.1456398963928223,-162.0249068
1246,-145.93335999999982,0.5103324529130381,0.00998645168764533,768,21.138892889022827,-161.4841484
1247,-158.45636,0.4580289790825258,0.00998645168764533,917,25.113018035888672,-161.1685696
1248,-186.62688000000003,0.6240665430977809,0.00998645168764533,113,3.120887041091919,-161.2034708
1249,-0.49936000000001446,0.5356984338286566,0.00998645168764533,512,14.171577215194702,-158.3365812
1250,-164.50018,0.4801684830480131,0.00998645168764533,471,12.94811487197876,-157.89404720000002
1251,-153.04647999999992,0.4124126169873462,0.00998645168764533,521,14.382688999176025,-157.2224392
1252,-174.66834,0.5082514814504154,0.00998645168764533,483,13.356757879257202,-157.30623880000002
1253,-179.15848000000003,0.41435770427171786,0.00998645168764533,641,17.73298215866089,-157.8686964
1254,-176.32592000000002,0.4047613551708943,0.00998645168764533,369,10.206904172897339,-157.66267720000002
1255,-170.94766000000004,0.3941887941659114,0.00998645168764533,362,9.953151226043701,-157.65663560000002
1256,-186.62688000000003,0.3625469691721739,0.00998645168764533,113,3.1017160415649414,-158.35148360000002
1257,-180.59816,0.4459881339653653,0.00998645168764533,177,4.922900915145874,-162.32125000000002
1258,-188.2352,0.48219090193525516,0.00998645168764533,241,6.6539130210876465,-162.5353232
1259,-184.89642,0.44922251807594743,0.00998645168764533,135,3.75644588470459,-162.53561520000002
1260,-186.62688000000003,0.4436371158478798,0.00998645168764533,113,3.1334152221679688,-162.5090192
1261,-184.88182000000003,0.358702345299465,0.00998645168764533,134,3.6829919815063477,-162.4720124
1262,-173.89498,0.43628080930744967,0.00998645168764533,263,7.2249720096588135,-162.2173744
1263,-185.21912,0.5080159556581004,0.00998645168764533,352,9.715887069702148,-162.1569632
1264,-178.35538000000003,0.5963628133180441,0.00998645168764533,322,8.937813997268677,-162.1474196
1265,-144.82381999999978,0.552962853128653,0.00998645168764533,1106,30.336432218551636,-161.6892752
1266,-188.06744000000003,0.5729543817047353,0.00998645168764533,184,5.078464984893799,-161.7180864
1267,-186.62688000000003,0.4041490727392709,0.00998645168764533,113,3.1067681312561035,-165.63370559999998
1268,-184.88182000000003,0.491499996938701,0.00998645168764533,134,3.6929969787597656,-166.0658684
1269,-184.88182000000003,0.4483913213237008,0.00998645168764533,134,3.6719377040863037,-166.03096720000002
1270,-157.56743999999998,0.5776502971576922,0.00998645168764533,825,22.603201150894165,-165.424568
1271,-186.62688000000003,0.49020720991940625,0.00998645168764533,113,3.1016781330108643,-165.424568
1272,-181.21456,0.704268141123845,0.00998645168764533,209,5.741135835647583,-165.3509308
1273,-186.62688000000003,0.7271580581709874,0.00998645168764533,113,3.1384499073028564,-165.3509308
1274,9.579360000000001,0.5993217039365499,0.00998645168764533,1008,27.748353719711304,-165.7139116
1275,-186.62688000000003,0.6973602562087827,0.00998645168764533,113,3.1171138286590576,-166.1707256
1276,-184.07342000000003,0.6131758520978566,0.00998645168764533,339,9.305519104003906,-166.8195636
1277,-186.62688000000003,0.4912553833286583,0.00998645168764533,113,3.1182637214660645,-166.8195636
1278,20.084,0.5797825411244435,0.00998645168764533,1016,28.1121609210968,-162.685346
1279,-186.62688000000003,0.5344117744290063,0.00998645168764533,113,3.1081037521362305,-162.685346
1280,-186.62688000000003,0.8483932783283228,0.00998645168764533,113,3.078160047531128,-162.8798056
1281,-186.62688000000003,0.379419767034067,0.00998645168764533,113,3.0826821327209473,-162.8798056
1282,-175.99592000000004,0.7039972084363143,0.00998645168764533,313,8.601042985916138,-162.70208760000003
1283,-186.62688000000003,0.8665995904434044,0.00998645168764533,113,3.0834290981292725,-163.1543864
1284,-171.64298000000005,0.680883360818281,0.00998645168764533,295,8.106034994125366,-162.8547084
1285,-150.35785999999987,0.6572461995653935,0.00998645168764533,643,17.766894102096558,-162.5208884
1286,-186.62688000000003,0.7147477725438313,0.00998645168764533,113,3.0927560329437256,-166.4403684
1287,-188.90627999999998,0.6866612931520133,0.00998645168764533,501,13.849397897720337,-166.7151
1288,-186.62688000000003,0.5995083057478202,0.00998645168764533,113,3.084944009780884,-166.8621912
1289,13.279840000000018,0.6652777856362886,0.00998645168764533,760,20.857558965682983,-162.8640568
1290,-172.80978000000002,0.5991670890496328,0.00998645168764533,351,9.611576795578003,-162.622616
1291,-186.62688000000003,0.687494162601971,0.00998645168764533,113,3.093271017074585,-162.622616
1292,-175.27660000000003,0.5826174521640978,0.00998645168764533,461,12.59423303604126,-162.3956104
1293,-173.55470000000005,0.7385907722292123,0.00998645168764533,243,6.699377775192261,-162.575514
1294,-175.46838000000005,0.630012520670005,0.00998645168764533,471,12.921040058135986,-163.0445384
1295,-152.77909999999991,0.5655026627793288,0.00998645168764533,986,27.37600612640381,-162.3675828
1296,-165.73680000000002,0.5385826354566765,0.00998645168764533,473,13.133466005325317,-162.7636516
1297,-180.3838,0.43477331150379717,0.00998645168764533,461,12.607807874679565,-163.2022004
1298,-186.62688000000003,0.7140583145572285,0.00998645168764533,113,3.1662847995758057,-163.2022004
1299,-164.18312,0.5883512166117064,0.00998645168764533,352,9.60006308555603,-166.4758756
1300,-186.62688000000003,0.6799096521731894,0.00998645168764533,113,3.164773941040039,-166.91840960000002
1301,36.25648000000015,0.5134060116952482,0.00998645168764533,904,24.179173231124878,-163.1323504
1302,-187.60488000000004,0.4155742464231958,0.00998645168764533,257,6.875837802886963,-163.3910812
1303,-186.62688000000003,0.42094549169121065,0.00998645168764533,113,3.0221540927886963,-163.5404492
1304,-186.62688000000003,0.3386637657485177,0.00998645168764533,113,3.0114598274230957,-163.74646840000003
1305,-165.84682,0.4814699461463225,0.00998645168764533,431,11.546077013015747,-163.64445160000002
1306,-186.62688000000003,0.7386768597252338,0.00998645168764533,113,3.040745973587036,-163.64445160000002
1307,-182.36152,0.5664811557757535,0.00998645168764533,560,14.93977689743042,-163.67971880000002
1308,-165.94143999999997,0.6241980471832396,0.00998645168764533,521,13.956844091415405,-163.2338436
1309,2.8134400000000097,0.5047611410409445,0.00998645168764533,640,17.105632066726685,-159.4796464
1310,-186.62688000000003,0.5258454148352674,0.00998645168764533,113,3.0520198345184326,-159.4796464
1311,-181.53218,0.5127318429931864,0.00998645168764533,223,5.976316928863525,-159.4126536
1312,-186.62688000000003,0.664665174011174,0.00998645168764533,113,3.027369976043701,-159.6672916
1313,-185.07576,0.6623612875118852,0.00998645168764533,144,3.8406949043273926,-159.6644244
1314,-178.64076000000003,0.542011877929679,0.00998645168764533,660,17.748082876205444,-159.67013200000002
1315,21.319680000000062,0.5307753825757384,0.00998645168764533,888,23.662312030792236,-156.347262
1316,-186.62688000000003,0.48299600059512704,0.00998645168764533,113,3.050483226776123,-156.31845080000002
1317,-179.74922,0.49125948083051973,0.00998645168764533,235,6.293596029281616,-156.1808976
1318,-186.62688000000003,0.5963186485181867,0.00998645168764533,113,3.019503116607666,-156.21579880000002
1319,-184.88182000000003,0.2906872152781753,0.00998645168764533,134,3.57350492477417,-156.21579880000002
1320,-186.62688000000003,0.5624466630902174,0.00998645168764533,113,3.0371451377868652,-156.79698760000002
1321,9.228320000000037,0.5848655828858836,0.00998645168764533,944,25.27699589729309,-152.8798836
1322,-186.58364,0.5232735080165943,0.00998645168764533,253,6.7811198234558105,-152.9872652
1323,-174.65074000000004,0.48577304332765564,0.00998645168764533,491,13.169047117233276,-152.7477424
1324,-183.53464000000002,0.5177540550627314,0.00998645168764533,313,8.365880012512207,-156.61002240000002
1325,-156.59217999999996,0.5005466280143164,0.00998645168764533,911,24.450278997421265,-156.00932840000002
1326,-186.62688000000003,0.8021829223540504,0.00998645168764533,113,3.0149271488189697,-156.06039760000002
1327,-186.62688000000003,0.5778931860309259,0.00998645168764533,113,2.992232084274292,-156.06039760000002
1328,14.396079999999984,0.5434316739853358,0.00998645168764533,784,20.893358945846558,-156.174156
1329,-168.66416000000004,0.5418168085898025,0.00998645168764533,313,8.350213050842285,-155.8149016
1330,-186.62688000000003,0.5581866308585205,0.00998645168764533,113,3.038001298904419,-155.8149016
1331,-186.62688000000003,0.4061092948705881,0.00998645168764533,113,2.993185043334961,-155.8149016
1332,-186.62688000000003,0.5601106581269903,0.00998645168764533,113,3.015813112258911,-156.0275208
1333,-186.62688000000003,0.8116691667026124,0.00998645168764533,113,3.0174169540405273,-156.0275208
1334,-186.83548000000002,0.4970535163226868,0.00998645168764533,124,3.2969918251037598,-156.3313708
1335,-186.83548000000002,0.5533656811251515,0.00998645168764533,124,3.3228187561035156,-157.06092320000002
1336,-142.65537999999984,0.5318665997429864,0.00998645168764533,966,25.87631583213806,-156.1814932
1337,-189.23806000000002,0.5464405061082637,0.00998645168764533,235,6.285680294036865,-156.18812880000002
1338,-186.62688000000003,0.6626277319361679,0.00998645168764533,113,3.042902946472168,-156.18812880000002
1339,-180.65456,0.5492139001397173,0.00998645168764533,184,4.918323993682861,-160.06681680000003
1340,-186.62688000000003,0.6520199524815631,0.00998645168764533,113,3.0643601417541504,-160.3431588
1341,-163.26303999999993,0.6567621144293943,0.00998645168764533,449,12.07641077041626,-159.875882
1342,-182.49258000000003,0.5960435421398235,0.00998645168764533,315,8.434575080871582,-160.0202016
1343,-179.17332000000002,0.6554541400909214,0.00998645168764533,213,5.750844955444336,-160.132574
1344,-171.0097,0.6540571470202176,0.00998645168764533,719,19.229459047317505,-160.0434004
1345,-186.62688000000003,0.578511312224828,0.00998645168764533,113,3.033273935317993,-160.720356
1346,-168.04092,0.6491506338422467,0.00998645168764533,332,8.873367071151733,-160.7664384
1347,-167.56640000000004,0.7053890428688776,0.00998645168764533,560,14.983476877212524,-160.5100904
1348,-179.09666,0.6973055496205741,0.00998645168764533,547,14.757357120513916,-160.359486
1349,-178.38114000000002,0.5457941469756475,0.00998645168764533,603,16.123833894729614,-160.64344640000002
1350,-187.8874,0.43093831484175976,0.00998645168764533,124,3.3252789974212646,-160.6686568
1351,-183.43468000000001,0.5706669700940039,0.00998645168764533,605,16.171375036239624,-165.06248
1352,-187.8874,0.8643752914372711,0.00998645168764533,124,3.3399500846862793,-165.0681304
1353,-2.119040000000002,0.5137681274058958,0.00998645168764533,496,13.282971858978271,-161.37797360000002
1354,-186.62688000000003,0.7651464696066965,0.00998645168764533,113,3.0791659355163574,-161.37797360000002
1355,-186.62688000000003,0.7492013475404377,0.00998645168764533,113,3.0091280937194824,-161.79357480000002
1356,-184.88182000000003,0.6305566008216632,0.00998645168764533,134,3.598140239715576,-161.7586736
1357,-182.87604,0.5796556787654048,0.00998645168764533,189,5.079095840454102,-161.768964
1358,-170.95534000000004,0.5592593562104919,0.00998645168764533,362,9.69809103012085,-161.869242
1359,-189.36822,0.6321177048371039,0.00998645168764533,243,6.524568796157837,-165.7128752
1360,-154.09383999999997,0.6017912754113295,0.00998645168764533,521,13.927077770233154,-165.06221440000002
1361,-171.23870000000002,0.8175780469940008,0.00998645168764533,283,7.617807865142822,-164.85634480000002
1362,-173.35114000000002,0.6624659886475643,0.00998645168764533,431,11.670835018157959,-164.59083
1363,-186.62688000000003,0.8664495816075168,0.00998645168764533,113,3.0076119899749756,-164.62185240000002
1364,-177.97782000000004,0.7025489086019141,0.00998645168764533,203,5.440927982330322,-164.60859360000003
1365,-175.76074,0.6379318169694452,0.00998645168764533,443,11.833138942718506,-168.550202
1366,-188.23392,0.6626983936488008,0.00998645168764533,144,3.8758561611175537,-168.5823428
1367,-186.62688000000003,0.6811251702792613,0.00998645168764533,113,3.0424318313598633,-168.719896
1368,-175.34466000000003,0.7216851248546422,0.00998645168764533,603,16.152965784072876,-168.4942516
1369,4.6179999999999914,0.686205983187173,0.00998645168764533,664,17.883107900619507,-164.7042552
1370,31.358560000000153,0.5266850520349708,0.00998645168764533,992,27.211134910583496,-160.3445464
1371,-155.30275999999995,0.5160642307189344,0.00998645168764533,956,26.385614156723022,-163.63516800000002
1372,-177.59078000000002,0.44660656663457526,0.00998645168764533,382,10.713029146194458,-163.4553108
1373,-172.64972,0.5874135150857593,0.00998645168764533,253,6.955766201019287,-163.4152904
1374,-186.62688000000003,0.5645695913879745,0.00998645168764533,113,3.137485980987549,-163.47713520000002
1375,-173.25652000000002,0.5740587643252304,0.00998645168764533,332,9.130935668945312,-163.81042200000002
1376,-173.6297,0.4477054339802593,0.00998645168764533,391,10.78900694847107,-163.5504784
1377,-177.97782000000004,0.6077817385612524,0.00998645168764533,203,5.566935062408447,-163.37749720000002
1378,-177.12668000000002,0.5515419452242172,0.00998645168764533,508,13.946851015090942,-167.20795239999998
1379,-187.8874,0.7211243248199143,0.00998645168764533,124,3.4747109413146973,-167.59241720000003
1380,4.11111999999999,0.5212949552986009,0.00998645168764533,880,24.267427921295166,-163.77765720000002
1381,31.557040000000104,0.464705934353779,0.00998645168764533,848,23.33717679977417,-159.4139788
1382,-167.85862000000006,0.44244696316737797,0.00998645168764533,326,8.930484056472778,-159.03861360000002
1383,-186.62688000000003,0.43474133780836005,0.00998645168764533,113,3.138507127761841,-159.03861360000002
1384,-185.18944000000002,0.3843317743647715,0.00998645168764533,145,4.030657768249512,-159.00569280000002
1385,-173.52038000000002,0.5243663690755587,0.00998645168764533,391,10.808979988098145,-158.7393908
1386,-166.78212000000002,0.39606751635475873,0.00998645168764533,612,16.78549098968506,-159.22192560000002
1387,-143.48943999999972,0.424631934345309,0.00998645168764533,1089,30.079726219177246,-158.3069532
1388,-186.62688000000003,0.16022176725740453,0.00998645168764533,113,3.0956618785858154,-158.3069532
1389,-163.96081999999996,0.41777897060222335,0.00998645168764533,391,10.853177785873413,-157.9730784
1390,-186.62688000000003,0.5340137499491725,0.00998645168764533,113,3.163159132003784,-157.9730784
1391,-177.66074,0.40649406161617624,0.00998645168764533,382,10.645013093948364,-158.2610324
1392,-184.88182000000003,0.5288368394570564,0.00998645168764533,134,3.73931884765625,-158.30881720000002
1393,-186.62688000000003,0.4644448865551205,0.00998645168764533,113,3.1252291202545166,-158.4578884
1394,-154.70343999999986,0.464722074492227,0.00998645168764533,1041,28.827673196792603,-158.1317632
1395,-186.62688000000003,0.3574232713080349,0.00998645168764533,113,3.100242853164673,-158.1317632
1396,-187.8874,0.5137815486579653,0.00998645168764533,124,3.4606049060821533,-158.52869280000002
1397,-186.62688000000003,0.518382645962117,0.00998645168764533,113,3.1213502883911133,-158.90990240000002
1398,-149.10873999999984,0.5544759953914947,0.00998645168764533,927,25.891851902008057,-158.310144
1399,-175.64832000000004,0.5944015419306402,0.00998645168764533,609,16.733592987060547,-158.2554876
1400,-180.00366000000002,0.5095828115375656,0.00998645168764533,495,13.549800872802734,-158.09781279999999
1401,-145.37093999999985,0.46542044345376105,0.00998645168764533,1075,28.787068843841553,-157.336538
1402,-172.08752000000004,0.4742470471283946,0.00998645168764533,273,7.305586338043213,-157.0205404
1403,-189.13322,0.45076798462653406,0.00998645168764533,511,13.691655158996582,-160.76082399999999
1404,-186.62688000000003,0.5186468666765542,0.00998645168764533,113,3.0355498790740967,-160.76082399999999
1405,-177.95798000000002,0.6081131807071242,0.00998645168764533,550,14.681903839111328,-160.587446
1406,-175.06272000000004,0.6826885491857926,0.00998645168764533,600,16.069960355758667,-160.391064
1407,-187.8874,0.4528208745853795,0.00998645168764533,124,3.3236711025238037,-160.4912912
1408,-175.60518000000005,0.5561571493246612,0.00998645168764533,243,6.50702691078186,-160.584288
1409,-186.62688000000003,0.6721384975300954,0.00998645168764533,113,3.032928943634033,-160.52946120000001
1410,-186.62688000000003,0.5192408729509442,0.00998645168764533,113,3.0157439708709717,-161.18012199999998
1411,-186.62688000000003,0.6805075125818232,0.00998645168764533,113,3.0265908241271973,-161.4878856
1412,-182.30176,0.7633932586759329,0.00998645168764533,209,5.657131910324097,-161.666898
1413,-171.61072,0.8105256017715556,0.00998645168764533,401,10.734791994094849,-161.3665748
1414,-172.64972000000003,0.706511334733294,0.00998645168764533,253,6.793445110321045,-161.2600128
1415,-173.699,0.6293953976892082,0.00998645168764533,253,6.770640850067139,-161.21877800000001
1416,-173.31346000000002,0.7163381132830946,0.00998645168764533,431,11.568930864334106,-160.9203688
1417,-165.93514,0.6906500872230789,0.00998645168764533,599,15.998455047607422,-160.506534
1418,41.44864000000019,0.6303485608820479,0.00998645168764533,1448,38.91186571121216,-156.17066799999998
1419,-186.62688000000003,0.7110533744376977,0.00998645168764533,113,3.0313961505889893,-159.9955656
1420,-141.9026199999999,0.513779852637111,0.00998645168764533,1095,29.301358938217163,-163.4607892
1421,-149.94839999999988,0.5334340330579531,0.00998645168764533,768,20.577770948410034,-163.353702
1422,-186.62688000000003,0.36780327627748516,0.00998645168764533,113,3.032608985900879,-163.534424
1423,-186.62688000000003,0.7581723547186208,0.00998645168764533,113,3.015230894088745,-163.81396719999998
1424,-186.62688000000003,0.6751284346281163,0.00998645168764533,113,3.046149969100952,-163.81396719999998
1425,-186.62688000000003,0.5804971061086497,0.00998645168764533,113,3.076464891433716,-164.0813744
1426,-176.08130000000003,0.6423319504430441,0.00998645168764533,511,14.16538667678833,-164.1304064
1427,-171.29938000000004,0.638201381751573,0.00998645168764533,287,7.931365251541138,-163.9968376
1428,3.0936799999999938,0.6752543154408076,0.00998645168764533,704,19.602509021759033,-160.3924304
1429,-177.97782000000004,0.5063873433641025,0.00998645168764533,203,5.604812860488892,-160.1942388
1430,-186.62688000000003,0.6475390075846056,0.00998645168764533,113,3.1215522289276123,-164.0089988
1431,-175.29004000000003,0.63040047326204,0.00998645168764533,461,12.832734823226929,-168.1459404
1432,-186.62688000000003,0.7534615330447534,0.00998645168764533,113,3.109687089920044,-168.5213056
1433,-173.89472,0.5703388145401741,0.00998645168764533,313,8.727351903915405,-168.26666239999997
1434,-187.8874,0.6957604333968653,0.00998645168764533,124,3.4199471473693848,-168.3206216
1435,-177.43938000000003,0.6020844178637127,0.00998645168764533,231,6.475031137466431,-168.39900160000002
1436,-186.62688000000003,0.6334650947226096,0.00998645168764533,113,3.120936870574951,-168.7958968
1437,-186.62688000000003,0.8019900527593177,0.00998645168764533,113,3.11141037940979,-169.65864560000003
1438,-151.85965999999988,0.6850038695635203,0.00998645168764533,707,19.396396160125732,-168.9633012
1439,-156.84728,0.5292514771198066,0.00998645168764533,745,20.6438729763031,-168.8210304
1440,-186.62688000000003,0.45959464572699726,0.00998645168764533,113,3.1678760051727295,-168.8210304
1441,-145.0402199999999,0.5376677281471758,0.00998645168764533,742,20.717857837677002,-168.16862
1442,-186.11048,0.6345384731285924,0.00998645168764533,241,6.6823718547821045,-168.1931932
1443,-186.62688000000003,0.4778524853816602,0.00998645168764533,113,3.118135929107666,-168.1931932
1444,-186.62688000000003,0.8352285369455946,0.00998645168764533,113,3.1066513061523438,-168.831662
1445,-176.65496000000002,0.6748494679858158,0.00998645168764533,385,10.606623888015747,-168.6322236
1446,-154.92479999999995,0.5387435381488846,0.00998645168764533,609,16.8264799118042,-167.9729716
1447,-186.62688000000003,0.6624219338615648,0.00998645168764533,113,3.1415321826934814,-167.9729716
1448,-175.70216000000005,0.6203432909722233,0.00998645168764533,481,13.230329751968384,-168.50484
1449,-186.62688000000003,0.7187939437633727,0.00998645168764533,113,3.107914924621582,-168.7244112
1450,-182.47258,0.5923126264686248,0.00998645168764533,362,10.061457872390747,-168.77378960000001
1451,-164.45762000000002,0.7041119395236574,0.00998645168764533,659,18.252851963043213,-169.15552319999998
1452,-186.62688000000003,0.6502373544416861,0.00998645168764533,113,3.0901522636413574,-169.44631040000002
1453,-149.36585999999986,0.6821015119204742,0.00998645168764533,846,23.39654803276062,-168.6509632
1454,-169.52202000000003,0.7018449182680534,0.00998645168764533,303,8.420009851455688,-168.30886600000002
1455,-186.62688000000003,0.817801233776639,0.00998645168764533,113,3.0940370559692383,-168.48224399999998
1456,-171.29938000000004,0.6347142356133108,0.00998645168764533,287,7.988345146179199,-168.4069772
1457,-186.62688000000003,0.5676222515696313,0.00998645168764533,113,3.1298880577087402,-168.3817668
1458,-186.62688000000003,0.6011565050555278,0.00998645168764533,113,3.1258509159088135,-168.6022008
1459,-157.60611999999998,0.6688890026634958,0.00998645168764533,1461,40.694664001464844,-168.02178560000002
1460,-173.62072000000003,0.6294303163553455,0.00998645168764533,392,10.84706997871399,-167.76166239999998
1461,-186.62688000000003,0.7015279940601471,0.00998645168764533,113,3.1202399730682373,-167.76166239999998
1462,-184.88182000000003,0.6638038416546005,0.00998645168764533,134,3.6902740001678467,-167.8132636
1463,-182.20376000000002,0.477829384660117,0.00998645168764533,153,4.257810115814209,-168.02512439999998
1464,-181.2056,0.5855009489881166,0.00998645168764533,865,23.941709995269775,-168.196242
1465,-161.61077999999998,0.591943026686097,0.00998645168764533,382,10.661754131317139,-167.9544776
1466,-170.9346,0.6064223517082952,0.00998645168764533,372,10.378215074539185,-167.9069004
1467,-186.62688000000003,0.38044251304581367,0.00998645168764533,113,3.1737570762634277,-168.32073520000003
1468,-186.62688000000003,0.8067148898654015,0.00998645168764533,113,3.1339430809020996,-172.88224560000003
1469,-186.62688000000003,0.6344172634283262,0.00998645168764533,113,3.1174981594085693,-172.88224560000003
1470,-187.8874,0.5670590434794224,0.00998645168764533,124,3.42415714263916,-173.8019412
1471,-186.62688000000003,0.8432893110027092,0.00998645168764533,113,3.0962610244750977,-174.5355108
1472,-186.62688000000003,0.48528913116758376,0.00998645168764533,113,3.1579272747039795,-174.5355108
1473,-187.63368000000003,0.7808167211827369,0.00998645168764533,257,7.114595890045166,-174.5556468
1474,-181.13526000000002,0.639806727571367,0.00998645168764533,203,5.600210189819336,-174.44581440000002
1475,-186.62688000000003,0.7252517883888389,0.00998645168764533,113,3.1020967960357666,-174.44581440000002
1476,-171.23870000000002,0.8363010383082732,0.00998645168764533,283,7.893155097961426,-174.3489624
1477,-172.17999999999992,0.7160800489935286,0.00998645168764533,848,23.48659920692444,-174.36657480000002
1478,-184.88182000000003,0.815375750814912,0.00998645168764533,134,3.7841291427612305,-178.12608480000003
1479,-186.62688000000003,0.9021358573149922,0.00998645168764533,113,3.142014980316162,-178.299066
1480,-186.62688000000003,0.9924211045562298,0.00998645168764533,113,3.108280897140503,-178.299066
1481,2.834319999999998,0.7407468694189447,0.00998645168764533,640,17.785303115844727,-174.73657880000002
1482,-189.81372,0.7598372671210789,0.00998645168764533,261,7.2688281536102295,-174.8003156
1483,-182.28112000000002,0.6828089106569522,0.00998645168764533,209,5.798479080200195,-174.96804360000002
1484,-168.46102000000005,0.7695053111449166,0.00998645168764533,846,23.3658709526062,-174.579516
1485,-186.62688000000003,0.9284058734280082,0.00998645168764533,113,3.11930513381958,-174.76326600000002
1486,-184.88182000000003,0.7955306631360036,0.00998645168764533,134,3.694002866744995,-174.7283648
1487,-154.63783999999998,0.6866814779079927,0.00998645168764533,641,17.764830827713013,-174.088584
1488,-172.50350000000003,0.7669047397818156,0.00998645168764533,243,6.738593101501465,-174.50146080000002
1489,-180.65456,0.785900234548456,0.00998645168764533,184,5.122596025466919,-174.9776064
1490,-171.88448000000002,0.8062314590611778,0.00998645168764533,313,8.67248010635376,-174.6827584
1491,-165.57047999999998,0.7037007632405727,0.00998645168764533,513,14.38513994216919,-175.0933636
1492,-174.41658000000004,0.7048561404867654,0.00998645168764533,570,15.80106496810913,-174.8594856
1493,-188.40626000000003,0.6411998536190032,0.00998645168764533,391,10.799015283584595,-174.8950732
1494,-180.78072000000003,0.6770212313264224,0.00998645168764533,233,6.5721259117126465,-174.77815
1495,-186.62688000000003,0.654752725207832,0.00998645168764533,113,3.160604953765869,-174.97758840000003
1496,-170.59000000000003,0.7740809250331746,0.00998645168764533,857,23.68634581565857,-175.29089240000002
1497,-156.93295999999998,0.6919631700942572,0.00998645168764533,553,15.311012268066406,-174.69701400000002
1498,-160.30711999999997,0.7182300992772207,0.00998645168764533,665,18.428142786026,-174.38911320000003
1499,-171.19160000000002,0.6395173752273814,0.00998645168764533,481,13.337626934051514,-174.0804076
1500,-174.19868000000002,0.6478681878237642,0.00998645168764533,421,11.80046796798706,-173.9149296
1501,-186.4829,0.5239660726393471,0.00998645168764533,451,12.153811931610107,-174.35543520000002
1502,-181.65926000000002,0.5324041939826505,0.00998645168764533,619,16.54547381401062,-174.2560828
1503,-186.62688000000003,0.7034974404305747,0.00998645168764533,113,3.0989489555358887,-175.0013032
1504,-189.91672000000003,0.5560751275334972,0.00998645168764533,313,8.379578828811646,-175.40919720000002
1505,-186.62688000000003,0.4756486800919592,0.00998645168764533,113,3.052976131439209,-175.40919720000002
1506,-184.81002,0.5675535724877127,0.00998645168764533,327,8.77120590209961,-175.67941000000002
1507,-186.62688000000003,0.7360251977363914,0.00998645168764533,113,3.0510289669036865,-175.67941000000002
1508,-186.83548000000002,0.702793798439445,0.00998645168764533,124,3.3223628997802734,-175.68358200000003
1509,-171.79450000000003,0.48430726428590576,0.00998645168764533,263,7.115052700042725,-175.9673496
1510,-163.33083999999997,0.5967415687914419,0.00998645168764533,1236,33.24787616729736,-175.76155200000002
1511,-188.69420000000002,0.5887567237343477,0.00998645168764533,253,6.789032936096191,-175.8028984
1512,-186.62688000000003,0.4707875071686849,0.00998645168764533,113,3.0329489707946777,-175.8377996
1513,-177.97638000000003,0.6408017077322664,0.00998645168764533,203,5.446605682373047,-175.75325200000003
1514,-180.5232,0.7171692108404305,0.00998645168764533,225,6.086630821228027,-175.73960399999999
1515,-180.65456,0.5814270396190493,0.00998645168764533,184,4.952380895614624,-176.1204796
1516,-186.62688000000003,0.6734141700167572,0.00998645168764533,113,3.0426979064941406,-176.43432520000002
1517,-186.62688000000003,0.6045294934306789,0.00998645168764533,113,3.027657985687256,-176.43432520000002
1518,11.817839999999997,0.5625414158739322,0.00998645168764533,864,23.201769828796387,-172.46543080000004
1519,-144.97223999999983,0.5589388087477734,0.00998645168764533,976,26.159998178482056,-171.632338
1520,-172.18648000000002,0.4799435309227839,0.00998645168764533,329,8.860665082931519,-171.3183196
1521,-189.86006,0.5883183920158799,0.00998645168764533,262,7.044080018997192,-171.3829832
1522,-2.6040000000000125,0.5056322358894902,0.00998645168764533,624,16.802956104278564,-167.7025256
1523,-168.83540000000002,0.48103274325106804,0.00998645168764533,781,20.934651136398315,-167.32656000000003
1524,-186.62688000000003,0.6283043880114513,0.00998645168764533,113,3.032133102416992,-167.43639240000002
1525,-172.47494000000003,0.4536546822375311,0.00998645168764533,391,10.54257607460022,-167.1533536
1526,-171.00234000000003,0.5740982516444404,0.00998645168764533,411,11.010066270828247,-167.14862639999998
1527,-171.23870000000002,0.446457836464337,0.00998645168764533,283,7.599668979644775,-167.12980040000002
1528,-184.28598000000002,0.6576569826056314,0.00998645168764533,303,8.216273069381714,-167.11788360000003
1529,-172.46918000000002,0.5943924490257603,0.00998645168764533,391,10.458168029785156,-166.83472960000003
1530,-186.99462000000003,0.6372819937737161,0.00998645168764533,131,3.5165770053863525,-166.84208440000003
1531,-171.33944000000002,0.4947731625610982,0.00998645168764533,289,7.732145071029663,-170.32555960000002
1532,-154.87164,0.46683027591209675,0.00998645168764533,892,23.806416988372803,-169.626718
1533,-153.54139999999992,0.4325800270978216,0.00998645168764533,1028,27.95271396636963,-169.0519236
1534,-186.62688000000003,0.48208964632543844,0.00998645168764533,113,3.0699219703674316,-169.41524080000002
1535,-186.62688000000003,0.6055259427171101,0.00998645168764533,113,3.0096359252929688,-169.41524080000002
1536,-173.48450000000003,0.5620421134650021,0.00998645168764533,391,10.448333978652954,-169.18729440000004
1537,-186.62688000000003,0.6308936676570931,0.00998645168764533,113,3.030489206314087,-169.8270752
1538,8.20544,0.5309199834906031,0.00998645168764533,800,21.602083206176758,-166.21289640000003
1539,-184.16834,0.4215415437870166,0.00998645168764533,391,10.707624912261963,-166.283172
1540,-172.46862000000004,0.48228908656709635,0.00998645168764533,342,9.215867042541504,-166.29485480000002
1541,-184.88182000000003,0.47047233324386734,0.00998645168764533,134,3.6015448570251465,-166.6810816
1542,-184.68682,0.5613653770941859,0.00998645168764533,263,6.995465040206909,-166.88648640000002
1543,-177.25144,0.45662403274161206,0.00998645168764533,560,14.911087989807129,-166.66339
1544,-186.62688000000003,0.5564538065377063,0.00998645168764533,113,3.0391149520874023,-166.78031320000002
1545,-152.22895999999992,0.5749755380574574,0.00998645168764533,833,22.302477836608887,-166.09235479999998
1546,-186.62688000000003,0.589197193939997,0.00998645168764533,113,3.023658037185669,-166.4130924
1547,-186.62688000000003,0.45869953599057894,0.00998645168764533,113,3.031095027923584,-167.0069708
1548,-186.62688000000003,0.6358123060431232,0.00998645168764533,113,3.023778200149536,-167.53336600000003
1549,-176.83520000000001,0.5690460195954965,0.00998645168764533,441,11.791437149047852,-167.646238
1550,-172.64972,0.6052495834855695,0.00998645168764533,253,6.796945095062256,-167.61525880000002
1551,-137.1807199999998,0.5763435510247847,0.00998645168764533,761,20.400325775146484,-166.6292152
1552,-153.02311999999998,0.5680699451840772,0.00998645168764533,1241,33.21110415458679,-166.05649240000002
1553,-181.10278,0.5488170092970952,0.00998645168764533,491,13.109349250793457,-165.9460104
1554,-170.98506000000003,0.4301266874868758,0.00998645168764533,411,11.023856163024902,-165.5673772
1555,-184.88182000000003,0.38147095699252476,0.00998645168764533,134,3.610745906829834,-165.53247600000003
1556,-171.02826000000002,0.5853676032356656,0.00998645168764533,570,15.325127124786377,-165.2568408
1557,-188.06744000000003,0.3162447108846644,0.00998645168764533,184,4.922840118408203,-165.285652
1558,-188.22744,0.6363732532028936,0.00998645168764533,144,3.8686790466308594,-165.3134912
1559,-154.98755999999995,0.6374181875201198,0.00998645168764533,612,16.428767919540405,-164.97735240000003
1560,-167.53952000000004,0.6038782304618507,0.00998645168764533,560,15.012486934661865,-165.06152600000001
1561,-186.62688000000003,0.5166348893920668,0.00998645168764533,113,3.053797960281372,-165.0201796
1562,-166.44118,0.48736347310954026,0.00998645168764533,599,16.108741760253906,-164.6164656
1563,-172.19270000000006,0.5831653903560293,0.00998645168764533,382,10.205903053283691,-164.500792
1564,-171.24974,0.4423303212970495,0.00998645168764533,283,7.553677797317505,-164.3153228
1565,-186.62688000000003,0.29917491339476765,0.00998645168764533,113,3.0276880264282227,-164.4347692
1566,-166.93814000000006,0.5388443395787976,0.00998645168764533,382,10.224539041519165,-164.04099440000002
1567,-180.97592000000003,0.5303955563926592,0.00998645168764533,769,20.67670512199402,-163.9279752
1568,-186.62688000000003,0.5240418959936474,0.00998645168764533,113,3.033978223800659,-167.8968696
1569,-184.88182000000003,0.6749110472068858,0.00998645168764533,134,3.59843111038208,-168.69506120000003
1570,-186.62688000000003,0.4781218928045931,0.00998645168764533,113,3.02193284034729,-168.98386920000002
1571,-145.51825999999994,0.5076173274278174,0.00998645168764533,863,22.98818302154541,-168.0970332
1572,-177.82452000000004,0.5202200343039025,0.00998645168764533,540,14.444858074188232,-171.6014436
1573,-160.46652,0.5781679832737097,0.00998645168764533,669,17.967439889907837,-171.43406600000003
1574,-160.2368199999999,0.48328683320634813,0.00998645168764533,738,19.700636863708496,-170.90626480000003
1575,-186.62688000000003,0.4639500496595834,0.00998645168764533,113,3.0319759845733643,-171.18930360000002
1576,-170.57970000000003,0.4813745615807156,0.00998645168764533,303,8.085103988647461,-171.1808508
1577,-171.29938000000004,0.5021828267697361,0.00998645168764533,287,7.670777797698975,-171.18206440000003
1578,-185.23064,0.5853036625300195,0.00998645168764533,352,9.413280010223389,-171.2009576
1579,-174.42216000000002,0.575215970096906,0.00998645168764533,768,20.536677837371826,-171.2400172
1580,-184.88182000000003,0.6018612299448074,0.00998645168764533,134,3.6153368949890137,-171.19776120000003
1581,-185.07576,0.6418663139791332,0.00998645168764533,144,3.8553531169891357,-171.47248760000002
1582,-191.24150000000003,0.5540614546427028,0.00998645168764533,322,8.675659656524658,-172.1998848
1583,-186.12696,0.588625609570752,0.00998645168764533,144,3.852750062942505,-172.85159600000003
1584,-183.74292,0.5462135897038044,0.00998645168764533,372,9.945387840270996,-172.7939168
1585,-172.64972,0.6486031251845388,0.00998645168764533,253,6.768014907836914,-172.5143736
1586,-183.8976,0.5863390079777301,0.00998645168764533,993,26.596872806549072,-172.7226356
1587,-147.22825999999986,0.5262598726459748,0.00998645168764533,794,21.23115086555481,-171.9346632
1588,-172.65648,0.4875060213663385,0.00998645168764533,393,10.503520011901855,-175.5519016
1589,-187.8874,0.5267631247369272,0.00998645168764533,124,3.339715003967285,-175.6262828
1590,-161.71396000000001,0.5113173042865762,0.00998645168764533,837,22.387688875198364,-175.4111896
1591,-181.56144,0.6402875073295501,0.00998645168764533,225,6.030717849731445,-175.344782
1592,-171.33944000000002,0.5697234684350065,0.00998645168764533,289,7.776275873184204,-175.0778344
1593,-178.99408000000003,0.5185564954952461,0.00998645168764533,353,9.443035125732422,-175.1126872
1594,-186.62688000000003,0.598555827084764,0.00998645168764533,113,3.036444902420044,-175.1126872
1595,-186.62688000000003,0.5401300632650345,0.00998645168764533,113,3.000803232192993,-175.8006456
1596,-186.62688000000003,0.7125436283516146,0.00998645168764533,113,3.051027774810791,-175.8006456
1597,-176.29938,0.5269949159672187,0.00998645168764533,459,12.387887239456177,-175.5940956
1598,-169.65992000000003,0.5630014173187582,0.00998645168764533,560,14.970769166946411,-175.25475640000002
1599,-171.33368000000002,0.5139075274060393,0.00998645168764533,289,7.7539660930633545,-175.14472600000002
1600,-157.67497999999998,0.5384617570289686,0.00998645168764533,778,20.756110906600952,-174.84523120000003
1601,-171.23870000000002,0.6621610469813376,0.00998645168764533,283,7.608009099960327,-175.5263908
1602,15.227439999999978,0.47051679089676635,0.00998645168764533,664,17.836608171463013,-172.1613796
1603,-183.08824,0.4827510953077982,0.00998645168764533,145,3.906217098236084,-172.2010888
1604,-161.66732000000007,0.5505625729860416,0.00998645168764533,677,18.127073049545288,-172.01473400000003
1605,-172.64972,0.5129865242367088,0.00998645168764533,253,6.774255990982056,-171.770092
1606,-184.88182000000003,0.3583829319382559,0.00998645168764533,134,3.5950582027435303,-172.0471632
1607,-186.62688000000003,0.7057453821520362,0.00998645168764533,113,3.02457594871521,-172.01835200000002
1608,-169.99604000000002,0.5064998185505423,0.00998645168764533,421,11.278609037399292,-171.653724
1609,-186.62688000000003,0.7204939623618811,0.00998645168764533,113,3.092759132385254,-172.2865104
1610,-186.62688000000003,0.4814242392663011,0.00998645168764533,113,3.0094008445739746,-172.6682576
1611,-150.34373999999988,0.6239688489586115,0.00998645168764533,690,18.391681671142578,-171.9425948
1612,-164.10094000000007,0.5542635199318999,0.00998645168764533,638,17.02112913131714,-171.89579
1613,-163.36096000000003,0.6111942100272115,0.00998645168764533,560,14.943716049194336,-171.71915520000002
1614,-187.62099999999998,0.5603229792720479,0.00998645168764533,164,4.400484800338745,-172.0465804
1615,-181.90112,0.5039675557924072,0.00998645168764533,241,6.49652624130249,-171.9520652
1616,-187.8687,0.5196646436856225,0.00998645168764533,174,4.654989242553711,-172.3706764
1617,-186.62688000000003,0.5334257532685863,0.00998645168764533,113,3.055305004119873,-172.4836956
1618,-184.89642,0.37886504434325075,0.00998645168764533,135,3.5922348499298096,-172.44908640000003
1619,-186.62688000000003,0.6442464817216439,0.00998645168764533,113,3.031515121459961,-172.4839876
1620,43.9500000000002,0.5717301458035681,0.00998645168764533,1144,30.552139043807983,-167.87245
1621,-186.62688000000003,0.6446404856654395,0.00998645168764533,113,3.024733066558838,-168.69462240000001
1622,-159.77614,0.6354750877743219,0.00998645168764533,491,13.197248935699463,-168.3336548
1623,-184.88182000000003,0.6367825831411712,0.00998645168764533,134,3.603632926940918,-168.82196080000003
1624,-172.51358000000002,0.5247597093300899,0.00998645168764533,391,10.437308073043823,-169.067496
1625,-180.87606000000002,0.5775019366010533,0.00998645168764533,243,6.478790044784546,-168.9524796
1626,-144.64577999999983,0.6028949807556802,0.00998645168764533,1003,26.843538999557495,-168.4338012
1627,-185.7362,0.773359973269004,0.00998645168764533,124,3.37450909614563,-168.7225376
1628,9.360400000000002,0.5256398422280937,0.00998645168764533,976,26.147886991500854,-164.8307168
1629,-180.06586000000001,0.49650997430856886,0.00998645168764533,203,5.438360929489136,-164.9435908
1630,-186.62688000000003,0.5445870068830858,0.00998645168764533,113,3.0487070083618164,-164.97849200000002
1631,-172.25928000000002,0.6502119909298847,0.00998645168764533,321,8.569605112075806,-164.7221624
1632,3.7981599999999975,0.5716178086680688,0.00998645168764533,592,15.796145915985107,-160.82136920000002
1633,-187.63572000000002,0.46281682442535055,0.00998645168764533,165,4.480296850204468,-160.8515444
1634,-186.98814000000002,0.5720062672750641,0.00998645168764533,131,3.5460422039031982,-160.9164488
1635,-172.02416000000002,0.44631268419087317,0.00998645168764533,313,8.35513424873352,-160.9039376
1636,-186.62688000000003,0.732773019033855,0.00998645168764533,113,3.034233808517456,-160.9585232
1637,-171.29938000000004,0.5605732267235733,0.00998645168764533,287,7.649893045425415,-161.43994560000002
1638,-144.32887999999977,0.5701643163912514,0.00998645168764533,1184,31.55805802345276,-160.87339359999999
1639,4.541119999999995,0.5500338554918971,0.00998645168764533,656,17.545332193374634,-157.02482320000001
1640,-185.18944000000002,0.5072956941508013,0.00998645168764533,145,3.8967251777648926,-157.49433280000002
1641,-184.34876000000003,0.5738308538670819,0.00998645168764533,156,4.17091703414917,-157.5500792
1642,-142.55537999999981,0.5900719823608715,0.00998645168764533,871,23.265597105026245,-156.974398
1643,-186.62688000000003,0.47715803084120284,0.00998645168764533,113,3.0357651710510254,-157.12705400000002
1644,-186.99462000000003,0.4509103228444703,0.00998645168764533,131,3.5068421363830566,-157.1344088
1645,-186.62688000000003,0.5503568048547722,0.00998645168764533,113,3.027359962463379,-157.1344088
1646,-170.32324,0.5189556670120671,0.00998645168764533,677,18.117400884628296,-156.808336
1647,-186.62688000000003,0.5837349454517913,0.00998645168764533,113,3.0383358001708984,-157.01488600000002
1648,-179.7374,0.6693560868084174,0.00998645168764533,580,15.514497995376587,-157.2164356
1649,-185.7048,0.541626998385838,0.00998645168764533,321,8.58392882347107,-157.503858
1650,-0.7104000000000035,0.46783474685666576,0.00998645168764533,528,14.090399026870728,-154.3645664
1651,-170.63436000000002,0.5948500560108925,0.00998645168764533,508,13.596979856491089,-154.3524796
1652,-184.88766,0.4811162941925626,0.00998645168764533,131,3.507688045501709,-158.3547816
1653,-187.83836,0.5126228233431142,0.00998645168764533,172,4.590368986129761,-158.449784
1654,14.288159999999976,0.5310698614453477,0.00998645168764533,816,21.754967212677002,-154.9306744
1655,-143.5433199999998,0.5529989525620089,0.00998645168764533,669,17.866488933563232,-154.3485464
1656,-160.25712,0.5615157005874125,0.00998645168764533,609,16.355430841445923,-153.85605239999998
1657,-170.96471999999997,0.5210763669526535,0.00998645168764533,705,18.844194889068604,-153.5428092
1658,-186.62688000000003,0.44826908449156094,0.00998645168764533,113,3.0378520488739014,-153.87542599999998
1659,-186.62688000000003,0.5496117182207846,0.00998645168764533,113,3.022321939468384,-153.87542599999998
1660,-175.67720000000006,0.5776466845037133,0.00998645168764533,481,12.852332830429077,-153.6564324
1661,-183.78416,0.47240388700089675,0.00998645168764533,976,26.159968852996826,-154.3252408
1662,-187.8874,0.46899383150101187,0.00998645168764533,124,3.3211750984191895,-154.80097
1663,21.006559999999872,0.45833204888973444,0.00998645168764533,968,25.889697074890137,-151.1136196
1664,42.18008000000029,0.4163942236665535,0.00998645168764533,1176,31.422953128814697,-146.517598
1665,32.249840000000134,0.352786707395674,0.00998645168764533,1088,28.99654722213745,-142.23457879999998
1666,-175.31512000000004,0.3728632622944774,0.00998645168764533,329,8.823659658432007,-141.9835072
1667,-171.50048000000004,0.34600324399743965,0.00998645168764533,441,11.836785078048706,-141.6809792
1668,-167.38398,0.3870747894961461,0.00998645168764533,502,13.42670202255249,-141.3307304
1669,-149.53071999999983,0.37861982818464757,0.00998645168764533,849,22.63824701309204,-140.5888072
1670,-190.32864,0.35960435467616964,0.00998645168764533,144,3.834216833114624,-145.27437999999998
1671,-160.86998000000003,0.3535305620652848,0.00998645168764533,638,17.08872103691101,-144.759242
1672,-155.05619999999993,0.40475309959318406,0.00998645168764533,1237,33.06371808052063,-144.6648432
1673,-167.15070000000003,0.3497771120423244,0.00998645168764533,342,9.118434190750122,-144.3102208
1674,-181.83676000000003,0.3485914122281691,0.00998645168764533,236,6.284186124801636,-144.4966844
1675,-174.882,0.38085365487197853,0.00998645168764533,489,13.190027952194214,-144.37680319999998
1676,-190.1908,0.31701477116232346,0.00998645168764533,281,7.453519105911255,-145.2877036
1677,-166.41228,0.3619702099552917,0.00998645168764533,501,13.30967378616333,-144.9012252
1678,-171.23870000000002,0.4091398836156294,0.00998645168764533,283,7.551624774932861,-148.5132072
1679,38.3322400000002,0.3474676163811515,0.00998645168764533,1072,28.546812772750854,-144.14524519999998
1680,-186.62688000000003,0.38898085054438725,0.00998645168764533,113,3.066171169281006,-144.14524519999998
1681,-179.17332000000002,0.2995086006619071,0.00998645168764533,213,5.705746173858643,-144.283526
1682,-182.28918000000002,0.38605423595482874,0.00998645168764533,654,17.42608404159546,-148.00527279999997
1683,-173.98058,0.44398343758588243,0.00998645168764533,403,10.735521078109741,-147.73217
1684,-186.62688000000003,0.24581024182581268,0.00998645168764533,113,3.030848979949951,-147.7249448
1685,-171.62322000000003,0.5709836765287732,0.00998645168764533,303,8.098809242248535,-147.71692599999997
1686,-186.62688000000003,0.5317719878332146,0.00998645168764533,113,3.026603937149048,-147.71692599999997
1687,-186.62688000000003,0.45491543333911527,0.00998645168764533,113,3.0311241149902344,-148.023476
1688,-186.62688000000003,0.6111364974434265,0.00998645168764533,113,3.0202391147613525,-148.86943599999998
1689,-171.33944000000002,0.4583507143831119,0.00998645168764533,289,7.748329162597656,-152.38704719999998
1690,-186.62688000000003,0.5156759187018713,0.00998645168764533,113,3.0809600353240967,-152.415796
1691,-186.62688000000003,0.777231767147252,0.00998645168764533,113,3.0227367877960205,-152.4613584
1692,-186.62688000000003,0.5284361442204861,0.00998645168764533,113,3.0342559814453125,-153.3427884
1693,-156.00943999999993,0.5865465197332801,0.00998645168764533,761,20.364259243011475,-152.73043959999998
1694,-188.5052,0.5775134853769983,0.00998645168764533,352,9.398214101791382,-152.76065119999998
1695,-166.29080000000005,0.5133041776875458,0.00998645168764533,352,9.386466026306152,-152.3539296
1696,-186.62688000000003,0.7500597855356415,0.00998645168764533,113,3.0309972763061523,-152.6800024
1697,-186.62688000000003,0.851735730828569,0.00998645168764533,113,3.0840859413146973,-152.6800024
1698,-171.33944000000002,0.6083051247206424,0.00998645168764533,289,7.775180101394653,-152.5120432
1699,-149.7379199999999,0.5660323971435244,0.00998645168764533,808,21.656196117401123,-151.79270559999998
1700,26.01048000000008,0.601826674434699,0.00998645168764533,1392,37.208922147750854,-151.258288
1701,-186.62688000000003,0.5981419825909939,0.00998645168764533,113,3.0562710762023926,-151.5781384
1702,-152.54873999999987,0.5101708923875926,0.00998645168764533,1035,27.625014066696167,-150.93135999999998
1703,-177.31078000000002,0.4336135941635314,0.00998645168764533,659,17.647682189941406,-150.72080839999998
1704,-171.51946,0.44357149973853116,0.00998645168764533,491,13.143321752548218,-154.4369608
1705,-160.46643999999998,0.5470777854063342,0.00998645168764533,924,24.437323570251465,-154.77542319999998
1706,-160.6304599999999,0.5003088895197111,0.00998645168764533,867,22.993799209594727,-154.78288999999998
1707,-186.62688000000003,0.5176826781403702,0.00998645168764533,113,3.0089831352233887,-155.0961332
1708,-184.06948000000003,0.6011648891395357,0.00998645168764533,341,9.138023138046265,-155.04498519999999
1709,-184.88766,0.485639805073729,0.00998645168764533,131,3.505571126937866,-155.01020079999998
1710,-157.12055999999984,0.47256014905362675,0.00998645168764533,1432,38.05377006530762,-154.63906799999998
1711,-165.84068000000002,0.4668301891266044,0.00998645168764533,629,16.775391101837158,-154.2801984
1712,-175.75198000000003,0.3945577020421169,0.00998645168764533,491,13.026569128036499,-154.03749
1713,-186.62688000000003,0.4034321117008814,0.00998645168764533,113,3.0258851051330566,-158.19015879999998
1714,-186.09248,0.4261046731917115,0.00998645168764533,385,10.25455093383789,-162.75561
1715,-175.64072000000004,0.4136647048721907,0.00998645168764533,481,12.78626298904419,-166.91342120000002
1716,-184.35876000000002,0.39500089949307343,0.00998645168764533,300,8.018876791000366,-167.09429400000002
1717,-172.89868000000004,0.2866663992940767,0.00998645168764533,365,9.767338991165161,-167.122258
1718,-163.52224,0.43191171118523924,0.00998645168764533,560,14.89132285118103,-167.0450232
1719,-188.75872,0.4420834164417881,0.00998645168764533,560,14.951057195663452,-167.8295832
1720,13.241360000000004,0.42283966320672267,0.00998645168764533,848,22.599843978881836,-163.7581832
1721,-186.62688000000003,0.5155125721563808,0.00998645168764533,113,3.015718936920166,-164.2733212
1722,-176.66120000000004,0.48127947055113224,0.00998645168764533,529,14.19530701637268,-164.70542120000002
1723,-181.55184,0.3700075885653496,0.00998645168764533,225,5.995036840438843,-164.993444
1724,15.341439999999992,0.41517532017665454,0.00998645168764533,664,17.694963932037354,-161.04988
1725,-149.74531999999988,0.3845215823550776,0.00998645168764533,716,19.130446910858154,-160.5471464
1726,-179.51360000000003,0.44725802582872787,0.00998645168764533,177,4.8001532554626465,-160.3336024
1727,-175.72808000000003,0.5061937883717014,0.00998645168764533,481,12.840806007385254,-160.5199184
1728,-186.62688000000003,0.35195077881546677,0.00998645168764533,113,3.033914089202881,-160.827682
1729,-186.62688000000003,0.6748631799478183,0.00998645168764533,113,3.009671926498413,-165.3268644
1730,-186.62688000000003,0.480582275304251,0.00998645168764533,113,3.0352070331573486,-165.3268644
1731,-182.37728,0.4547717598646253,0.00998645168764533,928,25.61249327659607,-165.39094359999999
1732,-171.31154000000004,0.5741641696259692,0.00998645168764533,382,10.4910409450531,-165.1713908
1733,-186.62688000000003,0.45044100502983925,0.00998645168764533,113,3.2294042110443115,-165.4243168
1734,-186.62688000000003,0.47706710566577,0.00998645168764533,113,3.443976879119873,-165.4243168
1735,-186.62688000000003,0.4047404044365461,0.00998645168764533,113,3.078015089035034,-165.72439000000003
1736,-186.62688000000003,0.4771501102311685,0.00998645168764533,113,3.10421085357666,-165.72439000000003
1737,-186.62688000000003,0.6300168285574929,0.00998645168764533,113,3.0909409523010254,-165.72439000000003
1738,-171.33368000000002,0.5154837863036402,0.00998645168764533,289,7.84490180015564,-165.418526
1739,-184.75106000000002,0.5308848349955975,0.00998645168764533,322,8.837191104888916,-165.6867584
1740,-184.13752000000002,0.7441488526376157,0.00998645168764533,145,3.9755258560180664,-165.6369712
1741,12.675519999999963,0.5501842131505277,0.00998645168764533,856,23.313156127929688,-161.6509232
1742,-180.83288000000002,0.5786960209040223,0.00998645168764533,481,13.166930913925171,-161.5350432
1743,-176.31910000000005,0.5058686309236965,0.00998645168764533,326,8.930576086044312,-161.9412364
1744,-184.89642,0.6702973609376285,0.00998645168764533,135,3.6590211391448975,-161.8690608
1745,-172.64972,0.5386625658720732,0.00998645168764533,253,7.040866136550903,-161.9962392
1746,-185.86016000000004,0.5644173071546069,0.00998645168764533,177,4.835643291473389,-161.98090480000002
1747,-186.62688000000003,0.6598520311073656,0.00998645168764533,113,3.1198599338531494,-161.98090480000002
1748,-186.62688000000003,0.531836997989598,0.00998645168764533,113,3.1400229930877686,-162.28665360000002
1749,-186.62688000000003,0.833309371189206,0.00998645168764533,113,3.125757932662964,-163.0244328
1750,-182.69154,0.541202822671921,0.00998645168764533,231,6.34630560874939,-167.1984732
1751,39.89056000000042,0.6471889492558845,0.00998645168764533,1376,37.84528613090515,-162.6681244
1752,-182.84146,0.5177702956654607,0.00998645168764533,235,6.467752933502197,-163.2739788
1753,-173.38556000000005,0.6466291765493752,0.00998645168764533,469,12.820241928100586,-163.1954744
1754,-186.62688000000003,0.590428447697015,0.00998645168764533,113,3.0865771770477295,-163.49762280000002
1755,-160.45136000000002,0.6371481869101066,0.00998645168764533,617,17.024388074874878,-163.49732120000002
1756,-180.6062,0.7142681544359039,0.00998645168764533,421,11.631888151168823,-163.896836
1757,-171.02806000000004,0.6152309938605848,0.00998645168764533,274,7.621500015258789,-163.5848596
1758,33.79744000000015,0.645144704168887,0.00998645168764533,1592,43.887001276016235,-159.2275212
1759,-186.62688000000003,0.6061179860272502,0.00998645168764533,113,3.1093788146972656,-159.2623056
1760,-182.30962,0.5529913776784342,0.00998645168764533,263,7.251630783081055,-159.7660868
1761,-189.75492000000003,0.6685019532162132,0.00998645168764533,165,4.507473707199097,-160.24437160000002
1762,-146.0981799999999,0.5869229756431972,0.00998645168764533,738,20.281553268432617,-159.65129560000003
1763,-186.69686000000002,0.43051164356594007,0.00998645168764533,267,7.35515284538269,-159.6526952
1764,-169.09212,0.45621092199538665,0.00998645168764533,332,9.066863059997559,-159.312688
1765,-163.68614000000002,0.5593412775647911,0.00998645168764533,550,15.148893117904663,-159.0735964
1766,50.06952000000028,0.4847489979624858,0.00998645168764533,1360,37.677436113357544,-154.3850308
1767,-174.44050000000004,0.5393397367155296,0.00998645168764533,431,11.99173903465271,-154.41586719999998
1768,-186.62688000000003,0.4196389176577857,0.00998645168764533,113,3.0609188079833984,-154.87796
1769,-186.62688000000003,0.45926722492693006,0.00998645168764533,113,3.232243776321411,-154.8353232
1770,-171.99344000000002,0.4334708077583117,0.00998645168764533,313,8.646487712860107,-158.54001920000002
1771,-174.71038000000001,0.42288546987606285,0.00998645168764533,491,13.549369812011719,-158.3016892
1772,-186.62688000000003,0.2755108689806894,0.00998645168764533,113,3.121852159500122,-158.5010028
1773,-180.48712,0.4088293899919584,0.00998645168764533,176,4.827664136886597,-158.4797084
1774,-172.64972,0.46448143479587295,0.00998645168764533,253,6.971908807754517,-162.2395316
1775,-166.75791999999996,0.5216007089308862,0.00998645168764533,560,15.45172119140625,-162.5797836
1776,-175.64264000000003,0.5068657380933418,0.00998645168764533,481,13.314055919647217,-162.5023644
1777,-186.62688000000003,0.4272139985279172,0.00998645168764533,113,3.1059410572052,-162.7203404
1778,-184.88182000000003,0.5742014598851995,0.00998645168764533,134,3.730867862701416,-162.6854392
1779,-152.6667399999999,0.5226561569880803,0.00998645168764533,647,17.91947913169861,-162.0062364
1780,-178.25042000000002,0.5043225230194316,0.00998645168764533,643,17.790491819381714,-161.8387072
1781,-187.621,0.48042712980745045,0.00998645168764533,164,4.5565221309661865,-161.9435816
1782,-178.69372,0.5185328020204678,0.00998645168764533,764,21.182701110839844,-162.0912252
1783,-180.16264,0.48088894931055853,0.00998645168764533,209,5.760583877563477,-161.9619404
1784,-149.33245999999988,0.6090089178252696,0.00998645168764533,690,19.01720094680786,-161.216052
1785,-186.62688000000003,0.6943597051158416,0.00998645168764533,113,3.156205892562866,-161.216052
1786,15.884719999999989,0.5887392657057661,0.00998645168764533,776,21.55045986175537,-157.16582
1787,-166.74544,0.5038139273713955,0.00998645168764533,689,19.082106828689575,-156.7681912
1788,-186.62688000000003,0.5991081597069196,0.00998645168764533,113,3.130121946334839,-157.0740552
1789,-186.62688000000003,0.42316939989187285,0.00998645168764533,113,3.1175031661987305,-157.1115716
1790,-160.85822000000002,0.5919277698942699,0.00998645168764533,586,16.115315914154053,-156.6459856
1791,-186.62688000000003,0.6245977035517581,0.00998645168764533,113,3.088330030441284,-160.6320336
1792,-176.10424,0.48052017860027263,0.00998645168764533,512,14.160170078277588,-160.5374608
1793,-190.2004,0.6508460959412979,0.00998645168764533,281,7.75718092918396,-160.8150868
1794,-169.0285,0.7093647052717597,0.00998645168764533,431,11.910457849502563,-160.4977284
1795,-186.62688000000003,0.561539345181885,0.00998645168764533,113,3.1251769065856934,-160.77727159999998
1796,-186.62688000000003,0.6997141288593411,0.00998645168764533,113,3.1792988777160645,-160.792606
1797,-143.50773999999979,0.598496325838521,0.00998645168764533,863,23.720636129379272,-159.93022319999997
1798,-171.33368000000002,0.6629085124093252,0.00998645168764533,289,7.965993881225586,-159.6243592
1799,-179.40374000000003,0.46535032761654915,0.00998645168764533,223,6.1187028884887695,-159.47989639999997
1800,-180.65456,0.6885616579599193,0.00998645168764533,184,5.10204005241394,-159.43915679999998
1801,-147.86851999999988,0.5693038185873559,0.00998645168764533,917,24.556174993515015,-163.1943384
1802,-138.02279999999985,0.5507644275451445,0.00998645168764533,976,26.00208616256714,-162.2979652
1803,-176.53888000000003,0.4278960523326057,0.00998645168764533,521,13.919471025466919,-162.3610316
1804,-186.62688000000003,0.597050903167213,0.00998645168764533,113,3.0249199867248535,-162.3610316
1805,15.454720000000012,0.5108561784096332,0.00998645168764533,664,17.74866271018982,-158.84291
1806,-174.40528000000003,0.5045224402299416,0.00998645168764533,560,14.986639261245728,-158.71889159999998
1807,-178.51418,0.47927997707999076,0.00998645168764533,811,21.608267068862915,-158.868614
1808,-184.13824000000002,0.5126711398234655,0.00998645168764533,145,3.8859198093414307,-163.2273276
1809,-180.65456,0.5665000776517326,0.00998645168764533,184,4.920734167098999,-163.10788119999998
1810,-187.38814,0.5114122441606754,0.00998645168764533,590,15.75475001335144,-163.2094516
1811,-169.92736000000002,0.5512597019793078,0.00998645168764533,313,8.476140022277832,-162.8129004
1812,-146.7406999999998,0.47827114801343384,0.00998645168764533,1547,41.17051887512207,-162.82575079999998
1813,10.754400000000008,0.3865618919177602,0.00998645168764533,888,23.757785320281982,-158.8767256
1814,-186.62688000000003,0.26234695521405843,0.00998645168764533,113,3.0431199073791504,-159.22742079999998
1815,-189.69812000000002,0.5188840364948976,0.00998645168764533,253,6.768648862838745,-159.74766039999997
1816,-186.62688000000003,0.34637157002513386,0.00998645168764533,113,3.0240519046783447,-164.4815884
1817,-172.04678000000004,0.4303105800985272,0.00998645168764533,322,8.586090087890625,-164.433714
1818,-169.71750000000003,0.44404039761242103,0.00998645168764533,303,8.097758054733276,-164.09552639999998
1819,21.643200000000014,0.3487971448406045,0.00998645168764533,840,22.362788915634155,-159.9301248
1820,32.00520000000001,0.340205722648534,0.00998645168764533,1216,32.44782209396362,-155.850152
1821,-186.62688000000003,0.4531662173124146,0.00998645168764533,113,3.0225372314453125,-156.088482
1822,-190.6226,0.4341566571597702,0.00998645168764533,253,6.7643091678619385,-156.1683964
1823,-186.62688000000003,0.2633278431387338,0.00998645168764533,113,3.0187649726867676,-156.2911916
1824,-174.77850000000004,0.3261586765085559,0.00998645168764533,303,8.098993062973022,-156.3337672
1825,-187.8874,0.42925468202860606,0.00998645168764533,124,3.3252017498016357,-156.7563568
1826,-165.2617,0.4077833723781978,0.00998645168764533,590,15.872227907180786,-156.548738
1827,-169.55560000000003,0.4170978656990867,0.00998645168764533,401,10.741419076919556,-156.20731239999998
1828,-169.88988,0.42781266421129704,0.00998645168764533,372,9.907427072525024,-155.9074736
1829,-190.00584,0.5267694011610342,0.00998645168764533,273,7.309840202331543,-156.6542556
1830,-182.68962,0.5493601654450615,0.00998645168764533,231,6.16533088684082,-156.7430396
1831,-186.62688000000003,0.5269197246257579,0.00998645168764533,113,3.0354459285736084,-156.7231572
1832,-161.4998,0.48409660319402525,0.00998645168764533,469,12.573904991149902,-156.37927879999998
1833,-180.02830000000003,0.5708419872365268,0.00998645168764533,203,5.442770957946777,-156.376592
1834,-186.62688000000003,0.46180088424115584,0.00998645168764533,113,3.0392682552337646,-157.1224804
1835,-186.62688000000003,0.4202959179317793,0.00998645168764533,113,3.015439033508301,-157.1224804
1836,-173.51802000000004,0.5157097519271904,0.00998645168764533,495,13.209721088409424,-160.9105352
1837,-186.62688000000003,0.2816284304336373,0.00998645168764533,113,3.0130727291107178,-161.308164
1838,-149.69481999999982,0.6344909978739864,0.00998645168764533,846,22.525551080703735,-160.5695228
1839,-186.99462000000003,0.38805980515445915,0.00998645168764533,131,3.5276262760162354,-160.5768776
1840,-175.46838000000005,0.5989923716548459,0.00998645168764533,471,12.707613945007324,-160.8690808
1841,-181.94366,0.5835951270006806,0.00998645168764533,391,10.461077213287354,-160.77541639999998
1842,-187.8874,0.5019937753602262,0.00998645168764533,124,3.324827194213867,-161.0110796
1843,-167.42571999999996,0.6461175570396522,0.00998645168764533,677,18.016271829605103,-160.555586
1844,11.955439999999992,0.606950643997229,0.00998645168764533,944,25.19256281852722,-156.9359072
1845,42.56400000000023,0.5842999585744876,0.00998645168764533,1216,33.33664608001709,-152.3520896
1846,-186.12696,0.41220210228736204,0.00998645168764533,144,3.953909397125244,-152.3420912
1847,-140.60223999999982,0.48285188382886574,0.00998645168764533,825,22.657291173934937,-152.2839812
1848,-186.62688000000003,0.6169505343995,0.00998645168764533,113,3.1344621181488037,-152.5898452
1849,-159.08892000000003,0.5637841791298512,0.00998645168764533,781,21.359944820404053,-152.18354879999998
1850,-186.62688000000003,0.44269080979304504,0.00998645168764533,113,3.1235289573669434,-152.3029952
1851,-174.41386000000003,0.4620660422391446,0.00998645168764533,431,11.67648696899414,-152.833902
1852,-186.62688000000003,0.40046431420914896,0.00998645168764533,113,3.158396005630493,-153.8059836
1853,-186.2914,0.5297302528607603,0.00998645168764533,245,6.76199197769165,-154.001034
1854,-141.9603199999998,0.5226731012522612,0.00998645168764533,848,23.353673934936523,-153.1077028
1855,-190.20232,0.6339368156134234,0.00998645168764533,281,7.714195013046265,-157.2208436
1856,-184.89642,0.48486405633114005,0.00998645168764533,135,3.735111951828003,-157.43066639999998
1857,-186.62688000000003,0.6294393286735347,0.00998645168764533,113,3.1000680923461914,-157.5929204
1858,-148.43461999999982,0.46682600578148375,0.00998645168764533,926,25.65890097618103,-156.878848
1859,-186.62688000000003,0.39278511998070553,0.00998645168764533,113,3.2162039279937744,-156.9982944
1860,-163.0880199999999,0.45103633133511917,0.00998645168764533,867,23.852375984191895,-156.51229199999997
1861,-155.56517999999994,0.46204333054154184,0.00998645168764533,738,20.386646032333374,-156.2250484
1862,-174.56024000000002,0.5242871892190986,0.00998645168764533,385,10.624951839447021,-156.7814392
1863,-172.64972,0.38205857556902256,0.00998645168764533,253,6.973186016082764,-160.4495216
1864,-186.62688000000003,0.3102010278838926,0.00998645168764533,113,3.1283440589904785,-160.4495216
1865,-190.77306000000002,0.37559067812616087,0.00998645168764533,303,8.35302186012268,-160.4710204
1866,-151.6042399999999,0.40574457056275226,0.00998645168764533,1025,28.26994776725769,-159.7705676
1867,-181.04926,0.4976922939996218,0.00998645168764533,491,13.614464044570923,-159.95061719999998
1868,-184.89642,0.5875420880952367,0.00998645168764533,135,3.731484889984131,-160.25419559999997
1869,-172.64972,0.5761828578772987,0.00998645168764533,253,7.002086877822876,-164.140054
1870,-189.16502000000003,0.35524943226829486,0.00998645168764533,235,6.457118034362793,-168.56345839999997
1871,-146.93775999999983,0.5890708589340791,0.00998645168764533,633,17.50896406173706,-167.769676
1872,-186.62688000000003,0.6459041831899534,0.00998645168764533,113,3.1583378314971924,-167.6897616
1873,-152.76947999999985,0.48276482751570277,0.00998645168764533,820,22.62259292602539,-167.01261359999998
1874,4.470319999999981,0.48809259279637207,0.00998645168764533,608,16.74170970916748,-163.42763719999996
1875,-173.88246,0.5331031156989154,0.00998645168764533,927,25.539684057235718,-163.14753839999997
1876,-186.62688000000003,0.38908517945854537,0.00998645168764533,113,3.1441380977630615,-163.574842
1877,32.5371200000001,0.5534849784575447,0.00998645168764533,992,27.422287940979004,-159.53298759999998
1878,-184.69538,0.388723904602461,0.00998645168764533,322,8.8370361328125,-159.82909759999998
1879,-186.62688000000003,0.6053950958679207,0.00998645168764533,113,3.081782102584839,-159.7615184
1880,-156.78657999999984,0.43953694914926467,0.00998645168764533,887,24.395264863967896,-159.24345759999997
1881,-164.50480000000005,0.44045340411664385,0.00998645168764533,560,15.521064043045044,-158.80101599999998
1882,-186.12696,0.5138749653188925,0.00998645168764533,144,4.010571002960205,-159.29355919999998
1883,-173.91606000000004,0.4305732766599065,0.00998645168764533,495,13.736806154251099,-159.17131439999997
1884,-153.4832599999999,0.40856202225428384,0.00998645168764533,794,22.003746032714844,-158.50844199999997
1885,3.9284800000000066,0.3971436244161875,0.00998645168764533,592,16.437044143676758,-154.69733479999996
1886,-186.62688000000003,0.33097945890529495,0.00998645168764533,113,3.0881240367889404,-154.959512
1887,33.695840000000175,0.4439533384113859,0.00998645168764533,1040,28.489508152008057,-150.5530576
1888,-168.38480000000004,0.3905437838693615,0.00998645168764533,352,9.755248308181763,-150.92685719999997
1889,-192.56186,0.34423250896984814,0.00998645168764533,391,10.81700086593628,-151.03820199999996
1890,-186.62688000000003,0.39905602777525123,0.00998645168764533,113,3.1130459308624268,-151.26137199999997
1891,-180.50448,0.3452202874670426,0.00998645168764533,225,6.1355931758880615,-151.23258839999997
1892,-166.45254000000003,0.396508018552241,0.00998645168764533,550,15.074604988098145,-150.80389119999998
1893,47.010480000000214,0.37755008535270856,0.00998645168764533,1480,41.025436878204346,-146.51516719999998
1894,-186.62688000000003,0.21176322385569854,0.00998645168764533,113,3.1450061798095703,-150.48681359999998
1895,-186.62688000000003,0.4242399591721792,0.00998645168764533,113,3.1346170902252197,-155.07063119999998
1896,-175.27944000000002,0.4426409761575341,0.00998645168764533,369,10.148797035217285,-154.85368079999998
1897,-186.62688000000003,0.5099589378465857,0.00998645168764533,113,3.0600569248199463,-155.77417359999998
1898,-186.62688000000003,0.48751764046440343,0.00998645168764533,113,3.072037935256958,-155.77417359999998
1899,-174.66420000000005,0.36523958098498127,0.00998645168764533,525,14.27222466468811,-156.0856792
1900,-186.62688000000003,0.45131528505280744,0.00998645168764533,113,3.1450202465057373,-156.0856792
1901,-140.03459999999978,0.4407229120312838,0.00998645168764533,1045,27.635782718658447,-155.398094
1902,-186.62688000000003,0.35580842142545543,0.00998645168764533,113,2.920351028442383,-155.398094
1903,-169.23770000000002,0.370989614044925,0.00998645168764533,491,12.594365119934082,-155.05701999999997
1904,-182.84740000000002,0.5211305874891736,0.00998645168764533,284,7.331140995025635,-155.87476159999997
1905,-179.71704000000003,0.5260304482351686,0.00998645168764533,185,4.791695833206177,-155.665056
1906,-186.62688000000003,0.5843721433517943,0.00998645168764533,113,2.9253931045532227,-155.69966519999997
1907,-171.33944000000002,0.39501066586150946,0.00998645168764533,289,7.435879230499268,-155.39391639999997
1908,-180.02830000000003,0.3824841073883945,0.00998645168764533,203,5.4377100467681885,-156.02578999999997
1909,-188.65192000000002,0.5948449854280033,0.00998645168764533,209,5.6042139530181885,-156.0662908
1910,-186.62688000000003,0.39464561239016793,0.00998645168764533,113,3.0139682292938232,-156.53706799999998
1911,-184.12163999999999,0.6123227333356799,0.00998645168764533,540,14.45989990234375,-157.1081972
1912,-172.28174,0.4379227012395859,0.00998645168764533,382,10.250871896743774,-157.06262719999998
1913,-186.62688000000003,0.3697027981165895,0.00998645168764533,113,2.992504119873047,-157.3421704
1914,-153.02527999999984,0.6427961122762776,0.00998645168764533,665,17.710276126861572,-156.67013839999998
1915,-172.53366000000003,0.7274582027348728,0.00998645168764533,342,9.15413498878479,-156.30535039999998
1916,-148.4765999999999,0.637504382237025,0.00998645168764533,748,20.09285283088684,-156.2427976
1917,-186.62688000000003,0.6556432142985605,0.00998645168764533,113,3.073523998260498,-156.35434999999998
1918,-176.00488,0.6084523850117965,0.00998645168764533,353,9.406035900115967,-156.17651919999997
1919,-165.8365,0.502614196003123,0.00998645168764533,431,11.470749139785767,-156.04025479999999
1920,-184.88766,0.6067879693511561,0.00998645168764533,131,3.5190978050231934,-155.95470759999998
1921,-188.06744000000003,0.8387282941713119,0.00998645168764533,184,4.925130128860474,-156.77730119999998
1922,-167.56448000000003,0.6123704709844398,0.00998645168764533,560,14.918328046798706,-156.39605319999998
1923,-171.24974,0.47265157447765865,0.00998645168764533,283,7.551858901977539,-156.7656584
1924,-186.62688000000003,0.600642749149583,0.00998645168764533,113,3.0178470611572266,-160.5876024
1925,-175.51446000000004,0.711234857423148,0.00998645168764533,471,12.740609645843506,-160.6202424
1926,-186.62688000000003,0.9908242044409952,0.00998645168764533,113,3.0098137855529785,-160.6202424
1927,-186.62688000000003,0.4249700896310068,0.00998645168764533,113,3.033540725708008,-165.0035224
1928,-178.1408,0.6001808549573814,0.00998645168764533,352,9.447595834732056,-164.8724308
1929,-174.19414,0.6902169552487061,0.00998645168764533,322,8.527757167816162,-164.623776
1930,-145.82943999999986,0.584035304158915,0.00998645168764533,681,18.19451904296875,-164.40463319999998
1931,-186.62688000000003,0.5971416410685113,0.00998645168764533,113,3.0388550758361816,-164.8470748
1932,-184.88182000000003,0.6150072577284343,0.00998645168764533,134,3.584758996963501,-164.822172
1933,-186.62688000000003,0.7045009977851822,0.00998645168764533,113,3.0694069862365723,-165.07638839999998
1934,-186.62688000000003,0.6785665065610567,0.00998645168764533,113,3.069991111755371,-165.7392608
1935,-186.62688000000003,0.6755476883917519,0.00998645168764533,113,2.9876151084899902,-169.55036800000002
1936,-184.28982000000002,0.6240901558816728,0.00998645168764533,303,8.101213932037354,-169.50362679999998
1937,-171.31042000000002,0.8228570819582518,0.00998645168764533,287,7.716944932937622,-173.60375200000001
1938,-173.55544000000003,0.7587652003953271,0.00998645168764533,392,10.463584184646606,-173.7071648
1939,-186.62688000000003,0.600536166846884,0.00998645168764533,113,3.0006091594696045,-173.5884652
1940,-186.12696,0.823545587882917,0.00998645168764533,144,3.859858989715576,-173.5784668
1941,-186.62688000000003,0.9195297092232293,0.00998645168764533,113,3.0002200603485107,-173.7009148
1942,-186.62688000000003,0.7213894883912485,0.00998645168764533,113,3.022252082824707,-174.10440160000002
1943,-186.62688000000003,0.8972837493087338,0.00998645168764533,113,3.019451141357422,-178.7771488
1944,-175.88472000000002,0.7652069355647136,0.00998645168764533,609,16.515340089797974,-178.5623056
1945,-186.17188000000002,0.6712038158920308,0.00998645168764533,629,16.89091205596924,-178.5532056
1946,-153.0399799999999,0.7064408766535281,0.00998645168764533,863,22.957965850830078,-178.1084164
1947,-186.62688000000003,0.8068059840429146,0.00998645168764533,113,3.061429023742676,-178.1084164
1948,-181.90112,0.7714788297353568,0.00998645168764533,241,6.477475166320801,-178.0139012
1949,-168.02750000000003,0.6664327692084443,0.00998645168764533,382,10.241428136825562,-177.88116720000002
1950,-162.18372000000002,0.5943929587296526,0.00998645168764533,508,13.724378824234009,-177.392304
1951,-174.38828000000004,0.7621705316007137,0.00998645168764533,565,15.04177212715149,-178.07937760000002
1952,-187.17552,0.652706574752099,0.00998645168764533,144,3.8778510093688965,-178.09035040000003
1953,-186.62688000000003,0.568593956216906,0.00998645168764533,113,3.036349058151245,-178.43813400000002
1954,-175.44726000000006,0.6963714082308129,0.00998645168764533,471,12.687351942062378,-178.2901312
1955,-180.65456,0.6920516662572956,0.00998645168764533,184,4.963750839233398,-178.30888160000003
1956,14.632240000000003,0.7447948519495855,0.00998645168764533,760,20.50119376182556,-174.2836992
1957,-173.60870000000003,0.8176439441121219,0.00998645168764533,391,10.575417041778564,-174.3290844
1958,-186.62688000000003,0.7033555493978536,0.00998645168764533,113,3.070061206817627,-174.461056
1959,-171.78496000000004,0.6952569825843863,0.00998645168764533,353,9.559047937393188,-174.1237168
1960,-184.88182000000003,0.8190701184099289,0.00998645168764533,134,3.5889837741851807,-174.0888156
1961,-186.62688000000003,0.8803016418772461,0.00998645168764533,113,3.054611921310425,-174.13892040000002
1962,-169.50303999999997,0.7991120413936462,0.00998645168764533,737,19.89823579788208,-174.0833464
1963,-186.62688000000003,0.5189876726177414,0.00998645168764533,113,3.0342118740081787,-174.0833464
1964,-178.38752000000002,0.6165840975377413,0.00998645168764533,417,11.24936318397522,-174.5905912
1965,-184.88182000000003,0.6049882547040262,0.00998645168764533,134,3.57702898979187,-174.83755440000002
1966,-167.02904,0.6307007424291465,0.00998645168764533,385,10.358604669570923,-175.20860320000003
1967,-172.29314000000002,0.649864425870507,0.00998645168764533,382,10.257792949676514,-174.92192840000004
1968,-175.67624000000004,0.6745117789196342,0.00998645168764533,481,12.900497913360596,-174.9153556
1969,-187.8874,0.6256068730726838,0.00998645168764533,124,3.3400888442993164,-175.3563736
1970,-151.78787999999986,0.6793515010341498,0.00998645168764533,709,19.00266432762146,-174.694378
1971,-186.62688000000003,0.5585457143761152,0.00998645168764533,113,3.0503828525543213,-174.66556680000002
1972,-156.8782599999999,0.6147812158965013,0.00998645168764533,867,23.461315155029297,-174.45184240000003
1973,-155.08275999999992,0.7021975185894734,0.00998645168764533,669,18.056658267974854,-174.12850280000004
1974,-158.61767999999995,0.5407189055050446,0.00998645168764533,873,23.55189871788025,-173.56831880000001
1975,-186.62688000000003,0.6401071234779284,0.00998645168764533,113,3.1346418857574463,-173.7905672
1976,-171.46732000000003,0.5413816675572151,0.00998645168764533,788,21.241488218307495,-173.487376
1977,-174.70688,0.49967645525129556,0.00998645168764533,297,8.030656099319458,-173.248976
1978,-184.88182000000003,0.6066734258627603,0.00998645168764533,134,3.614316940307617,-173.3837964
1979,-161.80914,0.5317505817644221,0.00998645168764533,586,15.919975996017456,-173.1360964
1980,-171.22490000000005,0.4459660357858183,0.00998645168764533,283,7.590713739395142,-173.6440056
1981,-163.97042,0.49966204695670347,0.00998645168764533,391,10.476177215576172,-173.1908764
1982,-174.76458000000002,0.5890090933873816,0.00998645168764533,447,12.088007926940918,-172.98853160000002
1983,-178.71290000000005,0.5706860909033664,0.00998645168764533,382,10.362229824066162,-172.830252
1984,-187.64148,0.5499418532080722,0.00998645168764533,165,4.472162961959839,-172.850544
1985,2.5462400000000116,0.5232926442035156,0.00998645168764533,656,17.579938173294067,-169.06708160000002
1986,-182.2792,0.4365138101467248,0.00998645168764533,209,5.713376998901367,-169.0268692
1987,-186.83548000000002,0.5101457841454013,0.00998645168764533,124,3.436180353164673,-169.3373704
1988,-186.62688000000003,0.4351254589690835,0.00998645168764533,113,3.0073890686035156,-169.5987992
1989,-175.59448000000003,0.5148680931555906,0.00998645168764533,392,10.634143829345703,-169.3781512
1990,-184.88182000000003,0.4931943366415243,0.00998645168764533,134,3.672668933868408,-169.3532484
1991,-189.09510000000003,0.4826552256700078,0.00998645168764533,131,3.5394320487976074,-169.4026128
1992,-184.88182000000003,0.6187606445416364,0.00998645168764533,134,3.6764090061187744,-169.3677116
1993,-192.69474,0.6249111694815668,0.00998645168764533,443,11.963313817977905,-169.4890688
1994,-180.2346,0.5051248602376718,0.00998645168764533,213,5.72629976272583,-169.57606640000003
1995,-186.62688000000003,0.49340957833404564,0.00998645168764533,113,3.0254998207092285,-169.58516640000002
1996,-158.0983999999999,0.5748029066394461,0.00998645168764533,1184,32.07845711708069,-169.6863348
1997,-183.26986000000002,0.6457338985539489,0.00998645168764533,154,4.1448729038238525,-169.61919440000003
1998,10.53119999999998,0.5742749369697107,0.00998645168764533,912,24.858148097991943,-165.77054800000002
1999,-167.86600000000004,0.5748616422233161,0.00998645168764533,473,12.763023138046265,-165.76731800000002
2000,-184.88182000000003,0.39248881518229173,0.00998645168764533,134,3.6083261966705322,-166.22128
2001,-181.90862,0.5791436818332901,0.00998645168764533,283,7.669428825378418,-166.37168680000002
2002,-172.54378,0.5298116653171309,0.00998645168764533,491,13.379411935806274,-166.07905200000002
2003,-165.40952000000001,0.647929152902881,0.00998645168764533,560,15.041085958480835,-165.6547048
2004,-175.99912,0.5759136317345306,0.00998645168764533,353,9.527587890625,-165.665742
2005,-189.59972000000002,0.6523516649240444,0.00998645168764533,253,6.769413948059082,-165.8446452
2006,-170.78600000000006,0.6521732524077122,0.00998645168764533,609,16.3339900970459,-169.55301
2007,-167.32976000000002,0.595494297020857,0.00998645168764533,352,9.562306880950928,-169.42743120000003
2008,-157.80511999999976,0.5946624645025604,0.00998645168764533,1313,35.37559485435486,-168.850996
2009,-186.12696,0.6157643918284319,0.00998645168764533,144,3.8688318729400635,-169.137836
2010,-150.68639999999994,0.6015645564455392,0.00998645168764533,808,21.912233114242554,-168.4539276
2011,-186.62688000000003,0.6385609377670077,0.00998645168764533,113,2.9856948852539062,-168.4539276
2012,-186.62688000000003,0.7045089519722799,0.00998645168764533,113,3.0632660388946533,-168.7964044
2013,-191.20886000000002,0.5930898131235786,0.00998645168764533,322,8.701706886291504,-168.888044
2014,-187.8874,0.5782673920339514,0.00998645168764533,124,3.3285670280456543,-169.0780416
2015,-186.62688000000003,0.7829629232925651,0.00998645168764533,113,3.0268337726593018,-169.1129428
2016,-175.82674000000003,0.6671131964348059,0.00998645168764533,491,13.39714002609253,-169.2888968
2017,-188.02448,0.673147829209009,0.00998645168764533,184,4.939786911010742,-169.60352360000002
2018,-159.4881799999999,0.5578024282963184,0.00998645168764533,907,24.47465181350708,-169.2797624
2019,-186.62688000000003,0.6082553576958258,0.00998645168764533,113,2.999964952468872,-169.254552
2020,-167.63668,0.550826358447594,0.00998645168764533,612,16.43692708015442,-169.571528
2021,-187.853,0.6788527498593622,0.00998645168764533,469,12.547343015670776,-169.5960504
2022,-186.62688000000003,0.48179170875027116,0.00998645168764533,113,3.0298240184783936,-170.19102279999998
2023,-173.52614000000003,0.5881505805851363,0.00998645168764533,391,10.454343795776367,-170.5598904
2024,-186.62688000000003,0.5141679810409525,0.00998645168764533,113,3.043519973754883,-171.12007440000002
2025,-174.35024,0.5783419379756409,0.00998645168764533,376,10.302851915359497,-170.87454160000001
2026,-186.83548000000002,0.7424206110318342,0.00998645168764533,124,3.3250958919525146,-171.1819048
2027,-146.93069999999983,0.562724964196589,0.00998645168764533,1174,31.594355821609497,-170.6263812
2028,-186.62688000000003,0.6419517737772085,0.00998645168764533,113,3.1126620769500732,-170.6612824
2029,-192.53528000000003,0.6759949982263052,0.00998645168764533,385,10.344977140426636,-171.2758052
2030,9.055280000000021,0.5684402905637398,0.00998645168764533,1040,28.231024980545044,-167.6702016
2031,-171.23870000000002,0.5247109967938792,0.00998645168764533,283,7.612506151199341,-167.8155672
2032,-182.27152,0.6882963566082801,0.00998645168764533,209,5.651286840438843,-167.96570599999998
2033,-185.99002000000002,0.4989892440219248,0.00998645168764533,431,11.614326000213623,-168.1112484
2034,48.924240000000054,0.4815375081308913,0.00998645168764533,1312,35.44868612289429,-163.379934
2035,-186.62688000000003,0.3359647871333018,0.00998645168764533,113,3.0209062099456787,-167.1633964
2036,-186.62688000000003,0.44675129362736393,0.00998645168764533,113,3.0690999031066895,-167.25035
2037,-186.62688000000003,0.5253375078988286,0.00998645168764533,113,3.057255983352661,-167.246178
2038,-186.62688000000003,0.6444738506446633,0.00998645168764533,113,3.0768890380859375,-167.246178
2039,-186.62688000000003,0.5451726029767135,0.00998645168764533,113,3.086544990539551,-167.466826
2040,-180.71044,0.48383097270487857,0.00998645168764533,236,6.315227031707764,-167.3833984
2041,-180.48712,0.41964684322010726,0.00998645168764533,176,4.771022081375122,-167.2112388
2042,-182.28640000000001,0.5291137684707008,0.00998645168764533,209,5.629358768463135,-167.1593304
2043,-186.83714,0.5400282507709094,0.00998645168764533,175,4.736435890197754,-167.0421784
2044,-190.70900000000003,0.6461183655815633,0.00998645168764533,253,6.76396107673645,-167.2516664
2045,-146.08829999999983,0.5718733527034432,0.00998645168764533,1174,31.557047128677368,-166.4408948
2046,-171.42392000000004,0.5233553383209102,0.00998645168764533,385,10.348443031311035,-166.70740519999998
2047,-186.62688000000003,0.5722475248034549,0.00998645168764533,113,3.061544179916382,-166.7745456
2048,-166.90242000000006,0.5432025653147917,0.00998645168764533,867,23.353715896606445,-170.32321800000003
2049,-164.94234000000003,0.4723117870507094,0.00998645168764533,530,14.406880855560303,-170.26474480000002
2050,-172.31452000000002,0.4836548109656671,0.00998645168764533,332,8.890545129776001,-170.0133988
2051,-169.23688000000004,0.458389817292764,0.00998645168764533,392,10.616263151168823,-169.759964
2052,-186.62688000000003,0.6778141848693511,0.00998645168764533,113,3.004167318344116,-170.041626
2053,-171.24974,0.4426368493488052,0.00998645168764533,283,7.603662014007568,-170.1584304
2054,-184.88182000000003,0.44566023904385405,0.00998645168764533,134,3.6093859672546387,-170.3360844
2055,-160.1192,0.47986517179332955,0.00998645168764533,553,14.846236944198608,-169.746474
2056,-151.93511999999987,0.4519094211086262,0.00998645168764533,808,21.638511180877686,-169.36945640000002
2057,-187.621,0.3613619700460354,0.00998645168764533,164,4.3874146938323975,-169.7752812
2058,-175.19214000000002,0.5611054943312086,0.00998645168764533,414,11.183676958084106,-170.1230216
2059,-170.28888000000003,0.5893996408764602,0.00998645168764533,768,20.769307136535645,-169.80626
2060,-186.62688000000003,0.6837742140730926,0.00998645168764533,113,3.0591681003570557,-170.52506960000002
2061,-186.62688000000003,0.5911764496426403,0.00998645168764533,113,3.0079398155212402,-170.52506960000002
2062,-175.50582000000003,0.6689192548457478,0.00998645168764533,471,12.580610036849976,-170.3026484
2063,-179.74678000000003,0.5728727625433934,0.00998645168764533,187,4.979650020599365,-170.07340680000001
2064,-174.77170000000004,0.6342198689280423,0.00998645168764533,491,13.270583868026733,-169.8110928
2065,-172.64972,0.5276651607436154,0.00998645168764533,253,6.752532005310059,-169.5315496
2066,-168.68274000000002,0.6387118856340276,0.00998645168764533,362,9.79568600654602,-169.3886696
2067,-186.62688000000003,0.5124044482456108,0.00998645168764533,113,3.042404890060425,-169.36071760000002
2068,-182.30176,0.6287468920002857,0.00998645168764533,209,5.638869047164917,-169.81698920000002
2069,-176.32016000000002,0.622680255789865,0.00998645168764533,369,9.919716119766235,-169.61085480000003
2070,-175.53064000000003,0.5713710062060651,0.00998645168764533,385,10.448575973510742,-169.768734
2071,-157.71733999999998,0.6099785425726523,0.00998645168764533,638,17.299060821533203,-169.1660208
2072,-183.16940000000002,0.60689204472592,0.00998645168764533,253,6.798339128494263,-169.0968712
2073,-172.72504000000006,0.598318486138745,0.00998645168764533,344,9.215759992599487,-169.08084920000002
2074,-189.74996000000002,0.6256594100797718,0.00998645168764533,253,6.827965021133423,-169.1433108
2075,13.288640000000001,0.5622497587752787,0.00998645168764533,776,20.984358310699463,-165.39053320000002
2076,-186.12696,0.5285928024224833,0.00998645168764533,144,3.870812177658081,-165.37636280000004
2077,-186.62688000000003,0.615684070270014,0.00998645168764533,113,3.082782030105591,-166.1702864
2078,-191.74676000000002,0.68973184571318,0.00998645168764533,253,6.755602836608887,-166.272684
2079,-186.12696,0.6730377932156747,0.00998645168764533,144,3.99482798576355,-166.1445176
2080,-179.75554,0.7496498921369227,0.00998645168764533,191,5.190230131149292,-169.920734
2081,-186.62688000000003,0.6231007504614845,0.00998645168764533,113,2.9992787837982178,-170.2284976
2082,-182.7069,0.6861366754905744,0.00998645168764533,231,6.205639839172363,-170.23720520000003
2083,-163.13420000000002,0.7909151356838067,0.00998645168764533,349,9.392989158630371,-169.78008880000002
2084,-146.61229999999998,0.5859736281208264,0.00998645168764533,1006,27.332384824752808,-173.6908196
2085,-186.62688000000003,0.8893327389439915,0.00998645168764533,113,3.027306079864502,-173.6908196
2086,-178.66802,0.6036394915606885,0.00998645168764533,382,10.245763063430786,-173.5316424
2087,-186.62688000000003,0.6071921494682279,0.00998645168764533,113,3.00679087638855,-173.5316424
2088,-160.65556000000004,0.7427347056810235,0.00998645168764533,837,22.69828486442566,-173.012216
2089,-170.77110000000002,0.6075628126215046,0.00998645168764533,362,9.61650824546814,-172.6951004
2090,-183.90070000000003,0.7140813279728233,0.00998645168764533,287,7.6342058181762695,-172.7589056
2091,-186.62688000000003,0.5417331552413185,0.00998645168764533,113,3.0451226234436035,-172.8817008
2092,-186.62688000000003,0.6854492481056172,0.00998645168764533,113,2.982027053833008,-172.9685104
2093,-175.89010000000005,0.6797195919836794,0.00998645168764533,491,13.342845916748047,-172.74956960000003
2094,-173.34638,0.7180435330733774,0.00998645168764533,382,10.418689727783203,-172.4023172
2095,-181.98038000000003,0.7838440941102466,0.00998645168764533,243,6.584187030792236,-173.1201588
2096,-184.21996000000001,0.6281261436781074,0.00998645168764533,293,8.067690134048462,-173.37607960000003
2097,-182.323,0.5491655100527144,0.00998645168764533,740,20.374547004699707,-173.29000200000002
2098,-166.62737999999996,0.6926030681295,0.00998645168764533,703,19.201223850250244,-173.28450120000002
2099,-175.34572000000006,0.5833762199527013,0.00998645168764533,461,12.48191499710083,-173.49256880000002
2100,-177.63728,0.5130514778055019,0.00998645168764533,289,7.821146726608276,-173.59902400000001
2101,-172.26772000000003,0.7068822417542877,0.00998645168764533,332,8.81608772277832,-173.6596408
2102,15.601760000000024,0.6997712750488426,0.00998645168764533,800,21.264308214187622,-169.61506800000004
2103,-141.64351999999988,0.6091764573144546,0.00998645168764533,1049,27.75346302986145,-169.0229436
2104,-172.68604000000002,0.5452636126843788,0.00998645168764533,404,10.666720867156982,-168.779028
2105,-153.18957999999992,0.4869193154953274,0.00998645168764533,867,23.042405128479004,-168.64043560000002
2106,-139.7139999999998,0.44744327182885907,0.00998645168764533,1065,28.244458198547363,-168.39601320000003
2107,-180.93586000000005,0.40444099600524,0.00998645168764533,719,19.09436798095703,-168.26231040000002
2108,-174.56792000000002,0.3294239154012946,0.00998645168764533,385,10.344233989715576,-168.24982599999998
2109,-172.89252000000002,0.3713886105416421,0.00998645168764533,501,13.336719036102295,-168.3018988
2110,-182.18108,0.48948500438670633,0.00998645168764533,253,6.732507944107056,-168.2129828
2111,-172.69102000000004,0.4202556320941156,0.00998645168764533,347,9.211896181106567,-167.9342656
2112,-183.03678000000002,0.3992421685946746,0.00998645168764533,342,9.104228973388672,-168.0848848
2113,-186.62688000000003,0.507717206810428,0.00998645168764533,113,3.0241618156433105,-168.2224868
2114,-186.62688000000003,0.4849272482097149,0.00998645168764533,113,3.0002028942108154,-168.45959040000002
2115,-183.18932,0.4251319485469887,0.00998645168764533,253,6.750962018966675,-168.67038240000002
2116,-175.86994,0.3774349145428135,0.00998645168764533,491,13.139395952224731,-168.81412640000002
2117,-190.28961999999999,0.41875934035299306,0.00998645168764533,235,6.287231922149658,-168.88738120000002
2118,15.299679999999995,0.3751184873911272,0.00998645168764533,664,17.671603202819824,-164.9353524
2119,-152.8232799999999,0.4505960427798316,0.00998645168764533,513,13.624143123626709,-164.4654148
2120,40.144640000000024,0.40020915966848475,0.00998645168764533,1632,43.46716904640198,-160.1519092
2121,-186.62688000000003,0.2875829146169456,0.00998645168764533,113,3.0227150917053223,-160.7301
2122,-179.02494000000002,0.4402231328703206,0.00998645168764533,203,5.40847110748291,-160.6472108
2123,32.122880000000116,0.4363877072551986,0.00998645168764533,960,25.628337860107422,-156.5502524
2124,-186.62688000000003,0.5093258455544051,0.00998645168764533,113,3.0072429180145264,-156.4877908
2125,-168.65766000000002,0.3635962316946471,0.00998645168764533,362,9.671061038970947,-160.1267168
2126,-157.13678,0.4171210964993629,0.00998645168764533,755,20.111046075820923,-159.5469132
2127,-186.62688000000003,0.37595268930679404,0.00998645168764533,113,3.030756950378418,-159.5469132
2128,-155.20833999999996,0.5124337860884575,0.00998645168764533,819,21.765746116638184,-158.8161448
2129,-185.22794,0.48166721183436595,0.00998645168764533,151,4.074373960494995,-158.79816440000002
2130,-180.48712,0.3016892342764715,0.00998645168764533,176,4.71905517578125,-158.812796
2131,-164.54052000000001,0.4679788342121803,0.00998645168764533,421,11.254014253616333,-158.3710688
2132,-159.71347999999995,0.4914811075548178,0.00998645168764533,1004,26.86416006088257,-157.91120039999998
2133,-170.76078,0.3782535636493967,0.00998645168764533,362,9.673672914505005,-158.063732
2134,-165.10472,0.38976825128179704,0.00998645168764533,481,12.864812135696411,-158.43358039999998
2135,-171.24974,0.42160768092152506,0.00998645168764533,283,7.564001798629761,-158.1260376
2136,-186.62688000000003,0.29411036306909755,0.00998645168764533,113,3.061051845550537,-158.2852148
2137,-186.62688000000003,0.31726681764146925,0.00998645168764533,113,3.0401508808135986,-158.2852148
2138,-181.12758000000002,0.5308669918937049,0.00998645168764533,203,5.426573038101196,-158.6946552
2139,-184.88182000000003,0.38874910802427515,0.00998645168764533,134,3.5720951557159424,-158.9768696
2140,-172.50350000000003,0.5285665812699024,0.00998645168764533,243,6.479367971420288,-158.7489256
2141,-186.62688000000003,0.4625145105760446,0.00998645168764533,113,3.0148351192474365,-158.7489256
2142,-187.2164,0.4997383270779422,0.00998645168764533,193,5.17378306388855,-158.760716
2143,2.782480000000011,0.5585110770334722,0.00998645168764533,640,17.097182989120483,-155.1872644
2144,-149.19705999999985,0.4876364207732073,0.00998645168764533,1035,27.50594401359558,-154.704278
2145,-186.62688000000003,0.5073148967961953,0.00998645168764533,113,3.0199339389801025,-154.79720799999998
2146,-148.01823999999988,0.48253835119343597,0.00998645168764533,1121,29.82887029647827,-154.0731736
2147,-165.25047999999998,0.4684635402072695,0.00998645168764533,401,10.693830966949463,-153.7317232
2148,-184.32356000000001,0.5803044191591299,0.00998645168764533,157,4.208495855331421,-154.0856468
2149,-175.53174000000004,0.4824503236044902,0.00998645168764533,471,12.580083131790161,-154.0893672
2150,-173.59112000000005,0.5168982032314787,0.00998645168764533,441,11.771684169769287,-154.008444
2151,-173.91544000000005,0.43870077955250875,0.00998645168764533,401,10.706904888153076,-154.0413984
2152,-156.78493999999992,0.5130427635589924,0.00998645168764533,1067,28.551443099975586,-157.4891324
2153,-186.62688000000003,0.6432081469771477,0.00998645168764533,113,3.03318190574646,-158.3887996
2154,-186.62688000000003,0.5078688729389579,0.00998645168764533,113,3.0092811584472656,-158.66761639999999
2155,-171.88384000000005,0.5461760973974396,0.00998645168764533,313,8.388552188873291,-159.0415016
2156,-184.88182000000003,0.5739418885239692,0.00998645168764533,134,3.589711904525757,-159.944858
2157,-177.75402000000003,0.45410864437650506,0.00998645168764533,243,6.504573822021484,-159.8812212
2158,-186.62688000000003,0.576180916015817,0.00998645168764533,113,3.05786395072937,-160.1224004
2159,-186.62688000000003,0.5354398038337188,0.00998645168764533,113,3.02066707611084,-160.3970876
2160,-186.62688000000003,0.5689569905532145,0.00998645168764533,113,3.014570951461792,-160.4860036
2161,-175.21420000000003,0.6593290373840553,0.00998645168764533,461,12.355504035949707,-160.5364672
2162,-186.62688000000003,0.5819111358275456,0.00998645168764533,113,3.0395238399505615,-160.6082692
2163,-191.43940000000003,0.6614344751080835,0.00998645168764533,332,8.85106897354126,-160.7045196
2164,-176.92576,0.6406446983968082,0.00998645168764533,401,10.65650200843811,-160.5104972
2165,-186.62688000000003,0.6041945546898431,0.00998645168764533,113,3.0347979068756104,-160.57924839999998
2166,-173.66296000000003,0.608127810797483,0.00998645168764533,392,10.49789309501648,-160.5351088
2167,-169.52990000000003,0.6170965691987114,0.00998645168764533,406,10.835645914077759,-160.1199144
2168,-173.70212,0.6684994183134715,0.00998645168764533,253,6.813090085983276,-163.89995040000002
2169,-186.62688000000003,0.6332021414392949,0.00998645168764533,113,3.0381758213043213,-164.5760224
2170,-177.08060000000003,0.6223199055071803,0.00998645168764533,508,13.507503032684326,-168.9205272
2171,-187.8874,0.45865600757421027,0.00998645168764533,124,3.299302816390991,-168.9457376
2172,-173.10164,0.7186593057547686,0.00998645168764533,372,9.913000106811523,-168.82727160000002
2173,-186.62688000000003,0.6337352303244108,0.00998645168764533,113,3.0248379707336426,-173.2022668
2174,-178.70894,0.5829254183259973,0.00998645168764533,382,10.203932285308838,-173.04390800000002
2175,-172.34168000000003,0.7116533559524375,0.00998645168764533,481,12.784279108047485,-173.11758840000002
2176,-186.62688000000003,0.7879785195949067,0.00998645168764533,113,3.063023805618286,-173.7073904
2177,-184.88766,0.9234918726338003,0.00998645168764533,131,3.5290958881378174,-173.672606
2178,-150.29283999999996,0.7024512897204417,0.00998645168764533,837,22.318597078323364,-173.574296
2179,-181.82484,0.5299220928311269,0.00998645168764533,189,5.074635028839111,-173.506234
2180,9.04087999999999,0.703682639710426,0.00998645168764533,1040,27.761749029159546,-169.715674
2181,3.4844800000000014,0.636574384101739,0.00998645168764533,616,16.501009225845337,-166.355174
2182,33.14263999999997,0.6116224225817066,0.00998645168764533,1064,28.373927116394043,-162.49805160000003
2183,-186.62688000000003,0.6354614740188143,0.00998645168764533,113,3.0257158279418945,-162.81537360000002
2184,-157.1410199999999,0.5396207522831487,0.00998645168764533,1147,31.033501863479614,-162.6560996
2185,-180.65456,0.3305650399845984,0.00998645168764533,184,4.920149087905884,-162.844196
2186,-186.62688000000003,0.40383653650966894,0.00998645168764533,113,3.0450210571289062,-162.844196
2187,-184.88182000000003,0.5618990224007684,0.00998645168764533,134,3.582106828689575,-162.8092948
2188,-186.62688000000003,0.5676830576287698,0.00998645168764533,113,3.0183889865875244,-162.91928080000002
2189,-186.62688000000003,0.5305037764519189,0.00998645168764533,113,3.026611804962158,-162.95418200000003
2190,-186.62688000000003,0.5735628931758414,0.00998645168764533,113,3.0175161361694336,-163.23664960000002
2191,-189.98214000000002,0.504327198747417,0.00998645168764533,174,4.682623863220215,-163.3037548
2192,-184.88766,0.5544238758081471,0.00998645168764533,131,3.5228989124298096,-163.25718
2193,-152.74061999999992,0.5022746614794473,0.00998645168764533,898,24.066659212112427,-166.36764200000002
2194,-188.18338,0.497307849306851,0.00998645168764533,235,6.293182849884033,-167.1473684
2195,-177.5552,0.590641734643361,0.00998645168764533,481,12.811405897140503,-166.96593479999999
2196,-176.59928000000002,0.5982582603281551,0.00998645168764533,289,7.708338737487793,-167.53755560000002
2197,-186.62688000000003,0.41269633927242416,0.00998645168764533,113,3.018073081970215,-167.96508359999999
2198,-166.4549000000001,0.5328179309540322,0.00998645168764533,659,17.563313007354736,-167.60771040000003
2199,-174.13852,0.4262018321554728,0.00998645168764533,461,12.35262680053711,-167.57984600000003
2200,-186.62688000000003,0.42883538576749575,0.00998645168764533,113,3.035262107849121,-167.84056120000002
2201,-188.22744,0.47640351495809025,0.00998645168764533,144,3.9059691429138184,-168.12680120000002
2202,-0.4909600000000065,0.6203456738112436,0.00998645168764533,512,13.707539796829224,-165.0009216
2203,-186.62688000000003,0.4974702948341723,0.00998645168764533,113,3.034252882003784,-165.0009216
2204,-186.62688000000003,0.5227860887164035,0.00998645168764533,113,3.011214017868042,-165.0009216
2205,-186.62688000000003,0.5220886059105396,0.00998645168764533,113,3.030355930328369,-165.29578240000004
2206,-179.75554,0.5048284608266116,0.00998645168764533,191,5.118377923965454,-165.19325680000003
2207,-171.15730000000002,0.52013772032645,0.00998645168764533,431,11.52628207206726,-165.06132240000002
2208,14.922799999999977,0.5584280779516763,0.00998645168764533,680,18.25148582458496,-161.0303288
2209,-186.62688000000003,0.6475047187764297,0.00998645168764533,113,3.037123680114746,-161.0303288
2210,-179.51360000000003,0.37277445622777705,0.00998645168764533,177,4.771069288253784,-160.8880632
2211,-186.62688000000003,0.39128284715116024,0.00998645168764533,113,3.0282719135284424,-161.11631680000002
2212,-174.10706000000002,0.6100771629905201,0.00998645168764533,322,8.642857074737549,-160.86592040000002
2213,-184.88182000000003,0.5173771018648882,0.00998645168764533,134,3.6318488121032715,-160.7347688
2214,-185.00887999999998,0.6495001811803026,0.00998645168764533,769,20.489107847213745,-160.8964312
2215,-186.62688000000003,0.8199921352541553,0.00998645168764533,113,3.100747585296631,-160.8964312
2216,-186.62688000000003,0.6710583588553477,0.00998645168764533,113,3.019423007965088,-161.15570960000002
2217,-186.99462000000003,0.7939166107165222,0.00998645168764533,131,3.516629934310913,-161.505004
2218,-186.83548000000002,0.5468546769341394,0.00998645168764533,124,3.3428781032562256,-161.76767120000002
2219,-181.22608000000002,0.6326140097997477,0.00998645168764533,209,5.597018241882324,-161.6596552
2220,13.169679999999989,0.689633480579042,0.00998645168764533,880,23.425469160079956,-157.85464960000002
2221,-186.62688000000003,0.6135351006930645,0.00998645168764533,113,3.0082292556762695,-157.82943920000002
2222,-186.62688000000003,0.47139329082472664,0.00998645168764533,113,3.0054819583892822,-158.09994400000002
2223,-180.48712,0.7636288966380314,0.00998645168764533,176,4.708307981491089,-157.9771488
2224,-150.6405799999999,0.6351248637613401,0.00998645168764533,659,17.715869188308716,-157.4157816
2225,-165.73600000000002,0.6487005792036223,0.00998645168764533,521,13.933187007904053,-157.283668
2226,-173.09190000000004,0.6304725925259368,0.00998645168764533,495,13.187212944030762,-157.0129684
2227,-184.46475999999998,0.6478199830460476,0.00998645168764533,164,4.3838582038879395,-157.00451040000002
2228,-152.01313999999994,0.6482736856077552,0.00998645168764533,527,14.018836975097656,-157.0389164
2229,-186.62688000000003,0.622650811976168,0.00998645168764533,113,3.017069101333618,-157.1349572
2230,-157.72154,0.6449750745795003,0.00998645168764533,887,23.80055809020996,-160.4702056
2231,-186.62688000000003,0.4986750556040654,0.00998645168764533,113,3.0196971893310547,-164.27243280000002
2232,-184.34876000000003,0.608542801788411,0.00998645168764533,156,4.187211036682129,-168.6222608
2233,-184.89642,0.5542534711115338,0.00998645168764533,135,3.606410026550293,-168.58765160000002
2234,-186.62688000000003,0.6158148009593771,0.00998645168764533,113,3.02278470993042,-169.1773688
2235,-175.23790000000002,0.8137333669910466,0.00998645168764533,274,7.3387391567230225,-169.06903560000003
2236,-172.47894000000002,0.7127966321180615,0.00998645168764533,339,9.0450599193573,-168.78607680000002
2237,-182.6184,0.6681752688354916,0.00998645168764533,225,5.993827819824219,-168.74080840000002
2238,-171.23870000000002,0.7485039215666561,0.00998645168764533,283,7.601424217224121,-168.43304480000003
2239,-186.62688000000003,0.630757169781533,0.00998645168764533,113,3.036356210708618,-168.43304480000003
2240,-172.30564,0.6443999575216875,0.00998645168764533,533,14.283272981643677,-168.14662
2241,-154.40926000000002,0.7236377750810555,0.00998645168764533,827,22.011276960372925,-167.4351624
2242,-181.43906,0.6467310575112313,0.00998645168764533,883,23.591989040374756,-167.36619040000002
2243,-186.62688000000003,0.7422030663397987,0.00998645168764533,113,3.0361902713775635,-168.0439156
2244,-160.29267999999996,0.590419758272546,0.00998645168764533,612,16.364712953567505,-167.4861016
2245,-186.62688000000003,0.523179285920563,0.00998645168764533,113,3.041468858718872,-167.66753520000003
2246,-180.65456,0.6052818605878755,0.00998645168764533,184,4.910678148269653,-167.74864080000003
2247,-186.62688000000003,0.6897238073952957,0.00998645168764533,113,2.9988648891448975,-167.74864080000003
2248,-186.62688000000003,0.5132035988061565,0.00998645168764533,113,3.023300886154175,-168.15208040000002
2249,-186.62688000000003,0.5957362555395976,0.00998645168764533,113,3.0351006984710693,-168.4018476
2250,-152.1899999999999,0.6049629125739545,0.00998645168764533,817,21.798752069473267,-167.71311000000003
2251,-154.90671999999992,0.5720556542862432,0.00998645168764533,1041,27.77494716644287,-167.04669560000002
2252,-169.19844,0.6953334066368116,0.00998645168764533,669,17.84271216392517,-170.4208452
2253,-184.88182000000003,0.5579603976750774,0.00998645168764533,134,3.6211581230163574,-170.38594400000002
2254,28.69647999999991,0.6003626580825601,0.00998645168764533,1136,30.064237117767334,-166.0794768
2255,-186.62688000000003,0.5933791221803533,0.00998645168764533,113,3.013474702835083,-166.0794768
2256,-177.74274,0.4629903044589937,0.00998645168764533,243,6.46418309211731,-166.0392208
2257,3.777920000000009,0.4683425205942432,0.00998645168764533,632,16.746751308441162,-162.5405164
2258,-186.62688000000003,0.48607900217834826,0.00998645168764533,113,3.009611129760742,-166.57151000000002
2259,-186.62688000000003,0.44533696459128264,0.00998645168764533,113,2.988455057144165,-166.57151000000002
2260,-170.77110000000002,0.6194348210643833,0.00998645168764533,362,9.718630075454712,-166.39666
2261,-172.96154000000004,0.5093310469263036,0.00998645168764533,355,9.397143840789795,-166.12335320000003
2262,-181.53146,0.5702885281745629,0.00998645168764533,223,5.93807578086853,-166.2718412
2263,-174.00798000000003,0.5091739667085545,0.00998645168764533,411,10.946916103363037,-166.05436440000003
2264,-158.34825999999998,0.5554456369645425,0.00998645168764533,414,11.013051986694336,-165.521152
2265,-186.62688000000003,0.4886192878362088,0.00998645168764533,113,3.0280680656433105,-165.521152
2266,-194.84274000000002,0.561497447440269,0.00998645168764533,495,13.255754947662354,-165.6854692
2267,-148.35099999999986,0.4965772864593165,0.00998645168764533,788,20.920459032058716,-164.9125968
2268,-186.62688000000003,0.45719265564451966,0.00998645168764533,113,3.010014295578003,-164.9084248
2269,-159.7892599999999,0.5117605481382866,0.00998645168764533,1190,31.62788486480713,-164.47968840000001
2270,-186.62688000000003,0.6405450994462039,0.00998645168764533,113,3.0662379264831543,-168.4756196
2271,-153.40957999999992,0.48507812765833475,0.00998645168764533,827,21.99719500541687,-167.8112736
2272,-171.17090000000002,0.6026158565721168,0.00998645168764533,283,7.560546159744263,-167.50215400000002
2273,-175.92082000000005,0.48415296878703623,0.00998645168764533,491,13.12681770324707,-167.410828
2274,-146.52687999999984,0.48869110776043573,0.00998645168764533,768,20.47378897666931,-167.328554
2275,-186.62688000000003,0.4398852185865419,0.00998645168764533,113,3.020608901977539,-167.74637160000003
2276,-178.40320000000003,0.5063566569077151,0.00998645168764533,737,19.674659252166748,-167.8525976
2277,-186.62688000000003,0.395535187367185,0.00998645168764533,113,3.0185348987579346,-167.89584
2278,-186.62688000000003,0.6719744839103876,0.00998645168764533,113,3.013978958129883,-168.5881148
2279,-173.35022000000004,0.5110687293204923,0.00998645168764533,382,10.241217136383057,-168.3225816
2280,40.256400000000134,0.44618588653241653,0.00998645168764533,984,26.33184313774109,-164.3630228
2281,-187.62676,0.5496871424838901,0.00998645168764533,164,4.350417852401733,-164.3830204
2282,-166.42164,0.4875261114773818,0.00998645168764533,669,17.78232192993164,-164.02447800000002
2283,-170.53170000000003,0.4881656237868579,0.00998645168764533,699,18.56802725791931,-163.7371836
2284,-154.86695999999995,0.4902038814931111,0.00998645168764533,553,14.80940580368042,-163.1019852
2285,32.996000000000194,0.49848744901430464,0.00998645168764533,936,24.948452711105347,-158.9373072
2286,-186.62688000000003,0.3187677522511345,0.00998645168764533,113,3.0582640171051025,-159.22026599999998
2287,-159.52759999999992,0.46447423875928234,0.00998645168764533,481,12.849539279937744,-158.75844999999998
2288,-175.10046000000003,0.3987320175816341,0.00998645168764533,362,9.672353744506836,-158.8356852
2289,-186.62688000000003,0.2994948551553277,0.00998645168764533,113,3.0475568771362305,-158.8356852
2290,-169.96830000000003,0.4560336816721472,0.00998645168764533,323,8.662299871444702,-158.78893839999998
2291,-169.30570000000003,0.5077772825263415,0.00998645168764533,586,15.611084938049316,-159.0868672
2292,-180.48970000000003,0.4233921735086889,0.00998645168764533,827,22.021331071853638,-159.06788
2293,-173.53448000000003,0.4441053033744765,0.00998645168764533,529,14.122193813323975,-158.806032
2294,-186.62688000000003,0.3584327883853585,0.00998645168764533,113,3.091999053955078,-159.332716
2295,-2.081120000000002,0.39427254526996086,0.00998645168764533,496,13.233835935592651,-155.6418008
2296,-154.50577999999987,0.41602829358099325,0.00998645168764533,950,25.359237909317017,-155.1188252
2297,29.63592000000004,0.47997861213738185,0.00998645168764533,840,22.59695792198181,-150.79356919999998
2298,-165.52266000000003,0.2770113137895396,0.00998645168764533,362,9.645488023757935,-150.3714848
2299,-186.62688000000003,0.3288931064142854,0.00998645168764533,113,3.0569000244140625,-150.3714848
2300,-171.75688000000002,0.38227112740278246,0.00998645168764533,305,8.159148931503296,-150.76282239999998
2301,-186.62688000000003,0.45526422098674607,0.00998645168764533,113,3.0728402137756348,-151.3972256
2302,-175.31376000000003,0.38302155219384737,0.00998645168764533,417,11.125693082809448,-151.519532
2303,-187.8874,0.5612609459748191,0.00998645168764533,124,3.325767755508423,-151.5796436
2304,-150.94267999999988,0.41316005117650934,0.00998645168764533,917,24.57979416847229,-155.17242679999998
2305,-180.93040000000002,0.2680721220275667,0.00998645168764533,193,5.1257851123809814,-155.0584972
2306,-186.62688000000003,0.4467119148940639,0.00998645168764533,113,3.02433705329895,-155.23618
2307,-182.47258,0.4318277050190456,0.00998645168764533,362,9.61883282661438,-158.96119
2308,-164.22495999999995,0.43563562642058307,0.00998645168764533,401,10.655079126358032,-158.5131516
2309,-186.62688000000003,0.4240551979602438,0.00998645168764533,113,3.011431932449341,-158.5131516
2310,-172.5285,0.4938729953077255,0.00998645168764533,495,13.1615309715271,-158.54829959999998
2311,32.824239999999925,0.4833722194847073,0.00998645168764533,1096,29.230202198028564,-154.432584
2312,-186.62688000000003,0.5449913462079996,0.00998645168764533,113,3.0114660263061523,-154.5344924
2313,-184.88182000000003,0.46498262256717504,0.00998645168764533,134,3.5626161098480225,-154.7519692
2314,-186.62688000000003,0.6232029055533683,0.00998645168764533,113,2.9986557960510254,-155.3175416
2315,-186.62688000000003,0.5105400802650019,0.00998645168764533,113,3.0197737216949463,-155.3175416
2316,-181.55184,0.4735693813777632,0.00998645168764533,225,6.109246253967285,-155.05172359999997
2317,-188.23392,0.6551175960727657,0.00998645168764533,144,3.8515450954437256,-155.849382
2318,36.36856000000018,0.5150521746989606,0.00998645168764533,1400,37.343079805374146,-151.3894732
2319,-171.24974,0.5283237878766319,0.00998645168764533,283,7.5463738441467285,-151.6186828
2320,-167.78892000000005,0.48097622091577574,0.00998645168764533,612,16.33691906929016,-151.24192359999998
2321,-178.3994,0.5615414351038372,0.00998645168764533,709,18.90633797645569,-151.74172000000002
2322,-186.62688000000003,0.5000180474902808,0.00998645168764533,113,3.0188281536102295,-152.0508396
2323,-186.62688000000003,0.4784629651534874,0.00998645168764533,113,2.9935078620910645,-152.26496079999998
2324,-186.62688000000003,0.6404919153804668,0.00998645168764533,113,3.0412540435791016,-153.0669608
2325,-186.62688000000003,0.5288886770573074,0.00998645168764533,113,3.0192718505859375,-153.0669608
2326,-186.62688000000003,0.6696661454584218,0.00998645168764533,113,3.0285019874572754,-153.2314344
2327,-173.9878,0.6492563143368495,0.00998645168764533,461,12.292334794998169,-152.9786528
2328,-186.62688000000003,0.7038099526930436,0.00998645168764533,113,3.042821168899536,-152.9786528
2329,-174.95848,0.7510041940713027,0.00998645168764533,305,8.160131931304932,-153.010818
2330,-160.96853999999996,0.6915535899471831,0.00998645168764533,550,14.678138971328735,-157.0353168
2331,-186.62688000000003,0.8417880052816024,0.00998645168764533,113,3.044282913208008,-157.0153192
2332,-186.62688000000003,0.5331609320818587,0.00998645168764533,113,3.0776257514953613,-157.419424
2333,-185.18944000000002,0.8675704180680472,0.00998645168764533,145,3.8817081451416016,-157.71257880000002
2334,-166.88832000000002,0.6580784004319258,0.00998645168764533,609,16.245710849761963,-157.95300600000002
2335,-186.83548000000002,0.8496984614344735,0.00998645168764533,124,3.328005075454712,-162.3496356
2336,-148.99971999999988,0.7054547607350125,0.00998645168764533,876,23.424440145492554,-161.5970924
2337,-186.62688000000003,0.4365466730257051,0.00998645168764533,113,3.0195000171661377,-162.139078
2338,-191.44664,0.684830806778427,0.00998645168764533,241,6.445212125778198,-162.4660016
2339,-186.62688000000003,0.49531961895063914,0.00998645168764533,113,3.0804331302642822,-162.4660016
2340,-151.73879999999994,0.6863903025773788,0.00998645168764533,808,21.435526847839355,-162.1014116
2341,-186.62688000000003,0.6429956333991964,0.00998645168764533,113,3.018967866897583,-162.44783520000001
2342,-174.07760000000002,0.5985284084791004,0.00998645168764533,553,14.681396961212158,-162.31959319999999
2343,-188.51264000000003,0.63064349057549,0.00998645168764533,1105,29.354255199432373,-162.6191564
2344,-188.29736,0.6107142864150686,0.00998645168764533,241,6.428318023681641,-162.652566
2345,-166.93238000000005,0.5944246938939728,0.00998645168764533,382,10.171364784240723,-165.9495912
2346,-186.62688000000003,0.5747971131952595,0.00998645168764533,113,3.0336592197418213,-166.5920132
2347,21.63544000000004,0.6274858597999213,0.00998645168764533,928,24.731621980667114,-166.75202280000002
2348,-188.69340000000003,0.5049318017042947,0.00998645168764533,165,4.363379001617432,-167.2154376
2349,-186.62688000000003,0.6061065399079724,0.00998645168764533,113,3.0499441623687744,-167.2154376
2350,-178.97634,0.6653842425611638,0.00998645168764533,771,20.413290977478027,-167.3598268
2351,-189.73076000000003,0.6150016117833643,0.00998645168764533,253,6.704837083816528,-167.42190440000002
2352,-191.47780000000003,0.7506569389349231,0.00998645168764533,332,8.818275690078735,-167.7451852
2353,-189.26644000000002,0.3805755856802087,0.00998645168764533,236,6.265436887741089,-167.77276600000002
2354,-158.56743999999992,0.5277029799222286,0.00998645168764533,1016,27.089595079421997,-167.92526120000002
2355,-166.06160000000003,0.5347553031846515,0.00998645168764533,529,14.096635818481445,-167.6278852
2356,3.743680000000005,0.4737544671515934,0.00998645168764533,688,18.329374074935913,-163.82047400000002
2357,-186.62688000000003,0.4719497583377942,0.00998645168764533,113,3.02436900138855,-163.90356
2358,33.931280000000186,0.4392732334073107,0.00998645168764533,1616,42.91457915306091,-159.94043520000002
2359,-186.62688000000003,0.19070666472930298,0.00998645168764533,113,3.011777877807617,-159.94043520000002
2360,-186.83548000000002,0.3785445597323199,0.00998645168764533,124,3.3072423934936523,-160.2265748
2361,-184.88182000000003,0.34641508826179734,0.00998645168764533,134,3.5758469104766846,-164.580696
2362,-186.62688000000003,0.4447279460151243,0.00998645168764533,113,3.0257349014282227,-164.580696
2363,-153.23775999999995,0.45170799372792414,0.00998645168764533,873,23.359808921813965,-163.9478148
2364,-186.62688000000003,0.4768523998080497,0.00998645168764533,113,3.036776065826416,-163.9478148
2365,-183.61038000000002,0.37039588396062795,0.00998645168764533,174,4.6691460609436035,-163.8874848
2366,-184.88182000000003,0.4214203162396799,0.00998645168764533,134,3.576801061630249,-163.9540844
2367,-183.02732,0.6511160015717757,0.00998645168764533,196,5.244115114212036,-163.8499524
2368,-157.18627999999995,0.43699243469807425,0.00998645168764533,709,18.90573787689209,-167.7210492
2369,-186.62688000000003,0.43987028604884326,0.00998645168764533,113,3.0288479328155518,-168.028592
2370,-179.94657999999998,0.49055212152318745,0.00998645168764533,443,11.828912258148193,-168.2717452
2371,-186.62688000000003,0.3256660429183888,0.00998645168764533,113,3.0232601165771484,-168.43629479999998
2372,-152.6427999999999,0.4650818929501883,0.00998645168764533,897,24.01225209236145,-167.7566132
2373,-176.2169,0.499243994243443,0.00998645168764533,223,5.934238910675049,-167.54841359999998
2374,-174.34666,0.5721754282064684,0.00998645168764533,431,11.560251235961914,-167.3028092
2375,-187.8874,0.3969832752050171,0.00998645168764533,124,3.3087518215179443,-167.3280196
2376,-180.65456,0.7213724129175282,0.00998645168764533,184,4.930485963821411,-167.2085732
2377,-182.36428,0.47042456020532947,0.00998645168764533,164,4.40186619758606,-167.3761028
2378,-173.70616000000007,0.4943905244196166,0.00998645168764533,689,18.417024850845337,-167.11768840000002
2379,-184.13824000000002,0.5921248369432729,0.00998645168764533,145,3.8799831867218018,-167.30128359999998
2380,-186.62688000000003,0.5700454590265203,0.00998645168764533,113,3.0277798175811768,-167.8144504
2381,-180.76368000000002,0.6581906223468281,0.00998645168764533,185,4.974135875701904,-167.6971864
2382,-186.62688000000003,0.5842580371000597,0.00998645168764533,113,2.9937491416931152,-167.6971864
2383,-170.15232000000006,0.5386348295214444,0.00998645168764533,281,7.494643211364746,-167.396444
2384,-186.98814000000002,0.6881691205620993,0.00998645168764533,131,3.497520923614502,-167.7984404
2385,-186.12696,0.5644504061007561,0.00998645168764533,144,3.8513662815093994,-167.78427
2386,-189.79054000000002,0.5411920871252739,0.00998645168764533,263,7.027188062667847,-168.6000864
2387,45.2113600000002,0.6430801926202548,0.00998645168764533,1280,34.17333698272705,-163.96332160000003
2388,-186.62688000000003,0.677043214588698,0.00998645168764533,113,3.0196101665496826,-163.8669264
2389,-182.96096,0.6279689090334157,0.00998645168764533,241,6.44989013671875,-163.793608
2390,-186.62688000000003,0.8676064372623125,0.00998645168764533,113,3.043388843536377,-164.49136959999998
2391,-186.62688000000003,0.840586168411295,0.00998645168764533,113,3.020862102508545,-164.49136959999998
2392,-157.78384000000005,0.6660737274837184,0.00998645168764533,1481,39.52852773666382,-164.1654944
2393,-174.16106,0.6140188486014589,0.00998645168764533,511,13.615499019622803,-163.87846280000002
2394,-189.83100000000002,0.6668777146530106,0.00998645168764533,261,6.965451717376709,-163.9091356
2395,-155.4414199999999,0.5728290295331986,0.00998645168764533,719,19.212671041488647,-163.6793164
2396,-170.95688,0.5071889234010499,0.00998645168764533,313,8.442409038543701,-163.3659164
2397,-183.41428,0.6423055604895259,0.00998645168764533,164,4.402279853820801,-167.4669108
2398,-186.62688000000003,0.5676876141533124,0.00998645168764533,113,3.0276732444763184,-167.4255804
2399,-186.62688000000003,0.3241062303180848,0.00998645168764533,113,3.0233469009399414,-167.4255804
2400,-186.62688000000003,0.7233241767317584,0.00998645168764533,113,3.026216983795166,-167.5785912
2401,-186.62688000000003,0.850463090134801,0.00998645168764533,113,3.0668752193450928,-167.5165136
2402,45.292160000000166,0.5944599463702247,0.00998645168764533,1656,44.18997383117676,-162.7811144
2403,-189.33768000000003,0.49931722340018797,0.00998645168764533,144,3.8371150493621826,-162.7825392
2404,-172.50350000000003,0.6608428093930515,0.00998645168764533,243,6.471123933792114,-163.0612604
2405,-160.82037999999997,0.5470240180865288,0.00998645168764533,834,22.19236421585083,-162.956436
2406,-186.62688000000003,0.586788609706327,0.00998645168764533,113,3.017364978790283,-166.76384720000001
2407,-186.62688000000003,0.5228278120666479,0.00998645168764533,113,3.0125510692596436,-166.76384720000001
2408,-186.62688000000003,0.40734606632649634,0.00998645168764533,113,3.0695321559906006,-171.1750104
2409,-177.07284000000004,0.6107989688154677,0.00998645168764533,213,5.676066160202026,-170.9839296
2410,-180.74566000000002,0.5470536548683935,0.00998645168764533,235,6.238210201263428,-170.8621332
2411,-181.22608000000002,0.5386356938603606,0.00998645168764533,209,5.628064155578613,-170.78901840000003
2412,-186.62688000000003,0.6879878098029742,0.00998645168764533,113,3.027561902999878,-170.78901840000003
2413,-182.2792,0.561831342172252,0.00998645168764533,209,5.6020801067352295,-171.3698472
2414,-154.6561999999999,0.6145949175600596,0.00998645168764533,677,18.004783868789673,-170.7304336
2415,-171.33944000000002,0.6521172034924779,0.00998645168764533,289,7.705264091491699,-170.4850148
2416,-182.6687,0.6448737910921502,0.00998645168764533,274,7.330139875411987,-170.4407524
2417,-186.12696,0.4689367324398417,0.00998645168764533,144,3.853133201599121,-170.5027452
2418,-180.48712,0.6533333117417484,0.00998645168764533,176,4.693946838378906,-170.968762
2419,-187.62676,0.5005245941588883,0.00998645168764533,164,4.409703016281128,-170.9887596
2420,-186.62688000000003,0.7694140151143074,0.00998645168764533,113,3.0448520183563232,-171.12236560000002
2421,-181.83886,0.7592009839371417,0.00998645168764533,287,7.687053203582764,-171.0266052
2422,-186.62688000000003,0.6178822834539203,0.00998645168764533,113,3.02585506439209,-171.70628680000002
2423,-186.62688000000003,0.6528764544796627,0.00998645168764533,113,3.042882204055786,-171.91448640000002
2424,-186.83620000000002,0.7497360299852106,0.00998645168764533,124,3.325793743133545,-172.1642772
2425,15.610879999999977,0.7236959835701651,0.00998645168764533,776,20.596524238586426,-168.0943116
2426,-178.58868,0.6701849533473714,0.00998645168764533,285,7.622231960296631,-168.052994
2427,-147.09019999999984,0.6692775643409501,0.00998645168764533,1277,34.22199296951294,-167.34751240000003
2428,-152.99063999999993,0.5898915795046873,0.00998645168764533,808,21.542595148086548,-166.93320200000002
2429,-184.88182000000003,0.7063549540158528,0.00998645168764533,134,3.606639862060547,-166.9480736
2430,-187.8874,0.6733203480741189,0.00998645168764533,124,3.328019857406616,-166.97328399999998
2431,-175.70120000000003,0.5643723161499986,0.00998645168764533,481,12.940823793411255,-166.87203440000002
2432,-185.21334000000002,0.7143025493373474,0.00998645168764533,150,4.03606915473938,-166.8437636
2433,-186.62688000000003,0.7893633697412711,0.00998645168764533,113,3.029655933380127,-167.1732548
2434,-186.62688000000003,0.8937614775732555,0.00998645168764533,113,3.018803834915161,-167.1660296
2435,-186.77046,0.6816688109103634,0.00998645168764533,174,4.668281078338623,-167.1788996
2436,-175.81138000000004,0.7035346216353343,0.00998645168764533,491,13.188828945159912,-166.89931639999998
2437,-181.22296,0.5283039608150364,0.00998645168764533,209,5.609697103500366,-171.4280028
2438,-175.86418000000003,0.6583170399767804,0.00998645168764533,491,13.11333703994751,-171.2127488
2439,-189.20558,0.7234486331648015,0.00998645168764533,235,6.283447027206421,-171.3376412
2440,-175.55264,0.6164500529065728,0.00998645168764533,625,16.840068101882935,-171.1161564
2441,-164.27568000000002,0.6932516636701918,0.00998645168764533,601,16.169514894485474,-170.66913240000002
2442,-141.32127999999983,0.6761012119435085,0.00998645168764533,768,21.13663101196289,-170.3398812
2443,-149.86207999999988,0.5322926844883581,0.00998645168764533,953,25.409666061401367,-169.8539016
2444,-155.1054399999999,0.4577677650300691,0.00998645168764533,609,16.19047498703003,-169.1593904
2445,17.276159999999997,0.4179304589108344,0.00998645168764533,1152,30.737603187561035,-165.7050388
2446,-186.83548000000002,0.6082954874953195,0.00998645168764533,124,3.2881319522857666,-166.0226108
2447,-173.89498,0.4904904076227557,0.00998645168764533,263,7.019114017486572,-165.8322248
2448,-186.62688000000003,0.6548646371976464,0.00998645168764533,113,3.0238211154937744,-165.8322248
2449,30.68616000000014,0.4664216422798833,0.00998645168764533,1240,33.00647783279419,-161.485964
2450,-171.76788000000002,0.3687967039801723,0.00998645168764533,261,6.946238040924072,-161.188784
2451,-145.96665999999985,0.48463779561956166,0.00998645168764533,639,17.09541130065918,-160.37557959999998
2452,-178.83256000000003,0.4685109539218054,0.00998645168764533,193,5.131799936294556,-164.858074
2453,-186.62688000000003,0.4517795272352817,0.00998645168764533,113,3.0323679447174072,-164.803858
2454,-186.62688000000003,0.458296242442015,0.00998645168764533,113,3.001972198486328,-165.08632559999998
2455,-177.57926000000003,0.5155332373035828,0.00998645168764533,382,10.173981189727783,-165.42150320000002
2456,-186.62688000000003,0.33633869086944423,0.00998645168764533,113,3.0519497394561768,-165.42150320000002
2457,-149.1708799999999,0.35628538777719215,0.00998645168764533,689,18.437243938446045,-164.6723832
2458,26.72032000000005,0.4424856177592928,0.00998645168764533,1448,38.69564914703369,-160.4054392
2459,-187.8874,0.2302320611723248,0.00998645168764533,124,3.3243448734283447,-160.6217304
2460,-173.51270000000002,0.3973206485647832,0.00998645168764533,391,10.453636169433594,-160.47707119999998
2461,-186.48472,0.4386540605735622,0.00998645168764533,209,5.582911968231201,-160.582244
2462,-148.6569599999999,0.4185175575896728,0.00998645168764533,1432,38.220746994018555,-159.8228456
2463,-180.22144000000003,0.40749026449801934,0.00998645168764533,833,22.22084903717041,-159.7816904
2464,-187.8874,0.2376619349233806,0.00998645168764533,124,3.3444290161132812,-160.4463144
2465,-187.90792,0.47914481828756195,0.00998645168764533,425,11.41438102722168,-160.777684
2466,-156.2076799999999,0.43106278835659984,0.00998645168764533,953,25.459738969802856,-160.2484636
2467,-186.62688000000003,0.391600377981312,0.00998645168764533,113,3.0293900966644287,-160.25846199999998
2468,-184.88182000000003,0.36239316839196567,0.00998645168764533,134,3.5855159759521484,-160.346356
2469,-182.17878000000002,0.45406731939301115,0.00998645168764533,203,5.411890029907227,-160.2373964
2470,-186.62688000000003,0.4182113621515774,0.00998645168764533,113,3.0339088439941406,-160.2373964
2471,-182.2792,0.36978110231673034,0.00998645168764533,209,5.573117256164551,-160.24620319999997
2472,-186.62688000000003,0.313335964241914,0.00998645168764533,113,3.0246670246124268,-160.24620319999997
2473,-172.23096000000004,0.5748539274342959,0.00998645168764533,657,17.57811999320984,-159.95828479999997
2474,-182.60066,0.7038170186669103,0.00998645168764533,223,5.9808030128479,-159.873574
2475,-186.62688000000003,0.5217456571856695,0.00998645168764533,113,3.0264203548431396,-163.91832920000002
2476,-182.27152,0.47671427620958057,0.00998645168764533,209,5.60496711730957,-163.991986
2477,-171.21706,0.6163942317052673,0.00998645168764533,431,11.510576009750366,-164.4745232
2478,-184.13824000000002,0.6357116592598373,0.00998645168764533,145,3.8957021236419678,-165.09747520000002
2479,-167.9602399999999,0.494345290818898,0.00998645168764533,817,21.87652826309204,-164.7590436
2480,-181.82484,0.4282376091217711,0.00998645168764533,189,5.052577018737793,-164.6377924
2481,-177.09596000000002,0.5670551947615015,0.00998645168764533,508,13.544583082199097,-164.66568759999998
2482,-176.02990000000003,0.6443773822703119,0.00998645168764533,263,7.055849075317383,-164.4820188
2483,-186.62688000000003,0.5033864248214306,0.00998645168764533,113,3.0441441535949707,-164.4820188
2484,-192.67202,0.5832919404625206,0.00998645168764533,391,10.451173067092896,-164.6029216
2485,-186.62688000000003,0.4051108889001529,0.00998645168764533,113,3.0369269847869873,-164.60005
2486,-174.33660000000006,0.5606699651200139,0.00998645168764533,501,13.537899017333984,-164.5705544
2487,-158.51061999999996,0.5275011094536749,0.00998645168764533,731,19.454195022583008,-164.1163076
2488,15.276879999999974,0.5692970900395212,0.00998645168764533,664,17.725968837738037,-160.29348639999998
2489,-179.68590000000003,0.5549290712911419,0.00998645168764533,327,8.759461879730225,-160.10309279999998
2490,-177.30552,0.5491214896567899,0.00998645168764533,417,11.175910949707031,-160.1381504
2491,-186.42538000000002,0.5440353556209571,0.00998645168764533,154,4.161357879638672,-160.5811444
2492,-186.62688000000003,0.611780274791264,0.00998645168764533,113,3.0245819091796875,-161.4872564
2493,-148.55345999999986,0.6601446771799305,0.00998645168764533,946,25.173746824264526,-161.461084
2494,-188.57240000000002,0.6515525964125779,0.00998645168764533,352,9.490982055664062,-162.1304232
2495,-186.62688000000003,0.8816042546908148,0.00998645168764533,113,3.015321731567383,-166.208484
2496,-172.91514000000004,0.612698598123259,0.00998645168764533,495,13.210462808609009,-165.93007720000003
2497,-156.61415999999997,0.6388414051537157,0.00998645168764533,777,20.951277017593384,-165.58446080000002
2498,-178.29870000000003,0.6173613438593707,0.00998645168764533,362,9.66597318649292,-165.4178972
2499,-155.18019999999999,0.499883974116691,0.00998645168764533,716,19.13987684249878,-169.1352244
2500,-182.45434000000003,0.5361709274217034,0.00998645168764533,263,6.99654483795166,-169.3489536
2501,-175.39976000000001,0.5133155455382971,0.00998645168764533,481,12.899241924285889,-169.9376156
2502,-192.52648,0.44755387532391716,0.00998645168764533,392,10.466491937637329,-170.21149400000002
2503,-155.20003999999994,0.4489111065419722,0.00998645168764533,917,24.39836597442627,-169.5829572
2504,-154.44949999999994,0.4765585533781581,0.00998645168764533,971,25.919984102249146,-168.9394096
2505,-186.62688000000003,0.44978330407983963,0.00998645168764533,113,3.0282390117645264,-169.120362
2506,38.3334400000002,0.40699755061438986,0.00998645168764533,1760,47.070653200149536,-164.62115559999998
2507,-186.62688000000003,0.35776026120030247,0.00998645168764533,113,3.0524659156799316,-165.37027559999999
2508,-182.28640000000001,0.39855038116209246,0.00998645168764533,209,5.5859599113464355,-169.55041
2509,-186.62688000000003,0.5943556267240669,0.00998645168764533,113,3.025667190551758,-169.5251996
2510,19.59695999999995,0.4683706674670725,0.00998645168764533,792,21.198971033096313,-165.6630064
2511,-175.19084000000004,0.39477076189421706,0.00998645168764533,469,12.515662908554077,-165.43712879999998
2512,-186.62688000000003,0.5212746370270585,0.00998645168764533,113,3.0481557846069336,-166.19652720000002
2513,-184.88766,0.38896729647117945,0.00998645168764533,131,3.5231151580810547,-166.2898516
2514,-186.62688000000003,0.42890714148504544,0.00998645168764533,113,3.0269999504089355,-166.2646412
2515,-169.68475999999998,0.4988968936777931,0.00998645168764533,796,21.312971830368042,-165.900178
2516,-186.62688000000003,0.23883107617761182,0.00998645168764533,113,3.0494658946990967,-166.508562
2517,-182.87604,0.35197048272109693,0.00998645168764533,189,5.0972371101379395,-166.4335452
2518,-186.62688000000003,0.4219782654097122,0.00998645168764533,113,3.014009952545166,-166.4684464
2519,-186.62688000000003,0.46688437557457824,0.00998645168764533,113,3.0506999492645264,-166.5574084
2520,-178.00696000000002,0.3880502131750706,0.00998645168764533,497,13.364312171936035,-166.38501
2521,-178.14664,0.48681017567417517,0.00998645168764533,737,19.682008266448975,-166.3023588
2522,-182.17878000000002,0.560827636733431,0.00998645168764533,203,5.414881229400635,-166.2133968
2523,-181.65096000000003,0.4923706739726994,0.00998645168764533,225,6.008140802383423,-166.4017968
2524,9.288799999999995,0.5136863808028443,0.00998645168764533,1016,27.18609380722046,-162.5640076
2525,-184.88766,0.39149216600899933,0.00998645168764533,131,3.4891719818115234,-162.5292232
2526,-174.53428000000002,0.4553972989077044,0.00998645168764533,428,11.421390056610107,-162.37447840000002
2527,11.517279999999975,0.46778096386697143,0.00998645168764533,928,24.889468908309937,-158.7197916
2528,-186.62688000000003,0.7175862530691434,0.00998645168764533,113,3.0390548706054688,-158.7695644
2529,-174.56792000000002,0.5099334794640928,0.00998645168764533,385,10.337431907653809,-158.901718
2530,-187.8874,0.46691245614971605,0.00998645168764533,124,3.321605920791626,-159.0229692
2531,-182.27504000000002,0.5196206845620571,0.00998645168764533,913,24.339865684509277,-159.12655080000002
2532,-2.9765599999999948,0.5588524858932942,0.00998645168764533,640,17.06426167488098,-155.66548400000002
2533,-188.06744000000003,0.4357479284821159,0.00998645168764533,184,4.933172941207886,-155.69429520000003
2534,-186.62688000000003,0.5067181183124142,0.00998645168764533,113,3.031481981277466,-155.57339240000002
2535,-171.23870000000002,0.5773330214844734,0.00998645168764533,283,7.584007978439331,-155.2656288
2536,-186.62688000000003,0.5198495686219066,0.00998645168764533,113,3.036022663116455,-155.51143439999998
2537,-171.31042000000002,0.508962343148368,0.00998645168764533,287,7.654711008071899,-155.76743040000002
2538,-178.01654000000002,0.5571030241790297,0.00998645168764533,583,15.656320095062256,-159.6332988
2539,-173.55470000000005,0.4938483976609545,0.00998645168764533,243,6.420175075531006,-159.5106748
2540,-184.89642,0.49384988680205966,0.00998645168764533,135,3.5825932025909424,-159.6624928
2541,-187.8874,0.6331602038079572,0.00998645168764533,124,3.2993927001953125,-159.69173320000002
2542,-176.89592000000002,0.6009807262347419,0.00998645168764533,352,9.350506067276001,-159.497114
2543,15.146719999999986,0.51667070996259,0.00998645168764533,752,19.99564218521118,-156.2231104
2544,-186.62688000000003,0.6091019793504239,0.00998645168764533,113,3.0306320190429688,-156.18420000000003
2545,-183.21668000000003,0.452004978451657,0.00998645168764533,253,6.7725830078125,-156.11599600000002
2546,-181.50918000000001,0.48288938116239405,0.00998645168764533,174,4.652358055114746,-156.28787680000002
2547,-166.09954000000005,0.6151007292469538,0.00998645168764533,635,16.973494052886963,-156.4775844
2548,-177.46720000000005,0.448173131074531,0.00998645168764533,281,7.498597860336304,-156.46095440000002
2549,-176.03120000000004,0.4466660030412312,0.00998645168764533,313,8.357015132904053,-156.87797440000003
2550,-156.07209999999992,0.4651411874050187,0.00998645168764533,659,17.632202863693237,-156.3503296
2551,-145.2467999999999,0.47460740359983106,0.00998645168764533,937,25.09689426422119,-155.74727040000002
2552,-188.06744000000003,0.5818791933782884,0.00998645168764533,184,4.956800222396851,-155.6580896
2553,-141.13161999999977,0.528109511798666,0.00998645168764533,846,22.62410283088684,-155.37672120000002
2554,10.459599999999984,0.48809919025228876,0.00998645168764533,616,16.443168878555298,-152.07853920000002
2555,-180.65456,0.5294421373400837,0.00998645168764533,184,5.036856174468994,-151.9590928
2556,-184.88182000000003,0.5001674281613929,0.00998645168764533,134,3.5849497318267822,-156.42339800000002
2557,-186.62688000000003,0.6975325315333574,0.00998645168764533,113,3.012120008468628,-156.42339800000002
2558,-182.60304,0.5035763408740361,0.00998645168764533,225,6.026354789733887,-156.42973080000002
2559,-194.24442,0.5439278317848715,0.00998645168764533,471,12.63317608833313,-156.5820816
2560,-182.17878000000002,0.5842904213568186,0.00998645168764533,203,5.438957214355469,-160.6175964
2561,-142.92543999999987,0.5196453307367354,0.00998645168764533,689,18.773542881011963,-159.97228840000002
2562,-166.77792000000005,0.5821873097351395,0.00998645168764533,665,18.26163625717163,-159.57530920000002
2563,-182.38714000000002,0.4676953918608649,0.00998645168764533,263,7.2147650718688965,-159.5252988
2564,-186.62688000000003,0.45395036082945567,0.00998645168764533,113,3.1317129135131836,-159.5252988
2565,-144.47359999999986,0.515139611826964,0.00998645168764533,857,23.400487899780273,-159.02107560000002
2566,-160.67755999999997,0.508545448297312,0.00998645168764533,629,17.30458092689514,-158.5020892
2567,-187.8874,0.44955892266044695,0.00998645168764533,124,3.369497060775757,-158.6023164
2568,-183.26156,0.5472470285121802,0.00998645168764533,157,4.283043146133423,-158.53501
2569,42.319440000000164,0.47727461248017683,0.00998645168764533,1072,29.29072904586792,-153.9560836
2570,-170.64398000000006,0.48208926512819267,0.00998645168764533,391,10.703551054000854,-153.80882400000002
2571,-136.27137999999962,0.43030933391008824,0.00998645168764533,963,26.436359167099,-152.97131879999998
2572,44.9122400000003,0.3984361299316377,0.00998645168764533,1344,36.74891901016235,-148.4294984
2573,-186.62688000000003,0.25821812287698276,0.00998645168764533,113,3.116971015930176,-148.5290168
2574,-163.72723999999997,0.37307150513649073,0.00998645168764533,677,18.620193004608154,-151.98933759999997
2575,-143.57371999999987,0.4041635086282584,0.00998645168764533,917,25.045868158340454,-151.1630588
2576,-186.62688000000003,0.36779701415515315,0.00998645168764533,113,3.077836036682129,-151.40491079999998
2577,-181.90144000000004,0.2860275495670637,0.00998645168764533,529,14.487321853637695,-155.2732852
2578,-191.35786,0.29649814062521435,0.00998645168764533,287,7.982201099395752,-155.3679048
2579,-151.55971999999986,0.3406723634583764,0.00998645168764533,989,27.04065203666687,-154.90774079999997
2580,-186.62688000000003,0.37280787686627787,0.00998645168764533,113,3.0910301208496094,-154.88253039999998
2581,-186.62688000000003,0.35087176338992027,0.00998645168764533,113,3.055091142654419,-154.96956719999997
2582,9.473359999999982,0.3467174627805334,0.00998645168764533,1016,27.726200103759766,-154.7205688
2583,-184.88182000000003,0.3206296409410772,0.00998645168764533,134,3.702969789505005,-154.65685639999998
2584,-186.12696,0.17438213667547744,0.00998645168764533,144,3.9354329109191895,-154.64685799999998
2585,-187.8874,0.20599878643969854,0.00998645168764533,124,3.411412000656128,-154.979832
2586,-152.4483999999999,0.45079261999096076,0.00998645168764533,689,18.83874797821045,-154.2962624
2587,-180.50256000000002,0.25837075936711495,0.00998645168764533,225,6.120359897613525,-154.48010519999997
2588,-175.42958000000004,0.33056182588027283,0.00998645168764533,550,15.172316789627075,-154.42836599999998
2589,-186.62688000000003,0.46711235287376734,0.00998645168764533,113,3.1209089756011963,-154.68980959999996
2590,-154.61137999999988,0.35264485788263256,0.00998645168764533,590,16.145960807800293,-154.08410879999997
2591,-172.37140000000002,0.3855926470400446,0.00998645168764533,956,26.082960844039917,-153.77378879999998
2592,-186.62688000000003,0.48927726326263055,0.00998645168764533,113,3.075732946395874,-153.96840799999998
2593,29.118000000000162,0.3572928248508833,0.00998645168764533,1200,32.98187708854675,-153.68898239999996
2594,-173.61290000000002,0.39322769609482394,0.00998645168764533,391,10.666824340820312,-153.42870279999997
2595,-187.46266,0.4749357989962095,0.00998645168764533,206,5.596228122711182,-153.51362239999997
2596,-186.62688000000003,0.57034019956085,0.00998645168764533,113,3.1394879817962646,-153.61597639999997
2597,37.8272800000002,0.462066921072983,0.00998645168764533,1280,34.95942187309265,-149.53743999999998
2598,-186.62688000000003,0.32501502006224037,0.00998645168764533,113,3.04939603805542,-149.72063359999996
2599,-181.93614000000002,0.3231134065867635,0.00998645168764533,243,6.654045104980469,-149.83873239999997
2600,-169.48322000000005,0.43082923809285306,0.00998645168764533,451,12.288524866104126,-150.10695479999995
2601,-164.61548,0.5377271322206088,0.00998645168764533,421,11.332616329193115,-150.49432839999997
2602,-182.99954,0.43774115363184807,0.00998645168764533,343,9.172599077224731,-150.39297039999997
2603,-189.90464,0.3999070000653259,0.00998645168764533,313,8.42008900642395,-151.36843079999997
2604,-176.93152,0.44900786196418163,0.00998645168764533,401,10.66671085357666,-155.11625319999996
2605,-170.61710000000005,0.5053706235797776,0.00998645168764533,391,10.424881935119629,-154.91550399999997
2606,-153.97507999999993,0.47498559296644965,0.00998645168764533,812,21.585358142852783,-154.29736919999996
2607,15.158719999999994,0.4007166989681139,0.00998645168764533,824,21.975584983825684,-150.26165719999997
2608,-187.46996000000001,0.42384466910961927,0.00998645168764533,205,5.462352991104126,-150.3589956
2609,-186.62688000000003,0.5744137838153185,0.00998645168764533,113,3.0271310806274414,-150.20664479999996
2610,-186.62688000000003,0.5320485092007217,0.00998645168764533,113,3.004866123199463,-150.29560679999997
2611,-174.65810000000005,0.4928393156655952,0.00998645168764533,391,10.531646966934204,-150.93025999999998
2612,-160.779,0.4875887898648748,0.00998645168764533,820,22.39641284942627,-150.81028159999997
2613,-186.62688000000003,0.3998704721772038,0.00998645168764533,113,3.109344959259033,-150.8950764
2614,-186.62688000000003,0.5022044978310577,0.00998645168764533,113,3.13993501663208,-150.8950764
2615,-186.83620000000002,0.3985521616263976,0.00998645168764533,124,3.403733015060425,-151.7423284
2616,-175.35660000000001,0.44273033339990464,0.00998645168764533,429,11.68894910812378,-152.0359092
2617,7.133840000000035,0.49087049348255324,0.00998645168764533,608,16.65732192993164,-148.1354844
2618,-184.88766,0.5884121813178631,0.00998645168764533,131,3.6149790287017822,-148.16800639999997
2619,-162.98292,0.5563048093670571,0.00998645168764533,820,22.303035020828247,-152.2740536
2620,-186.62688000000003,0.5429139522654293,0.00998645168764533,113,3.162572145462036,-152.59371159999998
2621,-171.43114000000003,0.5953092108137058,0.00998645168764533,431,11.622498750686646,-153.2969068
2622,-171.23870000000002,0.4085809811752276,0.00998645168764533,283,7.658744812011719,-157.61992560000002
2623,-176.5448,0.4912325094188728,0.00998645168764533,481,13.141875982284546,-157.418284
2624,-173.93596000000002,0.49739557583240585,0.00998645168764533,461,12.624084949493408,-157.6224584
2625,-155.93389999999982,0.5104907629085169,0.00998645168764533,1106,30.292541980743408,-157.86966199999998
2626,-186.62688000000003,0.43036126783859413,0.00998645168764533,113,3.095885992050171,-157.86966199999998
2627,-156.12579999999986,0.45551207325193116,0.00998645168764533,996,27.245024919509888,-157.3541492
2628,-171.23870000000002,0.5209105562043538,0.00998645168764533,283,7.787538051605225,-156.951766
2629,-175.60906,0.5081510329705484,0.00998645168764533,431,11.799078941345215,-157.4327528
2630,-0.5281600000000086,0.45173393082950497,0.00998645168764533,512,13.897252082824707,-153.7107784
2631,-186.62688000000003,0.4553806074375732,0.00998645168764533,113,3.0879218578338623,-153.7107784
2632,-186.62688000000003,0.5421728138375072,0.00998645168764533,113,3.034618854522705,-157.6327832
2633,-186.62688000000003,0.7054082137755061,0.00998645168764533,113,3.128265857696533,-157.66768439999998
2634,19.83607999999998,0.4913162587403829,0.00998645168764533,848,23.167295932769775,-153.5484236
2635,-145.79107999999985,0.49179486800212324,0.00998645168764533,820,22.335397958755493,-152.7064972
2636,-179.89638000000002,0.5063720814667475,0.00998645168764533,491,13.470115184783936,-153.2554568
2637,-182.28688,0.5833866354479103,0.00998645168764533,209,5.678272008895874,-153.2911432
2638,-188.11370000000002,0.4898410886327954,0.00998645168764533,235,6.394025087356567,-153.5448256
2639,-189.84444,0.31183113267652374,0.00998645168764533,261,7.205487012863159,-153.6091768
2640,-180.65720000000002,0.3658936390673499,0.00998645168764533,184,5.06243896484375,-154.1300932
2641,-164.82322000000005,0.43955308893730616,0.00998645168764533,530,14.686393976211548,-153.9791296
2642,-186.62688000000003,0.4605497061975498,0.00998645168764533,113,3.119832992553711,-153.9791296
2643,-181.09534,0.43374620967159566,0.00998645168764533,491,13.383132934570312,-158.1833964
2644,-176.32016000000002,0.47847028402737807,0.00998645168764533,369,10.110412120819092,-158.23754160000001
2645,-145.96249999999984,0.45122188672154767,0.00998645168764533,638,17.460522890090942,-157.4075384
2646,-174.25070000000002,0.42015282425942807,0.00998645168764533,430,11.853949069976807,-157.1600148
2647,-186.62688000000003,0.3464596054590909,0.00998645168764533,113,3.1093380451202393,-161.64909799999998
2648,14.071199999999994,0.5041722810361534,0.00998645168764533,720,19.698983907699585,-157.63513640000002
2649,-175.15220000000005,0.3784290201453639,0.00998645168764533,469,12.839128971099854,-157.4994576
2650,-182.2792,0.532785169361382,0.00998645168764533,209,5.726160049438477,-157.7553772
2651,-178.49007999999998,0.5429787585555121,0.00998645168764533,473,12.97446870803833,-158.0328692
2652,-152.9052999999999,0.4793383755378033,0.00998645168764533,950,25.964848041534424,-157.4309844
2653,-175.43624000000003,0.548060115271881,0.00998645168764533,481,13.138781785964966,-157.1416164
2654,-186.62688000000003,0.4109235369328377,0.00998645168764533,113,3.104749917984009,-157.3355236
2655,14.621760000000002,0.4963810255740309,0.00998645168764533,696,19.064504146575928,-153.63074640000002
2656,-170.94766000000004,0.45129991925542773,0.00998645168764533,362,9.973883867263794,-153.970198
2657,-187.8874,0.39851077244947514,0.00998645168764533,124,3.450565814971924,-158.0311204
2658,-156.52769999999995,0.47860955907057323,0.00998645168764533,586,16.172836303710938,-157.4122752
2659,-186.97136,0.5102285572287181,0.00998645168764533,184,5.07473087310791,-157.4191648
2660,-184.01332,0.40471946441094825,0.00998645168764533,293,8.05794906616211,-157.3668936
2661,-155.73159999999993,0.5334150692283974,0.00998645168764533,897,24.643282175064087,-156.98836359999999
2662,-186.62688000000003,0.5885756606384452,0.00998645168764533,113,3.0609049797058105,-157.5053212
2663,-172.58692,0.5095295737931996,0.00998645168764533,956,25.738250970840454,-157.224522
2664,-186.62688000000003,0.6287359858211954,0.00998645168764533,113,3.0787830352783203,-157.224522
2665,-158.75565999999998,0.5140314624521144,0.00998645168764533,738,20.018362045288086,-156.6629112
2666,-151.68289999999988,0.4047310647599777,0.00998645168764533,847,23.255449056625366,-156.1894372
2667,-186.62688000000003,0.4860206651872238,0.00998645168764533,113,3.1196398735046387,-160.0646516
2668,21.887759999999986,0.4267330587825592,0.00998645168764533,816,22.24344778060913,-155.9291432
2669,13.891040000000002,0.40910361007136264,0.00998645168764533,824,22.534959077835083,-152.391664
2670,-172.92232000000004,0.3267543834958452,0.00998645168764533,313,8.571694135665894,-152.1175728
2671,-171.38476000000003,0.3634258712969288,0.00998645168764533,293,8.044663906097412,-152.1166452
2672,34.23096000000014,0.3991129461844424,0.00998645168764533,1072,29.26932716369629,-148.007252
2673,-186.62688000000003,0.284108038859821,0.00998645168764533,113,3.079019069671631,-148.20889359999998
2674,-181.22608000000002,0.38510268300094386,0.00998645168764533,209,5.715735197067261,-148.354696
2675,-188.87478000000002,0.3301089946608776,0.00998645168764533,174,4.737905979156494,-149.01351359999998
2676,-186.62688000000003,0.47055388080467164,0.00998645168764533,113,3.068418025970459,-149.01351359999998
2677,-186.62688000000003,0.36858839526838433,0.00998645168764533,113,3.2006747722625732,-149.6235352
2678,-186.62688000000003,0.3572039094844223,0.00998645168764533,113,3.10503888130188,-149.9312988
2679,-187.16032,0.3486652912758935,0.00998645168764533,289,7.860728025436401,-150.162324
2680,-186.62688000000003,0.5409305650427674,0.00998645168764533,113,3.1186017990112305,-153.8842984
2681,-168.43028000000004,0.43558758415902654,0.00998645168764533,300,8.246393918991089,-153.5203664
2682,-178.77429999999998,0.45132204659332503,0.00998645168764533,755,20.634463787078857,-153.3633148
2683,-156.82041999999996,0.381176415690919,0.00998645168764533,599,16.4668288230896,-152.7671856
2684,-175.50102000000004,0.42352108185569065,0.00998645168764533,471,12.775250911712646,-156.6739276
2685,-186.62688000000003,0.5541925556067608,0.00998645168764533,113,3.1065680980682373,-157.4906436
2686,-182.2696,0.38474865296507993,0.00998645168764533,209,5.68609094619751,-157.538108
2687,-184.88182000000003,0.2644086733126818,0.00998645168764533,134,3.674204111099243,-157.5900068
2688,-180.89968000000002,0.5341758239649337,0.00998645168764533,296,8.131217002868652,-157.4457264
2689,-186.62688000000003,0.5742760271625181,0.00998645168764533,113,3.1285040378570557,-157.3813752
2690,-186.62688000000003,0.5980028625478787,0.00998645168764533,113,3.0511720180511475,-157.5007688
2691,9.027600000000007,0.4982940213544769,0.00998645168764533,816,22.34715485572815,-154.0237524
2692,-147.73861999999983,0.5607085307020434,0.00998645168764533,1247,34.01244497299194,-153.2459872
2693,-172.11472,0.5674402586268458,0.00998645168764533,521,14.355340003967285,-153.0663748
2694,-166.55020000000002,0.5723958839708027,0.00998645168764533,612,16.669912099838257,-152.8709756
2695,14.930239999999998,0.5955281784127959,0.00998645168764533,680,18.61503791809082,-149.6531208
2696,4.2805599999999915,0.5677040867623873,0.00998645168764533,640,17.619451999664307,-146.08249560000002
2697,-184.88182000000003,0.47810486310731565,0.00998645168764533,134,3.7504830360412598,-146.0475944
2698,-186.62688000000003,0.578236399498661,0.00998645168764533,113,3.14853572845459,-150.061556
2699,-171.31042000000002,0.5937856679736842,0.00998645168764533,287,7.8221518993377686,-149.98472040000001
2700,-186.62688000000003,0.4818918608145508,0.00998645168764533,113,3.1184051036834717,-150.071674
2701,-162.7181999999999,0.6262031470943895,0.00998645168764533,1164,31.031512022018433,-149.7562364
2702,-170.15232000000006,0.5990991386323107,0.00998645168764533,281,7.534524917602539,-150.1011768
2703,-181.7024,0.46558048667224206,0.00998645168764533,184,4.93463134765625,-150.2265
2704,-186.62688000000003,0.6004951426314306,0.00998645168764533,113,3.0989890098571777,-150.2265
2705,-174.30000000000004,0.5341648180618775,0.00998645168764533,561,15.013991832733154,-154.0049352
2706,-184.34876000000003,0.506411292990192,0.00998645168764533,156,4.192065954208374,-154.2729572
2707,43.961440000000024,0.513876302310141,0.00998645168764533,1256,33.452115058898926,-149.6359804
2708,-158.07942000000003,0.48922064853945424,0.00998645168764533,411,11.04908013343811,-149.6670148
2709,-174.11072000000001,0.4771889697768495,0.00998645168764533,457,12.480310201644897,-149.409802
2710,-186.62688000000003,0.32435912824343,0.00998645168764533,113,3.067209005355835,-149.46207320000002
2711,-184.89642,0.34378369196007647,0.00998645168764533,135,3.649810791015625,-150.04536960000001
2712,-186.62688000000003,0.4547401291639668,0.00998645168764533,113,3.08778715133667,-150.04536960000001
2713,-186.62688000000003,0.5833379842044242,0.00998645168764533,113,3.0641708374023438,-150.3261688
2714,-186.62688000000003,0.6169936628764974,0.00998645168764533,113,3.0613420009613037,-150.3261688
2715,-186.62688000000003,0.4189131777997302,0.00998645168764533,113,3.11781907081604,-150.8835932
2716,-186.62688000000003,0.6149821270553939,0.00998645168764533,113,3.0831408500671387,-151.5824728
2717,-173.89498,0.5228087042490226,0.00998645168764533,263,7.123205900192261,-151.3278348
2718,-175.83320000000003,0.6216465886153112,0.00998645168764533,352,9.497049808502197,-155.28225400000002
2719,-178.81178,0.6856681726506109,0.00998645168764533,391,10.491307973861694,-159.1363104
2720,-167.6304,0.5126376953753812,0.00998645168764533,1353,35.99647402763367,-159.030472
2721,-163.96081999999996,0.5155550596873512,0.00998645168764533,391,10.42828893661499,-158.8819932
2722,-186.62688000000003,0.6062969278989244,0.00998645168764533,113,3.0348668098449707,-163.29915
2723,-186.62688000000003,0.46522103976128637,0.00998645168764533,113,3.1069297790527344,-163.29915
2724,-186.62688000000003,0.4092467189560422,0.00998645168764533,113,3.042177200317383,-163.40716600000002
2725,-186.62688000000003,0.6160245870396627,0.00998645168764533,113,3.019860029220581,-163.362208
2726,-161.39443999999992,0.5425604231325213,0.00998645168764533,716,19.07611107826233,-162.85755920000003
2727,-180.42474,0.5986861049773902,0.00998645168764533,362,9.65239405632019,-162.7335164
2728,-175.51734000000002,0.6454574422013102,0.00998645168764533,471,12.56561279296875,-162.51132560000002
2729,-151.46937999999983,0.6619897813988156,0.00998645168764533,1119,29.861706972122192,-161.7975068
2730,-186.62688000000003,0.521970231193159,0.00998645168764533,113,3.0270419120788574,-161.7975068
2731,-186.62688000000003,0.6717690628483496,0.00998645168764533,113,3.0115630626678467,-162.1614388
2732,-186.62688000000003,0.4831697437252882,0.00998645168764533,113,3.0193099975585938,-162.3184904
2733,-186.62688000000003,0.5646770313151378,0.00998645168764533,113,2.998936891555786,-162.9146196
2734,-186.62688000000003,0.5993488205811092,0.00998645168764533,113,3.005704879760742,-163.1371368
2735,-171.23870000000002,0.6571308716986816,0.00998645168764533,283,7.5268330574035645,-162.82937320000002
2736,-186.62688000000003,0.62036210481506,0.00998645168764533,113,3.0055317878723145,-162.9165188
2737,-186.62688000000003,0.557697818392014,0.00998645168764533,113,2.9964959621429443,-162.95142
2738,-175.49910000000006,0.6729569656817903,0.00998645168764533,471,12.561956882476807,-162.84340840000002
2739,-157.31517999999994,0.7203144540613605,0.00998645168764533,911,24.330759286880493,-162.2571744
2740,-162.99350000000004,0.6561354743769331,0.00998645168764533,391,10.417190790176392,-161.7845068
2741,-186.62688000000003,0.5146220944558098,0.00998645168764533,113,3.0127949714660645,-165.6975964
2742,-152.2514999999999,0.6676290460268471,0.00998645168764533,778,20.738648891448975,-165.787854
2743,-158.83695999999995,0.6628353653792379,0.00998645168764533,641,17.086284637451172,-165.52229880000002
2744,-174.91618,0.6244389155753843,0.00998645168764533,311,8.289768934249878,-165.6896184
2745,-152.77383999999984,0.5849943813736007,0.00998645168764533,897,23.854477167129517,-169.0437
2746,-174.55518000000004,0.6681283190693139,0.00998645168764533,243,6.471542119979858,-172.6204148
2747,-188.23968000000002,0.7730467369029712,0.00998645168764533,144,3.8587210178375244,-172.687572
2748,-186.62688000000003,0.7041764700768796,0.00998645168764533,113,3.006885290145874,-172.687572
2749,-156.65540000000013,0.6157960724853793,0.00998645168764533,788,21.034100770950317,-172.3944716
2750,-186.62688000000003,0.549850607290864,0.00998645168764533,113,3.014496088027954,-172.3944716
2751,-174.08210000000003,0.4823052452114054,0.00998645168764533,454,12.062304973602295,-172.62174960000002
2752,-184.88182000000003,0.5549381002088758,0.00998645168764533,134,3.5944247245788574,-172.9163396
2753,-181.31548,0.5795727348710709,0.00998645168764533,212,5.652602195739746,-172.90860120000002
2754,-187.8874,0.5561999943287622,0.00998645168764533,124,3.315593957901001,-172.9338116
2755,-153.76883999999993,0.548470662598184,0.00998645168764533,501,13.549695014953613,-172.5231884
2756,-175.65896000000004,0.5935028272520232,0.00998645168764533,481,12.8006751537323,-172.3493924
2757,-184.88766,0.5959084147288827,0.00998645168764533,131,3.4879651069641113,-176.92637440000001
2758,-186.62688000000003,0.5221664040984042,0.00998645168764533,113,3.0040109157562256,-177.49732360000002
2759,-187.8874,0.5632434497707554,0.00998645168764533,124,3.300611972808838,-177.7728572
2760,-186.62688000000003,0.8521437021219624,0.00998645168764533,113,3.022926092147827,-177.7728572
2761,-186.62688000000003,0.9582841925290042,0.00998645168764533,113,3.0081779956817627,-177.8074664
2762,-186.62688000000003,0.8432031971427192,0.00998645168764533,113,3.017202138900757,-177.8074664
2763,-172.64972000000003,0.7379532497921009,0.00998645168764533,253,6.753066062927246,-177.5279232
2764,-186.62688000000003,0.8007001177762199,0.00998645168764533,113,3.0260109901428223,-177.5279232
2765,-159.94168000000002,0.7824490144960627,0.00998645168764533,833,22.26864719390869,-176.9942192
2766,-175.58032000000003,0.6508524886216283,0.00998645168764533,473,12.576426029205322,-176.77328799999998
2767,-186.62688000000003,0.7237174000129499,0.00998645168764533,113,3.019541025161743,-177.027926
2768,-180.06466,0.5870132478403634,0.00998645168764533,203,5.408504009246826,-177.11255520000003
2769,-174.26028,0.6522966188459117,0.00998645168764533,324,8.630483865737915,-177.02152519999999
2770,-186.62688000000003,0.5944400343021988,0.00998645168764533,113,3.132643222808838,-177.40145479999998
2771,-184.88182000000003,0.8683267496526241,0.00998645168764533,134,3.6141090393066406,-177.8198748
2772,-185.93230000000003,0.5842139699927239,0.00998645168764533,134,3.5614678859710693,-177.80598320000001
2773,-186.62688000000003,0.651456041492324,0.00998645168764533,113,3.017681360244751,-177.80598320000001
2774,-148.8031999999998,0.7877649500144556,0.00998645168764533,1145,31.088583946228027,-177.04950960000002
2775,-180.65456,0.6407263710102795,0.00998645168764533,184,5.000544786453247,-176.9300632
2776,-186.62688000000003,0.8452002226119548,0.00998645168764533,113,3.060504913330078,-177.434712
2777,-155.51425999999987,0.7977970903747996,0.00998645168764533,1075,28.849281787872314,-176.9365024
2778,-169.41018000000005,0.6607475046030801,0.00998645168764533,495,13.219427108764648,-176.8143592
2779,-186.62688000000003,0.8083148552846592,0.00998645168764533,113,3.0189902782440186,-177.51750920000003
2780,-174.53422,0.7130595899906589,0.00998645168764533,431,11.53010106086731,-177.27565600000003
2781,-186.62688000000003,0.8228642677278382,0.00998645168764533,113,3.0416431427001953,-177.27565600000003
2782,-163.88953999999998,0.7431657949306499,0.00998645168764533,382,10.20374608039856,-176.82090920000002
2783,-181.56336000000002,0.8719471286651161,0.00998645168764533,225,6.050861835479736,-176.71963879999998
2784,9.737199999999987,0.7697241168152388,0.00998645168764533,976,26.12041401863098,-172.7923572
2785,-184.91096000000002,0.9420143750578385,0.00998645168764533,136,3.6669390201568604,-173.0658024
2786,34.13232000000008,0.7027922804236177,0.00998645168764533,1144,30.513947010040283,-168.6506184
2787,-173.64664000000002,0.5918987178557306,0.00998645168764533,392,10.46480417251587,-168.3910136
2788,32.16424000000006,0.5897102056060659,0.00998645168764533,1064,28.43069314956665,-164.2377468
2789,-168.50544000000005,0.48275896058109175,0.00998645168764533,353,9.455693006515503,-164.461552
2790,-186.62688000000003,0.4234105913314672,0.00998645168764533,113,3.043552875518799,-164.9342196
2791,-186.62688000000003,0.4843368634614533,0.00998645168764533,113,3.0115549564361572,-164.9342196
2792,11.944079999999978,0.4860698578457925,0.00998645168764533,840,22.41996121406555,-161.650308
2793,-188.55238,0.44580487907865707,0.00998645168764533,599,16.008902072906494,-162.2446164
2794,-175.64168,0.4007710210684679,0.00998645168764533,481,12.903102159500122,-162.2591264
2795,364.19816000000026,0.4352317553139705,0.00998645168764533,1137,30.450082063674927,-151.91968640000002
2796,-186.62688000000003,0.3540094250862577,0.00998645168764533,113,3.027522087097168,-152.1611204
2797,-156.61821999999992,0.37021502635401227,0.00998645168764533,690,18.420919179916382,-151.52869120000003
2798,-171.49634000000003,0.39924774585229816,0.00998645168764533,391,10.454726219177246,-151.2260804
2799,-141.54037999999989,0.31880328942760827,0.00998645168764533,1250,33.31678318977356,-150.92378
2800,35.38040000000012,0.3063079784139215,0.00998645168764533,1056,28.21721076965332,-146.4836344
2801,-186.62688000000003,0.2402996543580584,0.00998645168764533,113,3.074232816696167,-146.73453
2802,-183.05534000000003,0.26556629790295366,0.00998645168764533,339,9.058077335357666,-146.6980004
2803,-187.8874,0.30987223691397137,0.00998645168764533,124,3.3360612392425537,-146.8294388
2804,-180.89679999999998,0.3342242285690023,0.00998645168764533,392,10.49717092514038,-146.68962679999998
2805,-153.64515999999983,0.36224991037190996,0.00998645168764533,837,22.389564990997314,-146.68715319999998
2806,-186.62688000000003,0.324530370269729,0.00998645168764533,113,3.036611795425415,-146.9065116
2807,-184.88182000000003,0.40071508371090486,0.00998645168764533,134,3.5660080909729004,-146.9063948
2808,-173.94472000000005,0.4082672090117876,0.00998645168764533,313,8.384827136993408,-146.6527516
2809,-168.11236000000005,0.4129146333348557,0.00998645168764533,629,16.791929960250854,-146.2572508
2810,-192.81852,0.5643322840860734,0.00998645168764533,300,8.147369861602783,-146.3810836
2811,-192.33422000000002,0.3916176348651579,0.00998645168764533,382,10.267428874969482,-146.4952304
2812,-152.44403999999986,0.43307501641527774,0.00998645168764533,733,19.67659592628479,-145.8115736
2813,-158.28879999999998,0.5112427445926837,0.00998645168764533,665,17.80535912513733,-145.5243552
2814,-186.62688000000003,0.45135280216294055,0.00998645168764533,113,3.040498971939087,-145.5243552
2815,-187.8874,0.48763509192353777,0.00998645168764533,124,3.3202362060546875,-146.0832696
2816,-180.5232,0.39783815153770974,0.00998645168764533,225,6.085158109664917,-146.1821272
2817,-186.62688000000003,0.42049780158342515,0.00998645168764533,113,3.026116132736206,-146.1821272
2818,-143.1323199999998,0.5362178641689027,0.00998645168764533,1041,27.89279007911682,-145.4434804
2819,-186.62688000000003,0.7810316433619081,0.00998645168764533,113,3.129739999771118,-145.69081239999997
2820,-168.78352,0.49068188857763334,0.00998645168764533,665,17.869420051574707,-145.3339452
2821,-186.62688000000003,0.5147107772908248,0.00998645168764533,113,3.0272421836853027,-145.3688464
2822,-186.62688000000003,0.6054691363752416,0.00998645168764533,113,3.0640599727630615,-145.382738
2823,-186.62688000000003,0.5263010804681519,0.00998645168764533,113,3.0281589031219482,-145.382738
2824,-183.22019999999998,0.519321411740517,0.00998645168764533,788,21.134812831878662,-146.07107799999997
2825,-183.64463999999998,0.5197592859715223,0.00998645168764533,225,6.035519123077393,-146.1308796
2826,-189.27038000000002,0.5454567489947411,0.00998645168764533,235,6.328568935394287,-146.1837496
2827,-175.43722000000002,0.6622855073960968,0.00998645168764533,479,12.85354495048523,-146.5822088
2828,-186.62688000000003,0.6302200759868178,0.00998645168764533,113,3.0522103309631348,-146.9265428
2829,-173.33326000000005,0.6319532356498099,0.00998645168764533,283,7.641319751739502,-146.6606704
2830,-171.33368000000002,0.6782545856938127,0.00998645168764533,289,7.769914150238037,-146.59665959999998
2831,-186.70186,0.5299173440126812,0.00998645168764533,170,4.570482015609741,-146.5981592
2832,-0.4340800000000007,0.6268070686746796,0.00998645168764533,512,13.69325304031372,-143.32905
2833,12.88295999999999,0.5906492600867447,0.00998645168764533,768,20.56955313682556,-139.4401236
2834,28.3342400000001,0.5775220992048007,0.00998645168764533,848,22.8555748462677,-139.0681828
2835,-184.89642,0.45300968919225315,0.00998645168764533,135,3.6397271156311035,-139.067892
2836,-177.35760000000002,0.4745004086103472,0.00998645168764533,513,13.777305126190186,-143.2976904
2837,-182.17878000000002,0.6638392641764189,0.00998645168764533,203,5.4947288036346436,-143.4683332
2838,-175.37138000000002,0.49815275958227084,0.00998645168764533,511,13.670863151550293,-147.6190456
2839,-175.46454000000006,0.5516558334373745,0.00998645168764533,471,12.702601194381714,-147.7582276
2840,44.39152000000039,0.4990015166642908,0.00998645168764533,1424,37.88202881813049,-143.13785959999998
2841,-180.59682,0.4544507090357088,0.00998645168764533,231,6.120810031890869,-143.0172584
2842,-186.62688000000003,0.47272137222828065,0.00998645168764533,113,3.0089590549468994,-146.9886776
2843,-175.66952000000003,0.49236304290871485,0.00998645168764533,481,12.828841209411621,-146.73102039999998
2844,-188.06744000000003,0.35804774723542127,0.00998645168764533,184,4.96475887298584,-146.9795356
2845,-174.61736000000002,0.41380559872675376,0.00998645168764533,441,11.71733832359314,-157.755846
2846,-186.62688000000003,0.5032489780270684,0.00998645168764533,113,3.027261972427368,-157.755846
2847,-154.45663999999994,0.5090110597670688,0.00998645168764533,537,14.267469882965088,-157.71261439999998
2848,-147.3267799999999,0.47916474480205534,0.00998645168764533,947,25.198988914489746,-157.2292232
2849,-180.48712,0.3871180534267544,0.00998645168764533,176,4.751112937927246,-158.00815799999998
2850,-186.62688000000003,0.3961956672436368,0.00998645168764533,113,2.999433755874634,-162.4483036
2851,-172.1304,0.42864721611017087,0.00998645168764533,417,11.041123151779175,-162.15837399999998
2852,-183.14502000000002,0.535241580809708,0.00998645168764533,243,6.4423558712005615,-162.1601676
2853,-172.10450000000003,0.4167953069879437,0.00998645168764533,319,8.514605045318604,-161.8445096
2854,-176.15790000000004,0.4269774857908487,0.00998645168764533,270,7.228142738342285,-161.7497316
2855,-184.02576000000002,0.475145879913018,0.00998645168764533,144,3.8502936363220215,-162.3573436
2856,-184.88766,0.3489631134021373,0.00998645168764533,131,3.495070219039917,-162.3225592
2857,19.15551999999999,0.4818119506817311,0.00998645168764533,736,19.638986110687256,-158.2418124
2858,-163.162,0.4968419245251471,0.00998645168764533,401,10.688408851623535,-158.026158
2859,-184.88182000000003,0.568600986013884,0.00998645168764533,134,3.594928026199341,-158.36154720000002
2860,-178.83256000000003,0.45151989370430073,0.00998645168764533,193,5.1385979652404785,-158.081828
2861,-186.62688000000003,0.608870959717088,0.00998645168764533,113,3.0076639652252197,-157.9676812
2862,12.00272,0.6210659563983396,0.00998645168764533,944,24.99788212776184,-154.678746
2863,-177.85832000000002,0.5230435884843019,0.00998645168764533,297,7.945798873901367,-155.0701364
2864,-187.8874,0.5975392853931314,0.00998645168764533,124,3.3032000064849854,-155.09534680000002
2865,-186.62688000000003,0.4124362789490054,0.00998645168764533,113,3.0156149864196777,-155.0701364
2866,-186.62688000000003,0.5747151513114176,0.00998645168764533,113,3.033750057220459,-155.19221
2867,-139.76885999999965,0.584679431344936,0.00998645168764533,1006,26.62322688102722,-154.2550496
2868,-174.24834,0.588900496404557,0.00998645168764533,366,9.77727198600769,-154.87736999999998
2869,-189.85596,0.5963835863403661,0.00998645168764533,261,6.998536825180054,-154.94195159999998
2870,-180.48712,0.6690055817280981,0.00998645168764533,176,4.73198390007019,-155.17602359999998
2871,-182.47544,0.6205136582093862,0.00998645168764533,865,23.272584915161133,-155.09299479999999
2872,-171.23870000000002,0.6126024325447348,0.00998645168764533,283,7.563503742218018,-154.7852312
2873,-186.62688000000003,0.4750463706729686,0.00998645168764533,113,3.0315990447998047,-154.7852312
2874,-165.52754000000002,0.5616402896285174,0.00998645168764533,511,13.576819896697998,-154.431378
2875,-171.33728000000002,0.718355324185161,0.00998645168764533,481,12.766633033752441,-154.1852308
2876,-182.88898,0.6987234018663777,0.00998645168764533,235,6.326573848724365,-154.0576028
2877,-172.48304000000002,0.7523981455098364,0.00998645168764533,433,11.538436889648438,-153.9985192
2878,-171.24974,0.6912951287829939,0.00998645168764533,283,7.540791034698486,-153.6909764
2879,-146.43913999999984,0.5530558213647916,0.00998645168764533,1091,29.098890781402588,-153.153094
2880,-186.62688000000003,0.5453290595318627,0.00998645168764533,113,3.0111448764801025,-153.458958
2881,-186.62688000000003,0.8992516983102644,0.00998645168764533,113,3.0289909839630127,-153.4574584
2882,-184.1271,0.5775220715767589,0.00998645168764533,342,9.200081825256348,-157.1313188
2883,-166.85128000000003,0.5556031162427231,0.00998645168764533,473,12.648396968841553,-160.72600359999998
2884,-174.68114000000003,0.5708772771231964,0.00998645168764533,391,10.442538976669312,-164.78631119999997
2885,-146.71183999999982,0.5608048086310838,0.00998645168764533,1145,30.540126085281372,-164.02261959999998
2886,-166.51321999999993,0.5066652816262307,0.00998645168764533,547,14.525455713272095,-163.80573199999998
2887,-186.62688000000003,0.6276914208748303,0.00998645168764533,113,3.0237419605255127,-163.894694
2888,-186.62688000000003,0.5262449104421302,0.00998645168764533,113,3.0613467693328857,-164.11980400000002
2889,-186.62688000000003,0.6948305709386425,0.00998645168764533,113,3.0483648777008057,-164.3430508
2890,-186.62688000000003,0.6348287795332417,0.00998645168764533,113,3.0196778774261475,-168.9634188
2891,-186.62688000000003,0.4735631242279062,0.00998645168764533,113,3.0258309841156006,-169.08401999999998
2892,-186.62688000000003,0.7159658125313246,0.00998645168764533,113,3.0302278995513916,-169.08401999999998
2893,-186.62688000000003,0.6134020043866693,0.00998645168764533,113,3.010138750076294,-169.3031672
2894,15.441999999999993,0.6220459344583642,0.00998645168764533,664,17.74438214302063,-165.23297839999998
2895,-171.24974,0.664932655654321,0.00998645168764533,283,7.672271013259888,-165.165626
2896,-146.4807999999999,0.6041268648651804,0.00998645168764533,801,21.37392830848694,-164.3627044
2897,15.907679999999974,0.5600533510312542,0.00998645168764533,720,19.147143840789795,-160.95541799999998
2898,-186.83548000000002,0.5812428233424022,0.00998645168764533,124,3.304809808731079,-161.745592
2899,-145.79697999999985,0.5306876558609954,0.00998645168764533,771,20.654438018798828,-161.0517892
2900,-186.62688000000003,0.43376929892342436,0.00998645168764533,113,3.0104708671569824,-161.0517892
2901,-186.62688000000003,0.49959207582493537,0.00998645168764533,113,3.0335280895233154,-161.3417188
2902,-186.62688000000003,0.541517898918385,0.00998645168764533,113,3.0373942852020264,-161.41135599999998
2903,-186.62688000000003,0.4241323738103419,0.00998645168764533,113,3.017209053039551,-161.7018036
2904,-175.85554000000005,0.687574617619685,0.00998645168764533,491,13.09248399734497,-161.6957564
2905,-188.06744000000003,0.5408884453000096,0.00998645168764533,184,4.8948869705200195,-161.77659
2906,-186.62688000000003,0.5610271789776409,0.00998645168764533,113,3.009316921234131,-161.8113744
2907,-148.5001799999998,0.5281776945110788,0.00998645168764533,1135,30.21795678138733,-165.1644884
2908,-186.62688000000003,0.5261940130782602,0.00998645168764533,113,3.0546748638153076,-165.633786
2909,-180.65456,0.5859871385214122,0.00998645168764533,184,4.913938045501709,-165.5492408
2910,-174.19912000000002,0.6083761026816709,0.00998645168764533,560,14.928585290908813,-165.45657199999997
2911,-182.17578,0.5954440255543868,0.00998645168764533,203,5.431797027587891,-165.36755000000002
2912,-186.62688000000003,0.6041761594206358,0.00998645168764533,113,3.0236401557922363,-169.340142
2913,-179.45296000000002,0.6220497280259484,0.00998645168764533,560,14.924413919448853,-169.3720348
2914,-181.90112,0.5255194897357668,0.00998645168764533,241,6.477718114852905,-169.25230919999998
2915,-186.62688000000003,0.7111814364263441,0.00998645168764533,113,3.0474371910095215,-169.25230919999998
2916,-186.62688000000003,0.9345304291134915,0.00998645168764533,113,3.010560989379883,-169.25230919999998
2917,-186.62688000000003,0.6336587666805866,0.00998645168764533,113,3.0274157524108887,-170.18946960000002
2918,-182.37804000000003,0.7640998432185379,0.00998645168764533,213,5.700711011886597,-170.3520636
2919,-175.70806000000005,0.7511053759762841,0.00998645168764533,530,14.125205039978027,-170.0691056
2920,-184.34876000000003,0.780976538021022,0.00998645168764533,156,4.166107892990112,-170.1463384
2921,-186.62688000000003,0.7618470110691491,0.00998645168764533,113,3.0591988563537598,-170.2293672
2922,-152.1819599999999,0.645352098659226,0.00998645168764533,820,21.882482051849365,-169.84823240000003
2923,-184.88182000000003,0.7752873432308213,0.00998645168764533,134,3.575471878051758,-169.8133312
2924,-186.62688000000003,0.6020788502244823,0.00998645168764533,113,3.0289909839630127,-170.235318
2925,-186.62688000000003,0.5828833466115515,0.00998645168764533,113,3.0278141498565674,-170.54111
2926,-165.5445,0.6744336769837435,0.00998645168764533,651,17.32857394218445,-170.1942204
2927,-145.1883999999999,0.724207897217884,0.00998645168764533,897,23.91761875152588,-169.64832760000002
2928,-175.76350000000002,0.7500019367146941,0.00998645168764533,491,13.142349004745483,-169.7386028
2929,-182.27728000000002,0.6232101125419853,0.00998645168764533,209,5.577747106552124,-170.4553656
2930,-183.67290000000003,0.7134793291675152,0.00998645168764533,471,12.56360125541687,-170.396286
2931,-186.62688000000003,0.5843436616283338,0.00998645168764533,113,3.0436949729919434,-170.396286
2932,-186.62688000000003,0.8130222166995559,0.00998645168764533,113,3.0134918689727783,-170.4462816
2933,-187.62099999999998,0.7544896748518889,0.00998645168764533,164,4.389448881149292,-170.86167600000002
2934,-171.75906,0.6652845234914434,0.00998645168764533,303,8.126738786697388,-170.8032344
2935,-186.62688000000003,0.9204300571134133,0.00998645168764533,113,3.1725780963897705,-171.6015352
2936,-187.8874,0.8123024910718443,0.00998645168764533,124,3.350522994995117,-172.02901880000002
2937,-179.51360000000003,0.7594412288360172,0.00998645168764533,177,4.814866065979004,-171.88675320000002
2938,-184.88766,0.7162362858510882,0.00998645168764533,131,3.6151089668273926,-171.8519688
2939,-155.51543999999998,0.6467381230400893,0.00998645168764533,729,19.569763898849487,-171.22974000000002
2940,-150.25299999999987,0.7671186463042667,0.00998645168764533,629,16.628855228424072,-170.5022624
2941,-171.76788000000002,0.5778209090989326,0.00998645168764533,261,6.927170038223267,-170.20508239999998
2942,-157.83831999999995,0.7175094445748358,0.00998645168764533,449,11.94844102859497,-169.62931120000002
2943,-171.89248000000003,0.7192251267976845,0.00998645168764533,313,8.40741491317749,-169.33462319999998
2944,-171.23870000000002,0.6863975697081839,0.00998645168764533,283,7.592545747756958,-173.0682372
2945,-184.88182000000003,0.7820652408052736,0.00998645168764533,134,3.5813651084899902,-173.34087879999998
2946,-183.61038000000002,0.6823288932142929,0.00998645168764533,174,4.654900074005127,-174.0834704
2947,-153.67339999999993,0.6707712793411478,0.00998645168764533,748,19.893515825271606,-177.47509200000002
2948,-189.73444,0.6016838955692947,0.00998645168764533,164,4.386417865753174,-177.53307120000002
2949,-171.20450000000002,0.6214601448905135,0.00998645168764533,859,22.98851490020752,-178.0412216
2950,-186.62688000000003,0.8007031965802992,0.00998645168764533,113,3.049420118331909,-178.0412216
2951,11.828559999999994,0.6149445430981407,0.00998645168764533,904,24.003875970840454,-174.07211279999999
2952,-186.62688000000003,0.6004238339652003,0.00998645168764533,113,3.0178542137145996,-174.07211279999999
2953,-184.88766,0.6869944318247433,0.00998645168764533,131,3.531212091445923,-174.0373284
2954,-186.62688000000003,0.5444853281750616,0.00998645168764533,113,3.0214028358459473,-174.2527552
2955,-178.39440000000002,0.5797196289618434,0.00998645168764533,753,20.11947798728943,-174.0592944
2956,-188.23584000000002,0.5580944522322776,0.00998645168764533,144,3.857354164123535,-174.0914736
2957,-170.62286000000003,0.6562448601950618,0.00998645168764533,391,10.44557809829712,-174.5339272
2958,-187.83548000000002,0.8068888396505387,0.00998645168764533,124,3.3215959072113037,-174.5580992
2959,-182.2696,0.5529753551127736,0.00998645168764533,209,5.568122148513794,-174.59040000000002
2960,-172.56923999999998,0.6800046300067117,0.00998645168764533,540,14.392690181732178,-174.5578024
2961,31.36432000000015,0.7111785439732817,0.00998645168764533,896,23.97653102874756,-170.2870004
2962,-176.57460000000003,0.5580098924798924,0.00998645168764533,285,7.653251886367798,-170.0859548
2963,-138.0695999999998,0.4928959378832029,0.00998645168764533,808,21.48064112663269,-169.25828760000002
2964,-145.48303999999973,0.5082561883750051,0.00998645168764533,1145,30.590533018112183,-168.529926
2965,-160.12668000000002,0.4399836551968287,0.00998645168764533,748,20.03020405769348,-167.999922
2966,-186.62688000000003,0.3308710471636294,0.00998645168764533,113,3.016402006149292,-167.999922
2967,-155.29557999999994,0.4002619923474417,0.00998645168764533,807,21.55228590965271,-167.373296
2968,-170.77686,0.4068942400781201,0.00998645168764533,362,9.710674047470093,-167.1412724
2969,-182.30176,0.508514939736058,0.00998645168764533,209,5.6527018547058105,-167.2731464
2970,30.121600000000036,0.43290378290914205,0.00998645168764533,1016,27.196220874786377,-162.98373919999997
2971,11.59823999999998,0.4109773890251139,0.00998645168764533,960,25.56012511253357,-159.0192368
2972,-173.4004,0.33670046918573227,0.00998645168764533,521,13.974720001220703,-159.44360559999998
2973,-186.62688000000003,0.3198531594424121,0.00998645168764533,113,3.0448880195617676,-159.4785068
2974,-174.71614000000002,0.3046730211126549,0.00998645168764533,443,11.857624769210815,-159.24029199999998
2975,-164.10775999999996,0.3685770877330752,0.00998645168764533,441,11.758693218231201,-158.7899096
2976,-181.50018,0.3582571759053013,0.00998645168764533,170,4.534670829772949,-159.1090232
2977,-180.74566000000002,0.361190586445972,0.00998645168764533,235,6.259155035018921,-159.8201684
2978,-173.22884000000005,0.373559607034013,0.00998645168764533,469,12.523530960083008,-159.7694752
2979,-185.07696,0.4549685470087247,0.00998645168764533,144,3.9173548221588135,-159.8254688
2980,-186.62688000000003,0.21178130474996515,0.00998645168764533,113,3.028182029724121,-159.88454839999997
2981,-186.62688000000003,0.34406512776241366,0.00998645168764533,113,3.050828218460083,-159.88454839999997
2982,-186.62688000000003,0.5907996586828896,0.00998645168764533,113,3.035240888595581,-159.88454839999997
2983,-186.62688000000003,0.3640623241580561,0.00998645168764533,113,3.006990909576416,-159.864666
2984,-186.62688000000003,0.5231652234029849,0.00998645168764533,113,3.0509958267211914,-160.16202239999998
2985,-154.30095999999992,0.4848134912679922,0.00998645168764533,633,16.95927095413208,-159.515504
2986,-186.62688000000003,0.5381884423323569,0.00998645168764533,113,3.052933692932129,-159.49029359999997
2987,-171.31042000000002,0.45764386698032505,0.00998645168764533,287,7.680876731872559,-159.32623
2988,-147.78039999999976,0.5050769495020001,0.00998645168764533,1449,38.71054482460022,-158.58408479999997
2989,-186.62688000000003,0.5152069444446701,0.00998645168764533,113,3.041085958480835,-159.2063136
2990,-186.62688000000003,0.6077580667405793,0.00998645168764533,113,3.0145957469940186,-159.9337912
2991,-173.89498,0.48742988048397545,0.00998645168764533,263,7.041324138641357,-159.9763332
2992,-175.62616000000003,0.5798731382619358,0.00998645168764533,241,6.454699993133545,-160.33209
2993,-180.65456,0.5710895354150916,0.00998645168764533,184,4.925478219985962,-160.5073316
2994,-174.38038000000003,0.600025764873824,0.00998645168764533,283,7.656558036804199,-160.5701652
2995,-149.49767999999986,0.6111614209524,0.00998645168764533,897,24.0507390499115,-159.86248239999998
2996,-180.65456,0.7143497171953482,0.00998645168764533,184,4.921957731246948,-159.80336599999998
2997,-172.08752000000004,0.5544187335481683,0.00998645168764533,273,7.340840816497803,-160.17164839999998
2998,-187.8874,0.6668621653751019,0.00998645168764533,124,3.318897008895874,-160.13470759999998
2999,-151.52521999999993,0.6414482549248681,0.00998645168764533,887,23.656060934066772,-159.741122
3000,-171.23870000000002,0.7081937087443081,0.00998645168764533,283,7.562960863113403,-159.4333584
3001,-184.88766,0.46146757978917535,0.00998645168764533,131,3.550747871398926,-163.36768279999998
3002,-173.81944000000004,0.8262196363244866,0.00998645168764533,401,10.716265201568604,-163.111534
3003,-186.62688000000003,0.49675112608325694,0.00998645168764533,113,3.0291240215301514,-163.14631839999998
3004,364.17280000000034,0.6818956404761716,0.00998645168764533,1145,30.698317050933838,-152.13032479999998
3005,-179.17332000000002,0.5924771607551776,0.00998645168764533,213,5.755618095397949,-152.14590319999996
3006,-182.69922,0.6787939946695324,0.00998645168764533,231,6.180410861968994,-152.03517079999997
3007,-175.65512,0.6175875251729375,0.00998645168764533,481,12.820631980895996,-152.13581599999998
3008,-178.82306,0.6516690944914546,0.00998645168764533,391,10.421365976333618,-151.95556759999997
3009,-186.62688000000003,0.7746059715385194,0.00998645168764533,113,3.0350711345672607,-152.04271319999998
3010,-184.13896000000003,0.5998235895330536,0.00998645168764533,145,3.896759033203125,-152.27410759999998
3011,-184.88182000000003,0.6919601086471507,0.00998645168764533,134,3.609792947769165,-156.5990304
3012,-158.98399999999998,0.6294586453443316,0.00998645168764533,649,17.284471035003662,-156.24721839999998
3013,-168.66080000000002,0.5706544364728152,0.00998645168764533,313,8.426354885101318,-156.8590424
3014,-157.96169999999992,0.5401768169420607,0.00998645168764533,1122,30.034919261932373,-157.1086156
3015,-180.65456,0.5385911612892929,0.00998645168764533,184,5.134814262390137,-157.51917319999998
3016,-154.57037999999983,0.582719828439085,0.00998645168764533,859,23.437777996063232,-156.87804319999998
3017,14.519359999999974,0.4991688658774365,0.00998645168764533,704,19.26207995414734,-153.4817444
3018,-184.88182000000003,0.40107681008695223,0.00998645168764533,134,3.70156192779541,-153.7638436
3019,-187.18200000000002,0.38671257694820976,0.00998645168764533,144,4.10273003578186,-153.8614484
3020,-180.27996000000002,0.45129013650923827,0.00998645168764533,213,5.8045430183410645,-158.0694796
3021,-156.30023999999997,0.5101972669659826,0.00998645168764533,1161,32.03353786468506,-161.42744919999998
3022,-180.22412,0.40707996611182734,0.00998645168764533,508,13.917750120162964,-161.5639236
3023,-148.7401599999999,0.47971476107826067,0.00998645168764533,768,20.990606784820557,-160.80618919999998
3024,-186.62688000000003,0.5540571605572394,0.00998645168764533,113,3.0771589279174805,-161.044404
3025,-172.22856000000002,0.45446690480076823,0.00998645168764533,321,8.810515880584717,-161.20682
3026,-171.33944000000002,0.5314060412057285,0.00998645168764533,289,8.01913332939148,-161.00360519999998
3027,-186.62688000000003,0.5263415558955971,0.00998645168764533,113,3.087458848953247,-161.1212296
3028,-186.62688000000003,0.3104426990864815,0.00998645168764533,113,3.08994722366333,-161.3891904
3029,-182.2792,0.4708571549300015,0.00998645168764533,209,5.69970703125,-161.3332352
3030,-184.88182000000003,0.7068333630311067,0.00998645168764533,134,3.693160057067871,-161.29833399999998
3031,-186.62688000000003,0.632874193650761,0.00998645168764533,113,3.078644275665283,-161.29833399999998
3032,-184.88182000000003,0.5126986752556109,0.00998645168764533,134,3.6911189556121826,-161.2634328
3033,-186.62688000000003,0.4235318140662481,0.00998645168764533,113,3.1130950450897217,-161.2634328
3034,-184.89642,0.5416163690250229,0.00998645168764533,135,3.7262721061706543,-161.2288236
3035,-186.62688000000003,0.701054456256396,0.00998645168764533,113,3.1189889907836914,-161.875342
3036,-184.88182000000003,0.6277441231519985,0.00998645168764533,134,3.6991608142852783,-161.8404408
3037,-186.62688000000003,0.6122815538098855,0.00998645168764533,113,3.132084846496582,-162.14677
3038,-186.62688000000003,0.617279793803407,0.00998645168764533,113,3.100929021835327,-162.9236996
3039,-175.84018000000003,0.7033152995183457,0.00998645168764533,491,13.557991743087769,-162.7079656
3040,-175.78270000000003,0.6174687339209187,0.00998645168764533,491,13.47092604637146,-162.491082
3041,-186.62688000000003,0.535531134600133,0.00998645168764533,113,3.082129955291748,-162.74572
3042,-186.62688000000003,0.47263220607805834,0.00998645168764533,113,3.1049818992614746,-162.9657344
3043,-148.46503999999987,0.644500945066297,0.00998645168764533,1313,35.90149188041687,-162.321944
3044,-154.7555,0.6487509668663951,0.00998645168764533,794,21.918997049331665,-161.9294464
3045,3.7648000000000046,0.593373146273095,0.00998645168764533,592,16.34093189239502,-158.8641968
3046,-150.6415199999999,0.5579503689311104,0.00998645168764533,985,27.064834117889404,-158.263936
3047,39.1963200000002,0.5762358594082747,0.00998645168764533,1288,35.349488258361816,-154.0382592
3048,-186.62688000000003,0.6574177643762226,0.00998645168764533,113,3.081480026245117,-154.0130488
3049,-171.33368000000002,0.6328391933162733,0.00998645168764533,289,7.932774782180786,-154.409218
3050,-166.99684000000002,0.6272115366202387,0.00998645168764533,332,9.158246994018555,-154.3243808
3051,-186.62688000000003,0.5543486253086445,0.00998645168764533,113,3.174689769744873,-154.35916519999998
3052,-144.97655999999986,0.5752897228086085,0.00998645168764533,825,22.742980003356934,-153.7823076
3053,-184.89642,0.44638219558530384,0.00998645168764533,135,3.7034878730773926,-153.7476984
3054,-158.03456,0.5101589706195081,0.00998645168764533,745,20.468355894088745,-164.19184560000002
3055,-186.62688000000003,0.4242376754043904,0.00998645168764533,113,3.1470298767089844,-164.3409168
3056,-186.62688000000003,0.5964670378747767,0.00998645168764533,113,3.1035830974578857,-164.41947
3057,-180.0783,0.405390203852445,0.00998645168764533,203,5.640205144882202,-164.5079336
3058,-182.57654000000002,0.5184192557865127,0.00998645168764533,223,6.173830032348633,-164.58300319999998
3059,-186.79694000000003,0.4519290336876275,0.00998645168764533,322,9.049564838409424,-164.5864044
3060,-183.22796000000002,0.4547931612524473,0.00998645168764533,253,6.938977003097534,-164.56818439999998
3061,-186.83548000000002,0.4863729824822757,0.00998645168764533,124,3.411041021347046,-164.60725760000003
3062,-184.88182000000003,0.4266668038039621,0.00998645168764533,134,3.7119369506835938,-165.12521400000003
3063,-157.0560799999999,0.4023767416260408,0.00998645168764533,665,18.330945014953613,-164.89311959999998
3064,-186.62688000000003,0.4546283787132892,0.00998645168764533,113,3.105926752090454,-165.46642319999998
3065,-174.05552,0.40483054083606934,0.00998645168764533,457,12.505028009414673,-165.3344424
3066,-187.62676,0.4660575007167986,0.00998645168764533,164,4.519279956817627,-165.99557000000001
3067,-179.59896000000003,0.4948333341047062,0.00998645168764533,705,19.322184801101685,-169.8779364
3068,-172.64972,0.39217091406228044,0.00998645168764533,253,6.969686985015869,-169.6332944
3069,-186.62688000000003,0.5054125406622755,0.00998645168764533,113,3.1237077713012695,-169.62219199999998
3070,-186.62688000000003,0.4489675411723752,0.00998645168764533,113,3.0951719284057617,-169.74913039999998
3071,-181.33716000000004,0.5323021726446672,0.00998645168764533,213,5.873840093612671,-170.2498688
3072,-152.7661599999999,0.5046210211820679,0.00998645168764533,1041,28.684841871261597,-169.7007096
3073,-186.62688000000003,0.4367908886345351,0.00998645168764533,113,3.0987188816070557,-170.45844400000001
3074,-155.5475399999999,0.5839770339480498,0.00998645168764533,583,15.956938982009888,-169.83685720000003
3075,-182.7069,0.5257207088664303,0.00998645168764533,231,6.322927951812744,-170.046424
3076,-174.53312000000003,0.6929677316315305,0.00998645168764533,577,15.863597869873047,-170.11029760000002
3077,-190.20424,0.5640784446183208,0.00998645168764533,281,7.718934059143066,-170.1818448
3078,13.581759999999978,0.7091725012063622,0.00998645168764533,832,22.882922887802124,-166.17767199999997
3079,-184.88182000000003,0.5722881470487189,0.00998645168764533,134,3.695857286453247,-166.2297244
3080,-186.99462000000003,0.6847736937996313,0.00998645168764533,131,3.629141092300415,-166.2719804
3081,-186.62688000000003,0.6754004568009909,0.00998645168764533,113,3.082016944885254,-166.2719804
3082,-183.2012,0.5958911570434627,0.00998645168764533,352,9.6581871509552,-166.238368
3083,-174.34570000000002,0.5983056089974986,0.00998645168764533,479,13.230745077133179,-165.99274440000002
3084,-177.43246000000002,0.6029726154610561,0.00998645168764533,322,8.78430986404419,-165.8434652
3085,-186.62688000000003,0.6722917377421286,0.00998645168764533,113,3.070878028869629,-165.8434652
3086,-187.8874,0.7221734805272952,0.00998645168764533,124,3.3740129470825195,-165.9035768
3087,-140.95057999999972,0.6672808934699932,0.00998645168764533,695,19.02408003807068,-164.99005079999998
3088,-186.62688000000003,0.748938257731827,0.00998645168764533,113,3.109560012817383,-164.99005079999998
3089,-183.49664,0.64770657793223,0.00998645168764533,313,8.57362675666809,-165.14318
3090,-186.62688000000003,0.5359420582190552,0.00998645168764533,113,3.0955231189727783,-165.3600636
3091,-173.83864000000005,0.616411741637158,0.00998645168764533,401,11.023108720779419,-165.1042988
3092,-182.69154,0.6162829237921542,0.00998645168764533,231,6.3604230880737305,-165.025592
3093,-151.18095999999986,0.5450358254048049,0.00998645168764533,729,20.036805868148804,-165.07991040000002
3094,-174.26028,0.6722680945409301,0.00998645168764533,324,8.820560216903687,-165.47000599999998
3095,-156.20926,0.6304330040029886,0.00998645168764533,758,20.708940029144287,-168.6694872
3096,-173.36938000000004,0.6201415955631291,0.00998645168764533,383,10.513914823532104,-169.12404439999997
3097,-156.1310999999999,0.5502240082478635,0.00998645168764533,1006,27.49671506881714,-173.03059280000002
3098,-186.62688000000003,0.5540674795948826,0.00998645168764533,113,3.0932259559631348,-173.03059280000002
3099,-171.92158,0.5771400345752515,0.00998645168764533,899,24.63199281692505,-173.04235079999998
3100,-153.62189999999998,0.5712563678041681,0.00998645168764533,847,23.115259885787964,-172.77485199999998
3101,-186.62688000000003,0.5110363214713546,0.00998645168764533,113,3.0604963302612305,-172.77485199999998
3102,-186.62688000000003,0.4978622615798912,0.00998645168764533,113,3.0241880416870117,-173.6078584
3103,-186.62688000000003,0.47348658234474406,0.00998645168764533,113,3.0440289974212646,-173.64246760000003
3104,-192.74274000000003,0.4916743243756466,0.00998645168764533,443,11.806849002838135,-174.3366312
3105,-178.83256000000003,0.6841841588578539,0.00998645168764533,193,5.149442911148071,-174.18074479999999
3106,-186.62688000000003,0.6444394277095531,0.00998645168764533,113,3.030635118484497,-174.18074479999999
3107,15.159039999999981,0.6335321839871162,0.00998645168764533,808,21.576441049575806,-170.275998
3108,-172.25264,0.5438115673741793,0.00998645168764533,529,14.124427080154419,-170.06952
3109,-186.62688000000003,0.5560371884334404,0.00998645168764533,113,3.0425162315368652,-170.0661188
3110,-172.31898000000004,0.5281755821403677,0.00998645168764533,471,12.956859827041626,-169.8479392
3111,33.83495999999996,0.48513663200116375,0.00998645168764533,984,26.581571102142334,-165.4345304
3112,-175.11068,0.4174669478955575,0.00998645168764533,709,19.255117893218994,-165.23910759999998
3113,-174.99454,0.3081103745893371,0.00998645168764533,410,11.178927659988403,-165.59787680000002
3114,-188.23584000000002,0.3989427780228046,0.00998645168764533,144,3.9538140296936035,-165.630056
3115,-151.82159999999988,0.45045077069767864,0.00998645168764533,1105,30.233423233032227,-165.18537759999998
3116,-186.62688000000003,0.5482864092244247,0.00998645168764533,113,3.0686492919921875,-165.16538
3117,-166.82274,0.39703602075742545,0.00998645168764533,427,11.712385177612305,-164.90985560000001
3118,-166.47366000000002,0.43196985540911553,0.00998645168764533,550,15.075319051742554,-164.78633440000002
3119,-179.41704,0.3614619999981041,0.00998645168764533,417,11.424117088317871,-164.64213759999998
3120,-167.55640000000005,0.46651515831783563,0.00998645168764533,505,13.779895067214966,-164.26072800000003
3121,-186.62688000000003,0.5204557924968215,0.00998645168764533,113,3.1300339698791504,-164.3665224
3122,-186.62688000000003,0.601555224631674,0.00998645168764533,113,3.100911855697632,-165.0437368
3123,-186.62688000000003,0.4618546585263932,0.00998645168764533,113,3.0868489742279053,-165.0437368
3124,10.73839999999997,0.4835915200660125,0.00998645168764533,992,27.067014932632446,-161.718018
3125,43.90600000000013,0.3736519551828678,0.00998645168764533,1280,34.926589012145996,-157.18576000000002
3126,-186.62688000000003,0.3734660180928433,0.00998645168764533,113,3.0592222213745117,-157.4276352
3127,-169.75356000000005,0.35897782393461897,0.00998645168764533,709,19.294684886932373,-157.01862160000002
3128,-177.16098000000002,0.41893427964371954,0.00998645168764533,362,9.823362112045288,-160.8334764
3129,-164.03534000000002,0.41109712023459655,0.00998645168764533,586,16.080652236938477,-160.4165468
3130,-186.62688000000003,0.5166449352142821,0.00998645168764533,113,3.0999128818511963,-160.409192
3131,-186.62688000000003,0.45714959794803794,0.00998645168764533,113,3.104058027267456,-160.409192
3132,-145.67357999999984,0.37979263013381087,0.00998645168764533,1174,32.08747386932373,-159.65863960000001
3133,17.904399999999995,0.3896493060356215,0.00998645168764533,1072,29.368030309677124,-155.8136376
3134,-171.67110000000002,0.4130444332569985,0.00998645168764533,303,8.275243043899536,-155.6984104
3135,-170.66718,0.28635794554594834,0.00998645168764533,546,14.937062978744507,-155.37921640000002
3136,-181.03994,0.29125393324476834,0.00998645168764533,391,10.666174173355103,-155.24226720000001
3137,-178.94730000000004,0.2983495565959149,0.00998645168764533,495,13.579501152038574,-156.0022016
3138,-154.66071999999988,0.36401735601570684,0.00998645168764533,1065,29.134220838546753,-155.3628784
3139,-179.37290000000002,0.39483709915252946,0.00998645168764533,223,6.0817577838897705,-155.2804036
3140,-142.38291999999984,0.3139594871103347,0.00998645168764533,716,19.577847003936768,-154.3955244
3141,-171.20736000000002,0.2514332130470101,0.00998645168764533,321,8.768963098526001,-154.3428988
3142,-183.59874000000002,0.46549678480471757,0.00998645168764533,170,4.65076208114624,-154.3610428
3143,-162.5183,0.4601593408869017,0.00998645168764533,619,16.904345273971558,-154.5877896
3144,-181.22224,0.42373165927613465,0.00998645168764533,209,5.7013938426971436,-154.7270288
3145,-195.59912,0.43376942683321146,0.00998645168764533,529,14.476652145385742,-155.514826
3146,-186.62688000000003,0.4320453739584943,0.00998645168764533,113,3.1329216957092285,-155.779976
3147,-179.34810000000002,0.47907178773792514,0.00998645168764533,218,5.962906122207642,-156.244316
3148,-171.23870000000002,0.4236191625150691,0.00998645168764533,283,7.786347150802612,-155.9365524
3149,-177.09788000000003,0.4575659496907702,0.00998645168764533,508,13.92957091331482,-156.0400784
3150,-149.8418999999999,0.487373898902845,0.00998645168764533,1006,27.582129955291748,-155.96447840000002
3151,-171.76788000000002,0.48016209716969294,0.00998645168764533,261,7.0766401290893555,-155.6672984
3152,-171.18668000000002,0.37351919522823107,0.00998645168764533,421,11.382529973983765,-155.3584944
3153,-180.55022000000002,0.4158582641006729,0.00998645168764533,430,11.750282049179077,-155.2369612
3154,-173.18460000000005,0.41684789364025876,0.00998645168764533,372,10.254390001296997,-154.8457984
3155,-186.62688000000003,0.3891651255400044,0.00998645168764533,113,3.083369016647339,-155.0016848
3156,-186.59028,0.5574131670887723,0.00998645168764533,165,4.523213148117065,-155.0009528
3157,-172.67798000000002,0.4596687132992212,0.00998645168764533,742,20.31853413581848,-158.7576932
3158,-191.69416,0.5647947925869886,0.00998645168764533,401,10.971407890319824,-159.1465236
3159,-183.37236000000001,0.7386123695336457,0.00998645168764533,213,5.816306114196777,-159.08143320000002
3160,-180.6117,0.6003173348852695,0.00998645168764533,231,6.261842250823975,-159.2472876
3161,-175.42730000000003,0.44943253231492447,0.00998645168764533,235,6.373753786087036,-163.43253280000002
3162,-183.31119999999999,0.5995476283489517,0.00998645168764533,209,5.688730955123901,-163.59654319999999
3163,31.37320000000011,0.5489585039401917,0.00998645168764533,1520,41.6862530708313,-159.4691884
3164,-163.05332000000004,0.5213257228994208,0.00998645168764533,869,23.83294415473938,-158.965538
3165,-186.62688000000003,0.46418240951555495,0.00998645168764533,113,3.1257829666137695,-159.66164360000002
3166,-180.59682,0.5154946353084919,0.00998645168764533,231,6.398484945297241,-159.5410424
3167,-170.66944000000004,0.4028162027623656,0.00998645168764533,392,10.792811155319214,-159.6179764
3168,-186.62688000000003,0.5451018937113407,0.00998645168764533,113,3.1443748474121094,-160.0210408
3169,-186.62688000000003,0.634736320605518,0.00998645168764533,113,3.040858030319214,-160.1652376
3170,-186.62688000000003,0.5075830757057509,0.00998645168764533,113,3.1075778007507324,-160.5466472
3171,-152.6972199999999,0.5867469922539968,0.00998645168764533,927,25.267699003219604,-159.868054
3172,-187.8874,0.6372422878705566,0.00998645168764533,124,3.3869309425354004,-159.89326440000002
3173,-179.74678000000003,0.5903813024425012,0.00998645168764533,187,5.095798015594482,-159.7556624
3174,-175.51638000000005,0.550841876744607,0.00998645168764533,471,12.88717532157898,-163.480758
3175,-186.62688000000003,0.41240699168096867,0.00998645168764533,113,3.0932888984680176,-168.0914156
3176,-182.58914000000001,0.6109593589674474,0.00998645168764533,322,8.858380794525146,-168.0106608
3177,-199.80772000000002,0.5277287355669537,0.00998645168764533,677,18.488831043243408,-168.611744
3178,-162.85118,0.6248858857324762,0.00998645168764533,638,17.525030851364136,-168.32554800000003
3179,-177.30624,0.5746731390304705,0.00998645168764533,705,19.33511185646057,-168.590966
3180,-175.67720000000003,0.608441787661516,0.00998645168764533,481,13.259441137313843,-168.3719724
3181,-145.66541999999984,0.39741271419939445,0.00998645168764533,1006,27.553148984909058,-167.5527432
3182,-186.62688000000003,0.47425337688816066,0.00998645168764533,113,3.0952842235565186,-168.3718092
3183,-182.17878000000002,0.5147561429004217,0.00998645168764533,203,5.592767953872681,-172.37347280000003
3184,-1.346560000000001,0.35236744775569867,0.00998645168764533,560,15.480345964431763,-168.966982
3185,-184.89642,0.34365511609724275,0.00998645168764533,135,3.7791450023651123,-169.2515668
3186,-146.66409999999985,0.4691036353137932,0.00998645168764533,1154,31.74916100502014,-168.56404999999998
3187,-176.2141,0.47181957962186954,0.00998645168764533,362,9.929691076278687,-168.509386
3188,-186.62688000000003,0.6274675565351427,0.00998645168764533,113,3.09230899810791,-169.1487092
3189,-163.76948000000002,0.6063059500707635,0.00998645168764533,580,16.049052953720093,-168.8366408
3190,-160.30273999999997,0.5258483462546005,0.00998645168764533,719,19.65599513053894,-169.1950372
3191,-191.60766,0.5955010055515327,0.00998645168764533,342,9.473389148712158,-169.6030432
3192,-179.39066000000003,0.4669564614957825,0.00998645168764533,223,6.181477069854736,-169.5188816
3193,-175.41488,0.5272002339599318,0.00998645168764533,481,13.322145938873291,-169.7768132
3194,-184.23164000000003,0.4626598527338429,0.00998645168764533,253,6.923431873321533,-169.8370012
3195,-170.52306000000004,0.5412315290986803,0.00998645168764533,303,8.2551429271698,-169.33548
3196,-186.62688000000003,0.35254622746951286,0.00998645168764533,113,3.119410276412964,-169.33548
3197,-186.62688000000003,0.4617178665094935,0.00998645168764533,113,3.0784220695495605,-169.4810556
3198,-186.62688000000003,0.41500917808111526,0.00998645168764533,113,3.1886258125305176,-169.7888192
3199,-169.37840000000006,0.5649085406607381,0.00998645168764533,393,10.830561876296997,-169.6344296
3200,-182.87604,0.42808682235480144,0.00998645168764533,189,5.205142021179199,-170.2951124
3201,-186.75124000000002,0.46848922618530214,0.00998645168764533,173,4.700033187866211,-170.5947796
3202,-183.26224,0.5397232762477215,0.00998645168764533,353,9.40600299835205,-170.83629080000003
3203,-186.62688000000003,0.3890343705868035,0.00998645168764533,113,3.021178960800171,-170.957824
3204,-174.42346000000003,0.5615341605579701,0.00998645168764533,431,11.575499057769775,-170.98260119999998
3205,-180.9995,0.6075130291118197,0.00998645168764533,847,22.520927906036377,-170.8700536
3206,-142.06779999999986,0.5881204724684714,0.00998645168764533,1044,27.873269081115723,-169.979604
3207,-175.84594000000004,0.618559253627772,0.00998645168764533,491,13.063503980636597,-170.0429632
3208,-153.09533999999985,0.5164939451568514,0.00998645168764533,619,16.509562969207764,-169.2709868
3209,-180.60912000000002,0.6103834061634918,0.00998645168764533,521,13.8787100315094,-169.215722
3210,-186.62688000000003,0.7178198081004409,0.00998645168764533,113,3.0173940658569336,-169.3360256
3211,-186.62688000000003,0.4099847301840782,0.00998645168764533,113,3.0251882076263428,-169.5600172
3212,-186.62688000000003,0.48930825393613986,0.00998645168764533,113,3.070065975189209,-169.6263308
3213,-184.07454,0.44524031557112076,0.00998645168764533,243,6.577425956726074,-173.9352856
3214,-188.5936,0.6427523472555802,0.00998645168764533,209,5.620989799499512,-174.4460912
3215,-186.62688000000003,0.6213624606205694,0.00998645168764533,113,3.0472521781921387,-174.4460912
3216,-186.62688000000003,0.7475520951459101,0.00998645168764533,113,3.0184950828552246,-174.5666924
3217,-186.62688000000003,0.6252853537917928,0.00998645168764533,113,3.033454656600952,-174.8858412
3218,-185.07576,0.5235446340973593,0.00998645168764533,144,3.856426954269409,-174.8548188
3219,-187.8687,0.6814861212717904,0.00998645168764533,174,4.648893117904663,-174.8796552
3220,-186.62688000000003,0.6071269354758273,0.00998645168764533,113,3.0159800052642822,-174.8796552
3221,-186.62688000000003,0.557219213039606,0.00998645168764533,113,3.0362040996551514,-175.55824840000002
3222,-159.01689999999994,0.7334032465537933,0.00998645168764533,1095,29.078091144561768,-174.98083839999998
3223,-161.04702,0.7568403443169187,0.00998645168764533,550,14.730096101760864,-174.60684320000001
3224,-186.62688000000003,0.8832302365155347,0.00998645168764533,113,3.0273468494415283,-174.8290532
3225,-172.87096000000005,0.6621461770162197,0.00998645168764533,353,9.416188955307007,-174.55393479999998
3226,-183.83336,0.7006818776384794,0.00998645168764533,280,7.474941253662109,-174.5788192
3227,-191.30356,0.8010890056064959,0.00998645168764533,332,8.855354070663452,-174.40873599999998
3228,-171.23870000000002,0.5699358674312544,0.00998645168764533,283,7.5387208461761475,-174.5764864
3229,-186.62688000000003,0.7664332359172075,0.00998645168764533,113,3.0182409286499023,-174.7628992
3230,-186.62688000000003,0.6366108912002064,0.00998645168764533,113,2.9931600093841553,-174.9818928
3231,-180.35856,0.7873815784869577,0.00998645168764533,417,11.28729510307312,-175.6757556
3232,-174.72636000000003,0.7223600830313646,0.00998645168764533,540,14.412868976593018,-175.4377452
3233,-167.44806000000005,0.6950304881889712,0.00998645168764533,550,14.700269222259521,-175.1431308
3234,-187.8874,0.6906899103909852,0.00998645168764533,124,3.3175320625305176,-178.87394759999998
3235,-177.89326,0.6467784198934452,0.00998645168764533,443,11.818930864334106,-178.73388440000002
3236,-180.90642000000003,0.6442803930675174,0.00998645168764533,243,6.479696989059448,-179.41873080000002
3237,-168.3306,0.7290396746358878,0.00998645168764533,756,20.235548734664917,-179.26106080000002
3238,-171.33368000000002,0.7601178944703824,0.00998645168764533,289,7.711230993270874,-178.9551968
3239,-186.62688000000003,1.0772907120398187,0.00998645168764533,113,3.017927885055542,-179.41234480000003
3240,-170.37680000000003,0.8023275595615943,0.00998645168764533,289,7.721967935562134,-179.61382600000002
3241,-172.53014000000002,0.582558381373582,0.00998645168764533,391,10.450904130935669,-179.23227560000004
3242,-184.89642,0.9298415052807993,0.00998645168764533,135,3.64111590385437,-179.34239080000003
3243,-169.75692000000004,0.6959669044483007,0.00998645168764533,709,19.046663284301758,-179.22923160000002
3244,-147.7436799999999,0.7262545948020286,0.00998645168764533,720,19.053060054779053,-178.4994724
3245,-187.63752000000002,0.9185572969310478,0.00998645168764533,257,6.836404085159302,-178.84176160000004
3246,22.574160000000017,0.6011590963340409,0.00998645168764533,840,22.31393790245056,-174.6577408
3247,-185.3342,0.6091760860446825,0.00998645168764533,253,6.786478757858276,-174.63188720000002
3248,-186.62688000000003,0.5246392004439129,0.00998645168764533,113,3.0072689056396484,-174.63188720000002
3249,-172.98526,0.4918793224029683,0.00998645168764533,491,13.199494123458862,-174.7040244
3250,-186.62688000000003,0.4863644129538958,0.00998645168764533,113,3.0289299488067627,-174.7790412
3251,-188.23392,0.5525011936875267,0.00998645168764533,144,3.874966859817505,-174.8086948
3252,-186.62688000000003,0.7240837538631353,0.00998645168764533,113,3.022568941116333,-174.8759876
3253,-186.62688000000003,0.9114245799065164,0.00998645168764533,113,3.035388946533203,-174.8759876
3254,-183.26986000000002,0.7539073965729928,0.00998645168764533,154,4.110424995422363,-175.0529156
3255,-182.58074000000002,0.6142520607353059,0.00998645168764533,223,5.970715045928955,-175.0845404
3256,-180.78132,0.5450593710103363,0.00998645168764533,189,5.0441601276397705,-175.85881080000001
3257,-172.28974000000005,0.6638044310279533,0.00998645168764533,283,7.532469034194946,-175.78768680000002
3258,-167.66104000000007,0.5375372648935396,0.00998645168764533,313,8.419212102890015,-176.07900080000002
3259,-186.62688000000003,0.7093229241982366,0.00998645168764533,113,3.0375168323516846,-176.199356
3260,-186.62688000000003,0.6693731059476865,0.00998645168764533,113,3.0021960735321045,-176.199356
3261,-186.62688000000003,0.6481240876183837,0.00998645168764533,113,3.050053119659424,-176.199356
3262,-180.77484,0.6889839738843933,0.00998645168764533,189,5.057961940765381,-176.0823152
3263,-186.62688000000003,0.7386412349719126,0.00998645168764533,113,3.0172250270843506,-176.133362
3264,-186.62688000000003,0.5339427045422845,0.00998645168764533,113,3.0012059211730957,-176.0940276
3265,-186.62688000000003,0.8908651022454807,0.00998645168764533,113,3.0047271251678467,-176.0940276
3266,-175.52776000000003,0.717934102336599,0.00998645168764533,521,13.86860179901123,-175.87204520000003
3267,-186.83548000000002,0.878214057805317,0.00998645168764533,124,3.3135581016540527,-175.87621720000004
3268,-186.83620000000002,0.8549969770134457,0.00998645168764533,124,3.3198130130767822,-175.91142600000003
3269,-142.8762799999998,0.6626729004973069,0.00998645168764533,860,23.341670036315918,-175.0115776
3270,-186.62688000000003,0.620616125964881,0.00998645168764533,113,3.163619041442871,-175.0115776
3271,-181.22032000000002,0.6763927422677786,0.00998645168764533,209,5.7156147956848145,-174.90344640000004
3272,-187.8874,0.7469655321760764,0.00998645168764533,124,3.4120631217956543,-175.48085640000002
3273,-184.88766,0.7710907519830548,0.00998645168764533,131,3.597344160079956,-175.95766920000003
3274,-191.91152000000002,0.7675255440884609,0.00998645168764533,352,9.717985153198242,-176.063362
3275,-177.74274,0.7836068509177232,0.00998645168764533,243,6.681429862976074,-176.1607976
3276,-186.62688000000003,0.767802853681213,0.00998645168764533,113,3.128044843673706,-176.21666800000003
3277,-146.7546999999999,0.830836691468529,0.00998645168764533,999,27.338491916656494,-175.32569080000002
3278,-181.85287999999997,0.8082585529421028,0.00998645168764533,289,7.911329030990601,-175.53797440000002
3279,-186.62688000000003,0.7746801958543009,0.00998645168764533,113,3.130225896835327,-175.53797440000002
3280,-186.62688000000003,0.6959347775189486,0.00998645168764533,113,3.0979161262512207,-175.53797440000002
3281,-184.13824000000002,0.6772905242340318,0.00998645168764533,145,3.9885358810424805,-175.61356800000001
3282,-173.53190000000004,0.836218680233678,0.00998645168764533,391,10.618644952774048,-175.5896788
3283,-173.97566000000003,0.8321192902224985,0.00998645168764533,550,14.967152118682861,-175.72023080000002
3284,-186.62688000000003,0.5382757033097797,0.00998645168764533,113,3.1313350200653076,-175.6950204
3285,-186.83620000000002,0.638211126243996,0.00998645168764533,124,3.3874480724334717,-175.8738792
3286,-179.60336,0.9282038718887159,0.00998645168764533,184,4.994173049926758,-175.84781800000002
3287,-186.62688000000003,1.081111478512134,0.00998645168764533,113,3.076720714569092,-176.21374360000002
3288,-178.83112000000003,0.8293983503654985,0.00998645168764533,193,5.361003875732422,-176.3636924
3289,-153.45263999999986,0.8613703480245649,0.00998645168764533,985,26.93269395828247,-175.7002076
3290,-186.62688000000003,0.7469963685370389,0.00998645168764533,113,3.0864193439483643,-176.02520920000003
3291,-184.88766,0.7454028217448988,0.00998645168764533,131,3.5871119499206543,-176.27235960000002
3292,-176.30360000000002,0.966754572309392,0.00998645168764533,553,15.14012598991394,-176.10050320000002
3293,-175.91940000000002,0.6077056562855702,0.00998645168764533,540,14.797130107879639,-176.2237528
3294,-186.62688000000003,0.9230751550336064,0.00998645168764533,113,3.0957961082458496,-177.00141680000002
3295,-159.92821999999995,0.8651287956857546,0.00998645168764533,550,15.04806923866272,-176.4472308
3296,-186.62688000000003,0.64912520584741,0.00998645168764533,113,3.0920748710632324,-180.63125159999998
3297,-180.65456,0.6400315821798437,0.00998645168764533,184,5.103410005569458,-180.53765880000003
3298,-186.62688000000003,0.768911842471071,0.00998645168764533,113,3.071565866470337,-180.53765880000003
3299,-183.21068000000002,0.7267684623775746,0.00998645168764533,253,6.932087182998657,-180.7421672
3300,-149.62481999999983,0.691283721488464,0.00998645168764533,798,21.88368582725525,-180.00212599999998
3301,-186.62688000000003,0.8631006857067083,0.00998645168764533,113,3.1200060844421387,-179.9699852
3302,-186.62688000000003,0.7341250916695701,0.00998645168764533,113,3.0348470211029053,-179.9699852
3303,-185.7362,0.7326166611465235,0.00998645168764533,124,3.4074289798736572,-179.9521716
3304,-171.23870000000002,0.7908167341598984,0.00998645168764533,283,7.836792230606079,-179.7115484
3305,-175.53078000000005,0.7192196711352107,0.00998645168764533,471,12.89704704284668,-179.57054920000002
3306,-186.83548000000002,0.981917672204755,0.00998645168764533,124,3.378213882446289,-179.6916324
3307,-181.07204000000002,0.7737247907361494,0.00998645168764533,253,6.959298849105835,-179.8672784
3308,-178.34912000000003,0.7733817876269706,0.00998645168764533,417,11.433658123016357,-180.08104
3309,-176.28512000000003,0.7382179029326845,0.00998645168764533,273,7.453603982925415,-179.8742048
3310,-151.0993599999999,0.6390097268670797,0.00998645168764533,825,22.726534843444824,-179.1636544
3311,-186.62688000000003,0.7260503716832769,0.00998645168764533,113,3.135658025741577,-179.1636544
3312,-186.62688000000003,0.6546857442410119,0.00998645168764533,113,3.0964269638061523,-179.2806952
3313,-146.02225999999985,0.8046048083496804,0.00998645168764533,755,20.79618000984192,-178.4686028
3314,-186.62688000000003,0.6310655356969981,0.00998645168764533,113,3.1240358352661133,-178.4686028
3315,-181.73887999999997,0.6177766861049512,0.00998645168764533,865,23.651644945144653,-178.3708428
3316,-186.62688000000003,0.5431996282453821,0.00998645168764533,113,3.1025352478027344,-178.5928252
3317,9.99752,0.5652562300458686,0.00998645168764533,992,27.279308795928955,-174.6561652
3318,-171.67586000000006,0.5840853641495642,0.00998645168764533,391,10.798787117004395,-174.35295839999998
3319,-169.93432000000004,0.5284249375819188,0.00998645168764533,521,14.338310956954956,-174.89411920000003
3320,-186.62688000000003,0.5536192712761396,0.00998645168764533,113,3.1420700550079346,-174.89411920000003
3321,-186.62688000000003,0.6577232073728754,0.00998645168764533,113,3.083559036254883,-175.0022504
3322,-161.70783999999983,0.5648557362129467,0.00998645168764533,1353,37.13231301307678,-174.4786592
3323,-187.8874,0.41458236269893184,0.00998645168764533,124,3.431891918182373,-174.53865399999998
3324,-186.62688000000003,0.48520010164980076,0.00998645168764533,113,3.0957438945770264,-174.4329612
3325,-186.62688000000003,0.6302345381077148,0.00998645168764533,113,3.1029891967773438,-174.61064399999998
3326,-186.62688000000003,0.5561960264463472,0.00998645168764533,113,3.075819730758667,-174.61064399999998
3327,-186.62688000000003,0.7062381042942273,0.00998645168764533,113,3.070880889892578,-175.4080876
3328,-175.64958000000004,0.5001041101872192,0.00998645168764533,491,13.509583950042725,-175.28402160000002
3329,-184.88182000000003,0.666759857893991,0.00998645168764533,134,3.7547860145568848,-175.24912039999998
3330,-165.25408000000002,0.7463243776732623,0.00998645168764533,401,11.025879144668579,-174.8216644
3331,-186.62688000000003,0.6414090618326337,0.00998645168764533,113,3.138725996017456,-174.8714372
3332,-186.62688000000003,0.45854195749667365,0.00998645168764533,113,3.1263082027435303,-175.1333368
3333,-186.62688000000003,0.4141835361818033,0.00998645168764533,113,3.121570110321045,-175.38636119999998
3334,-0.4288000000000167,0.6536360479167342,0.00998645168764533,512,14.066203832626343,-171.6623996
3335,-188.23584000000002,0.6231760594398819,0.00998645168764533,144,3.9585981369018555,-171.6903924
3336,-186.62688000000003,0.4860599698680165,0.00998645168764533,113,3.090364933013916,-171.8308628
3337,-175.87858000000006,0.5285085208918862,0.00998645168764533,491,13.529743194580078,-171.6158968
3338,-168.61314000000002,0.6281993779957061,0.00998645168764533,511,14.030982971191406,-171.41153720000003
3339,7.983360000000002,0.5625000225678157,0.00998645168764533,1056,28.987539052963257,-168.18281720000002
3340,10.137999999999998,0.5103840990477693,0.00998645168764533,1024,28.129619359970093,-164.2475196
3341,-186.62688000000003,0.5307298635618877,0.00998645168764533,113,3.12520170211792,-164.282304
3342,-145.19347999999982,0.49174492278023973,0.00998645168764533,1028,28.22945213317871,-163.6601016
3343,-180.65456,0.48635441409525176,0.00998645168764533,184,5.0915069580078125,-163.7548048
3344,-171.23870000000002,0.5630493059938662,0.00998645168764533,283,7.72953987121582,-163.4470412
3345,-148.9789399999999,0.5449567834182657,0.00998645168764533,878,24.157971143722534,-163.2280556
3346,-187.8874,0.5646723656719851,0.00998645168764533,124,3.4450929164886475,-163.253266
3347,-181.94070000000002,0.5776349846005379,0.00998645168764533,243,6.736256122589111,-163.2789888
3348,-171.29938000000004,0.4750563644638564,0.00998645168764533,287,7.984807968139648,-162.9724388
3349,-186.62688000000003,0.37285560687624775,0.00998645168764533,113,3.1556551456451416,-163.0407628
3350,-152.7704799999999,0.5147617684735386,0.00998645168764533,897,24.670903205871582,-163.103676
3351,-186.62688000000003,0.59842252868137,0.00998645168764533,113,3.1325221061706543,-163.103676
3352,-183.08824,0.46467985706082704,0.00998645168764533,145,4.018850088119507,-163.0329032
3353,-170.96394000000004,0.5717110542077435,0.00998645168764533,411,11.286163806915283,-162.737458
3354,-176.54038000000003,0.4333509433307143,0.00998645168764533,287,7.840947866439819,-162.8434916
3355,-185.52096000000003,0.6675070668888851,0.00998645168764533,161,4.448864936828613,-163.04329520000002
3356,-171.66296000000003,0.5768282639143184,0.00998645168764533,352,9.563901901245117,-162.73984480000001
3357,-181.98298,0.5579592998285613,0.00998645168764533,491,13.414231061935425,-162.7580636
3358,-170.57970000000003,0.46676327396344036,0.00998645168764533,303,8.361695051193237,-162.60267520000002
3359,-166.71120000000002,0.4311300963469229,0.00998645168764533,609,16.619062900543213,-162.4111968
3360,-186.62688000000003,0.7570601934814347,0.00998645168764533,113,3.1114938259124756,-163.12174720000002
3361,-179.45440000000002,0.5398638150900854,0.00998645168764533,473,13.052016258239746,-162.97829760000002
3362,-182.37804000000003,0.5114635102048586,0.00998645168764533,213,5.799000024795532,-162.8933208
3363,-164.48879999999997,0.5022406503890774,0.00998645168764533,504,13.775057792663574,-163.2626516
3364,-152.92317999999995,0.5819025317429016,0.00998645168764533,755,20.619184017181396,-162.5885776
3365,-177.81490000000002,0.5461890786873757,0.00998645168764533,299,8.220291137695312,-162.51009800000003
3366,-184.89642,0.501485767684601,0.00998645168764533,135,3.717881202697754,-162.4754888
3367,-165.28063999999995,0.5432116176068783,0.00998645168764533,625,16.90978980064392,-165.981052
3368,-187.4035,0.5803084508056497,0.00998645168764533,446,12.090389013290405,-166.2956048
3369,-186.62688000000003,0.7019349049974596,0.00998645168764533,113,3.050342082977295,-166.629456
3370,-177.47104000000002,0.6598678440992468,0.00998645168764533,521,14.1946382522583,-166.4463392
3371,-175.85170000000005,0.6214658132528549,0.00998645168764533,491,13.368760108947754,-166.23083559999998
3372,-179.77828000000002,0.6266675464033294,0.00998645168764533,341,9.423522710800171,-166.59224440000003
3373,-186.62688000000003,0.588456437453232,0.00998645168764533,113,3.086740016937256,-166.56703400000004
3374,-142.46063999999987,0.6391133749413289,0.00998645168764533,1153,31.454065322875977,-165.6837092
3375,-180.21802,0.7110199835576372,0.00998645168764533,263,7.257122039794922,-165.55553200000003
3376,-160.49507999999997,0.522100304611284,0.00998645168764533,1132,30.86526584625244,-165.032896
3377,-186.62688000000003,0.394557583632063,0.00998645168764533,113,3.0982542037963867,-165.032896
3378,19.529279999999986,0.49981493639061225,0.00998645168764533,720,19.7130229473114,-161.1293188
3379,-186.62688000000003,0.6095003522767694,0.00998645168764533,113,3.1337428092956543,-161.16422
3380,-186.77358,0.5001936605114533,0.00998645168764533,174,4.780747175216675,-161.59461000000002
3381,-175.36034,0.5487534361969993,0.00998645168764533,415,11.386940240859985,-161.3692792
3382,-171.82072000000002,0.4845041383262213,0.00998645168764533,401,10.95218014717102,-161.073156
3383,-170.44798000000003,0.482631343982354,0.00998645168764533,863,23.61050295829773,-160.749578
3384,28.454800000000233,0.40566137789004564,0.00998645168764533,1472,40.1135630607605,-160.171906
3385,-147.96209999999985,0.3775219488557842,0.00998645168764533,675,18.417442083358765,-159.3664312
3386,-186.62688000000003,0.301335541556169,0.00998645168764533,113,3.10725474357605,-159.3664312
3387,-176.70742000000004,0.37548754573536086,0.00998645168764533,530,14.5519859790802,-159.383008
3388,-171.93918000000002,0.39401733671307315,0.00998645168764533,363,9.907253980636597,-159.4495288
3389,-185.21334000000002,0.3504234055057168,0.00998645168764533,150,4.112942934036255,-163.3134628
3390,-176.05924000000002,0.3700342164203169,0.00998645168764533,461,12.593338012695312,-167.0374076
3391,-186.62688000000003,0.46281821846929005,0.00998645168764533,113,3.077197790145874,-167.0374076
3392,-186.62688000000003,0.4154329818335518,0.00998645168764533,113,3.1044890880584717,-167.86607560000002
3393,-186.62688000000003,0.25317761960513563,0.00998645168764533,113,3.129457950592041,-167.98552200000003
3394,-159.22648,0.4561048177314069,0.00998645168764533,609,16.75162672996521,-167.7452776
3395,-186.62688000000003,0.4097941494505622,0.00998645168764533,113,3.1421051025390625,-168.4982364
3396,-187.64148,0.4760637584735047,0.00998645168764533,165,4.547022819519043,-168.493318
3397,-184.88766,0.5689716995160543,0.00998645168764533,131,3.6405787467956543,-168.55225719999999
3398,-171.66534000000001,0.49796914318791613,0.00998645168764533,303,8.296839952468872,-168.5595764
3399,-175.59328000000005,0.3601257896798447,0.00998645168764533,289,7.888356685638428,-168.3389044
3400,-163.2177000000001,0.49436303429060396,0.00998645168764533,699,19.10788130760193,-168.5478488
3401,-186.99462000000003,0.5088785867142769,0.00998645168764533,131,3.5445711612701416,-168.55520360000003
3402,-186.62688000000003,0.6370373292768423,0.00998645168764533,113,3.0326650142669678,-168.6259764
3403,-168.58468000000002,0.5912644112066645,0.00998645168764533,788,21.085237979888916,-168.5783912
3404,-186.62688000000003,0.6088517288537284,0.00998645168764533,113,3.0341532230377197,-168.7801212
3405,-186.62688000000003,0.4708285445133142,0.00998645168764533,113,3.0061872005462646,-168.8022396
3406,-186.62688000000003,0.5996242582929873,0.00998645168764533,113,3.0170140266418457,-169.101518
3407,-186.62688000000003,0.6613666650764973,0.00998645168764533,113,3.015833854675293,-169.194396
3408,-180.65456,0.4959331910004434,0.00998645168764533,184,4.895514011383057,-169.3958932
3409,-154.7356799999999,0.7015970807259811,0.00998645168764533,553,14.751619100570679,-169.1563828
3410,-186.62688000000003,0.6301954236639812,0.00998645168764533,113,3.048703908920288,-169.1563828
3411,-187.621,0.659747917489035,0.00998645168764533,164,4.414304971694946,-169.3197148
3412,-186.62688000000003,0.8917141657454514,0.00998645168764533,113,3.0550448894500732,-169.4046916
3413,-181.85122,0.5912335152033625,0.00998645168764533,287,7.737618923187256,-169.75194
3414,-186.62688000000003,0.6673621901731311,0.00998645168764533,113,3.0110771656036377,-170.426014
3415,-169.05304000000004,0.7081758282462208,0.00998645168764533,281,7.51075291633606,-170.2507768
3416,-190.77876000000003,0.709549122651418,0.00998645168764533,300,8.004768133163452,-170.36842360000003
3417,-170.89988000000002,0.8057941722371844,0.00998645168764533,469,12.55285906791687,-170.48080840000003
3418,-175.10046000000003,0.857422314558528,0.00998645168764533,362,9.692396879196167,-170.23474760000002
3419,-182.28688,0.7811268718832988,0.00998645168764533,209,5.599328994750977,-170.1479476
3420,-152.61799999999988,0.7327135193731366,0.00998645168764533,649,17.422912120819092,-169.6508868
3421,-146.66807999999992,0.8100391033093013,0.00998645168764533,817,21.767900943756104,-169.0672144
3422,-186.62688000000003,0.8263980881929134,0.00998645168764533,113,3.0333938598632812,-169.2041864
3423,-186.62688000000003,0.8808840031908677,0.00998645168764533,113,3.0421059131622314,-169.2041864
3424,-182.99138,0.7076940652116409,0.00998645168764533,391,10.485728979110718,-170.0148012
3425,-186.62688000000003,0.6918829123332965,0.00998645168764533,113,3.0555877685546875,-170.1429784
3426,35.5309600000001,0.7548122597994857,0.00998645168764533,1064,28.45742416381836,-166.2224576
3427,-180.65456,0.6492468251988454,0.00998645168764533,184,4.930915117263794,-166.1030112
3428,-186.62688000000003,0.6581826792139791,0.00998645168764533,113,3.041147232055664,-170.2261344
3429,-172.50789999999998,0.6795854725436976,0.00998645168764533,959,25.56808304786682,-169.9437548
3430,-186.62688000000003,0.9179576168380743,0.00998645168764533,113,3.044037103652954,-169.9408208
3431,-186.62688000000003,0.6790358120723899,0.00998645168764533,113,3.333158016204834,-170.1661516
3432,-186.62688000000003,0.7839963392115537,0.00998645168764533,113,3.1998751163482666,-170.46227480000002
3433,-186.62688000000003,0.7046303464989878,0.00998645168764533,113,3.4302170276641846,-170.7858528
3434,-183.94814,0.6932320680703324,0.00998645168764533,382,10.731115818023682,-175.03391159999998
3435,-172.19558000000004,0.6521424607992727,0.00998645168764533,322,8.847988843917847,-175.5185812
3436,-186.62688000000003,0.8500706295161384,0.00998645168764533,113,3.087920904159546,-175.5185812
3437,-186.62688000000003,0.5872148446969491,0.00998645168764533,113,3.141608238220215,-175.71697040000004
3438,-161.46592,0.7471452733695,0.00998645168764533,617,16.87797784805298,-175.50750520000003
3439,-189.09510000000003,0.7602928990057407,0.00998645168764533,131,3.611807107925415,-175.58514040000003
3440,-186.62688000000003,0.7876786357203943,0.00998645168764533,113,3.098158836364746,-175.79649320000001
3441,-186.62688000000003,0.8188036250164815,0.00998645168764533,113,3.201145887374878,-175.79649320000001
3442,-182.27152,0.7874574399637905,0.00998645168764533,209,5.784686088562012,-175.70938600000002
3443,-160.08151999999995,0.7472857010159039,0.00998645168764533,649,17.76386785507202,-175.17847880000002
3444,-186.62688000000003,0.42798990573305473,0.00998645168764533,113,3.1035969257354736,-175.72648680000003
3445,-192.82170000000002,0.6836405424702338,0.00998645168764533,402,11.002287149429321,-175.8503832
3446,-171.33944000000002,0.7009394511477345,0.00998645168764533,289,7.872575998306274,-175.52434240000002
3447,-186.62688000000003,0.5135306675745323,0.00998645168764533,113,3.0744729042053223,-175.5591268
3448,-158.43681999999998,0.6412084001350904,0.00998645168764533,719,19.685163021087646,-175.2945564
3449,-177.62048000000001,0.6927916774150611,0.00998645168764533,481,13.065800905227661,-175.33510040000002
3450,-184.88182000000003,0.6094421175266824,0.00998645168764533,134,3.673150062561035,-175.7683828
3451,-186.62688000000003,0.6249476925478177,0.00998645168764533,113,3.124829053878784,-175.761028
3452,-145.14719999999988,0.5809553401870144,0.00998645168764533,641,17.46087622642517,-174.9314344
3453,-175.95696000000004,0.6412499807195209,0.00998645168764533,257,6.989116907119751,-175.07888
3454,-186.62688000000003,0.613424327422296,0.00998645168764533,113,3.0811641216278076,-175.07888
3455,-187.8874,0.6701992551435626,0.00998645168764533,124,3.3699088096618652,-175.10409040000002
3456,-171.79378000000003,0.6903755624881263,0.00998645168764533,263,7.284542083740234,-174.8074284
3457,-177.71706000000003,0.7740068777483561,0.00998645168764533,339,9.276987791061401,-174.629232
3458,-145.5283999999999,0.6926469038041742,0.00998645168764533,857,23.48397707939148,-173.92670880000003
3459,-187.48172000000002,0.5634098174287729,0.00998645168764533,157,4.267167091369629,-174.5816296
3460,-183.77346,0.6143698486019716,0.00998645168764533,231,6.3657708168029785,-174.5245612
3461,-185.18944000000002,0.7510841461605039,0.00998645168764533,145,3.9504446983337402,-174.47593
3462,-171.86984000000004,0.7777834371927211,0.00998645168764533,265,7.321153879165649,-174.1807892
3463,-187.64148,0.7585362003946846,0.00998645168764533,165,4.523340940475464,-174.2965944
3464,-186.62688000000003,0.7031114871358186,0.00998645168764533,113,3.1533288955688477,-174.2965944
3465,-170.00130000000004,0.8171430384544166,0.00998645168764533,570,15.749488115310669,-174.31555960000003
3466,-186.62688000000003,0.7911070953823823,0.00998645168764533,113,3.1152729988098145,-174.232522
3467,-186.62688000000003,0.7723503397546906,0.00998645168764533,113,3.1371169090270996,-174.547062
3468,-190.29694,0.7348070948602672,0.00998645168764533,235,6.411386013031006,-174.85099160000001
3469,-139.98807999999983,0.7340085613327397,0.00998645168764533,849,23.27213215827942,-174.0050156
3470,-157.2831999999999,0.652397612248881,0.00998645168764533,857,23.444766998291016,-174.0983196
3471,-171.88636000000005,0.5173107519949952,0.00998645168764533,365,10.040668964385986,-174.60268520000002
3472,-178.24218000000002,0.5598297448162615,0.00998645168764533,411,11.38210391998291,-174.4349912
3473,-182.17544,0.5642666128551355,0.00998645168764533,256,7.03032112121582,-174.3459624
3474,-179.75554,0.44102593649334776,0.00998645168764533,191,5.3089940547943115,-174.2812456
3475,-186.62688000000003,0.6135201252568349,0.00998645168764533,113,3.130647897720337,-174.2812456
3476,-141.09273999999982,0.6841110306044504,0.00998645168764533,699,19.140715837478638,-177.8137196
3477,-155.31839999999994,0.5956818688476536,0.00998645168764533,768,21.09665298461914,-177.3069964
3478,-181.35706,0.5784729515720984,0.00998645168764533,167,4.554759979248047,-177.20159999999998
3479,-170.95534000000004,0.6764802331598836,0.00998645168764533,362,10.005353927612305,-177.1705488
3480,-175.52598000000006,0.5490935241601839,0.00998645168764533,471,12.908082962036133,-176.94853080000001
3481,-157.19779999999992,0.6549458438380351,0.00998645168764533,620,17.0131893157959,-176.35994920000002
3482,-184.88182000000003,0.6319386591412016,0.00998645168764533,134,3.7017009258270264,-176.32504799999998
3483,-186.62688000000003,0.5323710745216998,0.00998645168764533,113,3.1053619384765625,-176.32504799999998
3484,-190.5243,0.5872693825513124,0.00998645168764533,342,9.479095935821533,-176.45657119999998
3485,-181.22032000000002,0.5441058967529872,0.00998645168764533,209,5.9041290283203125,-176.637066
3486,-187.62676,0.6354220025354951,0.00998645168764533,164,4.446858167648315,-176.65706360000001
3487,-186.62688000000003,0.7452119107036728,0.00998645168764533,113,3.07741117477417,-176.65706360000001
3488,-171.24974,0.5611614408070228,0.00998645168764533,283,7.830283880233765,-176.85274
3489,-186.62688000000003,0.6580839174824347,0.00998645168764533,113,3.141226053237915,-176.8033756
3490,-164.01730000000003,0.6801742676117913,0.00998645168764533,639,17.401902198791504,-176.351184
3491,-163.92688,0.6266172496842689,0.00998645168764533,441,12.161155939102173,-175.897184
3492,-167.66296000000006,0.5607769169514409,0.00998645168764533,313,8.797926902770996,-175.6050128
3493,-186.62688000000003,0.8850979705596655,0.00998645168764533,113,3.126271963119507,-176.13592
3494,29.790880000000087,0.5639458956958199,0.00998645168764533,1216,33.46886229515076,-171.8075648
3495,-187.8874,0.5949660914709731,0.00998645168764533,124,3.44805908203125,-171.70887879999998
3496,-160.72091999999995,0.5406326014748185,0.00998645168764533,877,24.15438199043274,-171.49650839999998
3497,-189.08934000000002,0.6386930618492019,0.00998645168764533,131,3.609920024871826,-171.5457576
3498,-186.62688000000003,0.31524629267839205,0.00998645168764533,113,3.1291491985321045,-172.1095588
3499,-186.62688000000003,0.5013435793529569,0.00998645168764533,113,3.1371331214904785,-172.28968680000003
3500,-190.31602,0.6696443957461609,0.00998645168764533,287,7.969110012054443,-172.3983708
3501,-180.6501,0.674051507212016,0.00998645168764533,471,12.682116985321045,-172.2788352
3502,-174.56000000000003,0.6608285470744611,0.00998645168764533,577,15.468420028686523,-172.8670912
3503,-186.62688000000003,0.5125078771065558,0.00998645168764533,113,3.0529048442840576,-173.0804896
3504,-0.5024800000000109,0.6350244028726593,0.00998645168764533,512,13.689974069595337,-169.3580016
3505,-183.54874,0.49521257154205267,0.00998645168764533,170,4.5708630084991455,-169.2712284
3506,-186.62688000000003,0.7417906079177572,0.00998645168764533,113,3.0536530017852783,-169.5678904
3507,-186.62688000000003,0.717584615655705,0.00998645168764533,113,3.057889223098755,-169.7460868
3508,-172.44656000000003,0.7096331824438178,0.00998645168764533,481,12.929049730300903,-170.28445
3509,-159.03253999999998,0.5474352706983099,0.00998645168764533,1067,28.660531997680664,-169.7154664
3510,-186.62688000000003,0.6761954576271562,0.00998645168764533,113,3.0470099449157715,-169.7725348
3511,-171.67110000000002,0.7319893962503856,0.00998645168764533,303,8.165355205535889,-169.502168
3512,-150.15797999999992,0.5585360105352877,0.00998645168764533,586,15.803010702133179,-169.0679308
3513,-156.4501599999999,0.578060228667581,0.00998645168764533,729,19.56610870361328,-168.4441044
3514,-172.12362000000002,0.48019720020669476,0.00998645168764533,459,12.324144840240479,-168.1540392
3515,-154.61417999999992,0.4813124537599129,0.00998645168764533,639,17.24885082244873,-167.84629679999998
3516,-185.47464000000002,0.43375865225657895,0.00998645168764533,209,5.708617925643921,-167.823252
3517,-168.21892000000008,0.5485543083423224,0.00998645168764533,629,16.886052131652832,-167.4550928
3518,-186.62688000000003,0.3930692951631757,0.00998645168764533,113,3.044914960861206,-167.3816916
3519,-184.88182000000003,0.6079841380688682,0.00998645168764533,134,3.610466957092285,-168.2795664
3520,-173.22480000000002,0.5884800811669206,0.00998645168764533,369,9.938106775283813,-168.5983984
3521,-186.62688000000003,0.4478786760133452,0.00998645168764533,113,3.0532889366149902,-168.8932088
3522,-179.40374000000003,0.6001474332114506,0.00998645168764533,223,6.051692962646484,-168.91644
3523,-178.20162000000002,0.5782353954702398,0.00998645168764533,411,11.091365814208984,-168.83696360000002
3524,-186.62688000000003,0.8355282986520138,0.00998645168764533,113,3.0741639137268066,-168.9743904
3525,-186.62688000000003,0.46369243040680885,0.00998645168764533,113,3.043722152709961,-168.9743904
3526,-186.62688000000003,0.7330392680205076,0.00998645168764533,113,3.0639848709106445,-169.8850732
3527,-184.13824000000002,0.6777401750072323,0.00998645168764533,145,3.9649879932403564,-170.46147000000002
3528,-171.33944000000002,0.7409906275183684,0.00998645168764533,289,7.76846170425415,-170.2611176
3529,47.42840000000027,0.5903343494691875,0.00998645168764533,1344,36.120206117630005,-165.8934428
3530,-177.96402000000003,0.5753976263708309,0.00998645168764533,303,8.20958423614502,-165.9422036
3531,-188.5148,0.5316993618458086,0.00998645168764533,352,9.460994005203247,-166.5685436
3532,-186.62688000000003,0.416825372494955,0.00998645168764533,113,3.0407378673553467,-166.6034448
3533,-186.62688000000003,0.5573231818863248,0.00998645168764533,113,3.019139051437378,-166.6034448
3534,-178.07852,0.6072032011147983,0.00998645168764533,604,16.19943404197693,-166.3545292
3535,-184.88182000000003,0.5789075468235941,0.00998645168764533,134,3.6050901412963867,-166.4277592
3536,-176.61098000000004,0.5735628701218007,0.00998645168764533,571,15.327400922775269,-166.2074436
3537,-161.53334,0.5774523540295049,0.00998645168764533,719,19.35055685043335,-165.7055728
3538,-141.33069999999975,0.5394577482823228,0.00998645168764533,1035,27.790092945098877,-165.107192
3539,-179.74678000000003,0.5383327613998065,0.00998645168764533,187,5.01411771774292,-164.96958999999998
3540,-186.77080000000004,0.6514587328909114,0.00998645168764533,313,8.445369958877563,-165.42466000000002
3541,-191.76164,0.44101898394996236,0.00998645168764533,253,6.854059934616089,-165.9813552
3542,-186.62688000000003,0.6139173023402691,0.00998645168764533,113,3.048301935195923,-166.3606336
3543,-186.62688000000003,0.6262842333191527,0.00998645168764533,113,3.009347915649414,-166.3606336
3544,-186.62688000000003,0.6661611285258447,0.00998645168764533,113,3.0410680770874023,-170.6889888
3545,-182.27728000000002,0.5360931345221529,0.00998645168764533,209,5.597931861877441,-170.57678640000003
3546,-189.24542,0.5193272679687497,0.00998645168764533,235,6.3017418384552,-171.1472764
3547,-176.52778000000004,0.6802972204507666,0.00998645168764533,235,6.312388896942139,-170.8960452
3548,-186.62688000000003,0.6431734199116451,0.00998645168764533,113,3.031224250793457,-170.8960452
3549,-184.88182000000003,0.5875030378880564,0.00998645168764533,134,3.614022970199585,-170.86114400000002
3550,-186.62688000000003,0.658099580803408,0.00998645168764533,113,3.035504102706909,-170.78736120000002
3551,-153.3997999999999,0.7056271920173333,0.00998645168764533,580,15.542356967926025,-170.24235520000002
3552,-171.04478,0.6433134117614651,0.00998645168764533,411,11.102433919906616,-170.1720508
3553,-174.58112000000003,0.6267161528278058,0.00998645168764533,577,15.412772178649902,-169.9311356
3554,-186.62688000000003,0.7073670480466259,0.00998645168764533,113,3.0257720947265625,-173.6536236
3555,-157.51879999999994,0.6300044618882373,0.00998645168764533,833,22.493849992752075,-173.1330248
3556,-156.7401599999999,0.6106436815663874,0.00998645168764533,649,17.435842037200928,-172.5352904
3557,-144.67559999999992,0.5591923356012615,0.00998645168764533,769,20.693042039871216,-171.6962648
3558,-172.38080000000002,0.6937087231724939,0.00998645168764533,289,7.779641151428223,-171.6949496
3559,-186.62688000000003,0.7454456710215427,0.00998645168764533,113,3.0368058681488037,-172.2468364
3560,-187.47572000000002,0.7245365518713143,0.00998645168764533,205,5.4928138256073,-172.26381320000002
3561,-144.4866599999998,0.5818874142475233,0.00998645168764533,1006,28.11636996269226,-171.72012439999997
3562,-172.53206000000003,0.5928066602295927,0.00998645168764533,391,10.70752501487732,-172.16760599999998
3563,-162.53823999999997,0.5442182451178323,0.00998645168764533,713,19.56568670272827,-172.2893676
3564,-171.48734000000005,0.6618557230896116,0.00998645168764533,382,10.60847806930542,-172.27664199999998
3565,-186.62688000000003,0.3347674050426061,0.00998645168764533,113,3.10829496383667,-172.916896
3566,-180.07830000000004,0.633909327019318,0.00998645168764533,203,5.625592231750488,-172.80896919999998
3567,-170.60942000000003,0.7965046035797547,0.00998645168764533,391,10.761986017227173,-172.85677919999998
3568,-171.89242000000002,0.681882355468696,0.00998645168764533,647,17.82497215270996,-172.56208999999998
3569,-186.62688000000003,0.5366390510833106,0.00998645168764533,113,3.1023130416870117,-172.59699120000002
3570,-179.04742000000005,0.5582005613511521,0.00998645168764533,299,8.206524848937988,-172.7134436
3571,-153.8726599999998,0.5794826434131073,0.00998645168764533,1154,31.696880102157593,-172.05835919999998
3572,-189.32744,0.49713127915573563,0.00998645168764533,241,6.587992191314697,-172.2568332
3573,-186.62688000000003,0.6501301115428189,0.00998645168764533,113,3.1394169330596924,-172.4253384
3574,-152.77269999999996,0.5684547352933316,0.00998645168764533,1187,32.500954151153564,-171.74825479999998
3575,-154.59341999999998,0.4500128317190048,0.00998645168764533,742,20.346211910247803,-171.1075856
3576,-186.62688000000003,0.39508926636020164,0.00998645168764533,113,3.0722310543060303,-171.1075856
3577,-184.88182000000003,0.6275799089987109,0.00998645168764533,134,3.763953924179077,-171.12245719999999
3578,-187.63572000000002,0.47337928431842363,0.00998645168764533,165,4.5403101444244385,-171.4483828
3579,-186.62688000000003,0.5057287960750075,0.00998645168764533,113,3.1200058460235596,-176.1294884
3580,-147.50461999999985,0.48244184773409676,0.00998645168764533,659,18.049228191375732,-175.52030039999997
3581,-186.62688000000003,0.5234747939306287,0.00998645168764533,113,3.089390993118286,-175.482542
3582,-186.62688000000003,0.4441109706639452,0.00998645168764533,113,3.1405138969421387,-175.482542
3583,-172.33126000000004,0.57188168073207,0.00998645168764533,431,11.908499002456665,-175.19662959999997
3584,-183.66384,0.5656620799791482,0.00998645168764533,225,6.244697093963623,-175.30833599999997
3585,-148.55053999999993,0.5363017090017381,0.00998645168764533,946,25.907545804977417,-174.58171040000002
3586,-181.98038000000003,0.5272846305091318,0.00998645168764533,243,6.699482679367065,-174.6890984
3587,-165.08114000000003,0.6302596766200417,0.00998645168764533,439,11.899461269378662,-174.7600544
3588,-157.55346,0.6173388037746876,0.00998645168764533,979,26.756206035614014,-175.0845096
3589,-185.07696,0.6122797050306367,0.00998645168764533,144,3.9460229873657227,-175.1911132
3590,-186.27168,0.5584214241909129,0.00998645168764533,441,12.044053077697754,-175.1811308
3591,-153.91903999999974,0.4948387264396028,0.00998645168764533,1321,36.28488898277283,-174.4242788
3592,-175.10046000000003,0.4712384314744512,0.00998645168764533,362,9.967902898788452,-174.1937504
3593,-186.62688000000003,0.47604956072384275,0.00998645168764533,113,3.102149248123169,-174.1937504
3594,-162.17456,0.4935529878698806,0.00998645168764533,649,17.840678930282593,-173.704704
3595,-186.62688000000003,0.4026129747188724,0.00998645168764533,113,3.1288511753082275,-173.79169599999997
3596,-152.03901999999988,0.49093462788892583,0.00998645168764533,619,17.055013179779053,-173.04756799999998
3597,-186.62688000000003,0.6036123618961567,0.00998645168764533,113,3.115694999694824,-173.24954999999997
3598,-176.40134,0.570495689941124,0.00998645168764533,526,15.549532175064087,-173.0450392
3599,-186.62688000000003,0.4990626888399103,0.00998645168764533,113,4.0447282791137695,-173.07994039999997
3600,-186.62688000000003,0.6711266310308623,0.00998645168764533,113,3.3229820728302,-173.07994039999997
3601,-182.69154,0.6774687665510616,0.00998645168764533,231,6.166128873825073,-173.66577519999998
3602,-177.28136000000003,0.625435946549443,0.00998645168764533,417,11.807675838470459,-173.7905068
3603,-175.85554000000005,0.6588001797229901,0.00998645168764533,491,13.186580896377563,-173.8159952
3604,43.843760000000074,0.5205516756885091,0.00998645168764533,1104,30.05932903289795,-169.2065824
3605,-178.03096,0.5676863869452417,0.00998645168764533,401,11.362011194229126,-169.61682559999997
3606,-186.62688000000003,0.4608229846751268,0.00998645168764533,113,3.643935203552246,-170.21455999999998
3607,-186.62688000000003,0.6447644603265598,0.00998645168764533,113,3.1727538108825684,-171.05358560000002
3608,-186.62688000000003,0.4964672509679752,0.00998645168764533,113,3.1900463104248047,-171.33850719999998
3609,-176.32016000000002,0.5831127952441049,0.00998645168764533,369,10.90659213066101,-171.1323728
3610,-186.62688000000003,0.6223329625760032,0.00998645168764533,113,3.2343907356262207,-171.115396
3611,-169.67792000000003,0.5963805673643947,0.00998645168764533,560,15.666787147521973,-171.6192212
3612,-185.18944000000002,0.7264985596825336,0.00998645168764533,145,3.973156213760376,-171.8723688
3613,-166.61427999999998,0.5020370120867429,0.00998645168764533,612,16.89287304878235,-171.9538896
3614,-184.88766,0.572346439997431,0.00998645168764533,131,3.6648828983306885,-172.22189600000002
3615,-184.88182000000003,0.5837105740793049,0.00998645168764533,134,3.738007068634033,-172.18699479999998
3616,-187.8687,0.6136601081589002,0.00998645168764533,174,4.868597030639648,-172.3428028
3617,-173.84056000000004,0.6711732363723163,0.00998645168764533,401,11.101277828216553,-172.40742559999998
3618,-186.62688000000003,0.5494669097747686,0.00998645168764533,113,3.088441848754883,-172.70211479999998
3619,-186.62688000000003,0.554492943211401,0.00998645168764533,113,3.1897871494293213,-172.70211479999998
3620,-186.62688000000003,0.6501960499887973,0.00998645168764533,113,3.177360773086548,-172.853704
3621,-172.72476000000003,0.7102843382602765,0.00998645168764533,540,14.923792123794556,-173.230746
3622,-181.65186,0.8255698405351345,0.00998645168764533,231,6.327116012573242,-173.0772344
3623,3.724880000000004,0.7382845634316347,0.00998645168764533,944,26.126556158065796,-169.27019919999998
3624,-158.16951999999992,0.6360770926839905,0.00998645168764533,768,21.176995038986206,-169.37813559999998
3625,-186.62688000000003,0.6142576948731346,0.00998645168764533,113,3.1093461513519287,-170.0188048
3626,-184.32822000000002,0.5214330260841662,0.00998645168764533,303,8.379668951034546,-169.97283159999998
3627,-190.19848000000002,0.8380328997359794,0.00998645168764533,281,7.74526309967041,-170.0791648
3628,-168.38336000000004,0.5851223066555782,0.00998645168764533,297,8.612619161605835,-169.6941176
3629,-180.21634,0.6906245034046387,0.00998645168764533,263,7.281123161315918,-169.56590680000002
3630,-180.81264,0.6939540361034257,0.00998645168764533,233,6.423306941986084,-170.23206720000002
3631,-186.12696,0.5445809342199937,0.00998645168764533,144,3.930840015411377,-170.22206880000002
3632,-164.84050000000002,0.5832265776121803,0.00998645168764533,431,12.015801668167114,-169.78634119999998
3633,-184.89642,0.5088503939685998,0.00998645168764533,135,3.7404279708862305,-170.03764439999998
3634,-186.62688000000003,0.45736498501052897,0.00998645168764533,113,3.1154448986053467,-170.0969052
3635,-186.62688000000003,0.7001517671036773,0.00998645168764533,113,3.113680839538574,-170.858432
3636,-186.62688000000003,0.7339919111402953,0.00998645168764533,113,3.15218186378479,-170.95136200000002
3637,-167.00882,0.6415828729668339,0.00998645168764533,679,18.950807809829712,-170.98991560000002
3638,31.459120000000084,0.7385919648929432,0.00998645168764533,896,24.960019826889038,-167.209664
3639,-169.64884000000004,0.677518725851773,0.00998645168764533,461,12.651161909103394,-166.9011016
3640,-186.62688000000003,0.8943989607052202,0.00998645168764533,113,3.0960187911987305,-166.9082056
3641,-180.00468,0.5097679959672192,0.00998645168764533,300,8.192359209060669,-167.42991840000002
3642,-186.62688000000003,0.7003353703190136,0.00998645168764533,113,3.1795668601989746,-167.66044680000002
3643,-172.98896,0.6511226829162017,0.00998645168764533,361,9.904685258865356,-167.3876884
3644,46.846880000000155,0.5824665132186412,0.00998645168764533,1632,44.897292137145996,-163.2072596
3645,-186.62688000000003,0.5107078738510609,0.00998645168764533,113,3.1566028594970703,-163.2072596
3646,-169.6303,0.6724467507610887,0.00998645168764533,590,16.285598278045654,-163.5590852
3647,-181.1391,0.5542740466467706,0.00998645168764533,203,5.602412939071655,-163.4493296
3648,-186.62688000000003,0.5793757455143254,0.00998645168764533,113,3.1558640003204346,-163.6538404
3649,-186.62688000000003,0.3493269793524415,0.00998645168764533,113,3.0932350158691406,-163.6538404
3650,-173.11462000000003,0.5267621462456197,0.00998645168764533,326,9.003062725067139,-163.3835952
3651,-187.8874,0.608707710499725,0.00998645168764533,124,3.384208917617798,-163.4875124
3652,-171.5619,0.5640292858736989,0.00998645168764533,639,17.569288969039917,-163.3731232
3653,-186.62688000000003,0.6144620005898507,0.00998645168764533,113,3.141965866088867,-163.58855000000003
3654,-170.83456000000004,0.5090095975939125,0.00998645168764533,313,8.580740213394165,-167.8821164
3655,-169.22808000000003,0.5767954818217614,0.00998645168764533,537,14.811919689178467,-167.70605880000002
3656,-166.49840000000003,0.6123974191124684,0.00998645168764533,560,15.30495309829712,-167.3034892
3657,-191.57454000000004,0.549885589879943,0.00998645168764533,342,9.390528917312622,-167.4024424
3658,-154.7469399999999,0.5816869574927023,0.00998645168764533,846,24.503023147583008,-166.76484360000003
3659,-183.40752,0.5934155357077323,0.00998645168764533,264,7.268864154815674,-166.9065908
3660,-173.46952000000002,0.5544464702347331,0.00998645168764533,392,10.852166891098022,-166.64344359999998
3661,-151.74825999999985,0.5000565585325516,0.00998645168764533,798,21.786060094833374,-166.28485039999998
3662,-177.82372000000004,0.6204369027044015,0.00998645168764533,196,5.422152996063232,-166.137536
3663,-164.89116,0.47696659912029843,0.00998645168764533,332,9.187365055084229,-166.1030736
3664,-179.87420000000003,0.48487746439950197,0.00998645168764533,196,5.464595079421997,-166.00280440000003
3665,-186.62688000000003,0.5056658237183516,0.00998645168764533,113,3.354001045227051,-166.0377056
3666,-178.78298,0.6256577285635464,0.00998645168764533,391,10.722715139389038,-165.85599119999998
3667,-188.65972000000002,0.5664614410161842,0.00998645168764533,461,12.821269989013672,-166.1523744
3668,-187.8874,0.7899996376025581,0.00998645168764533,124,3.401108980178833,-166.1775848
3669,-178.30710000000002,0.538810479991675,0.00998645168764533,222,6.063942909240723,-166.01118920000002
3670,-164.37746000000004,0.6109257362435299,0.00998645168764533,659,18.107295989990234,-165.56620080000002
3671,-172.11058000000003,0.6894199358391928,0.00998645168764533,322,8.872619867324829,-165.5539172
3672,-186.62688000000003,0.6384240723322187,0.00998645168764533,113,3.10880184173584,-165.65341759999998
3673,-182.30176,0.568762297300916,0.00998645168764533,209,5.80379581451416,-169.37395039999998
3674,-186.62688000000003,0.6501561862012718,0.00998645168764533,113,3.161384105682373,-169.9430976
3675,-186.83548000000002,0.5821323750330315,0.00998645168764533,124,3.443107843399048,-169.9472696
3676,-186.62688000000003,0.49717627027261574,0.00998645168764533,113,3.1635582447052,-169.99324280000002
3677,-186.83548000000002,0.7159464961939281,0.00998645168764533,124,3.476315975189209,-169.9259828
3678,-173.46640000000002,0.5916888617916254,0.00998645168764533,481,13.182445049285889,-170.0276436
3679,-186.83548000000002,0.5915332218001206,0.00998645168764533,124,3.4255051612854004,-170.16002640000002
3680,-186.62688000000003,0.8360747238868369,0.00998645168764533,113,3.1553409099578857,-170.2763112
3681,-1.9493599999999942,0.6971402474878086,0.00998645168764533,496,13.629853963851929,-166.5927592
3682,-188.23968000000002,0.6775100126526215,0.00998645168764533,144,4.028287172317505,-167.0607428
3683,-175.41178000000002,0.6673320148403815,0.00998645168764533,431,11.865637302398682,-166.87105
3684,11.23543999999998,0.6493905696130081,0.00998645168764533,728,20.300908088684082,-162.91380360000002
3685,-186.62688000000003,0.546788467259138,0.00998645168764533,113,3.095183849334717,-162.91380360000002
3686,-169.29942000000003,0.6750172556524998,0.00998645168764533,342,9.465282678604126,-162.5672544
3687,-171.76193999999998,0.6552450483763695,0.00998645168764533,867,24.138548135757446,-162.6623168
3688,-188.06744000000003,0.6256597789875029,0.00998645168764533,184,5.105009078979492,-167.052848
3689,-170.62104000000002,0.6124889231911173,0.00998645168764533,649,17.856674909591675,-167.072292
3690,-186.57556,0.5506294799582442,0.00998645168764533,164,4.547111988067627,-167.0712656
3691,-173.63594000000003,0.5489082108811497,0.00998645168764533,391,10.86338996887207,-166.94389080000002
3692,-186.62688000000003,0.8693919446467694,0.00998645168764533,113,3.1569228172302246,-166.94389080000002
3693,14.031999999999993,0.6274687002878636,0.00998645168764533,688,18.77695894241333,-163.2034716
3694,-189.25694000000001,0.6986292050081364,0.00998645168764533,235,6.363538980484009,-167.92554800000002
3695,-168.89464000000004,0.6303278857327268,0.00998645168764533,521,14.13382625579834,-167.57090320000003
3696,-169.13810000000004,0.6584335982315062,0.00998645168764533,619,17.108541011810303,-167.56105920000002
3697,-186.62688000000003,0.7019702993267405,0.00998645168764533,113,3.112572193145752,-167.67081480000002
3698,-174.49586,0.5945868095040054,0.00998645168764533,391,10.792288064956665,-167.42819440000002
3699,-189.73076000000003,0.6800619819175762,0.00998645168764533,253,7.013690233230591,-167.490272
3700,-182.7069,0.4956300474332396,0.00998645168764533,231,6.386566162109375,-167.68211760000003
3701,-146.49463999999978,0.5007930219549205,0.00998645168764533,689,18.589178800582886,-166.8542624
3702,40.94728000000015,0.46385437073403185,0.00998645168764533,1544,41.911654233932495,-162.6040788
3703,-162.05512000000004,0.36689096010445305,0.00998645168764533,600,16.212433099746704,-162.1126436
3704,-176.6365,0.4313622485604306,0.00998645168764533,662,18.05513286590576,-162.22868240000003
3705,-186.62688000000003,0.39221686599528893,0.00998645168764533,113,3.157567024230957,-162.5766584
3706,-186.62688000000003,0.17796277838338792,0.00998645168764533,113,3.137018918991089,-162.979228
3707,-180.4229,0.3653343886537937,0.00998645168764533,223,6.182345867156982,-162.7561952
3708,-186.62688000000003,0.5977917346872587,0.00998645168764533,113,3.1118147373199463,-163.393794
3709,-165.5220400000001,0.4335626266339143,0.00998645168764533,461,13.097151279449463,-163.03608440000002
3710,3.988480000000008,0.3631712087788745,0.00998645168764533,592,16.722864866256714,-159.48692440000002
3711,-162.21618,0.4912406056882438,0.00998645168764533,511,14.311133861541748,-159.6962828
3712,-186.62688000000003,0.4693336303354101,0.00998645168764533,113,3.10427188873291,-159.87234600000002
3713,-165.09488000000005,0.48663774887923483,0.00998645168764533,441,12.186283111572266,-159.8764204
3714,-143.2813399999998,0.48134076872583315,0.00998645168764533,659,18.310375213623047,-159.14456320000002
3715,-167.33638000000005,0.4360304984255317,0.00998645168764533,638,17.646257877349854,-158.7587532
3716,-186.62688000000003,0.37572521436959505,0.00998645168764533,113,3.1699020862579346,-158.9156312
3717,-186.62688000000003,0.17131085399604212,0.00998645168764533,113,3.167194128036499,-158.8749744
3718,-182.27968,0.43408674009269077,0.00998645168764533,209,5.896585941314697,-158.76282
3719,-186.83548000000002,0.5082264020888796,0.00998645168764533,124,3.468740940093994,-158.9333876
3720,-187.8874,0.3426555422465167,0.00998645168764533,124,3.48651385307312,-159.4035864
3721,-179.02494000000002,0.6323102091902436,0.00998645168764533,203,5.683218002319336,-159.54187360000003
3722,-172.08752000000004,0.5571705670515587,0.00998645168764533,273,7.661484003067017,-159.2510864
3723,-163.96078,0.5616424407274084,0.00998645168764533,431,11.94518494606018,-158.8842668
3724,-178.84058000000002,0.4676334907460358,0.00998645168764533,391,11.179197072982788,-158.72854080000002
3725,18.998160000000077,0.4779980161935479,0.00998645168764533,960,26.565269231796265,-154.61186800000002
3726,-163.48071999999996,0.4282186103967736,0.00998645168764533,768,21.067421913146973,-154.1489448
3727,-157.99445999999998,0.49202132844450797,0.00998645168764533,550,15.119024753570557,-153.5721244
3728,-181.34318000000002,0.3821529141649694,0.00998645168764533,166,4.567345142364502,-153.72966
3729,-140.68257999999983,0.4391334373149134,0.00998645168764533,735,20.198779106140137,-152.806602
3730,-186.62688000000003,0.3751440764594395,0.00998645168764533,113,3.149729013442993,-152.806602
3731,35.57096000000021,0.5061391641599281,0.00998645168764533,1152,31.679908752441406,-152.0561956
3732,-176.85068,0.4801181583507023,0.00998645168764533,253,6.88078498840332,-151.8284156
3733,-175.56150000000002,0.5910657704975891,0.00998645168764533,471,13.050272941589355,-151.83141
3734,-186.62688000000003,0.504394430625953,0.00998645168764533,113,3.168247699737549,-155.7886564
3735,-186.62688000000003,0.42286297865211964,0.00998645168764533,113,3.1561012268066406,-155.7886564
3736,-165.21472,0.5181666248475921,0.00998645168764533,449,13.389249086380005,-155.70696239999998
3737,-186.62688000000003,0.635338639230591,0.00998645168764533,113,3.2997899055480957,-156.0042612
3738,-152.11819999999997,0.5867543436040088,0.00998645168764533,821,23.41326379776001,-155.28527640000001
3739,-181.22224,0.5874736738618481,0.00998645168764533,209,5.849730014801025,-155.4973004
3740,-161.83591999999996,0.5567107417786977,0.00998645168764533,689,20.276905059814453,-155.0025076
3741,-186.62688000000003,0.4335362212979688,0.00998645168764533,113,3.272918939590454,-155.2623264
3742,-151.67495999999988,0.5271036233592623,0.00998645168764533,697,21.44327187538147,-154.563288
3743,-186.92362,0.3906519605230739,0.00998645168764533,131,3.898021936416626,-158.58240039999998
3744,-146.45849999999967,0.5324644080440183,0.00998645168764533,1210,33.47311472892761,-157.72643159999998
3745,-186.62688000000003,0.5307273716888333,0.00998645168764533,113,3.129779100418091,-158.08107639999997
3746,17.682320000000008,0.5476438873272855,0.00998645168764533,800,21.860507249832153,-154.34466799999998
3747,-182.69154,0.42786417470124116,0.00998645168764533,231,6.292281150817871,-154.2659612
3748,-175.19852000000003,0.6326381294553214,0.00998645168764533,469,12.872674942016602,-154.28001439999997
3749,-171.91602000000003,0.5758045631517446,0.00998645168764533,362,10.123855829238892,-153.9237196
3750,-172.34936000000002,0.5880471022311683,0.00998645168764533,481,13.20713186264038,-153.71656879999998
3751,-186.62688000000003,0.7105941601361321,0.00998645168764533,113,3.1218879222869873,-154.51921359999997
3752,-173.64322000000004,0.5967665056635431,0.00998645168764533,491,13.62130618095398,-158.8110236
3753,-163.44242000000003,0.6045487035618792,0.00998645168764533,411,11.419098138809204,-158.8387696
3754,-190.34892,0.5634834813913021,0.00998645168764533,573,15.781390190124512,-159.11301799999998
3755,36.99456000000014,0.5797536906915471,0.00998645168764533,1456,40.293377161026,-154.6405892
3756,-184.88182000000003,0.5747969566719301,0.00998645168764533,134,3.7495810985565186,-154.605688
3757,-184.02576000000002,0.6122640844162864,0.00998645168764533,144,3.928779125213623,-154.6777452
3758,-186.62688000000003,0.49929906443519667,0.00998645168764533,113,3.171689033508301,-154.6777452
3759,-186.62688000000003,0.5828268282626451,0.00998645168764533,113,3.1224899291992188,-155.099842
3760,-170.93614000000005,0.6214015530808237,0.00998645168764533,362,9.933182001113892,-158.5983344
3761,-186.62688000000003,0.5214576568223733,0.00998645168764533,113,3.1032519340515137,-159.0865484
3762,-186.62688000000003,0.5983950428961389,0.00998645168764533,113,3.0693488121032715,-159.0865484
3763,-189.45474000000002,0.5182281932199504,0.00998645168764533,243,6.787165880203247,-159.5737456
3764,-180.81864000000002,0.6951074817819366,0.00998645168764533,192,5.308981895446777,-160.3244916
3765,-179.27650000000003,0.7158675881902982,0.00998645168764533,263,7.313838720321655,-160.56329399999998
3766,-150.08697999999987,0.5953377979640246,0.00998645168764533,963,26.643775939941406,-159.832496
3767,-186.62688000000003,0.6210452791600101,0.00998645168764533,113,3.178050994873047,-159.832496
3768,-171.23870000000002,0.6623648761643275,0.00998645168764533,283,7.794028043746948,-159.6116764
3769,-186.62688000000003,0.8010138000765469,0.00998645168764533,113,3.1682231426239014,-159.6075044
3770,-174.44074000000003,0.5758964090765801,0.00998645168764533,431,11.986321926116943,-159.3385712
3771,-186.62688000000003,0.4553160054065221,0.00998645168764533,113,3.1628541946411133,-159.49061
3772,-186.62688000000003,0.5633883212355122,0.00998645168764533,113,3.1345489025115967,-159.7813972
3773,-186.62688000000003,0.617471486264098,0.00998645168764533,113,3.1531622409820557,-160.2347192
3774,-174.70652,0.6189656880485376,0.00998645168764533,445,12.409994840621948,-160.152038
3775,-186.62688000000003,0.4884328709799895,0.00998645168764533,113,3.129506826400757,-164.2645388
3776,-186.62688000000003,0.6269727197137818,0.00998645168764533,113,3.1711232662200928,-164.72746199999997
3777,-184.88182000000003,0.6330738338683524,0.00998645168764533,134,3.7025952339172363,-165.2652092
3778,12.97079999999999,0.6474721966231374,0.00998645168764533,792,21.66932702064514,-161.3789296
3779,-184.89124,0.654711505215817,0.00998645168764533,332,9.077488899230957,-162.26310279999998
3780,-175.03968000000003,0.5249104234265785,0.00998645168764533,600,16.466938734054565,-162.0313588
3781,-180.65384,0.6224428877163597,0.00998645168764533,184,5.0344398021698,-166.3558548
3782,-144.5171199999999,0.5279865603200354,0.00998645168764533,768,21.252134084701538,-165.7091836
3783,-146.79187999999988,0.5440759459051386,0.00998645168764533,917,25.243831872940063,-165.13379120000002
3784,-155.79355999999993,0.4736243398127988,0.00998645168764533,748,20.64638900756836,-164.51712479999998
3785,-168.02216000000004,0.592023195552733,0.00998645168764533,529,14.575881958007812,-164.1450304
3786,-186.62688000000003,0.6182412174983626,0.00998645168764533,113,3.0591368675231934,-164.5732736
3787,-175.96620000000001,0.700221822829025,0.00998645168764533,261,7.020203113555908,-164.36006
3788,-165.90825999999998,0.6216349945028745,0.00998645168764533,1262,34.40060591697693,-164.6358612
3789,-171.23870000000002,0.4290493763325071,0.00998645168764533,283,7.9893882274627686,-164.43619040000002
3790,-157.11249999999995,0.5180696738171582,0.00998645168764533,659,18.03396201133728,-164.341722
3791,-187.62792000000002,0.4943890079439427,0.00998645168764533,161,4.465044975280762,-164.3617428
3792,-186.83548000000002,0.6102021677689927,0.00998645168764533,124,3.3147408962249756,-165.06495320000002
3793,-175.54710000000006,0.5586279497408722,0.00998645168764533,471,12.97084903717041,-164.83742279999998
3794,-184.88182000000003,0.5022024772296757,0.00998645168764533,134,3.8563239574432373,-165.6058892
3795,-150.71431999999982,0.4319130917142161,0.00998645168764533,761,20.70313596725464,-164.887638
3796,-181.34246000000002,0.3815340138859598,0.00998645168764533,166,4.541829824447632,-168.8681336
3797,-182.2888,0.4826674098817355,0.00998645168764533,209,5.625799179077148,-168.8600788
3798,45.38488000000029,0.48888810735937077,0.00998645168764533,1352,36.352771043777466,-164.44841079999998
3799,-186.62688000000003,0.7409033191480995,0.00998645168764533,113,3.1255056858062744,-164.742628
3800,-186.62688000000003,0.5840404764872736,0.00998645168764533,113,3.045427083969116,-165.0281784
3801,-186.62688000000003,0.3982526906559953,0.00998645168764533,113,2.9258010387420654,-165.0281784
3802,-174.94354,0.5533909895120918,0.00998645168764533,263,6.758517026901245,-165.0541848
3803,-186.62688000000003,0.5482086355806188,0.00998645168764533,113,2.906403064727783,-165.517874
3804,-154.31257999999985,0.46617433666840963,0.00998645168764533,719,18.468824863433838,-164.7971472
3805,-192.05422000000002,0.4705039579807189,0.00998645168764533,362,9.316826820373535,-169.37812279999997
3806,-186.62688000000003,0.47092509709826086,0.00998645168764533,113,2.9126641750335693,-169.413024
3807,-172.81480000000002,0.4972879202704471,0.00998645168764533,505,13.008760213851929,-169.18880479999999
3808,-180.65456,0.4260435357041981,0.00998645168764533,184,4.75442099571228,-169.06935839999997
3809,-186.62688000000003,0.637600479696968,0.00998645168764533,113,2.912428140640259,-169.06935839999997
3810,-142.4060799999999,0.5668268785945353,0.00998645168764533,768,19.722241640090942,-168.4987572
3811,-187.621,0.58094884884521,0.00998645168764533,164,4.220854997634888,-168.5186396
3812,-178.84192000000004,0.5694982506373386,0.00998645168764533,193,4.9954869747161865,-168.3629404
3813,-177.54992000000001,0.665564406318532,0.00998645168764533,481,12.37955093383789,-168.12484400000002
3814,-149.40263999999988,0.5885692354927191,0.00998645168764533,976,25.20758295059204,-167.496524
3815,-164.79985999999997,0.5369104775675574,0.00998645168764533,679,17.53431797027588,-167.20699119999998
3816,-182.30176,0.6921133030045545,0.00998645168764533,209,5.385523796081543,-167.85128679999997
3817,-188.51780000000002,0.6335679603254666,0.00998645168764533,253,6.53001594543457,-167.8891052
3818,15.308079999999975,0.5313902626582702,0.00998645168764533,664,17.25080919265747,-164.1581696
3819,-185.23448,0.6613755308631384,0.00998645168764533,352,9.097986936569214,-164.1303216
3820,-172.46534000000003,0.4779182046346957,0.00998645168764533,391,10.093997955322266,-164.0908136
3821,-164.27090000000004,0.4919472572594022,0.00998645168764533,451,11.643749952316284,-163.64369399999998
3822,-186.62688000000003,0.6457501324965099,0.00998645168764533,113,2.9032230377197266,-163.64369399999998
3823,-174.63008000000005,0.5241848965661442,0.00998645168764533,481,12.38721513748169,-163.403758
3824,-186.62688000000003,0.6100757136380515,0.00998645168764533,113,2.9163498878479004,-163.6421652
3825,-154.36775999999983,0.5611619484484379,0.00998645168764533,729,18.881932020187378,-162.99698279999998
3826,21.14391999999998,0.5247254202637474,0.00998645168764533,1328,34.68746995925903,-158.84156679999998
3827,-177.85484000000002,0.43052632577924266,0.00998645168764533,540,14.39307188987732,-158.7010272
3828,-186.62688000000003,0.4838993637698942,0.00998645168764533,113,2.973281145095825,-162.6929808
3829,-186.19516000000002,0.43438823864741233,0.00998645168764533,293,7.7703869342803955,-162.7190592
3830,46.16680000000019,0.4095973083167337,0.00998645168764533,1088,28.228958129882812,-158.2949296
3831,-186.62688000000003,0.38485646894020314,0.00998645168764533,113,2.92620587348938,-158.4143904
3832,-180.65456,0.4949457408587003,0.00998645168764533,184,4.754050016403198,-159.13713919999998
3833,34.9989600000002,0.43325445969439497,0.00998645168764533,1096,28.332522869110107,-155.5013224
3834,28.173120000000065,0.37655674987826904,0.00998645168764533,1104,28.56287693977356,-151.82198879999999
3835,-188.23584000000002,0.48051354543228325,0.00998645168764533,144,3.70710825920105,-152.22626239999997
3836,-167.12409999999988,0.3518334175050592,0.00998645168764533,671,17.34177303314209,-151.83620679999999
3837,-184.88766,0.359870049498179,0.00998645168764533,131,3.37758207321167,-152.014636
3838,-186.62688000000003,0.36023002882710603,0.00998645168764533,113,2.909674882888794,-152.4290084
3839,-157.42123999999998,0.4268039209658609,0.00998645168764533,629,16.256980895996094,-152.1526592
3840,-186.62688000000003,0.38082541564924527,0.00998645168764533,113,2.9357919692993164,-152.7429468
3841,-176.22332,0.3800829703937461,0.00998645168764533,469,12.072916984558105,-152.51485479999997
3842,-186.62688000000003,0.43467448477064613,0.00998645168764533,113,2.932874917984009,-152.51068279999998
3843,-186.62688000000003,0.4256947977320019,0.00998645168764533,113,2.9166290760040283,-152.73227839999998
3844,-186.62688000000003,0.3461801244308595,0.00998645168764533,113,2.9151148796081543,-152.7671796
3845,-186.62688000000003,0.4080899134855223,0.00998645168764533,113,2.913933038711548,-153.4854308
3846,-186.62688000000003,0.50690395716347,0.00998645168764533,113,2.9057250022888184,-153.59111919999998
3847,-165.47116,0.4110416532322409,0.00998645168764533,461,11.890742063522339,-153.2547664
3848,-172.8588,0.3877570971839525,0.00998645168764533,264,6.7952561378479,-157.61964
3849,-177.58016,0.4108672647944142,0.00998645168764533,481,12.41222620010376,-157.4387056
3850,-186.62688000000003,0.637075917457387,0.00998645168764533,113,2.9148290157318115,-157.4387056
3851,-186.62688000000003,0.43674993610619445,0.00998645168764533,113,2.956468105316162,-157.4387056
3852,-142.6446399999998,0.5368459866513399,0.00998645168764533,873,22.618995904922485,-156.7927276
3853,-184.88182000000003,0.5149992868693462,0.00998645168764533,134,3.5201680660247803,-156.7578264
3854,-186.62688000000003,0.5155228524575982,0.00998645168764533,113,2.9832961559295654,-157.4041124
3855,-166.91297999999998,0.5870673426165524,0.00998645168764533,570,14.7102530002594,-156.9012876
3856,-158.29667999999995,0.535390514227995,0.00998645168764533,748,19.197399854660034,-156.33468359999998
3857,-184.02576000000002,0.6389603800360217,0.00998645168764533,144,3.6688199043273926,-156.5589028
3858,12.91263999999998,0.5889725965181631,0.00998645168764533,784,20.099524974822998,-152.68755879999998
3859,-182.6687,0.5905672188399591,0.00998645168764533,274,7.072433710098267,-152.6083952
3860,-176.66308,0.5882838289438493,0.00998645168764533,629,16.128968000411987,-153.29353519999998
3861,-166.29080000000005,0.5368469518143684,0.00998645168764533,352,9.042316913604736,-152.8669312
3862,-186.62688000000003,0.7629842147379454,0.00998645168764533,113,2.899878978729248,-153.0226304
3863,-181.45334000000003,0.6960791983289653,0.00998645168764533,418,10.71154522895813,-153.1006988
3864,-189.69958000000003,0.6233652866650689,0.00998645168764533,590,15.11197805404663,-153.90663759999998
3865,-186.62688000000003,0.5217320992883328,0.00998645168764533,113,2.9010820388793945,-154.343178
3866,-180.65456,0.6331489179384612,0.00998645168764533,184,4.747436761856079,-154.310234
3867,30.127760000000052,0.5936873393236763,0.00998645168764533,1440,36.90585517883301,-149.9373228
3868,-186.62688000000003,0.4470209404001985,0.00998645168764533,113,2.9007160663604736,-153.976022
3869,-171.42536,0.5546362887049628,0.00998645168764533,289,7.410454034805298,-153.6998396
3870,-184.88182000000003,0.736908505490022,0.00998645168764533,134,3.4252960681915283,-153.9481692
3871,-186.62688000000003,0.6942143691044333,0.00998645168764533,113,2.949849843978882,-154.3952888
3872,-186.62688000000003,0.5358159734282346,0.00998645168764533,113,2.895332098007202,-154.3952888
3873,-184.88766,0.5875706414599683,0.00998645168764533,131,3.3735499382019043,-154.6004404
3874,-186.62688000000003,0.8953597379304403,0.00998645168764533,113,2.915006160736084,-154.6004404
3875,-191.24726,0.5734633202172862,0.00998645168764533,322,8.269576787948608,-155.3380304
3876,4.34312,0.5793409685507016,0.00998645168764533,632,16.25040078163147,-155.6740464
3877,-186.20056000000002,0.5262455754416363,0.00998645168764533,193,5.006108045578003,-155.8409608
3878,-186.62688000000003,0.4391018231028477,0.00998645168764533,113,2.9015400409698486,-155.8409608
3879,-160.71724000000003,0.5266765228225383,0.00998645168764533,629,16.190059900283813,-155.3314024
3880,-189.43832000000003,0.6268915128874828,0.00998645168764533,241,6.250631093978882,-160.04350480000002
3881,-141.66929999999985,0.5169459345501544,0.00998645168764533,1111,28.63544797897339,-159.1443532
3882,-186.62688000000003,0.355050008719276,0.00998645168764533,113,2.9080140590667725,-159.2637996
3883,-186.62688000000003,0.8710069691152436,0.00998645168764533,113,2.921718120574951,-163.6963164
3884,-186.62688000000003,0.638982569090033,0.00998645168764533,113,2.9110279083251953,-167.99231640000002
3885,2.1790400000000076,0.6414197166522331,0.00998645168764533,776,20.033400058746338,-164.18401880000002
3886,-186.62688000000003,0.6895614198977704,0.00998645168764533,113,2.9099392890930176,-164.57407440000003
3887,-143.26367999999977,0.6944315184130024,0.00998645168764533,1081,28.07475781440735,-163.7415948
3888,-180.4301,0.6151208162742078,0.00998645168764533,223,5.736890077590942,-163.6176592
3889,-186.62688000000003,0.8105399377017686,0.00998645168764533,113,2.903995990753174,-164.201772
3890,-139.5369399999998,0.625770938216721,0.00998645168764533,827,21.42315411567688,-163.2599732
3891,-150.59999999999988,0.7384832757518465,0.00998645168764533,697,17.961205005645752,-162.7475068
3892,-175.02632000000003,0.6376027618385186,0.00998645168764533,560,14.449172973632812,-162.5154956
3893,-173.55470000000005,0.7229340219287654,0.00998645168764533,243,6.254929780960083,-162.254052
3894,48.97712000000028,0.6590707803514686,0.00998645168764533,1416,36.84509491920471,-157.541972
3895,-184.11928000000003,0.5988004616967931,0.00998645168764533,241,6.217834711074829,-157.49182
3896,-164.9317000000001,0.49065822832234496,0.00998645168764533,431,11.177842855453491,-157.05791639999998
3897,-189.30824,0.5548463119541709,0.00998645168764533,241,6.209172010421753,-157.534658
3898,-186.62688000000003,0.4482921658792591,0.00998645168764533,113,2.9176688194274902,-157.8100196
3899,-182.27152,0.5575697902928699,0.00998645168764533,209,5.3764660358428955,-157.9038468
3900,-177.6416,0.5019563285405447,0.00998645168764533,481,12.45478105545044,-157.7241412
3901,-186.33440000000002,0.6144093011168467,0.00998645168764533,345,8.88138222694397,-157.7182916
3902,46.03048000000032,0.5336342597202511,0.00998645168764533,1184,30.45984983444214,-153.9447892
3903,-154.46749999999997,0.5908446995738965,0.00998645168764533,679,17.588968992233276,-153.3365028
3904,-173.56888000000004,0.31623844210799706,0.00998645168764533,392,10.09168791770935,-153.0753428
3905,-153.7745399999999,0.434738119647429,0.00998645168764533,742,19.10858702659607,-152.81257399999998
3906,-188.22744,0.5631583937857714,0.00998645168764533,144,3.713761568069458,-153.4111892
3907,3.98704000000001,0.41718496360841234,0.00998645168764533,592,15.234721183776855,-149.65093319999997
3908,-186.62688000000003,0.39281809594548117,0.00998645168764533,113,2.905125856399536,-153.64172359999998
3909,-141.55671999999976,0.3995099315858776,0.00998645168764533,768,19.850954294204712,-152.819484
3910,-186.62688000000003,0.2733813094354309,0.00998645168764533,113,2.920165777206421,-153.01876
3911,-150.42833999999988,0.3776784447037391,0.00998645168764533,895,23.051316022872925,-152.70151079999997
3912,-179.34010000000004,0.4148151098545325,0.00998645168764533,767,19.79481792449951,-152.5557752
3913,-180.65456,0.29285290186880564,0.00998645168764533,184,4.872358083724976,-152.53979959999998
3914,-172.35870000000003,0.40765927566056054,0.00998645168764533,339,8.717430591583252,-152.19298199999997
3915,-186.62688000000003,0.506289550309292,0.00998645168764533,113,2.901885986328125,-152.19298199999997
3916,-173.70176000000006,0.46746899143418996,0.00998645168764533,481,12.392805814743042,-152.05392599999996
3917,34.766000000000126,0.4258135589945976,0.00998645168764533,1224,31.55540895462036,-151.9611612
3918,-169.44407999999999,0.36803311573671094,0.00998645168764533,729,18.856276988983154,-151.61750519999998
3919,-172.36756000000005,0.4471426882347261,0.00998645168764533,629,16.18749713897705,-151.63634919999998
3920,-184.88182000000003,0.3917197745863293,0.00998645168764533,134,3.4556849002838135,-151.63634919999998
3921,-174.46706,0.4460204376239349,0.00998645168764533,382,9.830377101898193,-151.3931528
3922,-172.97632000000004,0.388917152119695,0.00998645168764533,265,6.836214065551758,-151.12014159999998
3923,-186.62688000000003,0.33834198488136835,0.00998645168764533,113,2.922743082046509,-151.154926
3924,-186.62688000000003,0.5170465388821553,0.00998645168764533,113,2.903201103210449,-151.154926
3925,-169.64840000000004,0.4439394022837015,0.00998645168764533,560,14.52820086479187,-150.72294879999998
3926,-170.37680000000003,0.5841195804669577,0.00998645168764533,289,7.470318078994751,-154.21734719999998
3927,-182.9559,0.4992307396643937,0.00998645168764533,243,6.2862467765808105,-154.15245399999998
3928,-186.62688000000003,0.6964213573332645,0.00998645168764533,113,2.920123815536499,-154.15245399999998
3929,-186.62688000000003,0.5031715606594771,0.00998645168764533,113,2.914224863052368,-154.6706468
3930,32.153440000000124,0.5523392013189159,0.00998645168764533,1096,28.390915870666504,-150.23881159999996
3931,-169.67818,0.4789122027700036,0.00998645168764533,362,9.373332023620605,-150.79898919999997
3932,-186.62688000000003,0.33637584796983055,0.00998645168764533,113,2.933643102645874,-150.79898919999997
3933,-150.68704,0.501369079189109,0.00998645168764533,560,14.613742113113403,-150.0801924
3934,-186.62688000000003,0.3498406714669107,0.00998645168764533,113,2.932204008102417,-150.0801924
3935,-181.81680000000003,0.5497927121415331,0.00998645168764533,185,4.7939159870147705,-153.7601092
3936,-165.52471999999997,0.5336677350726889,0.00998645168764533,577,14.957319021224976,-153.33806599999997
3937,-184.88182000000003,0.6279559034937575,0.00998645168764533,134,3.4725351333618164,-154.1704288
3938,11.901919999999965,0.5509017534280681,0.00998645168764533,920,23.873128175735474,-150.32378839999998
3939,-154.2779999999999,0.4909308054961539,0.00998645168764533,976,25.541389226913452,-149.6768108
3940,-186.62688000000003,0.49574133928502556,0.00998645168764533,113,2.9317281246185303,-150.61860959999998
3941,-184.88182000000003,0.5334374179034981,0.00998645168764533,134,3.478001117706299,-151.30424599999998
3942,-175.09278,0.5379451249304191,0.00998645168764533,362,9.460622787475586,-151.3055752
3943,-186.62688000000003,0.6348949267273456,0.00998645168764533,113,2.9230079650878906,-151.5670188
3944,-186.12696,0.454000325272015,0.00998645168764533,144,3.7398111820220947,-156.26910039999999
3945,-176.20158000000004,0.747683539030117,0.00998645168764533,222,5.728432893753052,-156.11074639999998
3946,-186.62688000000003,0.42751477597759363,0.00998645168764533,113,2.929842948913574,-156.54465
3947,-186.62688000000003,0.587551969507363,0.00998645168764533,113,2.934242010116577,-156.4910228
3948,-186.62688000000003,0.610323111172271,0.00998645168764533,113,2.9256091117858887,-156.4910228
3949,-186.62688000000003,0.6523120050705904,0.00998645168764533,113,2.923868179321289,-156.57813
3950,-187.19976,0.5307654842434455,0.00998645168764533,441,11.397639036178589,-156.7692932
3951,-176.47176000000002,0.6031042259741337,0.00998645168764533,329,8.458330869674683,-156.5720404
3952,-182.64864,0.61449709419575,0.00998645168764533,225,5.8089470863342285,-161.1456228
3953,-186.62688000000003,0.688249342605076,0.00998645168764533,113,2.917156219482422,-161.7888104
3954,-170.4976000000001,0.6537430272620863,0.00998645168764533,737,19.11787700653076,-161.7273848
3955,-177.89336000000003,0.6858027011277789,0.00998645168764533,352,9.079162836074829,-162.2097612
3956,-177.83272000000002,0.634169733225444,0.00998645168764533,392,10.139518976211548,-162.00186680000002
3957,-186.62688000000003,0.6525263115763664,0.00998645168764533,113,2.9043967723846436,-165.8141452
3958,-183.25232000000003,0.594632697431675,0.00998645168764533,153,4.001888036727905,-165.746654
3959,-186.62688000000003,0.785607954272918,0.00998645168764533,113,2.9302761554718018,-166.6480572
3960,-186.62688000000003,0.7286981482520304,0.00998645168764533,113,2.9243619441986084,-166.6480572
3961,-187.17552,0.7040344688187664,0.00998645168764533,144,3.729696035385132,-167.38300080000002
3962,28.527760000000008,0.620260863444394,0.00998645168764533,1136,29.408302783966064,-163.2256436
3963,-186.62688000000003,0.49330419359679245,0.00998645168764533,113,2.932492971420288,-163.34509000000003
3964,31.616640000000164,0.6170326861010248,0.00998645168764533,1984,51.321757078170776,-159.2655832
3965,-170.12388,0.492376626368034,0.00998645168764533,580,14.985081911087036,-158.9355232
3966,-187.8874,0.6158811344104188,0.00998645168764533,124,3.205368995666504,-159.21923600000002
3967,20.81871999999999,0.5595637400339942,0.00998645168764533,904,23.37215805053711,-159.4981816
3968,-170.58494000000005,0.5300624218038128,0.00998645168764533,391,10.165336847305298,-159.52099880000003
3969,-184.88182000000003,0.47878569942801746,0.00998645168764533,134,3.4602248668670654,-159.771284
3970,41.51072000000001,0.44797485195085757,0.00998645168764533,1280,33.121037006378174,-155.24343320000003
3971,-184.88182000000003,0.34894347152631006,0.00998645168764533,134,3.4794838428497314,-155.4517284
3972,-171.23870000000002,0.3759101785673322,0.00998645168764533,283,7.3133299350738525,-155.416976
3973,-163.47536000000002,0.41751836565904377,0.00998645168764533,665,17.285889863967896,-154.9539456
3974,-187.16711999999998,0.41034905834423374,0.00998645168764533,441,11.333272218704224,-154.9647504
3975,-186.62688000000003,0.4241126678735677,0.00998645168764533,113,2.9087648391723633,-155.30432000000002
3976,-186.62688000000003,0.4738090948275892,0.00998645168764533,113,2.9018120765686035,-155.6293216
3977,-187.8874,0.5233954823155317,0.00998645168764533,124,3.1798489093780518,-155.7279516
3978,-186.62688000000003,0.3936647940097393,0.00998645168764533,113,2.9205029010772705,-155.7279516
3979,-186.62688000000003,0.41893113034455914,0.00998645168764533,113,2.9009530544281006,-155.7279516
3980,-184.88182000000003,0.4928822435035523,0.00998645168764533,134,3.4945640563964844,-160.0686568
3981,-173.36818000000002,0.5264833652193892,0.00998645168764533,283,7.259964942932129,-160.14245680000002
3982,-186.62688000000003,0.5005055806986922,0.00998645168764533,113,2.8955209255218506,-160.14245680000002
3983,-169.71750000000003,0.4718435565655184,0.00998645168764533,303,7.788496732711792,-160.52306600000003
3984,-171.23870000000002,0.507678598260948,0.00998645168764533,283,7.34335994720459,-160.2153024
3985,-152.09543999999994,0.4467340257723281,0.00998645168764533,817,21.134567260742188,-159.6208752
3986,-186.62688000000003,0.4390390228595486,0.00998645168764533,113,2.9092416763305664,-160.04291840000002
3987,-186.82206,0.4281066275340901,0.00998645168764533,174,4.513690948486328,-160.08172320000003
3988,-158.87903999999997,0.49281244428893245,0.00998645168764533,976,25.166796922683716,-163.4973424
3989,-152.51691999999989,0.4351430464726992,0.00998645168764533,780,20.03754210472107,-163.4621208
3990,21.372560000000046,0.5195595239319856,0.00998645168764533,848,21.77126407623291,-159.30213200000003
3991,-172.39578000000003,0.46145829834197827,0.00998645168764533,339,8.727793216705322,-159.0524112
3992,-157.67091999999982,0.4772037567985575,0.00998645168764533,732,18.894274950027466,-158.70397400000002
3993,-152.2807799999999,0.5139876124379312,0.00998645168764533,534,13.765182971954346,-158.017052
3994,14.113759999999973,0.6014397652464856,0.00998645168764533,824,21.209867000579834,-154.01223760000002
3995,-156.87286,0.5872074056132895,0.00998645168764533,794,20.49051594734192,-153.6256632
3996,-181.0105,0.623996673068392,0.00998645168764533,491,12.615560054779053,-153.5133356
3997,-161.74504000000002,0.5729753188277877,0.00998645168764533,729,19.09098792076111,-153.0156988
3998,-186.62688000000003,0.6547120994500881,0.00998645168764533,113,2.904350996017456,-153.0156988
3999,37.883440000000164,0.508675662137373,0.00998645168764533,1376,35.4884729385376,-148.5254924
4000,-154.96019999999993,0.3752733359703505,0.00998645168764533,748,19.261631965637207,-147.8807012
4001,-184.88182000000003,0.46457012547458065,0.00998645168764533,134,3.512672185897827,-148.0489024
4002,31.596640000000058,0.40361685371683464,0.00998645168764533,1304,33.77387595176697,-143.7639968
4003,-140.4653199999998,0.3930990438126189,0.00998645168764533,924,23.902773141860962,-142.8407656
4004,-186.62688000000003,0.5583826582054648,0.00998645168764533,113,2.9480538368225098,-143.1633512
4005,-180.43002,0.2856508987657172,0.00998645168764533,471,12.216233015060425,-143.2140844
4006,35.76888000000011,0.3697140451438506,0.00998645168764533,952,24.731008052825928,-138.9420524
4007,13.673919999999995,0.26170751386398106,0.00998645168764533,784,20.27168107032776,-134.9360364
4008,-174.19338000000005,0.28396564574846833,0.00998645168764533,570,14.750612020492554,-134.7548576
4009,10.25328,0.29261391987055835,0.00998645168764533,1008,26.075286149978638,-130.8172544
4010,-159.09399999999997,0.316910774799596,0.00998645168764533,560,14.36535096168518,-130.2665968
4011,-171.23870000000002,0.2444265739623681,0.00998645168764533,283,7.2561962604522705,-129.9478604
4012,-186.62688000000003,0.26634764072971534,0.00998645168764533,113,2.9056408405303955,-134.2509532
4013,-171.23870000000002,0.20443139684982203,0.00998645168764533,283,7.276011943817139,-133.94318959999998
4014,13.416959999999971,0.24208658750035933,0.00998645168764533,840,21.591854095458984,-134.3071832
4015,-184.88766,0.3064062338365057,0.00998645168764533,131,3.362470865249634,-134.6024588
4016,-187.56199999999998,0.2625124371331389,0.00998645168764533,457,11.757049083709717,-134.5959508
4017,-171.41048000000004,0.2729091934787182,0.00998645168764533,385,9.912383079528809,-138.4405348
4018,-191.31982000000002,0.24349282694447377,0.00998645168764533,283,7.266218900680542,-138.85523239999998
4019,-186.62688000000003,0.23300089876670227,0.00998645168764533,113,2.905522108078003,-138.89013359999998
4020,-186.62688000000003,0.3690183200931127,0.00998645168764533,113,2.9019381999969482,-143.4528856
4021,-144.7495399999999,0.31435822361012067,0.00998645168764533,1055,27.174280881881714,-142.65024
4022,-174.69382000000002,0.37372198883944824,0.00998645168764533,491,12.63119387626648,-142.7193424
4023,-161.07655999999997,0.3669761704812775,0.00998645168764533,697,17.868292808532715,-142.67136639999998
4024,-186.62688000000003,0.32378570041495613,0.00998645168764533,113,2.901317834854126,-142.6605616
4025,-184.88182000000003,0.5612383946331579,0.00998645168764533,134,3.4490389823913574,-142.6256604
4026,-172.51110000000003,0.37080586946687516,0.00998645168764533,339,8.693275928497314,-142.34334479999998
4027,-158.28951999999992,0.41167074985060026,0.00998645168764533,768,19.786728143692017,-141.75138719999998
4028,-154.92799999999983,0.40824182319380836,0.00998645168764533,1208,31.56202793121338,-141.1174096
4029,-151.38465999999988,0.4061571465600736,0.00998645168764533,738,19.728235006332397,-140.4125652
4030,-148.9310999999999,0.5042694450420532,0.00998645168764533,679,18.115034103393555,-139.69355079999997
4031,36.030160000000194,0.44439940625622015,0.00998645168764533,1016,27.22759175300598,-135.50558399999997
4032,-145.99699999999993,0.35063558915878906,0.00998645168764533,1085,29.119394063949585,-134.69298639999997
4033,-172.29896,0.3083574227667307,0.00998645168764533,481,12.904505014419556,-134.74461559999997
4034,-184.88182000000003,0.4159281729067217,0.00998645168764533,134,3.8188769817352295,-135.01747799999998
4035,-184.23200000000003,0.42310281670969824,0.00998645168764533,352,9.328999042510986,-135.66020919999997
4036,-188.21456,0.4229120123171075,0.00998645168764533,481,12.940857172012329,-135.69196279999997
4037,-172.84798000000004,0.3469836577073316,0.00998645168764533,362,9.65890097618103,-135.41248119999997
4038,-172.77784000000005,0.39675979172007325,0.00998645168764533,401,10.737003087997437,-135.69045719999997
4039,-1.394079999999994,0.43424788400443504,0.00998645168764533,512,14.077635049819946,-132.66800039999998
4040,-173.3406,0.4329575757911227,0.00998645168764533,332,8.918267965316772,-136.5622636
4041,-187.8874,0.3332918420163614,0.00998645168764533,124,3.329402208328247,-136.87209599999997
4042,-174.65928000000002,0.3931128463376305,0.00998645168764533,441,11.91888689994812,-137.21186319999998
4043,-186.83620000000002,0.40665574039843294,0.00998645168764533,124,3.3026959896087646,-137.90297159999997
4044,-175.43242,0.43591551475832147,0.00998645168764533,1034,27.950725078582764,-141.6938952
4045,-188.23968000000002,0.40506653723099995,0.00998645168764533,144,3.9199421405792236,-142.3212316
4046,-156.54947999999985,0.4239234244515156,0.00998645168764533,580,15.47662615776062,-141.83201119999998
4047,-171.82144000000005,0.3558336084971715,0.00998645168764533,361,9.87782096862793,-142.03353919999998
4048,-186.62688000000003,0.56580129632545,0.00998645168764533,113,3.0371639728546143,-142.03353919999998
4049,-186.62688000000003,0.42093242019151167,0.00998645168764533,113,3.0760529041290283,-146.52374559999998
4050,-176.33690000000004,0.501216030300553,0.00998645168764533,511,13.922003030776978,-146.9512796
4051,-184.88182000000003,0.5782023261634828,0.00998645168764533,134,3.6250481605529785,-146.9512796
4052,22.28543999999996,0.412979018362239,0.00998645168764533,840,22.712002992630005,-147.13750359999997
4053,-186.62688000000003,0.6113753938981521,0.00998645168764533,113,3.063796043395996,-148.06073479999998
4054,-186.62688000000003,0.4774422635184189,0.00998645168764533,113,3.0519139766693115,-148.06073479999998
4055,-160.7857,0.4879956994415589,0.00998645168764533,639,17.232261896133423,-147.6678484
4056,37.47040000000011,0.5128690698862398,0.00998645168764533,1016,27.444151878356934,-147.633818
4057,-186.62688000000003,0.5805619582863508,0.00998645168764533,113,3.0498580932617188,-151.63983399999998
4058,-149.1085599999999,0.4562911891290487,0.00998645168764533,921,24.741475105285645,-151.1381376
4059,-186.62688000000003,0.3331773274339142,0.00998645168764533,113,3.009467840194702,-155.07574079999998
4060,-170.15232000000006,0.5821825708246051,0.00998645168764533,281,7.492130756378174,-155.2969072
4061,-173.55470000000005,0.5765623227566664,0.00998645168764533,243,6.673053026199341,-155.3432272
4062,-188.48463999999998,0.5162075284802514,0.00998645168764533,1073,28.913765907287598,-155.3803824
4063,-175.1363,0.39944508555258035,0.00998645168764533,267,7.1776440143585205,-155.45833439999998
4064,-182.79758,0.5664549735790871,0.00998645168764533,235,6.4440507888793945,-159.3826252
4065,-170.15434000000002,0.5184700945444968,0.00998645168764533,530,14.23232889175415,-159.0879588
4066,-171.23870000000002,0.5059902448496738,0.00998645168764533,283,7.733052968978882,-158.76149279999998
4067,-168.71928000000003,0.47387524656187774,0.00998645168764533,561,15.107918739318848,-158.7076688
4068,-186.62688000000003,0.6254577611086775,0.00998645168764533,113,3.014618158340454,-158.61381
4069,-172.07602000000003,0.5013913928211147,0.00998645168764533,326,8.91773009300232,-158.3227928
4070,-186.62688000000003,0.36709844717442724,0.00998645168764533,113,3.0722408294677734,-158.3227928
4071,-186.62688000000003,0.5805691126569182,0.00998645168764533,113,3.0765271186828613,-159.1603396
4072,-191.53998000000004,0.4376137207830902,0.00998645168764533,339,9.130864143371582,-159.4972628
4073,-156.67077999999995,0.5408148494342346,0.00998645168764533,491,13.381420135498047,-159.40914719999998
4074,-165.55994000000004,0.5737044477376015,0.00998645168764533,511,13.749207973480225,-158.9878084
4075,-146.1438999999998,0.4808784723718708,0.00998645168764533,1002,27.177077293395996,-158.21304999999998
4076,-178.8137,0.5483959248703917,0.00998645168764533,391,10.465431213378906,-158.339102
4077,-186.62688000000003,0.43177321030700627,0.00998645168764533,113,2.9854319095611572,-158.9058492
4078,-186.62688000000003,0.4442272370977871,0.00998645168764533,113,2.9878640174865723,-159.5398268
4079,-176.29424000000003,0.597967275121546,0.00998645168764533,273,7.338059902191162,-160.0380184
4080,-176.33554,0.5136531050732276,0.00998645168764533,758,20.560105085372925,-160.58610720000001
4081,-177.97782000000004,0.5327511003534562,0.00998645168764533,203,5.523745059967041,-164.8662668
4082,-177.74274,0.5608743550677481,0.00998645168764533,243,6.642083644866943,-165.50118160000002
4083,-177.06360000000004,0.7854216479023464,0.00998645168764533,209,5.816996097564697,-165.5964744
4084,9.395119999999997,0.6208924078275091,0.00998645168764533,1040,28.090381145477295,-161.7109356
4085,-186.62688000000003,0.5321462800874647,0.00998645168764533,113,3.038694143295288,-161.7588332
4086,-172.64972000000003,0.5115586657798573,0.00998645168764533,253,6.890925884246826,-161.44753640000002
4087,-176.18992000000003,0.5895387342249575,0.00998645168764533,560,15.116881847381592,-161.51437520000002
4088,-177.21878,0.5449702072105035,0.00998645168764533,706,19.037251710891724,-161.603194
4089,-186.62688000000003,0.5772201637366572,0.00998645168764533,113,3.079447031021118,-165.30785
4090,-173.48802,0.5614478702365819,0.00998645168764533,867,23.404855012893677,-165.3107984
4091,-180.5232,0.6799697198553217,0.00998645168764533,225,6.118031978607178,-165.16351440000003
4092,-183.37428,0.4843410154883291,0.00998645168764533,213,5.7357800006866455,-165.3378144
4093,-172.44292000000002,0.5600279764853952,0.00998645168764533,293,7.932596921920776,-165.0499488
4094,-188.23392,0.5107724032325981,0.00998645168764533,144,3.938236951828003,-165.30597880000002
4095,-171.53852000000003,0.6142761428392044,0.00998645168764533,540,14.640152215957642,-164.9719556
4096,48.76240000000027,0.5113400770858967,0.00998645168764533,1064,29.06647300720215,-160.86571800000002
4097,-186.62688000000003,0.6190364931306217,0.00998645168764533,113,3.046320915222168,-161.1618268
4098,-165.46135999999996,0.46512719416471143,0.00998645168764533,577,15.71683120727539,-160.7385164
4099,-186.99462000000003,0.6257472663463755,0.00998645168764533,131,3.500349283218384,-160.7458712
4100,-171.31042000000002,0.5606326335125995,0.00998645168764533,287,7.72798490524292,-160.64534160000002
4101,-186.62688000000003,0.6036356358038905,0.00998645168764533,113,2.9144978523254395,-160.6802428
4102,-173.85016000000005,0.5779772906208833,0.00998645168764533,401,10.290144920349121,-164.60295480000002
4103,-161.26725999999996,0.6191855419986391,0.00998645168764533,846,21.64075517654419,-164.0957624
4104,12.815919999999977,0.4928859335751357,0.00998645168764533,880,22.68869423866272,-160.1069064
4105,-171.23870000000002,0.4322993484960849,0.00998645168764533,283,7.309890031814575,-160.3159664
4106,-187.50978,0.48731678084968916,0.00998645168764533,495,12.722601890563965,-164.81557
4107,-181.86776,0.5052678802124769,0.00998645168764533,289,7.423213958740234,-164.72038759999998
4108,-186.62688000000003,0.45553187936115846,0.00998645168764533,113,2.909306049346924,-165.47075400000003
4109,-182.64548,0.4835725394528239,0.00998645168764533,372,9.58482313156128,-165.391126
4110,-184.88766,0.556462425589277,0.00998645168764533,131,3.3723561763763428,-165.6858328
4111,-156.34419999999994,0.5751351814343933,0.00998645168764533,629,16.127714157104492,-165.3416228
4112,-186.62688000000003,0.4762017656348448,0.00998645168764533,113,2.901907205581665,-165.30446759999998
4113,-180.77292,0.5058633741779776,0.00998645168764533,189,4.852920055389404,-165.4172
4114,-172.45478000000003,0.5533787874058305,0.00998645168764533,538,13.809223175048828,-165.210344
4115,-161.36798,0.6089986279652622,0.00998645168764533,610,15.651607036590576,-165.0346168
4116,-170.14182000000002,0.5102081649755108,0.00998645168764533,482,12.441561937332153,-165.0126792
4117,36.20736000000022,0.4632170987966245,0.00998645168764533,1288,33.20993614196777,-160.91414640000002
4118,-163.29859999999996,0.43451159433498393,0.00998645168764533,508,13.08421778678894,-160.4475808
4119,-162.74146000000002,0.4480417019616285,0.00998645168764533,431,11.17470097541809,-160.26088959999998
4120,-186.62688000000003,0.2677345365137521,0.00998645168764533,113,2.9125900268554688,-160.26088959999998
4121,-184.88182000000003,0.4224772356353255,0.00998645168764533,134,3.4470748901367188,-160.2259884
4122,11.48303999999997,0.4681714895338734,0.00998645168764533,864,22.327036380767822,-156.165528
4123,-184.22032,0.4114452763320035,0.00998645168764533,497,12.812304973602295,-156.7165188
4124,-168.22660000000005,0.4869582655947709,0.00998645168764533,629,16.329879760742188,-156.769852
4125,-168.21988000000005,0.4219802350623145,0.00998645168764533,629,16.211868047714233,-157.2113716
4126,-186.83548000000002,0.5066125604113744,0.00998645168764533,124,3.1953227519989014,-157.3718072
4127,-173.62434000000002,0.4425665046452097,0.00998645168764533,443,11.400897026062012,-157.11175640000002
4128,-184.02576000000002,0.5519749839376245,0.00998645168764533,144,3.724647283554077,-157.05973400000002
4129,-186.62688000000003,0.34356959857277375,0.00998645168764533,113,2.9129018783569336,-157.2663868
4130,-170.71048000000002,0.5267394131323568,0.00998645168764533,401,10.332361221313477,-157.15388560000002
4131,-169.92736000000002,0.4814497873264427,0.00998645168764533,313,8.09228801727295,-156.9928764
4132,-186.62688000000003,0.5398007583911572,0.00998645168764533,113,2.9180049896240234,-157.1705592
4133,-186.62688000000003,0.6082063771009577,0.00998645168764533,113,2.92350172996521,-157.36182480000002
4134,-148.56853999999984,0.5140762224156373,0.00998645168764533,1535,39.652010917663574,-160.521098
4135,-186.62688000000003,0.27678774757129426,0.00998645168764533,113,2.9136199951171875,-160.521098
4136,-186.62688000000003,0.4791769540613204,0.00998645168764533,113,2.9243571758270264,-160.8006412
4137,32.79224000000016,0.40139694779139495,0.00998645168764533,1104,28.485048055648804,-156.620998
4138,-171.23870000000002,0.3370248959087125,0.00998645168764533,283,7.28692889213562,-156.5013964
4139,-182.27152,0.35641554404834386,0.00998645168764533,209,5.3860249519348145,-156.4142892
4140,-146.97945999999985,0.42592210193217894,0.00998645168764533,927,23.889148950576782,-155.884118
4141,-170.57970000000003,0.3631198876429804,0.00998645168764533,303,7.859395742416382,-155.685248
4142,-187.8874,0.381534606488722,0.00998645168764533,124,3.1841390132904053,-155.7755104
4143,-167.72862,0.41377769625773475,0.00998645168764533,738,19.052486896514893,-155.6812244
4144,-167.60366000000005,0.5182865882369434,0.00998645168764533,411,10.595582008361816,-155.2686192
4145,-186.62688000000003,0.43386586213204187,0.00998645168764533,113,2.909787893295288,-155.5703864
4146,-186.62688000000003,0.6355468470405424,0.00998645168764533,113,2.939208984375,-160.27817199999998
4147,-167.25757999999993,0.5775365598152444,0.00998645168764533,547,14.140069961547852,-159.89078600000002
4148,-192.01198,0.5024666608316382,0.00998645168764533,362,9.396890878677368,-160.4217984
4149,-184.88182000000003,0.7475554365942727,0.00998645168764533,134,3.4646010398864746,-160.3795424
4150,33.450400000000066,0.5918580886386846,0.00998645168764533,1312,34.18727397918701,-156.284326
4151,-176.52778,0.5979861089286018,0.00998645168764533,235,6.09349513053894,-156.082344
4152,-175.19104000000002,0.5232792787338665,0.00998645168764533,593,15.430500268936157,-156.1091616
4153,-144.74629999999985,0.4129643478296524,0.00998645168764533,1075,27.66459083557129,-155.7787424
4154,-149.79031999999984,0.495566739915906,0.00998645168764533,857,22.168912887573242,-159.0308672
4155,-145.81071999999983,0.4089346461428639,0.00998645168764533,969,25.648258924484253,-158.52230759999998
4156,-182.27152,0.34174279318721384,0.00998645168764533,209,5.419867992401123,-158.41754239999997
4157,-180.65456,0.5045684172225225,0.00998645168764533,184,4.776123046875,-158.39327839999999
4158,-187.03048,0.5135007777757185,0.00998645168764533,521,13.617355108261108,-158.40135039999998
4159,-185.28976,0.3994812373712919,0.00998645168764533,401,10.38666582107544,-158.45423599999998
4160,-170.46654000000004,0.4294814973138273,0.00998645168764533,550,14.20933485031128,-158.16581359999998
4161,-186.62688000000003,0.6472696010105773,0.00998645168764533,113,2.9047412872314453,-158.7714672
4162,-172.2113999999999,0.4922186938658829,0.00998645168764533,852,21.954113006591797,-158.4831576
4163,-180.65456,0.5522783063149647,0.00998645168764533,184,4.7142839431762695,-158.4807904
4164,-149.20377999999988,0.4671097818182476,0.00998645168764533,1263,32.53840613365173,-158.01577039999998
4165,-185.07576,0.3404813197428464,0.00998645168764533,144,3.7174811363220215,-158.48992599999997
4166,-184.88182000000003,0.4321101809115107,0.00998645168764533,134,3.445308208465576,-158.78472599999998
4167,-146.76239999999984,0.4093884435579181,0.00998645168764533,625,16.07354497909546,-162.44412119999998
4168,-175.29392000000004,0.492184158253173,0.00998645168764533,225,5.772799968719482,-162.68402759999998
4169,-186.62688000000003,0.4846798586535507,0.00998645168764533,113,2.9006106853485107,-163.161736
4170,-180.44898,0.4432015572948491,0.00998645168764533,170,4.37506103515625,-163.038178
4171,-189.2413,0.4240627087139969,0.00998645168764533,287,7.400165796279907,-163.1253676
4172,-182.30752,0.6236079198277097,0.00998645168764533,209,5.445862054824829,-167.0011788
4173,-176.57460000000003,0.5220073247883926,0.00998645168764533,285,7.3563079833984375,-166.84826439999998
4174,-143.62645999999978,0.5422308007889894,0.00998645168764533,719,18.571392059326172,-166.3562616
4175,-187.82670000000002,0.5735256859989858,0.00998645168764533,174,4.489228963851929,-166.74839799999998
4176,-186.62688000000003,0.3193197814104831,0.00998645168764533,113,2.966499090194702,-166.74422599999997
4177,-186.62688000000003,0.7102671586207848,0.00998645168764533,113,2.908255100250244,-167.00427679999996
4178,-186.62688000000003,0.7447982908811717,0.00998645168764533,113,2.9181652069091797,-167.05629919999998
4179,-180.02830000000003,0.6765647018007164,0.00998645168764533,203,5.267246961593628,-166.9243276
4180,-184.2278,0.6288198322580443,0.00998645168764533,253,6.5682008266448975,-167.19467399999996
4181,-182.58530000000002,0.6590972432883397,0.00998645168764533,223,5.776397228240967,-167.4478328
4182,-164.21727999999996,0.7873475907272903,0.00998645168764533,401,10.42630410194397,-166.99964079999998
4183,-187.23992,0.6037519302989902,0.00998645168764533,145,3.744655132293701,-167.0119016
4184,-154.56063999999986,0.7133991624607712,0.00998645168764533,1113,28.77737283706665,-167.13174359999996
4185,-186.62688000000003,0.7565946264719937,0.00998645168764533,113,2.923804759979248,-167.13174359999996
4186,-171.70576000000005,0.5873335084664103,0.00998645168764533,257,6.642878770828247,-166.8333212
4187,-173.36936000000003,0.614469672025081,0.00998645168764533,529,13.779663801193237,-170.95655319999997
4188,-140.99025999999978,0.7379652580729584,0.00998645168764533,794,20.591003894805908,-170.35158439999998
4189,-178.24164000000002,0.7151555852702777,0.00998645168764533,612,15.84168791770935,-170.2709868
4190,13.8096,0.6615154037141913,0.00998645168764533,744,19.316574811935425,-167.05520559999997
4191,-189.14440000000002,0.666847238145257,0.00998645168764533,233,6.016730308532715,-167.4264996
4192,-186.62688000000003,0.5774191381426248,0.00998645168764533,113,2.918757200241089,-167.40128919999998
4193,-171.05136000000002,0.6299059874148106,0.00998645168764533,417,10.771568775177002,-167.46774399999998
4194,-158.69519999999994,0.6555316480303334,0.00998645168764533,729,18.850093603134155,-167.28957479999997
4195,-184.88182000000003,0.6618983833911593,0.00998645168764533,134,3.4652600288391113,-167.2546736
4196,-186.62688000000003,0.7545244961119859,0.00998645168764533,113,2.910166025161743,-167.2546736
4197,-186.62688000000003,0.8646101765911531,0.00998645168764533,113,2.9220848083496094,-167.64205959999998
4198,-166.41008000000008,0.6850631369266486,0.00998645168764533,1313,34.03459286689758,-167.1300216
4199,-182.2792,0.5376246235150683,0.00998645168764533,209,5.419325828552246,-167.07796919999998
4200,-171.5817,0.675330534021035,0.00998645168764533,303,7.859107971191406,-171.17861119999998
4201,-183.26986000000002,0.4698002166417125,0.00998645168764533,154,4.007326126098633,-171.31345279999996
4202,-174.53578000000002,0.6916248117510895,0.00998645168764533,431,11.08383297920227,-171.30034759999998
4203,-173.82712000000004,0.5268208028474577,0.00998645168764533,401,10.401199102401733,-171.881964
4204,-174.52112000000002,0.5542914373277379,0.00998645168764533,481,12.454259872436523,-172.37658
4205,-171.23870000000002,0.6932473451609957,0.00998645168764533,283,7.3025500774383545,-172.8851396
4206,-181.12758000000002,0.5445186034202796,0.00998645168764533,203,5.249316930770874,-172.8622608
4207,-187.63572000000002,0.5385361832312562,0.00998645168764533,165,4.546837091445923,-173.001884
4208,-186.62688000000003,0.6035135015350791,0.00998645168764533,113,2.9277520179748535,-172.993812
4209,-187.44554,0.5340137930458903,0.00998645168764533,451,11.614905834197998,-173.03692759999998
4210,-189.65420000000003,0.5416515058149463,0.00998645168764533,253,6.541393280029297,-173.4206808
4211,3.7226399999999984,0.528233707278213,0.00998645168764533,672,17.47537589073181,-169.61369040000002
4212,-173.59576000000004,0.507225316623701,0.00998645168764533,392,10.119149208068848,-169.64137760000003
4213,-156.43527999999992,0.4793167037363067,0.00998645168764533,768,19.873903036117554,-169.156992
4214,-171.29938000000004,0.5359121565171598,0.00998645168764533,287,7.3992109298706055,-169.598904
4215,-184.88182000000003,0.43181459497966207,0.00998645168764533,134,3.478187084197998,-169.5950252
4216,36.591440000000176,0.5615956035307931,0.00998645168764533,1272,32.94618082046509,-165.16556
4217,-186.83548000000002,0.49575630039156926,0.00998645168764533,124,3.1944310665130615,-165.9670216
4218,-186.62688000000003,0.5221348957249284,0.00998645168764533,113,2.9228899478912354,-166.1936808
4219,-186.83620000000002,0.551407260204395,0.00998645168764533,124,3.2214338779449463,-166.1978672
4220,-186.62688000000003,0.4068132373051042,0.00998645168764533,113,2.92475962638855,-166.32142520000002
4221,-187.22088,0.6452341224626551,0.00998645168764533,441,11.567905187606812,-166.2810168
4222,-186.62688000000003,0.5856994138618487,0.00998645168764533,113,2.919790267944336,-166.367404
4223,-186.62688000000003,0.8544158670490822,0.00998645168764533,113,2.9361660480499268,-166.56844959999998
4224,-159.46943999999996,0.5936277062223302,0.00998645168764533,713,18.545862913131714,-166.88530920000002
4225,-161.6732599999999,0.5150817112284808,0.00998645168764533,923,23.95382595062256,-166.36224040000002
4226,-148.6145599999998,0.5519460596926304,0.00998645168764533,905,23.354585886001587,-165.60199400000002
4227,-162.67561999999998,0.548178922823073,0.00998645168764533,946,24.405193090438843,-165.12296879999997
4228,-165.23192000000003,0.6913799532657404,0.00998645168764533,352,9.090101957321167,-164.69506959999998
4229,-175.44824,0.633988124213865,0.00998645168764533,481,12.397435188293457,-164.6034684
4230,-184.13824000000002,0.49117193355642513,0.00998645168764533,145,3.76224422454834,-164.6016772
4231,-169.57927999999998,0.45614539906200174,0.00998645168764533,817,21.217100143432617,-164.3415568
4232,-186.50256,0.57964041998184,0.00998645168764533,1089,28.13912320137024,-164.7872624
4233,-181.82998,0.5182922175402075,0.00998645168764533,338,8.727684736251831,-164.6790636
4234,-158.56747999999993,0.5521207458853413,0.00998645168764533,629,16.38804602622986,-164.7592004
4235,-170.30332000000004,0.4362260684500278,0.00998645168764533,389,10.057315826416016,-164.43272919999998
4236,-180.70596,0.5235485874343281,0.00998645168764533,468,12.109591007232666,-164.6127332
4237,-188.57368000000002,0.5818003543505543,0.00998645168764533,209,5.408005237579346,-164.91681959999997
4238,-186.62688000000003,0.5900642001688217,0.00998645168764533,113,2.916930913925171,-165.829552
4239,-173.87014000000002,0.5822320320664066,0.00998645168764533,362,9.37908673286438,-165.74212200000002
4240,-186.12696,0.5491593952174298,0.00998645168764533,144,3.719464063644409,-169.74085320000003
4241,-186.62688000000003,0.5829278236436369,0.00998645168764533,113,2.925987958908081,-169.6905028
4242,-170.57970000000003,0.46169414906070966,0.00998645168764533,303,7.8549041748046875,-169.3695592
4243,-186.62688000000003,0.5551165657167414,0.00998645168764533,113,2.952033042907715,-169.6810696
4244,-173.3098,0.6583950368586524,0.00998645168764533,332,8.655373811721802,-169.97336159999998
4245,-153.79853999999983,0.5615357746519521,0.00998645168764533,798,20.63385009765625,-169.351696
4246,-175.46368,0.44576676859879677,0.00998645168764533,521,13.450068235397339,-169.128432
4247,36.78456000000015,0.4879089424237983,0.00998645168764533,1792,46.34451603889465,-164.66020319999998
4248,-186.62688000000003,0.5019353816071442,0.00998645168764533,113,2.932579755783081,-165.0645392
4249,-173.91422000000003,0.4788637634773146,0.00998645168764533,550,14.19370698928833,-164.8972396
4250,-186.62688000000003,0.5091006485745311,0.00998645168764533,113,2.921882152557373,-165.1981432
4251,-184.88182000000003,0.42657242223286806,0.00998645168764533,134,3.445888042449951,-165.23038239999997
4252,-171.88864000000004,0.4136009962259295,0.00998645168764533,313,8.161548137664795,-165.17743959999999
4253,-154.0215199999999,0.47666106955126086,0.00998645168764533,1049,27.16091012954712,-164.7813276
4254,-181.58728000000002,0.5317198690384513,0.00998645168764533,521,13.456646203994751,-164.9226508
4255,-168.65680000000006,0.5232346769385859,0.00998645168764533,409,10.59081220626831,-164.8710128
4256,-184.88182000000003,0.6137887524899596,0.00998645168764533,134,3.4668118953704834,-164.9460976
4257,-165.58408000000003,0.5676348697261087,0.00998645168764533,560,14.593563795089722,-164.5050648
4258,-153.40678,0.48921153053617206,0.00998645168764533,927,24.275275707244873,-163.8406628
4259,-183.68504000000001,0.431685628581459,0.00998645168764533,369,9.521664142608643,-163.7654528
4260,-186.62688000000003,0.4202225947818529,0.00998645168764533,113,2.9116921424865723,-163.7049064
4261,-170.80424000000002,0.4495712593779899,0.00998645168764533,352,9.165037155151367,-167.19544399999998
4262,-187.621,0.5472869189887694,0.00998645168764533,164,4.312864065170288,-167.4759488
4263,-186.62688000000003,0.34531744577781814,0.00998645168764533,113,2.916002035140991,-168.0797808
4264,-182.17532000000003,0.43068718644440646,0.00998645168764533,253,6.5641069412231445,-168.2972996
4265,-174.06762000000003,0.4227037631528148,0.00998645168764533,411,10.549699783325195,-168.0810156
4266,-151.97167999999994,0.44722982168252357,0.00998645168764533,953,24.49376893043518,-171.852278
4267,-178.82544000000001,0.49372321547568954,0.00998645168764533,672,17.320931911468506,-171.69207719999997
4268,-183.26986000000002,0.3657783645374531,0.00998645168764533,154,3.9918153285980225,-171.6249368
4269,-172.02992,0.4705336507790671,0.00998645168764533,313,8.09079909324646,-171.3288112
4270,-164.9182600000001,0.5067752149720999,0.00998645168764533,431,11.121916055679321,-170.8946388
4271,11.66752000000001,0.5562388453074882,0.00998645168764533,688,17.814266681671143,-166.9168708
4272,-182.87604,0.5285708615063596,0.00998645168764533,189,4.862591981887817,-166.84185399999998
4273,-184.81858,0.47849182192054673,0.00998645168764533,431,11.076662063598633,-166.805688
4274,-187.8874,0.4725478666143552,0.00998645168764533,124,3.2948098182678223,-167.37404719999998
4275,-186.62688000000003,0.46257665219296396,0.00998645168764533,113,2.909045934677124,-167.8731196
4276,-186.62688000000003,0.3232161538774329,0.00998645168764533,113,2.9255402088165283,-168.63336600000002
4277,-151.57797999999985,0.5141454214307595,0.00998645168764533,794,20.481940031051636,-168.4114132
4278,-186.62688000000003,0.5341155789380448,0.00998645168764533,113,2.9149720668792725,-168.8393124
4279,13.77527999999998,0.5496377542403001,0.00998645168764533,1248,32.203949213027954,-165.05484199999998
4280,-171.88708000000003,0.5469909627602934,0.00998645168764533,365,9.352313756942749,-164.8098188
4281,-186.62688000000003,0.35023142140259783,0.00998645168764533,113,2.900438070297241,-165.1507708
4282,-188.03742000000003,0.5843858782216224,0.00998645168764533,131,3.3706040382385254,-165.18146800000002
4283,-184.88766,0.5110999216673938,0.00998645168764533,131,3.3938119411468506,-165.2426216
4284,-186.62688000000003,0.4344795396535006,0.00998645168764533,113,2.9191179275512695,-165.80380960000002
4285,-186.62688000000003,0.6787397858678503,0.00998645168764533,113,2.911339044570923,-166.1302808
4286,-186.62688000000003,0.7150304406815398,0.00998645168764533,113,2.922806978225708,-166.2486992
4287,-178.66124000000002,0.6161858680047866,0.00998645168764533,580,14.97775387763977,-166.05045040000002
4288,-186.83548000000002,0.7314874604344368,0.00998645168764533,124,3.1919240951538086,-166.0546224
4289,-186.62688000000003,0.43365760430265055,0.00998645168764533,113,2.9088470935821533,-166.30975720000004
4290,-175.10046000000003,0.6110553285287107,0.00998645168764533,362,9.389205932617188,-166.0892272
4291,-174.7312,0.6463394563347844,0.00998645168764533,401,10.330151796340942,-165.8513136
4292,-186.62688000000003,0.5626689127967817,0.00998645168764533,113,2.9083242416381836,-166.17225720000002
4293,-188.74524000000002,0.7018626462611737,0.00998645168764533,165,4.243185997009277,-166.2146244
4294,-186.62688000000003,0.6620727752096358,0.00998645168764533,113,2.918560028076172,-166.480966
4295,-152.2265399999998,0.5672379900271355,0.00998645168764533,966,24.910627841949463,-166.449526
4296,-172.69696000000002,0.5768418197691744,0.00998645168764533,689,17.861238956451416,-166.3941916
4297,-161.54255999999998,0.626893212530017,0.00998645168764533,625,16.14380693435669,-170.360734
4298,-187.45546000000002,0.5499927810270269,0.00998645168764533,530,13.694760084152222,-170.3773056
4299,-180.24516000000003,0.6075255381634258,0.00998645168764533,213,5.492124080657959,-170.5039244
4300,-182.38714000000002,0.6862924667252334,0.00998645168764533,263,6.796563148498535,-170.41912960000002
4301,-180.27564000000004,0.6280155784052582,0.00998645168764533,213,5.5363099575042725,-170.327006
4302,-182.79950000000002,0.5115797824642443,0.00998645168764533,235,6.077569007873535,-170.5452232
4303,-186.62688000000003,0.7668902808553086,0.00998645168764533,113,2.9601690769195557,-171.19733040000003
4304,-144.97995999999978,0.6673006091176937,0.00998645168764533,1077,27.938215017318726,-170.46518400000002
4305,-186.62688000000003,0.5481080129182181,0.00998645168764533,113,2.9462950229644775,-170.82458559999998
4306,-149.60793999999987,0.5953046234228474,0.00998645168764533,659,16.94466996192932,-170.119108
4307,-186.62688000000003,0.6260985180043277,0.00998645168764533,113,2.8860349655151367,-170.539964
4308,-186.62688000000003,0.5485902154752242,0.00998645168764533,113,2.8929898738861084,-171.20436600000002
4309,-186.62688000000003,0.6362978845373192,0.00998645168764533,113,2.8885769844055176,-171.2632028
4310,-186.62688000000003,0.4817261468141084,0.00998645168764533,113,2.9341092109680176,-171.2632028
4311,-165.73230000000007,0.7084422740994334,0.00998645168764533,471,12.04144811630249,-171.161764
4312,-174.83236,0.6701799394276989,0.00998645168764533,404,10.326844930648804,-170.9059912
4313,-181.23520000000002,0.7834592140212869,0.00998645168764533,209,5.353883981704712,-170.79815760000002
4314,-186.62688000000003,0.8250636452462821,0.00998645168764533,113,2.9106650352478027,-170.8871888
4315,3.8254399999999844,0.7188144208800911,0.00998645168764533,656,16.83391308784485,-167.3293276
4316,-168.59808,0.5928389854724065,0.00998645168764533,729,18.77406907081604,-167.66185560000002
4317,-186.96368,0.5953603602297928,0.00998645168764533,184,4.722160816192627,-167.82462040000001
4318,-148.71905999999984,0.512065485772486,0.00998645168764533,1006,25.871387004852295,-167.1336044
4319,-184.25264000000004,0.5508231139528542,0.00998645168764533,441,11.344150066375732,-167.3780588
4320,-169.95286000000004,0.45104401128686555,0.00998645168764533,326,8.389242172241211,-167.47875080000003
4321,-178.75448,0.6111643999625711,0.00998645168764533,433,11.205808877944946,-171.2871908
4322,-170.30320000000003,0.5325999187296067,0.00998645168764533,392,10.083163261413574,-171.03573400000002
4323,-180.48712,0.6265790051971138,0.00998645168764533,176,4.518449068069458,-170.9491048
4324,-186.62688000000003,0.5906677802744429,0.00998645168764533,113,3.1338720321655273,-170.9238944
4325,-164.45209999999997,0.600400969748788,0.00998645168764533,511,13.15015697479248,-170.4803988
4326,-187.8874,0.6866606445382198,0.00998645168764533,124,3.1906020641326904,-170.5056092
4327,-175.94858000000002,0.5543005081122343,0.00998645168764533,847,22.10903310775757,-170.99302120000002
4328,-186.62688000000003,0.6356893789880307,0.00998645168764533,113,2.9258458614349365,-170.99302120000002
4329,-184.31348,0.6154513880729106,0.00998645168764533,157,4.053355693817139,-174.95479640000002
4330,36.99240000000005,0.5158615524203263,0.00998645168764533,1408,36.31089472770691,-170.77720680000002
4331,-174.89872000000003,0.5329377978029073,0.00998645168764533,689,17.88879895210266,-170.54264360000002
4332,-154.58307999999997,0.547476709062524,0.00998645168764533,789,20.353371143341064,-169.87355680000002
4333,-170.83456000000004,0.461728576076821,0.00998645168764533,313,8.081855058670044,-169.5924948
4334,-186.62688000000003,0.4187085477025372,0.00998645168764533,113,2.9123308658599854,-169.5924948
4335,-184.88766,0.516968259502572,0.00998645168764533,131,3.3941643238067627,-169.5577104
4336,-153.49573999999993,0.5094446879177206,0.00998645168764533,690,17.84942889213562,-168.8950876
4337,-183.71652,0.4744779413390527,0.00998645168764533,276,7.178790092468262,-168.99619320000002
4338,-186.62688000000003,0.41896939817486345,0.00998645168764533,113,2.925071954727173,-168.9920212
4339,-186.62688000000003,0.6334085729039085,0.00998645168764533,113,2.9165890216827393,-168.9920212
4340,-184.88766,0.5462904081942926,0.00998645168764533,131,3.3873789310455322,-169.1877652
4341,-153.6710199999999,0.5918537966283478,0.00998645168764533,699,18.072472095489502,-168.7665616
4342,-184.88766,0.5107571950310287,0.00998645168764533,131,3.3798670768737793,-168.7317772
4343,-147.00735999999984,0.5970748820788067,0.00998645168764533,921,23.872997999191284,-167.8970196
4344,8.644640000000006,0.5806207166215324,0.00998645168764533,920,24.723725080490112,-163.9915892
4345,-172.02992,0.5653366073251913,0.00998645168764533,313,8.594944953918457,-164.3876568
4346,359.99984000000023,0.47728358747043764,0.00998645168764533,1329,36.19436693191528,-153.7337208
4347,-171.33944000000002,0.5027664950130359,0.00998645168764533,289,7.908632040023804,-153.9296584
4348,-186.83548000000002,0.5140678030739148,0.00998645168764533,124,3.32843017578125,-153.9172588
4349,-182.36428,0.684313302995955,0.00998645168764533,164,4.452491998672485,-153.9596412
4350,9.444320000000019,0.4360472298456233,0.00998645168764533,968,26.475059032440186,-150.123012
4351,-186.62688000000003,0.3089224436213221,0.00998645168764533,113,3.0897581577301025,-150.2500368
4352,-180.76560000000003,0.4513949887222938,0.00998645168764533,185,5.0944719314575195,-150.2093588
4353,-177.70114,0.46046882738231326,0.00998645168764533,626,16.722635984420776,-150.030844
4354,-186.62688000000003,0.4938285362173234,0.00998645168764533,113,3.0121757984161377,-150.8637824
4355,-180.55632000000003,0.5525870665825076,0.00998645168764533,225,5.983773231506348,-150.7423712
4356,-186.62688000000003,0.5797457637891701,0.00998645168764533,113,3.0499608516693115,-151.48275
4357,-178.56664,0.5120639358906979,0.00998645168764533,233,6.2250611782073975,-151.3215452
4358,-186.62688000000003,0.5665707872784903,0.00998645168764533,113,3.012718915939331,-151.3215452
4359,-184.88182000000003,0.6480872514866182,0.00998645168764533,134,3.5975899696350098,-151.286644
4360,-184.88766,0.6060888654914977,0.00998645168764533,131,3.503262758255005,-151.25185960000002
4361,-180.52354000000003,0.7156608908651223,0.00998645168764533,322,8.597205877304077,-151.5476844
4362,-186.62688000000003,0.673865321595057,0.00998645168764533,113,3.0065338611602783,-151.7835748
4363,-190.88638,0.62003183161881,0.00998645168764533,362,9.753400087356567,-151.9765984
4364,-186.62688000000003,0.5951443153672513,0.00998645168764533,113,3.005429983139038,-151.9765984
4365,-170.26298000000003,0.6483232289657581,0.00998645168764533,586,15.74723505973816,-155.4583668
4366,-184.88182000000003,0.6409523604131901,0.00998645168764533,134,3.5700831413269043,-155.7840416
4367,-171.83214000000004,0.6406460025078721,0.00998645168764533,450,12.057547092437744,-155.4814108
4368,-188.23584000000002,0.4419773546073379,0.00998645168764533,144,3.846158981323242,-156.2717464
4369,-187.8874,0.6124648139211198,0.00998645168764533,124,3.341728925704956,-156.3444416
4370,-173.72508000000005,0.5681768515390788,0.00998645168764533,501,13.415454864501953,-156.41988600000002
4371,-186.62688000000003,0.6072096594617562,0.00998645168764533,113,3.0557260513305664,-156.577334
4372,-186.62688000000003,0.5805339865155715,0.00998645168764533,113,3.086292028427124,-156.9038076
4373,-173.49486000000005,0.610606700929392,0.00998645168764533,471,12.591402053833008,-156.7639624
4374,-175.64840000000004,0.6110041680224937,0.00998645168764533,481,12.95834994316101,-156.5443928
4375,-186.62688000000003,0.7487080054506,0.00998645168764533,113,3.037721872329712,-156.9878884
4376,-186.57556,0.7106578583011358,0.00998645168764533,164,4.407814025878906,-156.9616516
4377,-191.23958000000002,0.6934326163475742,0.00998645168764533,322,8.65985107421875,-157.26747160000002
4378,-164.01872000000003,0.6017635490786929,0.00998645168764533,537,14.37029218673706,-156.81530840000002
4379,-175.48144,0.6669315605062772,0.00998645168764533,425,11.457942008972168,-156.63866760000002
4380,-186.62688000000003,0.7264537618833438,0.00998645168764533,113,3.0469000339508057,-161.11105320000001
4381,-176.85068000000004,0.7299083480721877,0.00998645168764533,253,6.831892967224121,-161.1500924
4382,-186.62688000000003,0.9701512788908672,0.00998645168764533,113,3.0249810218811035,-161.7909684
4383,-171.33944000000002,0.7596341256877234,0.00998645168764533,289,7.784165859222412,-161.80106600000002
4384,-160.89628,0.7417620570519594,0.00998645168764533,540,14.518218994140625,-161.28645400000002
4385,-186.62688000000003,0.8082416400939754,0.00998645168764533,113,3.0323100090026855,-161.3212384
4386,-186.62688000000003,0.683709291741252,0.00998645168764533,113,3.064871311187744,-161.9838612
4387,-144.33575999999988,0.7254087813037199,0.00998645168764533,808,21.7547550201416,-161.196246
4388,-186.97136,0.7200134433907174,0.00998645168764533,184,4.951681137084961,-161.2031356
4389,-184.89642,0.8191112876352337,0.00998645168764533,135,3.8996851444244385,-161.16852640000002
4390,-173.46942000000004,0.8161175858189977,0.00998645168764533,378,10.190907001495361,-160.9401616
4391,22.084239999999998,0.7570499760296662,0.00998645168764533,800,21.636538982391357,-157.42505640000002
4392,-184.28192,0.689441705524752,0.00998645168764533,352,9.521469354629517,-157.4129416
4393,-186.62688000000003,0.6444890227630339,0.00998645168764533,113,3.0557141304016113,-158.20533200000003
4394,10.725679999999969,0.6844229084963445,0.00998645168764533,896,24.285372734069824,-158.16371120000002
4395,-186.62688000000003,0.7690147431155222,0.00998645168764533,113,3.0235791206359863,-158.45565040000002
4396,-186.98878000000002,0.61785349960147,0.00998645168764533,134,3.6270008087158203,-169.3954228
4397,-180.65456,0.6128129017154645,0.00998645168764533,184,4.952387094497681,-169.5817252
4398,-168.64304,0.6312920957663241,0.00998645168764533,769,20.80870819091797,-169.21787640000002
4399,-186.62688000000003,0.49208935618862115,0.00998645168764533,113,3.030103921890259,-169.30312840000002
4400,-183.89774,0.5830364858448818,0.00998645168764533,382,10.38600778579712,-173.1699696
4401,-164.04782000000003,0.6143959696306978,0.00998645168764533,391,10.3364999294281,-172.7183884
4402,-186.62688000000003,0.646381978588426,0.00998645168764533,113,2.969377040863037,-172.83561400000002
4403,-157.25815999999998,0.636534334832087,0.00998645168764533,617,16.224172115325928,-172.42675440000002
4404,-152.87895999999992,0.6838662919288329,0.00998645168764533,897,23.671416997909546,-171.75179600000004
4405,-172.63050000000007,0.5888989737325507,0.00998645168764533,738,19.48684000968933,-171.59327960000002
4406,-178.96532000000002,0.6079573966231447,0.00998645168764533,253,6.667701005935669,-171.44004840000002
4407,-159.92979999999997,0.6358962356907416,0.00998645168764533,885,23.38465404510498,-171.06731160000004
4408,-171.79450000000003,0.5527902368151586,0.00998645168764533,263,6.939680099487305,-170.77066400000004
4409,-186.62688000000003,0.4888235418768847,0.00998645168764533,113,2.97159481048584,-170.80556520000002
4410,-176.15036,0.6406053816100388,0.00998645168764533,268,7.053020000457764,-170.63081920000002
4411,-186.62688000000003,0.5123073534331227,0.00998645168764533,113,2.963594913482666,-170.752886
4412,-150.05535999999987,0.5540399394389605,0.00998645168764533,873,23.028356313705444,-170.0214556
4413,-183.20250000000001,0.5257071331124564,0.00998645168764533,495,13.36978006362915,-169.867778
4414,-176.02024000000003,0.5035262348858518,0.00998645168764533,353,9.391016960144043,-169.6556452
4415,-184.89642,0.5699181052752667,0.00998645168764533,135,3.5909738540649414,-169.94831400000004
4416,-187.32798000000003,0.49144525607569817,0.00998645168764533,339,8.951422929763794,-169.99723720000003
4417,-153.87995999999998,0.5707455522021561,0.00998645168764533,853,22.34185290336609,-169.63819360000002
4418,8.867519999999978,0.5799399311414047,0.00998645168764533,1008,26.598984956741333,-165.6961264
4419,-180.35874,0.4549592139343448,0.00998645168764533,362,9.541815996170044,-165.5455532
4420,-186.62688000000003,0.6768727266617054,0.00998645168764533,113,2.980423927307129,-165.80358920000003
4421,-174.77196,0.5224192401377001,0.00998645168764533,540,14.238362789154053,-165.56649080000003
4422,-156.29999999999984,0.49701363163175766,0.00998645168764533,976,25.78077006340027,-164.95995320000003
4423,-153.87515999999997,0.46394818142677346,0.00998645168764533,660,17.370798110961914,-164.5675592
4424,-186.62688000000003,0.4141792895156989,0.00998645168764533,113,2.9717230796813965,-164.7871288
4425,-154.5523799999999,0.3616877292633813,0.00998645168764533,690,18.176883935928345,-164.14563880000003
4426,-176.92590000000004,0.5072081357726983,0.00998645168764533,203,5.376988887786865,-163.95264559999998
4427,-175.10944000000006,0.5090898050411072,0.00998645168764533,560,14.749419927597046,-163.6300428
4428,-172.50182,0.4137699414935449,0.00998645168764533,391,10.30801796913147,-163.7997048
4429,-162.60072000000005,0.5055080867893441,0.00998645168764533,808,21.29342269897461,-163.5420904
4430,-186.62688000000003,0.39134310846901044,0.00998645168764533,113,2.9739978313446045,-163.5420904
4431,-185.71558,0.38826430044481713,0.00998645168764533,1067,28.226418256759644,-163.7193884
4432,-180.41858000000002,0.38512422623856185,0.00998645168764533,223,5.888750076293945,-163.5952224
4433,-186.62688000000003,0.5031833484010623,0.00998645168764533,113,2.9781250953674316,-163.90097120000001
4434,-184.88182000000003,0.5629642793019094,0.00998645168764533,134,3.5220799446105957,-164.380682
4435,-186.62688000000003,0.6466903975892779,0.00998645168764533,113,2.9821829795837402,-164.380682
4436,-180.33328,0.45094616296656503,0.00998645168764533,313,8.28569483757019,-164.25481
4437,-182.37804000000003,0.40837919050084315,0.00998645168764533,213,5.616023063659668,-165.0156556
4438,-185.19520000000003,0.4825056850781729,0.00998645168764533,145,3.8217968940734863,-164.9801324
4439,-0.18008000000000202,0.4647184652435085,0.00998645168764533,880,23.297884225845337,-161.2858056
4440,3.1478400000000075,0.4376235528093858,0.00998645168764533,624,16.49137592315674,-157.7534604
4441,-142.09883999999977,0.47242163259924713,0.00998645168764533,853,22.762773990631104,-161.037122
4442,-189.87178000000003,0.4725952599190544,0.00998645168764533,263,6.9402360916137695,-161.1489192
4443,-167.68168000000003,0.4793581310376924,0.00998645168764533,560,14.882749319076538,-160.7700152
4444,-184.88766,0.6179334070490858,0.00998645168764533,131,3.475245952606201,-164.68228200000001
4445,-186.62688000000003,0.45891937081891615,0.00998645168764533,113,2.9935498237609863,-164.68228200000001
4446,14.142399999999975,0.4595414816121979,0.00998645168764533,712,18.75950527191162,-160.6596584
4447,-181.44914,0.4237944954229836,0.00998645168764533,511,13.470882892608643,-160.67555000000002
4448,-186.62688000000003,0.3056440737131423,0.00998645168764533,113,2.974299907684326,-161.0352268
4449,-153.09855999999982,0.4281580701758519,0.00998645168764533,905,23.961201190948486,-160.3646604
4450,-171.23870000000002,0.4040910987604686,0.00998645168764533,283,7.454493999481201,-160.1114796
4451,-186.62688000000003,0.47278232803255055,0.00998645168764533,113,2.9732229709625244,-160.56306080000002
4452,-171.23870000000002,0.5647813137061236,0.00998645168764533,283,7.439162015914917,-160.2552972
4453,-185.51283999999998,0.6088465807970795,0.00998645168764533,164,4.325584888458252,-160.8203908
4454,-181.41954,0.5000601238108019,0.00998645168764533,362,9.525143146514893,-161.3912024
4455,-158.32983999999993,0.4517686703895948,0.00998645168764533,617,16.20579504966736,-161.1051892
4456,-191.20118000000002,0.45887965275125103,0.00998645168764533,322,8.552502870559692,-161.3499064
4457,-156.1766599999999,0.4508767551813736,0.00998645168764533,719,18.95388102531433,-161.2748436
4458,-176.72884,0.4920115491177232,0.00998645168764533,677,17.860522985458374,-161.3735304
4459,-181.18738000000002,0.41475850325077773,0.00998645168764533,875,23.120073318481445,-161.2647404
4460,-170.57970000000003,0.39058771624964456,0.00998645168764533,303,8.004755020141602,-161.1533272
4461,-186.62688000000003,0.2808735654977834,0.00998645168764533,113,2.974364995956421,-161.1533272
4462,-152.14427999999987,0.44009859171597154,0.00998645168764533,716,18.908199071884155,-161.19510559999998
4463,-167.36052000000004,0.5509955621117142,0.00998645168764533,548,14.427300691604614,-160.878266
4464,-165.85642000000004,0.49675161107346033,0.00998645168764533,431,11.442008972167969,-160.6749896
4465,-172.64972,0.5538427778648529,0.00998645168764533,253,6.676826000213623,-160.4300556
4466,-173.62072000000003,0.4824359572530553,0.00998645168764533,392,10.358645915985107,-160.15591039999998
4467,43.388960000000225,0.4347734625154685,0.00998645168764533,1344,35.430241107940674,-156.21053199999997
4468,-186.62688000000003,0.40710279169138025,0.00998645168764533,113,2.991495132446289,-160.12042
4469,-156.40465999999998,0.41575668987376674,0.00998645168764533,1247,32.90812587738037,-159.6413384
4470,-184.88182000000003,0.5073543124234499,0.00998645168764533,134,3.508782148361206,-159.6064372
4471,-186.12696,0.4876430251946052,0.00998645168764533,144,3.769069194793701,-159.8335372
4472,-186.62688000000003,0.36578386321466055,0.00998645168764533,113,2.964805841445923,-160.4400748
4473,-186.62688000000003,0.2998197251287973,0.00998645168764533,113,2.9633281230926514,-161.0951092
4474,-184.88182000000003,0.48056752957514864,0.00998645168764533,134,3.522343873977661,-161.060208
4475,-161.45054,0.49569924519230313,0.00998645168764533,619,16.30112385749817,-161.1981712
4476,-184.88182000000003,0.4750568144746236,0.00998645168764533,134,3.556347131729126,-161.3572896
4477,-186.62688000000003,0.5223908740697445,0.00998645168764533,113,2.969916820526123,-161.5876384
4478,-176.9105,0.5263870588999234,0.00998645168764533,547,14.37043285369873,-161.675812
4479,-186.62688000000003,0.7030980379312439,0.00998645168764533,113,2.9798200130462646,-162.1563352
4480,-186.62688000000003,0.3656682161268143,0.00998645168764533,113,2.98633074760437,-162.1563352
4481,-173.89498,0.5356344120654883,0.00998645168764533,263,6.9672770500183105,-161.9199232
4482,-179.69324,0.4914625488269817,0.00998645168764533,580,15.279304027557373,-161.9054164
4483,-173.99034,0.5439854369534808,0.00998645168764533,362,9.610887050628662,-161.6526856
4484,-170.10864000000004,0.4736031211674724,0.00998645168764533,321,8.453683853149414,-161.357222
4485,-186.62688000000003,0.7608498329774732,0.00998645168764533,113,2.977437973022461,-161.357222
4486,-184.88766,0.5933046943742697,0.00998645168764533,131,3.448127031326294,-161.4483096
4487,-171.32690000000005,0.6182935581644948,0.00998645168764533,382,10.068781852722168,-161.2272868
4488,-153.69837999999987,0.570392709667736,0.00998645168764533,798,21.02006220817566,-160.59735039999998
4489,-164.89116,0.6442646367604429,0.00998645168764533,332,8.759541988372803,-163.89157199999997
4490,-167.97260000000003,0.5773853425317026,0.00998645168764533,421,11.154624938964844,-167.3139808
4491,-173.49098000000004,0.5580184603187972,0.00998645168764533,382,10.03945803642273,-167.9418236
4492,-166.2918,0.5289927418018411,0.00998645168764533,501,13.183992147445679,-167.47022400000003
4493,-186.62688000000003,0.5612516278252665,0.00998645168764533,113,2.9797720909118652,-167.849128
4494,-184.88182000000003,0.6917210403941015,0.00998645168764533,134,3.526904821395874,-167.84901119999998
4495,-188.23392,0.6476988959281395,0.00998645168764533,144,3.7945828437805176,-167.88115200000001
4496,-186.62688000000003,0.7193522683254122,0.00998645168764533,113,2.976576089859009,-171.89653760000002
4497,-172.8457,0.6583585743880884,0.00998645168764533,263,6.947972774505615,-171.72446879999998
4498,-175.50870000000003,0.6521385102602011,0.00998645168764533,471,12.446204900741577,-171.50210520000002
4499,-186.62688000000003,0.7008618311709272,0.00998645168764533,113,2.9825339317321777,-172.1726716
4500,-186.62688000000003,0.7923969546481308,0.00998645168764533,113,3.012004852294922,-172.4804352
4501,-186.62688000000003,0.8496159990606582,0.00998645168764533,113,3.012403964996338,-172.4804352
4502,27.001680000000057,0.7675543960588249,0.00998645168764533,912,24.299264907836914,-168.51562760000002
4503,-187.8874,0.7048245536824388,0.00998645168764533,124,3.255105972290039,-168.5631188
4504,-178.42664000000002,0.7935024271531529,0.00998645168764533,273,7.15212607383728,-168.5032608
4505,-140.52303999999978,0.8488763861712956,0.00998645168764533,777,20.45696997642517,-168.14712479999997
4506,-152.59925999999984,0.6775451129060087,0.00998645168764533,738,19.300446033477783,-167.3750864
4507,-177.14282000000003,0.7120840009885117,0.00998645168764533,511,13.433091163635254,-167.7944096
4508,-141.25831999999988,0.6882472783969394,0.00998645168764533,609,15.947495937347412,-167.08499919999997
4509,-156.10839999999988,0.5239977265370945,0.00998645168764533,1392,37.556041955947876,-166.58341959999998
4510,-189.33192000000003,0.6556459127589025,0.00998645168764533,144,3.8224940299987793,-166.958464
4511,-187.53592,0.41266494040248214,0.00998645168764533,209,5.659208059310913,-166.9766448
4512,-149.6370199999999,0.5172026834715746,0.00998645168764533,1451,38.19185495376587,-166.9264996
4513,-186.62688000000003,0.4677671678364277,0.00998645168764533,113,2.977555274963379,-167.31182679999998
4514,-186.62688000000003,0.6425605619375685,0.00998645168764533,113,2.970651149749756,-167.727236
4515,-164.90815999999998,0.5251605619469235,0.00998645168764533,481,12.608428001403809,-167.57240480000002
4516,-186.62688000000003,0.49999900279253456,0.00998645168764533,113,2.9381959438323975,-167.832528
4517,-167.91440000000003,0.5886902591735238,0.00998645168764533,657,17.171052932739258,-172.05859519999998
4518,-186.99462000000003,0.8452045508653266,0.00998645168764533,131,3.4377200603485107,-172.06595000000002
4519,-186.62688000000003,0.5886700692528908,0.00998645168764533,113,2.9549410343170166,-172.6703944
4520,-186.62688000000003,0.49283532559278265,0.00998645168764533,113,2.961092948913574,-172.7052956
4521,-189.01992,0.5142151415472229,0.00998645168764533,225,5.872382879257202,-172.76315480000002
4522,-186.62688000000003,0.47507230580611304,0.00998645168764533,113,2.9513819217681885,-172.76315480000002
4523,-186.62688000000003,0.8475139328418712,0.00998645168764533,113,2.9693491458892822,-172.76315480000002
4524,-151.99221999999986,0.5931786008530876,0.00998645168764533,715,18.759597063064575,-172.1053628
4525,43.75768000000026,0.4659530976775146,0.00998645168764533,1544,40.69267821311951,-168.0011984
4526,-172.07236000000003,0.5637465187492384,0.00998645168764533,317,8.331801891326904,-167.7450092
4527,-171.23870000000002,0.4987885027781603,0.00998645168764533,283,7.444902181625366,-167.43724559999998
4528,-146.4305599999999,0.4465775423142956,0.00998645168764533,905,23.933099031448364,-166.8276468
4529,-187.82670000000002,0.4439983843750824,0.00998645168764533,174,4.578684329986572,-166.8516432
4530,-186.62688000000003,0.5640609536023267,0.00998645168764533,113,2.9947969913482666,-166.8516432
4531,-164.0552,0.4842935339030292,0.00998645168764533,441,11.613340854644775,-166.65484759999998
4532,-180.07830000000004,0.5088030352197551,0.00998645168764533,203,5.333097219467163,-166.6625488
4533,-152.73137999999994,0.4657366895232319,0.00998645168764533,847,22.26974606513977,-166.2373696
4534,-187.8874,0.6718517626380368,0.00998645168764533,124,3.259300708770752,-166.5929448
4535,-186.62688000000003,0.64804742541329,0.00998645168764533,113,2.9642341136932373,-166.5929448
4536,-0.7461600000000059,0.4859968631750565,0.00998645168764533,528,14.008296251296997,-162.9101148
4537,-183.57008,0.5232179106267936,0.00998645168764533,697,18.416089057922363,-163.15497839999998
4538,-177.08636,0.46600108586185734,0.00998645168764533,508,13.619189977645874,-163.622738
4539,-186.62688000000003,0.4933374427193034,0.00998645168764533,113,3.055511951446533,-164.0574524
4540,-180.6157,0.5279556796510027,0.00998645168764533,322,8.653807878494263,-164.31031439999998
4541,-186.62688000000003,0.5426167898473486,0.00998645168764533,113,3.0732808113098145,-164.5730324
4542,-184.89642,0.7746023162095635,0.00998645168764533,135,3.6753947734832764,-164.94512479999997
4543,-186.62688000000003,0.6502661844138551,0.00998645168764533,113,3.0955851078033447,-164.94512479999997
4544,-186.62688000000003,0.6081342837583702,0.00998645168764533,113,3.064727783203125,-164.980026
4545,-154.40227999999988,0.5833526692117768,0.00998645168764533,629,16.875065803527832,-164.3033932
4546,-186.62688000000003,0.586199077283057,0.00998645168764533,113,3.0419557094573975,-164.3033932
4547,-186.62688000000003,0.7242022813256599,0.00998645168764533,113,3.0155723094940186,-164.57901679999998
4548,-186.62688000000003,0.8115849155042552,0.00998645168764533,113,3.036858320236206,-164.80138039999997
4549,-155.85191999999992,0.5201377448120162,0.00998645168764533,849,22.85681700706482,-164.1858812
4550,-171.29938000000004,0.5414860618011929,0.00998645168764533,287,7.764466285705566,-163.87933119999997
4551,-186.62688000000003,0.4522914576418368,0.00998645168764533,113,3.059283971786499,-163.87933119999997
4552,-177.38088,0.6650680664422022,0.00998645168764533,417,11.184400796890259,-167.96698239999998
4553,-178.8521,0.5392664071944211,0.00998645168764533,391,10.503368139266968,-167.7862764
4554,-182.87604,0.5405107636162371,0.00998645168764533,189,5.037856101989746,-167.8752644
4555,47.92760000000035,0.5633356715543689,0.00998645168764533,1056,28.39704179763794,-164.1062516
4556,-186.62688000000003,0.49903266821715947,0.00998645168764533,113,3.0484139919281006,-164.78680399999996
4557,-180.5232,0.5289608365876807,0.00998645168764533,225,6.096723794937134,-164.8544116
4558,-186.62688000000003,0.7387087457046836,0.00998645168764533,113,3.03047513961792,-165.7617828
4559,-165.22928000000002,0.6257490641146433,0.00998645168764533,352,9.543311834335327,-165.9442004
4560,-180.69665999999998,0.6458698388946951,0.00998645168764533,843,22.84195566177368,-165.7714952
4561,-187.8874,0.5482858393882071,0.00998645168764533,124,3.288952112197876,-165.77852479999999
4562,-141.08903999999978,0.6342336047133674,0.00998645168764533,649,17.436450958251953,-165.60756519999998
4563,-186.62688000000003,0.7804079401364501,0.00998645168764533,113,3.0229058265686035,-165.60756519999998
4564,-186.62688000000003,0.6955862099024575,0.00998645168764533,113,3.031571865081787,-165.60756519999998
4565,-164.00360000000003,0.6042797516077222,0.00998645168764533,529,14.244708061218262,-165.58947399999997
4566,-187.8874,0.47842023617047214,0.00998645168764533,124,3.3060731887817383,-165.61468440000002
4567,-185.91572000000002,0.5697377108172503,0.00998645168764533,469,12.559939861297607,-165.9747108
4568,-171.24974,0.6728177736496862,0.00998645168764533,283,7.892647981643677,-165.6598132
4569,-175.92294000000004,0.6569022081124833,0.00998645168764533,639,17.217092275619507,-165.4457344
4570,-186.62688000000003,0.4644023377151616,0.00998645168764533,113,2.995842933654785,-165.4457344
4571,-174.77296,0.7145713895120821,0.00998645168764533,497,13.244769811630249,-165.1607952
4572,-180.27564000000004,0.6116972817064311,0.00998645168764533,213,5.756035804748535,-165.03377039999998
4573,-186.62688000000003,0.7240931037813425,0.00998645168764533,113,3.041783094406128,-165.03377039999998
4574,-186.62688000000003,0.6791409772647693,0.00998645168764533,113,3.0387091636657715,-165.7264636
4575,-186.62688000000003,0.625638597702558,0.00998645168764533,113,3.064803123474121,-170.3341548
4576,-188.24086000000003,0.5531978581298856,0.00998645168764533,235,6.35286808013916,-170.6575248
4577,-180.65456,0.6413972317646055,0.00998645168764533,184,4.985623121261597,-170.845842
4578,-186.62688000000003,0.6801865159047652,0.00998645168764533,113,3.037775754928589,-171.6497684
4579,-186.83620000000002,0.4804906851401733,0.00998645168764533,124,3.3916220664978027,-171.6299584
4580,-172.07074000000003,0.6220785415332232,0.00998645168764533,322,8.689479112625122,-171.33883559999998
4581,-161.77837999999997,0.719820594057429,0.00998645168764533,638,17.195783853530884,-171.2932992
4582,-170.97686000000004,0.6871987388258541,0.00998645168764533,274,7.428889751434326,-171.1112704
4583,38.85528000000008,0.6821482685049095,0.00998645168764533,1240,33.453099966049194,-167.27953720000002
4584,-174.84716000000003,0.5827719836543989,0.00998645168764533,580,15.611303329467773,-167.0187324
4585,-178.92118000000002,0.5727431238126275,0.00998645168764533,491,13.28095293045044,-166.8646184
4586,-189.06608,0.6075345154993398,0.00998645168764533,184,4.93376898765564,-170.6310168
4587,4.6841599999999985,0.6316547964404269,0.00998645168764533,656,17.955990076065063,-166.865932
4588,-171.23870000000002,0.44145620352993376,0.00998645168764533,283,7.7649548053741455,-166.7489788
4589,36.33760000000012,0.6007360583960848,0.00998645168764533,920,25.30883288383484,-162.2896892
4590,-182.72226,0.5597631640861302,0.00998645168764533,231,6.35237979888916,-162.3318204
4591,-186.62688000000003,0.8860314213052656,0.00998645168764533,113,3.0523593425750732,-162.3318204
4592,14.294319999999992,0.5003693934301666,0.00998645168764533,832,22.594390153884888,-158.3480056
4593,-186.62688000000003,0.5407808774142666,0.00998645168764533,113,3.106292963027954,-158.3480056
4594,-176.92636000000002,0.4614812088227092,0.00998645168764533,629,17.25440812110901,-158.1539952
4595,-185.63927999999999,0.5552787434153239,0.00998645168764533,369,10.1393141746521,-158.7787352
4596,-176.7836,0.4900907272539402,0.00998645168764533,673,18.608678817749023,-158.5818696
4597,-183.25452,0.39596927539815385,0.00998645168764533,501,13.79620099067688,-158.5144224
4598,-161.54896000000002,0.41755848982754873,0.00998645168764533,425,11.606305837631226,-158.01286399999998
4599,-186.62688000000003,0.37471578416900825,0.00998645168764533,113,3.0681369304656982,-158.6283632
4600,-184.89642,0.2942410214493672,0.00998645168764533,135,3.6920299530029297,-158.900304
4601,-182.30176,0.3636914188639399,0.00998645168764533,209,5.548806190490723,-158.8138016
4602,28.79791999999995,0.3671167867299152,0.00998645168764533,2160,57.15358209609985,-154.6902256
4603,-175.66568000000004,0.3449428041180956,0.00998645168764533,481,12.695475101470947,-154.6264972
4604,-191.25878000000003,0.35883979545616956,0.00998645168764533,322,8.509836196899414,-154.794152
4605,-140.19573999999977,0.37513421351941767,0.00998645168764533,807,21.22906804084778,-158.5566188
4606,-171.23870000000002,0.3531087432254119,0.00998645168764533,283,7.4225499629974365,-158.2488552
4607,-178.83256000000003,0.2491356385775258,0.00998645168764533,193,5.0478620529174805,-158.21504240000002
4608,-171.23870000000002,0.3084451625149947,0.00998645168764533,283,7.412819147109985,-157.9072788
4609,-164.77497999999997,0.3605603588401424,0.00998645168764533,431,11.293463945388794,-157.8981928
4610,-186.62688000000003,0.3208327680100909,0.00998645168764533,113,2.9552671909332275,-158.0167972
4611,-187.8874,0.45851070015510964,0.00998645168764533,124,3.278843879699707,-158.0167972
4612,-176.56928,0.47310387499105644,0.00998645168764533,433,11.349385023117065,-158.726402
4613,-176.17190000000002,0.4838498765463184,0.00998645168764533,267,7.041893005371094,-158.5173024
4614,-186.62688000000003,0.7039147349552507,0.00998645168764533,113,2.971224069595337,-158.5173024
4615,-156.04652,0.5344107160410398,0.00998645168764533,709,18.63152289390564,-158.3581608
4616,-159.98329999999996,0.5319648965176421,0.00998645168764533,643,17.179274082183838,-157.80007880000002
4617,-171.66534000000001,0.5884367880894013,0.00998645168764533,303,7.9970057010650635,-157.5150712
4618,-170.72388,0.5165806778143449,0.00998645168764533,597,15.874689102172852,-157.504554
4619,-190.33440000000002,0.5529807535802118,0.00998645168764533,144,3.8130199909210205,-157.7927832
4620,-184.88182000000003,0.482478118724009,0.00998645168764533,134,3.5371460914611816,-157.757882
4621,-173.82324,0.5524515939347538,0.00998645168764533,405,10.693416118621826,-157.7388876
4622,-163.33406000000002,0.5314430761121338,0.00998645168764533,659,17.373467922210693,-157.400056
4623,-173.28326000000004,0.511938662554529,0.00998645168764533,283,7.439058780670166,-157.13318360000002
4624,-184.89642,0.4290773783982904,0.00998645168764533,135,3.5725960731506348,-157.0985744
4625,-154.15431999999998,0.5452890274779444,0.00998645168764533,768,20.313527822494507,-156.4491232
4626,-180.5232,0.5460890810108847,0.00998645168764533,225,6.0118019580841064,-156.29477
4627,-186.62308000000002,0.722061165404029,0.00998645168764533,164,4.310777902603149,-156.4141404
4628,-177.47390000000001,0.49698069341095563,0.00998645168764533,619,16.181850910186768,-156.2310808
4629,-164.67934,0.6252414831418102,0.00998645168764533,590,15.425904989242554,-155.7879436
4630,-184.88766,0.4833174706187867,0.00998645168764533,131,3.4432120323181152,-156.044282
4631,-186.83620000000002,0.8456484931370905,0.00998645168764533,124,3.241878032684326,-156.5454384
4632,-148.57357999999988,0.625483210601581,0.00998645168764533,758,19.904792070388794,-156.0973728
4633,-162.02904,0.6903994741940165,0.00998645168764533,689,18.015342950820923,-160.1150592
4634,13.51695999999993,0.6126025454596737,0.00998645168764533,736,19.326948881149292,-156.34777680000002
4635,-171.23870000000002,0.5075013596274933,0.00998645168764533,283,7.560481786727905,-156.1941272
4636,-186.62688000000003,0.6211512140039586,0.00998645168764533,113,3.002593994140625,-156.1453432
4637,-177.21426000000002,0.6204289297598974,0.00998645168764533,471,12.529412031173706,-159.7833116
4638,-171.19844000000006,0.42804369478026,0.00998645168764533,629,16.744998693466187,-159.7825064
4639,-182.30176,0.4233105833504046,0.00998645168764533,209,5.561272859573364,-164.1552936
4640,-154.5309999999999,0.43540166785413115,0.00998645168764533,837,22.373062133789062,-163.59146840000002
4641,19.20711999999997,0.4395680984040266,0.00998645168764533,784,20.94597315788269,-159.4747884
4642,-186.62688000000003,0.6004063641833784,0.00998645168764533,113,3.0281050205230713,-163.4932124
4643,-184.02576000000002,0.5000638300488289,0.00998645168764533,144,3.859373092651367,-163.44119
4644,-186.62688000000003,0.44046287119916055,0.00998645168764533,113,3.05143404006958,-163.6352004
4645,-143.93859999999972,0.4906485890072993,0.00998645168764533,1101,29.49100399017334,-162.80118679999998
4646,-186.62688000000003,0.4458967541484574,0.00998645168764533,113,3.0236001014709473,-162.9980524
4647,-174.70704,0.47597484086384645,0.00998645168764533,441,11.774808883666992,-162.8271028
4648,-152.76247999999993,0.4798165411355772,0.00998645168764533,560,14.955161809921265,-162.6513732
4649,-175.60536,0.4785311169682379,0.00998645168764533,489,13.051753997802734,-162.4309428
4650,-148.9032399999998,0.43443363287967013,0.00998645168764533,765,20.537967920303345,-161.71107919999997
4651,-164.16847999999996,0.40067954125334754,0.00998645168764533,441,11.864340782165527,-161.3484136
4652,-186.62688000000003,0.3728195194781354,0.00998645168764533,113,3.0404491424560547,-165.6569096
4653,-181.58426000000003,0.3259857866762732,0.00998645168764533,223,5.956680059432983,-165.7752812
4654,-182.30176,0.5160036302443469,0.00998645168764533,209,5.659879922866821,-165.5961408
4655,-180.0783,0.5140739829357475,0.00998645168764533,203,5.564363956451416,-166.393792
4656,-0.6532800000000014,0.46883726397451636,0.00998645168764533,528,14.106722116470337,-162.9820836
4657,-189.75492000000003,0.6269151828731552,0.00998645168764533,165,4.408888101577759,-163.2005308
4658,-153.65201999999996,0.4872298758176426,0.00998645168764533,502,13.482642889022827,-162.84879719999998
4659,-173.81274000000002,0.49479410618459435,0.00998645168764533,354,9.476881980895996,-163.0295524
4660,-153.5884799999999,0.5247767263115738,0.00998645168764533,985,26.36412525177002,-162.36878439999998
4661,2.5354399999999995,0.4727375528337888,0.00998645168764533,656,17.504384994506836,-158.5603276
4662,-185.18944000000002,0.4372969537973404,0.00998645168764533,145,4.0146708488464355,-158.73273079999998
4663,-170.47662000000003,0.45686219577686954,0.00998645168764533,495,13.770707845687866,-158.6188252
4664,-173.33486000000002,0.513148968064114,0.00998645168764533,382,10.508918046951294,-158.3529848
4665,-142.41737999999984,0.5068767467254923,0.00998645168764533,907,25.198791980743408,-158.080402
4666,-186.62688000000003,0.4109373467488099,0.00998645168764533,113,3.1786351203918457,-158.61327359999999
4667,-181.35706,0.5677323308689687,0.00998645168764533,167,4.662492036819458,-158.807108
4668,-175.66952000000003,0.5393771302543596,0.00998645168764533,481,13.467127084732056,-158.9060208
4669,-181.40912000000003,0.5126740644527775,0.00998645168764533,265,7.540616035461426,-158.7275152
4670,-186.62688000000003,0.5128934320589874,0.00998645168764533,113,3.122972011566162,-158.7624164
4671,-186.62688000000003,0.4316085255910865,0.00998645168764533,113,3.112734079360962,-159.01848919999998
4672,11.978079999999999,0.577881620917078,0.00998645168764533,952,26.60734510421753,-155.51224639999998
4673,-179.74678000000003,0.5227920409331825,0.00998645168764533,187,5.169865131378174,-155.64151679999998
4674,-189.73636,0.5483891461839582,0.00998645168764533,164,4.551369905471802,-155.7383156
4675,-157.1093399999999,0.5793529693768629,0.00998645168764533,1006,27.950008630752563,-155.797416
4676,-186.62688000000003,0.38040957052623275,0.00998645168764533,113,3.107206106185913,-155.9194896
4677,-186.62688000000003,0.6426276950973325,0.00998645168764533,113,3.124890089035034,-155.9195656
4678,21.859040000000043,0.5569077588808524,0.00998645168764533,752,21.12879514694214,-151.93290679999998
4679,-143.2302399999998,0.5428221052517894,0.00998645168764533,1041,28.853630781173706,-151.5039248
4680,-186.62688000000003,0.5708652945746363,0.00998645168764533,113,3.0822930335998535,-151.5387092
4681,-186.62688000000003,0.5348969972321549,0.00998645168764533,113,3.165286064147949,-151.5345228
4682,14.50815999999999,0.470383624973878,0.00998645168764533,784,21.849660873413086,-148.272888
4683,-186.62688000000003,0.5663209404730427,0.00998645168764533,113,3.1317691802978516,-148.7648448
4684,-171.017,0.4693096542258316,0.00998645168764533,469,12.97725796699524,-152.455524
4685,-175.98824000000005,0.5425413422756635,0.00998645168764533,313,8.795099973678589,-152.55051479999997
4686,-189.77168000000003,0.6108490516847935,0.00998645168764533,217,6.071358919143677,-152.6134108
4687,-178.40016,0.5292088345852163,0.00998645168764533,225,6.261351823806763,-152.6371288
4688,-159.28099999999998,0.5789853920923659,0.00998645168764533,709,19.876521110534668,-152.39878
4689,-175.02882000000002,0.6623055744930205,0.00998645168764533,399,11.102151870727539,-152.2533212
4690,-186.62688000000003,0.629476963377566,0.00998645168764533,113,3.130413055419922,-152.8952388
4691,-155.5408,0.5959797254567547,0.00998645168764533,689,19.227981090545654,-156.3901972
4692,-186.62688000000003,0.49674663541887976,0.00998645168764533,113,3.1561641693115234,-156.3901972
4693,-184.88182000000003,0.6144065356382461,0.00998645168764533,134,3.817595958709717,-156.40731839999998
4694,-190.09478000000001,0.6570519273984969,0.00998645168764533,322,8.884551286697388,-156.4766764
4695,-179.75554,0.5378832368189908,0.00998645168764533,191,5.3282530307769775,-157.1930152
4696,-143.58311999999984,0.5788519544765354,0.00998645168764533,625,17.44562792778015,-156.33214
4697,-186.62688000000003,0.5746422173471841,0.00998645168764533,113,3.136356830596924,-156.57053679999999
4698,-169.68224000000004,0.4829582293152011,0.00998645168764533,560,15.598484992980957,-156.908932
4699,-182.30176,0.519010877539738,0.00998645168764533,209,5.7963409423828125,-157.04286
4700,-184.31478,0.6502461468327557,0.00998645168764533,303,8.399853944778442,-157.75109080000001
4701,0.6812800000000019,0.5160500134527235,0.00998645168764533,832,23.35465407371521,-154.4540956
4702,-186.62688000000003,0.5760964380692591,0.00998645168764533,113,3.200066089630127,-154.4540956
4703,-186.62688000000003,0.6485854453217667,0.00998645168764533,113,3.1593401432037354,-154.554948
4704,-170.78836000000004,0.49506624311273373,0.00998645168764533,461,12.878606796264648,-154.32468
4705,-186.62688000000003,0.4881787568792305,0.00998645168764533,113,3.095438241958618,-154.4556516
4706,-186.62688000000003,0.6139911977837966,0.00998645168764533,113,3.128026008605957,-158.1751236
4707,-186.62688000000003,0.5833911894433266,0.00998645168764533,113,3.1289873123168945,-158.1125628
4708,-171.70576000000005,0.6485572894201669,0.00998645168764533,257,7.135914087295532,-158.4736376
4709,-173.89720000000003,0.6114698327106896,0.00998645168764533,353,9.84891414642334,-158.4753268
4710,-186.62688000000003,0.6120942583620812,0.00998645168764533,113,3.104448080062866,-159.13609480000002
4711,-186.98886000000002,0.5387755790867537,0.00998645168764533,131,3.7041966915130615,-162.9265808
4712,-179.49176,0.7466408677537969,0.00998645168764533,577,16.130610942840576,-162.8126272
4713,-186.62688000000003,0.7186533638762426,0.00998645168764533,113,3.1798081398010254,-163.13563240000002
4714,-171.72458000000006,0.7938489728342847,0.00998645168764533,391,10.970344305038452,-163.1034268
4715,-186.62688000000003,0.7786216173914418,0.00998645168764533,113,3.185487985610962,-163.98761679999998
4716,-172.03482000000002,0.6613668890538514,0.00998645168764533,411,11.55639910697937,-163.69577560000002
4717,-168.77088,0.7340887180111891,0.00998645168764533,417,11.72550892829895,-163.444052
4718,-178.66162000000003,0.7433018542787281,0.00998645168764533,431,11.999722003936768,-163.50389400000003
4719,-172.49558000000002,0.6813534652728521,0.00998645168764533,391,10.883979797363281,-163.3256232
4720,-176.14384000000004,0.6473249965716653,0.00998645168764533,1097,30.622644901275635,-163.1159624
4721,-166.98716000000002,0.6061534406306349,0.00998645168764533,629,17.74587082862854,-162.72316800000002
4722,-186.62688000000003,0.5895472069361568,0.00998645168764533,113,3.1980950832366943,-166.69526720000002
4723,-186.61786,0.7137121137996477,0.00998645168764533,263,7.293496131896973,-166.8326888
4724,-186.62688000000003,0.7506176345544843,0.00998645168764533,113,3.170605182647705,-166.77049920000002
4725,-184.34876000000003,0.8067980531770258,0.00998645168764533,156,4.302244186401367,-167.3152876
4726,-184.90478000000002,0.6965719553240192,0.00998645168764533,1006,28.165354013442993,-167.28084560000002
4727,-184.88182000000003,0.57844707065387,0.00998645168764533,134,3.688429117202759,-167.2459444
4728,-186.62688000000003,0.7161046733700596,0.00998645168764533,113,3.2122819423675537,-171.41566280000004
4729,-186.48832,0.5752793638320844,0.00998645168764533,209,5.888877868652344,-172.28082440000003
4730,-186.62688000000003,0.44247620476129573,0.00998645168764533,113,3.0906100273132324,-172.28082440000003
4731,-186.62688000000003,0.452096307551307,0.00998645168764533,113,3.1666438579559326,-172.28082440000003
4732,9.115999999999993,0.697521977550889,0.00998645168764533,968,27.196707010269165,-172.38866760000002
4733,-145.4016599999999,0.5834771244177469,0.00998645168764533,798,22.39597487449646,-171.5641632
4734,-1.3844799999999995,0.6734919611753867,0.00998645168764533,512,14.377986192703247,-168.17151280000002
4735,-186.62688000000003,0.6712561580311276,0.00998645168764533,113,3.0950980186462402,-168.3842856
4736,-152.63137999999992,0.5222444357291821,0.00998645168764533,794,21.76173710823059,-167.64147960000003
4737,-184.88182000000003,0.6430235047643976,0.00998645168764533,134,3.6511099338531494,-167.7711128
4738,-186.62688000000003,0.6632002517580986,0.00998645168764533,113,3.139371156692505,-168.31803040000003
4739,-169.37942000000004,0.5324993460820858,0.00998645168764533,1298,36.28951597213745,-168.20504240000002
4740,-178.46132,0.3961836671702929,0.00998645168764533,469,13.02352786064148,-168.04173120000004
4741,-186.62688000000003,0.47047026015290644,0.00998645168764533,113,3.0767738819122314,-168.66345280000002
4742,-171.91566000000003,0.4625679244060913,0.00998645168764533,362,9.980568885803223,-168.36922840000003
4743,-161.80992,0.4956860187968113,0.00998645168764533,633,17.75212001800537,-167.9077904
4744,-180.71592000000004,0.49610217037918486,0.00998645168764533,233,6.600692987442017,-167.7202132
4745,-167.79142000000004,0.5345207093561442,0.00998645168764533,563,15.611139059066772,-167.4809308
4746,-174.40712,0.5174417521808443,0.00998645168764533,481,13.480567932128906,-168.09741080000003
4747,-186.62688000000003,0.5029861597031091,0.00998645168764533,113,3.110969066619873,-168.09741080000003
4748,-171.29938000000004,0.49061259628640236,0.00998645168764533,287,7.9544899463653564,-168.12975360000002
4749,15.311439999999976,0.5185996683816572,0.00998645168764533,664,18.52370524406433,-164.1774896
4750,-186.96392000000003,0.5281348028071621,0.00998645168764533,376,10.464066982269287,-164.23047240000002
4751,-182.28688,0.605390662438811,0.00998645168764533,209,5.8309221267700195,-167.8898356
4752,-187.80738,0.5056771059558112,0.00998645168764533,471,13.106436967849731,-167.91344560000002
4753,-174.67836000000003,0.4462494471852012,0.00998645168764533,540,15.131144046783447,-167.67447520000002
4754,17.735840000000078,0.4474728413230931,0.00998645168764533,1088,30.46541404724121,-163.9039912
4755,-186.62688000000003,0.5329434810024974,0.00998645168764533,113,3.1075546741485596,-163.9039912
4756,-186.62688000000003,0.3731481863218731,0.00998645168764533,113,3.1911461353302,-163.9039912
4757,-184.88182000000003,0.4487197916092935,0.00998645168764533,134,3.7039220333099365,-163.86909000000003
4758,-186.62688000000003,0.592497547907112,0.00998645168764533,113,3.117341995239258,-164.16751240000002
4759,-186.62688000000003,0.37642477662920687,0.00998645168764533,113,3.1327502727508545,-164.422106
4760,-186.62688000000003,0.445035087472174,0.00998645168764533,113,3.1120901107788086,-164.422106
4761,-186.69572000000002,0.5533609776236394,0.00998645168764533,268,7.508193016052246,-164.41624320000003
4762,-141.97319999999982,0.48606110934743146,0.00998645168764533,745,20.795784950256348,-163.665872
4763,-159.00079999999997,0.5705648474696627,0.00998645168764533,649,18.03287434577942,-163.11335040000003
4764,5.655440000000019,0.5211450435257481,0.00998645168764533,1232,34.62939691543579,-159.56575
4765,4.803599999999999,0.4387232424148048,0.00998645168764533,624,17.584543228149414,-155.73714040000002
4766,-152.9050399999999,0.40024381637479195,0.00998645168764533,713,19.904783725738525,-155.3545448
4767,-154.32657999999992,0.35576521776867714,0.00998645168764533,534,14.957828760147095,-155.0656588
4768,-184.88182000000003,0.3375194372970666,0.00998645168764533,134,3.723806858062744,-155.19006280000002
4769,-186.62688000000003,0.4062444900236694,0.00998645168764533,113,3.1668050289154053,-155.47268880000001
4770,15.552480000000008,0.42065874984762514,0.00998645168764533,1248,34.81380915641785,-151.6387624
4771,-186.62688000000003,0.3495279985306933,0.00998645168764533,113,3.168107032775879,-152.0315568
4772,-0.11823999999999746,0.40307007719457033,0.00998645168764533,512,14.344106912612915,-148.30138399999998
4773,-186.62688000000003,0.3082669557162882,0.00998645168764533,113,3.176076889038086,-148.30156440000002
4774,-1.65215999999999,0.36015159322516666,0.00998645168764533,912,25.643378973007202,-144.60207
4775,-167.24004000000002,0.2884689402024917,0.00998645168764533,540,15.201229810714722,-144.2598956
4776,-186.62688000000003,0.3333070304953551,0.00998645168764533,113,3.1181979179382324,-144.2943376
4777,-186.62688000000003,0.450070324741238,0.00998645168764533,113,3.157947063446045,-144.3292388
4778,14.581840000000007,0.42594342162162635,0.00998645168764533,784,22.02498984336853,-140.30506440000002
4779,-186.62688000000003,0.38977939315733656,0.00998645168764533,113,3.165693998336792,-140.3078356
4780,-181.35706,0.3368275489178514,0.00998645168764533,167,4.70342493057251,-140.20243920000001
4781,-153.2903399999999,0.3259770306971182,0.00998645168764533,679,19.220640897750854,-139.5357084
4782,16.501200000000004,0.31438999761788483,0.00998645168764533,912,25.580951929092407,-139.3880044
4783,-186.62688000000003,0.3586660981244218,0.00998645168764533,113,3.121661901473999,-140.2125088
4784,-181.50674,0.2633106104078212,0.00998645168764533,511,14.390207052230835,-143.814954
4785,-172.00008000000003,0.3210458752098624,0.00998645168764533,321,9.002833127975464,-143.522418
4786,-182.30176,0.391841814305152,0.00998645168764533,209,5.900177001953125,-144.1158256
4787,-186.62688000000003,0.45537586093970894,0.00998645168764533,113,3.1607160568237305,-144.1507268
4788,-177.69192000000004,0.39580893124453725,0.00998645168764533,600,16.751352071762085,-143.9720276
4789,27.61320000000004,0.41013433092824936,0.00998645168764533,1416,39.6382110118866,-140.0321752
4790,-186.62688000000003,0.4495361190520029,0.00998645168764533,113,3.126729965209961,-140.19548640000002
4791,-186.62688000000003,0.434104264664373,0.00998645168764533,113,3.1449649333953857,-140.19548640000002
4792,44.82336000000025,0.3638641376312433,0.00998645168764533,1072,30.016336917877197,-135.860706
4793,-184.88182000000003,0.3074157896396051,0.00998645168764533,134,3.7980501651763916,-136.322144
4794,-183.31312,0.3780056682669304,0.00998645168764533,209,5.888998031616211,-136.374088
4795,-186.62688000000003,0.3132510279198136,0.00998645168764533,113,3.194791316986084,-136.7507972
4796,-0.8808000000000167,0.44656327001178975,0.00998645168764533,528,14.739953994750977,-133.2802708
4797,-186.62688000000003,0.6105888604837577,0.00998645168764533,113,3.1415271759033203,-133.2802708
4798,-139.27583999999973,0.4063268737318028,0.00998645168764533,817,22.92459487915039,-132.6398
4799,-151.09441999999984,0.37772113147713193,0.00998645168764533,1418,39.33727526664734,-135.9679172
4800,-147.10279999999983,0.3736430422625407,0.00998645168764533,833,23.329303979873657,-135.17069479999998
4801,-188.79688000000002,0.3817062408577044,0.00998645168764533,313,8.43215298652649,-135.30089479999998
4802,-184.88182000000003,0.3558488301654805,0.00998645168764533,134,3.6008660793304443,-135.24238359999998
4803,-178.10242000000002,0.39368359502334105,0.00998645168764533,263,7.060283899307251,-135.3108648
4804,-153.2729799999999,0.4379652239153204,0.00998645168764533,927,24.946877002716064,-138.7310412
4805,-166.29080000000005,0.3840396497504447,0.00998645168764533,352,9.5418381690979,-138.32431959999997
4806,-188.23392,0.38371245901281426,0.00998645168764533,144,3.8544719219207764,-138.35646039999997
4807,-169.71750000000003,0.40411264858463714,0.00998645168764533,303,8.13181471824646,-138.05317399999998
4808,-190.1903,0.41128628339659234,0.00998645168764533,274,7.363025188446045,-138.1244424
4809,-186.62688000000003,0.3985255956979452,0.00998645168764533,113,3.0302419662475586,-138.1244424
4810,-167.29364000000004,0.3639516961151295,0.00998645168764533,492,13.21402382850647,-137.7377776
4811,-180.06676000000002,0.39636030524523386,0.00998645168764533,677,18.200533866882324,-137.60519839999998
4812,-186.62688000000003,0.42764558066177155,0.00998645168764533,113,3.1336021423339844,-138.498272
4813,7.058799999999993,0.45466949885150976,0.00998645168764533,1144,30.815507888793945,-135.17708
4814,-173.72791999999998,0.5247446518671397,0.00998645168764533,592,15.969976902008057,-138.7647472
4815,-186.62688000000003,0.4164150401834497,0.00998645168764533,113,3.0433781147003174,-142.59335679999998
4816,-150.34263999999988,0.45417163290067,0.00998645168764533,681,18.381397008895874,-142.5421088
4817,-182.27152,0.5092693526235422,0.00998645168764533,209,5.617008209228516,-143.1010076
4818,-178.32096,0.3688178146177883,0.00998645168764533,465,12.500888109207153,-142.9697904
4819,-175.40920000000003,0.32843668444297985,0.00998645168764533,233,6.294640779495239,-142.7454368
4820,-173.44424,0.5189291621947446,0.00998645168764533,529,14.23077392578125,-146.5253712
4821,-182.28640000000001,0.4305389841893715,0.00998645168764533,209,5.636282205581665,-146.43856159999999
4822,-182.27152,0.3331749843451324,0.00998645168764533,209,5.702854156494141,-150.08162719999999
4823,-162.37358,0.4692709069633437,0.00998645168764533,511,13.79075813293457,-149.5965612
4824,-187.8874,0.5641582152325539,0.00998645168764533,124,3.3335189819335938,-153.321266
4825,-178.77928000000003,0.45298173321810153,0.00998645168764533,392,10.555947065353394,-153.5520508
4826,-186.76086,0.6383999821719253,0.00998645168764533,174,4.688999891281128,-153.55473039999998
4827,-186.62688000000003,0.44343537525727156,0.00998645168764533,113,3.0428237915039062,-153.55473039999998
4828,-167.41910000000004,0.5168696700136329,0.00998645168764533,698,18.83176898956299,-157.1947492
4829,-186.62688000000003,0.6363656034412901,0.00998645168764533,113,3.040663957595825,-157.1947492
4830,-186.62688000000003,0.6116403009561179,0.00998645168764533,113,3.1000308990478516,-157.3001456
4831,-186.62688000000003,0.4926503643855057,0.00998645168764533,113,3.0349550247192383,-157.9668764
4832,-166.72164000000004,0.5589260974536754,0.00998645168764533,612,16.52571988105774,-161.6313332
4833,-186.62688000000003,0.699947205240286,0.00998645168764533,113,3.0484097003936768,-161.6313332
4834,-186.12696,0.6681151780972464,0.00998645168764533,144,4.119894981384277,-161.7237376
4835,-184.88182000000003,0.753970846644978,0.00998645168764533,134,3.628657817840576,-161.9813724
4836,-176.35728000000003,0.682335096336473,0.00998645168764533,609,16.38073420524597,-161.8624828
4837,-186.62688000000003,0.7261633416225689,0.00998645168764533,113,3.041496753692627,-161.8624828
4838,-186.62688000000003,0.6679624723089216,0.00998645168764533,113,3.0552878379821777,-162.041182
4839,-171.79450000000003,0.5425919992884642,0.00998645168764533,263,7.2503650188446045,-166.029336
4840,-172.73654000000002,0.69258404432893,0.00998645168764533,451,12.279394149780273,-165.7515292
4841,-175.88146000000003,0.5078682340055614,0.00998645168764533,491,13.388041019439697,-165.53662079999998
4842,-160.41768,0.6302447848914502,0.00998645168764533,768,21.203775882720947,-169.6414416
4843,-157.09247999999997,0.6187319497108361,0.00998645168764533,609,17.011317014694214,-169.08565480000001
4844,-170.49368,0.6267171087039803,0.00998645168764533,352,9.780331134796143,-168.829266
4845,-186.62688000000003,0.7346507426334825,0.00998645168764533,113,3.131441831588745,-168.829266
4846,-174.18544,0.6187692617548497,0.00998645168764533,560,15.38768982887268,-172.2953588
4847,-172.17262000000002,0.7411634631697899,0.00998645168764533,322,8.788737773895264,-172.0062736
4848,-186.62688000000003,0.7552069392450879,0.00998645168764533,113,3.24113392829895,-172.9532944
4849,-179.75554,0.640152037104699,0.00998645168764533,191,5.2375922203063965,-173.52651680000002
4850,-186.62688000000003,0.9706411902026265,0.00998645168764533,113,3.2574219703674316,-174.31699840000002
4851,-171.29938000000004,0.7592225408291879,0.00998645168764533,287,8.119140863418579,-173.9670484
4852,-175.09470000000002,0.8294445788076158,0.00998645168764533,362,10.015867233276367,-173.771306
4853,-168.53838000000005,0.7413336830010469,0.00998645168764533,550,15.33911395072937,-173.58002520000002
4854,-186.62688000000003,0.7595470641138016,0.00998645168764533,113,3.1681699752807617,-174.24710320000003
4855,-159.79617999999994,0.6814743056077166,0.00998645168764533,639,17.865083932876587,-174.11721080000004
4856,-186.62688000000003,0.5753698664330011,0.00998645168764533,113,3.1495349407196045,-174.08507
4857,-172.26964000000004,0.5924884095361613,0.00998645168764533,332,9.336251974105835,-174.1361128
4858,-186.38518000000002,0.6541591998790541,0.00998645168764533,155,4.302364349365234,-174.06001040000004
4859,-182.28640000000001,0.6662891132748155,0.00998645168764533,209,5.868863105773926,-173.9732008
4860,-186.62688000000003,0.8285473430183081,0.00998645168764533,113,3.1587960720062256,-174.3598656
4861,-178.71662,0.8602919675000207,0.00998645168764533,382,10.583829879760742,-174.33286280000002
4862,-182.84026,0.723039546257813,0.00998645168764533,287,8.119512796401978,-174.25713040000002
4863,-182.72802,0.8490988608022337,0.00998645168764533,231,6.392811059951782,-178.0528668
4864,-184.31348,0.7013653597444486,0.00998645168764533,157,4.3578081130981445,-178.264578
4865,-188.23968000000002,0.7825619972880102,0.00998645168764533,144,3.9926798343658447,-178.29683400000002
4866,-171.91376000000002,0.7112709928791934,0.00998645168764533,313,8.712331056594849,-178.72825640000002
4867,31.989680000000035,0.6474731160282022,0.00998645168764533,1872,52.38603711128235,-174.44303240000002
4868,-175.71752000000004,0.6243199530481641,0.00998645168764533,481,13.816830158233643,-174.39096360000002
4869,-186.62688000000003,0.8042583072112989,0.00998645168764533,113,3.1309540271759033,-174.61531720000002
4870,-175.45736000000002,0.6249586732306841,0.00998645168764533,481,13.383173704147339,-174.6555796
4871,-186.62688000000003,0.7908241159356801,0.00998645168764533,113,3.1372900009155273,-174.74238920000005
4872,-178.20788,0.6524703043928858,0.00998645168764533,748,21.24592685699463,-174.66111640000003
4873,-167.92860000000005,0.608679760809474,0.00998645168764533,580,16.231626987457275,-174.77221680000002
4874,-187.0208,0.6439753097239072,0.00998645168764533,184,5.196147918701172,-174.7548848
4875,-182.87604,0.6027019265743475,0.00998645168764533,189,5.3227479457855225,-174.83682000000002
4876,-175.04094,0.7461262955330312,0.00998645168764533,362,10.134255647659302,-174.6024216
4877,7.122079999999965,0.6119128507031265,0.00998645168764533,1088,30.49645209312439,-170.7274424
4878,-173.87220000000002,0.5106154188363888,0.00998645168764533,261,7.246014833450317,-170.8565044
4879,-175.58884,0.5288056188450535,0.00998645168764533,293,8.207131147384644,-170.6357436
4880,-184.88766,0.5790336324570288,0.00998645168764533,131,3.6220531463623047,-170.60095920000003
4881,-145.60205999999974,0.5045586179666014,0.00998645168764533,1006,28.152878999710083,-169.7804628
4882,34.012320000000074,0.4559147033245151,0.00998645168764533,1624,45.665916204452515,-165.7657836
4883,-186.62688000000003,0.29498253705853644,0.00998645168764533,113,3.1462509632110596,-165.7657836
4884,-186.62688000000003,0.384876138514188,0.00998645168764533,113,3.1443679332733154,-165.775782
4885,-186.62688000000003,0.3589187574993193,0.00998645168764533,113,3.1183197498321533,-165.81068320000003
4886,-164.04590000000005,0.3762062887620667,0.00998645168764533,391,10.963502883911133,-165.5644556
4887,-185.7957,0.3847666647217994,0.00998645168764533,471,13.24204707145691,-165.54783200000003
4888,-163.40346,0.41956979558030794,0.00998645168764533,703,19.602373838424683,-165.0833636
4889,-187.82478000000003,0.44927256210204,0.00998645168764533,174,4.833416938781738,-165.4039692
4890,-156.21428000000003,0.5052220795602764,0.00998645168764533,965,27.389060735702515,-165.073524
4891,-186.62688000000003,0.5483368836607025,0.00998645168764533,113,3.2192461490631104,-165.28843240000003
4892,-165.03768000000002,0.44809503500221,0.00998645168764533,441,12.485151052474976,-165.3808324
4893,-182.28688,0.4469360266433378,0.00998645168764533,209,5.822790861129761,-165.8847204
4894,-179.90384,0.4988458522699804,0.00998645168764533,241,6.6614110469818115,-166.0729236
4895,-186.78548,0.5693927763645807,0.00998645168764533,124,3.447646141052246,-166.0760956
4896,-186.62688000000003,0.45309451405387535,0.00998645168764533,113,3.1077418327331543,-166.32492440000001
4897,9.616239999999998,0.45903238834103294,0.00998645168764533,976,27.203739881515503,-162.6891472
4898,-160.38729999999998,0.478882397833476,0.00998645168764533,471,13.153362035751343,-162.1643556
4899,-164.12928,0.3680401626175312,0.00998645168764533,352,9.820759057998657,-161.8518304
4900,-191.73524,0.4022150270073958,0.00998645168764533,253,7.1160807609558105,-161.9539976
4901,-173.53382000000002,0.4851676433387658,0.00998645168764533,391,10.49391794204712,-161.9986864
4902,-186.62688000000003,0.5286303439828675,0.00998645168764533,113,3.0210490226745605,-162.22933
4903,-186.62688000000003,0.27474253705447227,0.00998645168764533,113,3.040919065475464,-162.5911
4904,-182.27968,0.4232403214120765,0.00998645168764533,209,5.591792821884155,-162.504156
4905,-162.34772,0.5509705191704067,0.00998645168764533,709,19.14052414894104,-162.5551868
4906,-171.29938000000004,0.633723877308702,0.00998645168764533,287,7.737447261810303,-162.2486368
4907,-142.96487999999982,0.533230833902123,0.00998645168764533,985,26.46885585784912,-161.6625416
4908,-169.14262000000005,0.5109015720685557,0.00998645168764533,530,14.24630093574524,-161.3176904
4909,-140.86631999999977,0.5664803357864456,0.00998645168764533,937,25.227678298950195,-160.4892888
4910,-184.88182000000003,0.5609700237748338,0.00998645168764533,134,3.628674030303955,-160.4543876
4911,-171.52834000000001,0.6112385671794445,0.00998645168764533,491,13.184303760528564,-160.310622
4912,-173.30990000000003,0.5287574798609885,0.00998645168764533,382,10.272189140319824,-160.1200148
4913,-186.62688000000003,0.47954149974460625,0.00998645168764533,113,3.031796932220459,-160.197992
4914,-186.62688000000003,0.5219309013007225,0.00998645168764533,113,3.034827947616577,-160.24426
4915,-167.83080000000007,0.48459558893216775,0.00998645168764533,521,14.076127052307129,-159.8360824
4916,-180.65456,0.6157087076090925,0.00998645168764533,184,4.989109992980957,-160.0108984
4917,-186.62688000000003,0.4332689673400822,0.00998645168764533,113,3.0416202545166016,-164.38322960000002
4918,-177.92396000000002,0.7115022969089831,0.00998645168764533,253,6.830917835235596,-164.4273584
4919,-186.62688000000003,0.7657019360963486,0.00998645168764533,113,3.036423921585083,-164.4273584
4920,-186.62688000000003,0.6094680359933229,0.00998645168764533,113,3.0332770347595215,-164.6507488
4921,-182.27968,0.5191709028877781,0.00998645168764533,209,5.635112047195435,-164.56380479999999
4922,-186.62688000000003,0.9227887332950414,0.00998645168764533,113,3.046499013900757,-164.7321848
4923,13.390639999999998,0.5229442154536215,0.00998645168764533,704,18.968743801116943,-161.1058
4924,-182.60304,0.6447565288593372,0.00998645168764533,225,6.093357086181641,-161.0174448
4925,15.127520000000008,0.5765861878089388,0.00998645168764533,680,18.34115195274353,-157.0573736
4926,-186.62688000000003,0.3995219282311412,0.00998645168764533,113,3.0421528816223145,-157.28909240000002
4927,-186.62688000000003,0.4973601432995195,0.00998645168764533,113,3.0501177310943604,-161.1640716
4928,-186.62688000000003,0.7763774908452699,0.00998645168764533,113,3.046461820602417,-161.4191652
4929,19.654240000000044,0.5607354372853273,0.00998645168764533,952,25.578086853027344,-157.5143036
4930,-186.62688000000003,0.5089370848660448,0.00998645168764533,113,3.044602155685425,-157.549088
4931,-187.8874,0.6819116910468908,0.00998645168764533,124,3.3398890495300293,-158.3947948
4932,-165.61164000000002,0.585466282837872,0.00998645168764533,612,16.595757007598877,-162.38727400000002
4933,-169.88302000000004,0.5497681375783328,0.00998645168764533,362,9.789820194244385,-162.0523968
4934,26.90752000000014,0.5484626152998435,0.00998645168764533,1592,43.09395790100098,-157.78170880000002
4935,-186.62688000000003,0.5771345120022254,0.00998645168764533,113,3.046381950378418,-157.78170880000002
4936,-186.62688000000003,0.7626126293356703,0.00998645168764533,113,3.035276174545288,-158.2333284
4937,-163.89056000000005,0.6022898015461552,0.00998645168764533,1273,34.31276202201843,-157.7952256
4938,-164.62532000000004,0.5504741473262434,0.00998645168764533,469,12.719613075256348,-157.8196628
4939,-169.45736000000005,0.5432209447846451,0.00998645168764533,352,9.590963125228882,-157.4523144
4940,-182.27152,0.5323694638560335,0.00998645168764533,209,5.6365649700164795,-157.9734592
4941,-186.62688000000003,0.6288295443029662,0.00998645168764533,113,3.046510696411133,-157.9734592
4942,-186.62688000000003,0.43733850067102276,0.00998645168764533,113,3.0559701919555664,-158.4052432
4943,-186.822,0.41771603710949423,0.00998645168764533,225,6.126918077468872,-158.49594560000003
4944,-153.78763999999995,0.5071948981848905,0.00998645168764533,557,15.016906976699829,-157.9736216
4945,-161.90992,0.5211088320986387,0.00998645168764533,392,10.567553043365479,-157.4761104
4946,-186.62688000000003,0.4688991390712625,0.00998645168764533,113,3.0442638397216797,-157.4761104
4947,-186.62688000000003,0.45493193478447147,0.00998645168764533,113,3.0473570823669434,-161.4009728
4948,-186.62688000000003,0.6480135905795392,0.00998645168764533,113,3.1021299362182617,-161.92576440000002
4949,-151.8711199999999,0.5871111183222129,0.00998645168764533,513,13.939052104949951,-161.6806012
4950,-186.62688000000003,0.5482152763721162,0.00998645168764533,113,3.0706799030303955,-161.57843400000002
4951,-139.30641999999983,0.5217175787751904,0.00998645168764533,963,26.28682279586792,-160.893886
4952,-165.92583999999997,0.4454994216014322,0.00998645168764533,521,14.109401941299438,-160.4798652
4953,-145.00451999999987,0.42299595442667387,0.00998645168764533,1045,28.35218620300293,-159.647418
4954,-143.67427999999978,0.4072499591939938,0.00998645168764533,1013,27.466670989990234,-158.87530999999998
4955,-186.62688000000003,0.5065300890483555,0.00998645168764533,113,3.0535342693328857,-159.3608932
4956,-164.67973999999998,0.4484607809167049,0.00998645168764533,547,14.876023054122925,-159.2285004
4957,-176.26532,0.44038673788348814,0.00998645168764533,469,12.686349868774414,-159.8945092
4958,-191.94286,0.6000270414042662,0.00998645168764533,362,9.785595893859863,-160.350514
4959,-186.62688000000003,0.635785219861211,0.00998645168764533,113,3.058096170425415,-161.2657252
4960,-150.1702199999999,0.48278830062130584,0.00998645168764533,534,14.439682006835938,-160.5714932
4961,-168.88812000000001,0.5332248219368999,0.00998645168764533,372,10.114176988601685,-160.5186888
4962,-175.56512,0.5206415690332651,0.00998645168764533,625,16.939799070358276,-160.5637932
4963,-184.88182000000003,0.7119356608435289,0.00998645168764533,134,3.618412971496582,-160.52889199999998
4964,-186.62688000000003,0.5670464141376778,0.00998645168764533,113,3.048718214035034,-160.52889199999998
4965,-179.82304000000002,0.5147911998424299,0.00998645168764533,392,10.596310138702393,-160.7687368
4966,-166.84588000000005,0.5758420243108224,0.00998645168764533,620,16.781877040863037,-160.4925632
4967,-184.4334,0.4574826693649361,0.00998645168764533,501,13.688206911087036,-160.4486936
4968,-186.62688000000003,0.6255872084437746,0.00998645168764533,113,3.0626609325408936,-160.622752
4969,-166.42862000000005,0.5244321207961838,0.00998645168764533,307,8.328851222991943,-160.2187868
4970,-144.4217199999997,0.4596389932305842,0.00998645168764533,1293,35.14246916770935,-159.3746836
4971,-188.06744000000003,0.44068376742222387,0.00998645168764533,184,5.043499946594238,-159.4904388
4972,-180.33396000000002,0.4485496299542452,0.00998645168764533,213,5.761358022689819,-159.3645804
4973,-183.24308000000002,0.37676654078743677,0.00998645168764533,253,6.865619897842407,-163.2972548
4974,-182.95418,0.5191653931845,0.00998645168764533,382,10.281044006347656,-163.30427759999998
4975,20.094400000000007,0.47429615167549005,0.00998645168764533,1048,28.053095817565918,-163.20494
4976,-177.97782000000004,0.47278572875877906,0.00998645168764533,203,5.544748067855835,-163.03195879999998
4977,9.510239999999992,0.49840703246203094,0.00998645168764533,960,25.706501722335815,-159.10921639999998
4978,-169.12777999999997,0.4691460442629035,0.00998645168764533,771,20.621449947357178,-158.7592344
4979,-187.8874,0.5747772135861939,0.00998645168764533,124,3.3153960704803467,-162.9100672
4980,-185.69336,0.41568900013400567,0.00998645168764533,417,11.185133934020996,-162.8913968
4981,-169.32166,0.5107507490498973,0.00998645168764533,690,18.641730070114136,-162.52008199999997
4982,-180.65456,0.4788230770449761,0.00998645168764533,184,4.963541030883789,-162.8209404
4983,-180.65456,0.5308923554788951,0.00998645168764533,184,4.939239978790283,-163.0363712
4984,-182.27968,0.5470715897006281,0.00998645168764533,209,5.651412010192871,-167.2201152
4985,-163.66224000000003,0.4599707883907981,0.00998645168764533,721,19.520257711410522,-166.7608224
4986,-184.02576000000002,0.39273903750452316,0.00998645168764533,144,3.8551511764526367,-166.7088
4987,-186.98814000000002,0.5457692405507537,0.00998645168764533,131,3.5417511463165283,-167.17075160000002
4988,-186.62688000000003,0.44238789733993794,0.00998645168764533,113,3.0831809043884277,-167.61078279999998
4989,-182.47258,0.44467358777649413,0.00998645168764533,362,9.75742220878601,-167.8710872
4990,-186.62688000000003,0.3162434978361151,0.00998645168764533,113,3.04233980178833,-167.9581944
4991,-189.82982,0.4650747146784463,0.00998645168764533,262,7.050139904022217,-168.02225319999997
4992,-182.25966000000003,0.6899145160082192,0.00998645168764533,299,8.033972263336182,-167.9349088
4993,-175.16402000000002,0.5126392099051327,0.00998645168764533,511,13.76297116279602,-167.70174919999997
4994,-173.89306000000002,0.5874235551634329,0.00998645168764533,263,7.082568883895874,-168.1038576
4995,-181.13526000000002,0.6252565636056397,0.00998645168764533,203,5.448446989059448,-168.4883644
4996,-186.62688000000003,0.598408040681244,0.00998645168764533,113,3.024829149246216,-168.4883644
4997,-186.62688000000003,0.6917812985870823,0.00998645168764533,113,3.1091980934143066,-168.4883644
4998,-175.42416,0.5424066550858939,0.00998645168764533,600,16.140251874923706,-168.26431
4999,-186.62688000000003,0.5357045287480661,0.00998645168764533,113,3.0467641353607178,-168.9594252
