episode,reward,loss,epsilon,steps,duration_sec,ma_reward_50
0,-189.09608,0.25326985018540815,0.995,481,0.8048880100250244,-189.09608
1,-199.60168000000002,0.3679278749952696,0.990025,281,0.5423691272735596,-194.34888
2,-196.18886000000003,0.4672262878316275,0.985074875,322,0.6322822570800781,-194.96220666666667
3,-195.44920000000002,0.4199197451265867,0.9801495006250001,281,0.5601449012756348,-195.083955
4,-199.7896,0.5293978247839045,0.9752487531218751,392,0.7554507255554199,-196.02508400000002
5,-192.4972,0.5273777113767693,0.9703725093562657,392,0.7300338745117188,-195.43710333333334
6,-191.95362,0.4246416486173812,0.9655206468094844,927,1.7400429248809814,-194.93946285714287
7,-194.2333,0.381027841323602,0.960693043575437,431,0.8006908893585205,-194.85119250000002
8,-197.52634,0.4862265899916949,0.9558895783575597,287,0.533689022064209,-195.1484311111111
9,-200.4313,0.5116720406631847,0.9511101304657719,1067,2.0781209468841553,-195.676718
10,-194.25566000000003,0.40906419358289364,0.946354579813443,382,0.7360630035400391,-195.5475309090909
11,-193.94002,0.3952943223490673,0.9416228069143757,467,0.9319717884063721,-195.41357166666668
12,-192.16968000000003,0.4176192507472782,0.9369146928798039,480,0.9702210426330566,-195.16404153846153
13,-201.27872,0.4534876199592405,0.9322301194154049,313,0.5939211845397949,-195.6008042857143
14,-194.2879,0.4355547487856449,0.9275689688183278,326,0.6404018402099609,-195.51327733333335
15,-197.55764000000002,0.4694884157405201,0.9229311239742362,877,1.68379807472229,-195.64105
16,-195.99120000000002,0.3416086383958784,0.918316468354365,209,0.4012620449066162,-195.66164705882352
17,-178.45180000000002,0.3771540826273461,0.9137248860125932,1125,2.2057740688323975,-194.70554444444446
18,-194.90536,0.34270056340905825,0.9091562615825302,209,0.40228915214538574,-194.71606105263157
19,-196.89294,0.38327086387780107,0.9046104802746175,651,1.248694896697998,-194.824905
20,-197.4676,0.36214347872853103,0.9000874278732445,233,0.44678211212158203,-194.95074761904763
21,-193.49502,0.347424819122678,0.8955869907338783,243,0.4651670455932617,-194.88457818181817
22,-197.50466,0.38448461859333427,0.8911090557802088,235,0.4515550136566162,-194.99849478260873
23,-196.96448,0.5289849134384316,0.8866535105013078,352,0.6723239421844482,-195.08041083333333
24,-187.23766,0.43041762158421926,0.8822202429488013,547,1.053668737411499,-194.7667008
25,10.77152000000002,0.37233804340681687,0.8778091417340573,1848,3.510756731033325,-186.86138461538465
26,-185.86348,0.41033784795800754,0.8734200960253871,332,0.6318168640136719,-186.82442518518522
27,-187.86786,0.35160125335962195,0.8690529955452602,279,0.5313100814819336,-186.86169071428571
28,-191.10186,0.3658062723960155,0.8647077305675338,231,0.4444708824157715,-187.0079034482759
29,-189.46456,0.39655179919778344,0.8603841919146962,401,0.7752499580383301,-187.08979200000002
30,-196.4477,0.586905176302002,0.8560822709551227,235,0.4529719352722168,-187.39166
31,-197.45182000000003,0.3887396000246605,0.851801859600347,530,1.0236659049987793,-187.70604
32,-193.10672000000002,0.34955307296707533,0.8475428503023453,273,0.5260181427001953,-187.869696969697
33,-189.69564000000003,0.5587722083997471,0.8433051360508336,213,0.4092249870300293,-187.9234011764706
34,1.2195200000000064,0.5265978465762512,0.8390886103705794,656,1.265143871307373,-182.5193177142857
35,-188.80596,0.35347568609198476,0.8348931673187264,372,0.7165119647979736,-182.69394666666668
36,-192.01182000000003,0.3768912623529376,0.8307187014821328,174,0.3336660861968994,-182.9457810810811
37,-197.78496,0.45178594514828824,0.8265651079747222,345,0.6641311645507812,-183.3362857894737
38,-199.42214000000004,0.485674609716499,0.8224322824348486,274,0.5282011032104492,-183.74874358974358
39,-192.60041999999999,0.31649023525243186,0.8183201210226743,303,0.583935022354126,-183.97003550000002
40,-191.38612,0.48889082787815025,0.8142285204175609,245,0.4743189811706543,-184.1509156097561
41,-190.29988,0.3088113880500121,0.810157377815473,293,0.5649752616882324,-184.29731952380953
42,-195.21120000000002,0.6038667959150755,0.8061065909263957,225,0.44104480743408203,-184.5511306976744
43,-190.24112,0.4746354288003767,0.8020760579717637,433,0.8389718532562256,-184.68044863636365
44,-190.95276,0.4550354804963209,0.798065677681905,372,0.7268407344818115,-184.81983333333332
45,-187.33936,0.44044373924100766,0.7940753492934954,401,0.7776031494140625,-184.8746056521739
46,-191.58184,0.4950346922803266,0.7901049725470279,401,0.775191068649292,-185.01731276595746
47,-189.48042,0.6071707390750959,0.7861544476842928,255,0.5033748149871826,-185.11029416666668
48,-193.29256,0.35447549861815836,0.7822236754458713,233,0.45260000228881836,-185.27727918367347
49,-187.46138,0.49499684919643266,0.778312557068642,511,1.0069777965545654,-185.32096120000003
50,-185.51256,0.4346861111975422,0.7744209942832988,1161,2.2875261306762695,-185.2492908
51,-192.51688000000001,0.5716781446883947,0.7705488893118823,193,0.37278008460998535,-185.10759480000002
52,-188.42404,0.622242199040154,0.7666961448653229,452,0.8721010684967041,-184.9522984
53,-193.28678,0.6091620873413609,0.7628626641409962,382,0.7381250858306885,-184.90905000000004
54,-193.4081,0.4588149638835798,0.7590483508202912,391,0.7569589614868164,-184.78142
55,-196.74486000000002,0.5966012790191905,0.7552531090661897,546,1.0570669174194336,-184.86637320000003
56,-196.91686,0.5351314787289099,0.7514768435208588,254,0.4879648685455322,-184.965638
57,-193.1413,0.39358899319459767,0.7477194593032545,275,0.531653881072998,-184.94379800000002
58,-192.76504,0.5243609878535351,0.7439808620067382,209,0.4032418727874756,-184.84857200000002
59,-190.10264,0.6455746186497298,0.7402609576967045,184,0.35601186752319336,-184.6419988
60,-190.62928000000002,0.5130540187076251,0.736559652908221,209,0.4044981002807617,-184.5694712
61,-188.09076,0.5742233322562512,0.7328768546436799,540,1.0529570579528809,-184.452486
62,-194.86768,0.5783823178428794,0.7292124703704616,257,0.49782705307006836,-184.50644599999998
63,-182.01600000000002,0.5763072413272069,0.7255664080186093,600,1.162316083908081,-184.12119160000003
64,-192.02762,0.5365075735498487,0.7219385759785162,223,0.4318430423736572,-184.075986
65,12.580880000000043,0.4896883993961161,0.7183288830986236,2352,4.515467882156372,-179.8732156
66,-195.43440000000004,0.5396678166537917,0.7147372386831305,233,0.4521598815917969,-179.8620796
67,-194.09868,0.47057539975722523,0.7111635524897149,372,0.7216629981994629,-180.1750172
68,21.6372,0.4101583749199813,0.7076077347272662,1336,2.5683860778808594,-175.844166
69,-197.05740000000003,0.32441390252632785,0.7040696960536299,213,0.4102180004119873,-175.8474552
70,-189.28304,0.37278284916142723,0.7005493475733617,193,0.41534996032714844,-175.683764
71,-189.52992000000003,0.41466053225965405,0.697046600835495,353,0.6932299137115479,-175.604462
72,-183.35842,0.3131878474105801,0.6935613678313175,263,0.5169322490692139,-175.32153720000002
73,-189.03934,0.3270698827584736,0.6900935609921609,131,0.25428223609924316,-175.1630344
74,-183.37278,0.4136225038268526,0.6866430931872001,362,0.7010619640350342,-175.0857368
75,-194.33016000000003,0.4760313332675611,0.6832098777212641,321,0.6197400093078613,-179.1877704
76,-190.83052,0.3600258074925145,0.6797938283326578,164,0.32539868354797363,-179.2871112
77,-188.7348,0.41568929858939,0.6763948591909945,417,0.8184950351715088,-179.30445
78,-175.26956000000004,0.4891797476951939,0.6730128848950395,781,1.514153242111206,-178.98780399999998
79,-191.77444,0.5048288140964325,0.6696478204705644,212,0.4120759963989258,-179.0340016
80,-190.04960000000003,0.4608118720155336,0.6662995813682115,177,0.3515629768371582,-178.9060396
81,-189.19458,0.3864384727438522,0.6629680834613705,339,0.6934919357299805,-178.74089480000004
82,-175.12568000000002,0.438829637792234,0.6596532430440636,1025,2.032963991165161,-178.38127400000002
83,-187.79996,0.43045625234566837,0.6563549768288433,469,0.9142980575561523,-178.34336040000002
84,-178.63744000000003,0.3173209858831175,0.653073201944699,689,1.3376476764678955,-181.9404996
85,-193.72506,0.30983943075831666,0.6498078359349755,203,0.3948328495025635,-182.03888160000002
86,-182.08494000000002,0.4299711270788685,0.6465587967553006,750,1.4542579650878906,-181.84034400000002
87,-198.68584,0.4238189487309404,0.6433260027715241,392,0.7646362781524658,-181.85836160000002
88,-193.26758,0.4173649992051422,0.6401093727576664,382,0.7397198677062988,-181.73527040000002
89,-191.8234,0.4377757166995008,0.6369088258938781,164,0.3191800117492676,-181.71973000000003
90,-180.84297999999995,0.40657174832098625,0.6337242817644086,1947,3.835815906524658,-181.50886720000003
91,-195.99408000000003,0.5199616437706734,0.6305556603555866,360,0.6994137763977051,-181.6227512
92,-184.01550000000003,0.31263495493994514,0.6274028820538087,243,0.47825002670288086,-181.3988372
93,1.4356800000000245,0.4108074220573707,0.6242658676435396,840,1.6390259265899658,-177.5653012
94,-172.60298000000003,0.38308676722515966,0.6211445383053219,1006,1.977208137512207,-177.19830560000003
95,-179.97650000000002,0.3238113474723121,0.6180388156137953,550,1.0973601341247559,-177.0510484
96,-184.05220000000003,0.3815301171775729,0.6149486215357263,293,0.5740211009979248,-176.90045560000002
97,-184.51848,0.3120554838749354,0.6118738784280476,264,0.518308162689209,-176.8012168
98,-198.90924,0.29816600747561706,0.6088145090359074,300,0.588921070098877,-176.91355040000002
99,-196.90244,0.28856669038372196,0.6057704364907278,253,0.49484992027282715,-177.1023716
100,-190.58298,0.30866707680893724,0.6027415843082742,203,0.3985321521759033,-177.20378
101,-193.92072000000002,0.31654990764677915,0.5997278763867329,209,0.4359099864959717,-177.23185680000003
102,-183.55784,0.503728555017919,0.5967292370047992,673,1.3453929424285889,-177.13453280000002
103,-185.08702,0.40450040966327017,0.5937455908197752,443,0.8666110038757324,-176.97053760000003
104,-192.65732,0.42295845820505923,0.5907768628656763,253,0.49243807792663574,-176.95552200000003
105,-188.25562000000002,0.34791589711267357,0.5878229785513479,491,0.9577658176422119,-176.7857372
106,-179.25860000000003,0.3693357168131871,0.5848838636585911,469,0.9093081951141357,-176.432572
107,-190.32864,0.2978670615525011,0.5819594443402982,144,0.2832319736480713,-176.3763188
108,-190.32864,0.47254572544544415,0.5790496471185967,144,0.2816617488861084,-176.3275908
109,-192.80688,0.4540933496835942,0.5761543988830038,1193,2.3521170616149902,-176.38167560000002
110,-190.59714,0.3548303903080523,0.5732736268885887,203,0.38977789878845215,-176.38103279999999
111,-195.28496,0.3646590429296096,0.5704072587541458,225,0.43170619010925293,-176.5249168
112,-192.20438000000001,0.4632881162015675,0.567555222460375,322,0.6169631481170654,-176.47165080000002
113,-188.53306,0.44233750408914474,0.5647174463480732,154,0.29605627059936523,-176.60199200000002
114,-191.7388,0.5105624838718815,0.5618938591163328,209,0.4046649932861328,-176.5962156
115,-189.247,0.5926425709474972,0.5590843898207511,293,0.587993860244751,-180.6327732
116,-175.92412000000002,0.5010797821618374,0.5562889678716474,612,1.1809499263763428,-180.2425676
117,-184.44598000000002,0.359433405880344,0.5535075230322891,211,0.4054751396179199,-180.04951360000004
118,-187.66156,0.5146359009783051,0.5507399854171277,365,0.705394983291626,-184.2354888
119,-190.32672000000002,0.603532881731452,0.547986285490042,144,0.2771430015563965,-184.10087520000002
120,-180.36606000000003,0.5284101786222636,0.5452463540625918,570,1.0951957702636719,-183.9225356
121,-177.67188,0.5487226120340712,0.5425201222922789,748,1.4337472915649414,-183.68537480000003
122,-174.71108000000004,0.538529412155519,0.5398075216808175,1253,2.3987197875976562,-183.512428
123,-190.8496,0.5420540478422164,0.5371084840724134,368,0.7071030139923096,-183.5486332
124,-192.90994,0.5980437162488047,0.5344229416520513,263,0.5093400478363037,-183.7393764
125,-188.75302000000002,0.5277385885451882,0.531750826943791,263,0.5151228904724121,-183.6278336
126,-165.85764,0.42431840160317774,0.5290920728090721,685,1.33390212059021,-183.12837600000003
127,-175.20181999999997,0.5020019600879825,0.5264466124450268,1522,2.9741921424865723,-182.85771640000002
128,-201.88516,0.4010638783005648,0.5238143793828016,293,0.5733058452606201,-183.3900284
129,-185.99122,0.48208388054069684,0.5211953074858876,235,0.4615671634674072,-183.27436400000002
130,-194.15038,0.26940549146316023,0.5185893309484582,274,0.5346591472625732,-183.3563796
131,-189.91062000000002,0.44902750867922075,0.5159963842937159,174,0.34026002883911133,-183.37070040000003
132,-189.67594,0.42138408631008445,0.5134164023722473,263,0.5158860683441162,-183.66170560000003
133,-192.39994000000002,0.3455499687202872,0.510849320360386,287,0.5625169277191162,-183.7537052
134,-185.6669,0.3833724265884725,0.5082950737585841,223,0.43810200691223145,-183.8942944
135,-189.08934000000002,0.35255377437521257,0.5057535983897912,131,0.25797224044799805,-183.80158
136,-190.7638,0.4560925097392145,0.5032248303978422,164,0.32148098945617676,-183.97515719999998
137,-189.08742,0.4485731296212846,0.500708706245853,131,0.2571709156036377,-183.78318880000003
138,-187.19456,0.5418154039894635,0.4982051627146237,424,0.8365488052368164,-183.6617284
139,-190.09952,0.5284387088790738,0.49571413690105054,184,0.3952040672302246,-183.6272508
140,-188.98738,0.6678563453673294,0.4932355662165453,226,0.4437272548675537,-183.79013880000002
141,-180.14942,0.5198792044658291,0.4907693883854626,1054,2.0597782135009766,-183.4732456
142,-189.48296000000002,0.46177240602926095,0.4883155414435353,352,0.7399430274963379,-183.5825948
143,-178.68544,0.46675568843902265,0.4858739637363176,1184,2.316796064376831,-187.1850172
144,-188.52538,0.5247633577530066,0.483444593917636,154,0.30150890350341797,-187.5034652
145,-188.97674,0.42748102578708397,0.4810273709480478,274,0.5358870029449463,-187.68347000000003
146,-0.3371199999999961,0.5886769383732604,0.47862223409330756,656,1.283099889755249,-184.00916840000002
147,-166.68817999999996,0.47227846237604465,0.47622912292284103,827,1.61673903465271,-183.65256240000002
148,-198.10856,0.48614937738447,0.4738479773082268,313,0.6127240657806396,-183.6365488
149,-174.68294000000003,0.5017911279658702,0.47147873742168567,550,1.0768623352050781,-183.1921588
150,-189.7126,0.6256130597804014,0.46912134373457726,164,0.3223111629486084,-183.1747512
151,-190.97406,0.5215969222421147,0.46677573701590436,174,0.3427391052246094,-183.115818
152,-183.24692000000002,0.5484809009229448,0.46444185833082485,253,0.4974510669708252,-183.1095996
153,-1.2635199999999944,0.509938290611608,0.46211964903917074,800,1.5749340057373047,-179.4331296
154,-176.80864000000003,0.5824204474067386,0.4598090507939749,449,0.8784148693084717,-179.11615600000002
155,-179.21816,0.6529799865506027,0.457510005540005,265,0.5218889713287354,-178.9354068
156,-190.38688000000002,0.4087837420360528,0.45522245551230495,193,0.3781559467315674,-179.1579724
157,-188.6698,0.5137314941597785,0.4529463432347434,164,0.32450199127197266,-179.1247956
158,-188.00672,0.6132596583642147,0.4506816115185697,184,0.36353588104248047,-179.0783572
159,-190.49424,0.5832883128036098,0.4484282034609769,249,0.4895508289337158,-179.03210440000004
160,-188.03814000000003,0.6353832398477288,0.446186062443672,131,0.25775790214538574,-178.9809244
161,-187.98962,0.6025026394383383,0.4439551321314536,283,0.5569992065429688,-178.8350176
162,-173.29970000000003,0.5938294019443603,0.4417353564707963,586,1.1448719501495361,-178.456924
163,-187.97554,0.4951820451382349,0.43952667968844233,131,0.25705504417419434,-178.4457736
164,10.169759999999954,0.45118125413456955,0.43732904629000013,1128,2.230164051055908,-174.4076024
165,-188.91320000000002,0.44384700730579457,0.4351424010585501,273,0.5376629829406738,-174.40092640000003
166,-174.61056000000005,0.4928417850159488,0.43296668905325736,649,1.2936089038848877,-174.3746552
167,-190.32864,0.36917357862370814,0.43080185560799106,144,0.28624939918518066,-174.4923084
168,-192.07686,0.470787769614387,0.4286478463299511,174,0.34323596954345703,-174.5806144
169,18.10367999999999,0.4844073301013559,0.42650460709830135,1000,1.9602928161621094,-170.41200640000002
170,-189.92094000000003,0.3988159307701535,0.42437208406280985,174,0.3424258232116699,-170.60310400000003
171,11.898079999999993,0.4433254939211099,0.4222502236424958,1272,2.4991650581359863,-166.8117048
172,-190.11104,0.39143369819604507,0.42013897252428334,184,0.36304569244384766,-167.119704
173,-188.03814000000003,0.40293704935363744,0.4180382776616619,131,0.26011109352111816,-167.0634748
174,-185.52828000000002,0.38131955541162327,0.4159480862733536,165,0.3282952308654785,-166.91584160000002
175,-185.94070000000002,0.42766451142570366,0.41386834584198684,283,0.5574839115142822,-166.8595952
176,-184.02576000000002,0.5001063931979135,0.4117990041127769,144,0.2843058109283447,-167.2229576
177,-178.88340000000002,0.450918360614216,0.40974000909221303,501,1.024172067642212,-167.29658920000003
178,-197.72142,0.5232577472312474,0.40769130904675194,342,0.6923251152038574,-167.21331440000003
179,-175.94346000000004,0.46362423100728173,0.40565285250151817,955,1.901026964187622,-167.01235920000002
180,-190.2013,0.4446297721223945,0.4036245882390106,235,0.4648559093475342,-166.93337760000003
181,-186.92362,0.2855613321876367,0.4016064652978155,131,0.25968408584594727,-166.8736376
182,-188.03622000000001,0.49896962189947375,0.3995984329713264,131,0.25924205780029297,-166.84084320000002
183,-189.27744,0.45390653977584505,0.3976004408064698,144,0.2847418785095215,-166.77839320000004
184,-190.62202000000002,0.36965224357297666,0.39561243860243744,154,0.3027520179748535,-166.8774956
185,-191.83452000000003,0.5178635678332771,0.3936343764094253,213,0.42204785346984863,-166.9323992
186,-189.08934000000002,0.4734473022568317,0.39166620452737816,131,0.26442623138427734,-166.89891
187,-171.88732000000005,0.4550934094853521,0.3897078735047413,669,1.3284618854522705,-166.55490799999998
188,-179.10784000000004,0.5029776930481122,0.3877593341372176,409,0.805413007736206,-166.3931736
189,-195.99120000000002,0.33748728650483933,0.3858205374665315,209,0.41341710090637207,-166.51100720000002
190,-188.22816,0.6246234986691788,0.38389143477919885,144,0.2851691246032715,-166.4958228
191,-186.83620000000002,0.4229374582421095,0.3819719776053028,124,0.24439287185668945,-166.62955840000004
192,-178.39180000000002,0.48377289046090693,0.3800621177172763,629,1.2322111129760742,-166.40773520000002
193,-172.00128000000004,0.5496473592162753,0.37816180712868996,768,1.5081629753112793,-166.274052
194,-190.68376,0.6026852928084192,0.37627099809304654,209,0.41183018684387207,-166.31721960000002
195,-179.22702000000004,0.5508397524621224,0.3743896431025813,619,1.2291338443756104,-166.12222520000003
196,-188.0355,0.6150511504357098,0.37251769488706843,131,0.25983309745788574,-169.8761928
197,-161.49919999999995,0.4675086398303509,0.3706551064126331,625,1.2317492961883545,-169.77241320000002
198,-187.94536000000002,0.5547264333071976,0.36880183088056995,281,0.5589909553527832,-169.56914920000003
199,-190.6201,0.5681916849276463,0.3669578217261671,154,0.3036808967590332,-169.88789240000003
200,-184.2002,0.638076400025398,0.36512303261753626,253,0.5025911331176758,-169.7776444
201,-191.81572,0.5737453257074443,0.3632974174544486,164,0.33254194259643555,-169.79447760000002
202,-189.65601999999998,0.6523476249463998,0.3614809303671764,263,0.5502510070800781,-169.9226596
203,-180.96769999999998,0.672511452015431,0.3596735257153405,703,1.4062671661376953,-173.5167432
204,-189.91326000000004,0.6514384925831109,0.3578751580867638,174,0.3471221923828125,-173.7788356
205,-186.92362,0.6416688611453669,0.35608578229633,131,0.2588820457458496,-173.9329448
206,-155.68291999999997,0.6999558242061266,0.3543053533848483,1036,2.0411107540130615,-173.23886560000003
207,-183.37998000000002,0.592302151371658,0.35253382661792404,362,0.7193317413330078,-173.13306920000002
208,-157.67255999999992,0.5431303027943792,0.3507711574848344,697,1.381861686706543,-172.52638600000003
209,-187.97554,0.5005678225962715,0.34901730169741024,131,0.261322021484375,-172.476012
210,-189.2748,0.7623201940894231,0.3472722151889232,144,0.2854280471801758,-172.5007452
211,-0.7178399999999892,0.588627950171271,0.3455358541129786,696,1.3917760848999023,-168.7553096
212,-163.73478,0.5312372769082571,0.3438081748424137,966,1.9055471420288086,-168.5640112
213,-188.67292,0.3288611963209582,0.3420891339682016,164,0.32553577423095703,-168.5779588
214,-188.86014000000003,0.5247698701789667,0.3403786882983606,174,0.3439009189605713,-172.55855680000002
215,-172.75978,0.4622995476323224,0.3386767948568688,659,1.3076410293579102,-172.2354884
216,-162.06673999999995,0.49622127057434867,0.33698341088258443,1054,2.0817012786865234,-171.98461200000003
217,-189.2748,0.7165608717413205,0.3352984938281715,144,0.28531932830810547,-171.9635352
218,-187.39386000000002,0.3417043581254559,0.33362200135903064,303,0.5999269485473633,-171.86987520000002
219,-193.89732,0.46267175641208186,0.33195389135223546,213,0.4449470043182373,-176.10989519999998
220,-160.89807999999996,0.5269375908157478,0.3302941218954743,600,1.2187199592590332,-175.529438
221,-189.73444,0.5175398862665156,0.32864265128599696,164,0.3248419761657715,-179.5620884
222,-167.33144,0.48704092394312803,0.326999438029567,857,1.6911709308624268,-179.1064964
223,-172.29326000000003,0.4067477195479473,0.3253644408394192,1243,2.4603641033172607,-178.7915988
224,-178.27650000000003,0.45223229968299467,0.3237376186352221,471,0.9335038661956787,-178.64656320000003
225,-177.42922000000002,0.39801950488602783,0.322118930542046,482,0.9519579410552979,-178.4763336
226,-191.58932000000001,0.31802210821346805,0.32050833588933575,253,0.5010209083557129,-178.6276048
227,-190.57794,0.5143237156068603,0.31890579420988907,203,0.4027068614959717,-178.8614956
228,-187.97554,0.3093975450104202,0.3173112652388396,131,0.26087021827697754,-178.66657800000002
229,-174.52384000000006,0.4291748442112145,0.3157247089126454,392,0.7742218971252441,-178.63818559999999
230,-188.52154000000002,0.38740377255727526,0.3141460853680822,154,0.3062126636505127,-178.6045904
231,-190.33248,0.6043614597357292,0.3125753549412418,144,0.29079699516296387,-178.67276760000001
232,-190.99134000000004,0.3963299339299957,0.31101247816653554,174,0.3471486568450928,-178.73187000000001
233,-191.01088,0.46158630063538164,0.30945741577570285,425,0.8454649448394775,-178.7665388
234,-187.81326,0.30833617889258114,0.3079101286968243,174,0.34665513038635254,-178.71036360000002
235,-189.27552,0.4315677891136147,0.3063705780533402,144,0.28779125213623047,-178.6591836
236,-189.08742,0.5438489693515571,0.30483872516307353,131,0.2617478370666504,-178.6591452
237,-164.54579999999996,0.4757041176699602,0.3033145315372582,1372,2.7370529174804688,-178.5123148
238,-174.09474000000003,0.4538736575223109,0.3017979588795719,714,1.4232499599456787,-178.41205280000003
239,-191.16182,0.38963982406320996,0.30028896908517405,382,0.7747788429260254,-178.3154652
240,-189.08742,0.42559783433684867,0.2987875242397482,131,0.26255297660827637,-178.33265040000003
241,-155.80633999999986,0.49344878575562506,0.29729358661854943,659,1.310049057006836,-177.7120532
242,-189.08934000000002,0.4763698311778539,0.29580711868545667,131,0.26068615913391113,-177.926004
243,-156.72231999999997,0.4324629402564218,0.2943280830920294,600,1.193889856338501,-177.6204248
244,-188.52730000000003,0.6907815090803937,0.29285644267656924,154,0.3045632839202881,-177.57729559999999
245,-189.08934000000002,0.42849347963289336,0.2913921604631864,131,0.2607998847961426,-177.774542
246,-156.55131999999998,0.48376234878459706,0.28993519966087045,788,1.5656259059906006,-177.1448584
247,-188.62788,0.5184312266288894,0.2884855236625661,213,0.4240758419036865,-177.687432
248,-186.97966000000002,0.5332124848579015,0.28704309604425327,134,0.26763200759887695,-177.668118
249,-168.15512,0.5381252076294092,0.285607880564032,841,1.7021420001983643,-177.21881839999998
250,-168.48628000000002,0.5100656322845637,0.28417984116121187,557,1.109910011291504,-176.90454000000003
251,-153.91387999999992,0.5120859180791669,0.2827589419554058,612,1.219822883605957,-176.1465032
252,-161.25351999999992,0.5672926548707362,0.28134514724562876,665,1.3297231197357178,-175.5784532
253,-166.81536,0.5683707439399384,0.2799384215094006,777,1.547008991241455,-175.2954064
254,-159.66994,0.5822737238969043,0.27853872940185365,586,1.171245813369751,-174.69054
255,-170.20224000000005,0.45917166076186633,0.27714603575484437,288,0.5770978927612305,-174.35611239999997
256,-188.22816,0.43580847246468896,0.2757603055760701,144,0.28768324851989746,-175.0070172
257,-186.9823,0.28211066053846656,0.2743815040481898,134,0.2683382034301758,-175.0790636
258,-189.08934000000002,0.31110857294886624,0.2730095965279488,131,0.26091718673706055,-175.7073992
259,-164.87697999999995,0.4329398121021209,0.27164454854530906,887,1.7870221138000488,-175.245428
260,-188.21526000000003,0.5904327937145046,0.2702863258025825,243,0.4849207401275635,-175.22423719999998
261,6.492400000000014,0.4986661265857998,0.2689348941735696,1288,2.560634136199951,-175.08003240000002
262,-181.4717,0.40444343880386896,0.26759021970270175,223,0.44582414627075195,-175.4347708
263,-189.08934000000002,0.3117045208115045,0.2662522686041882,131,0.26224732398986816,-175.4430992
264,-187.26966000000002,0.5142394800410688,0.2649210072611673,147,0.2953929901123047,-175.41128960000003
265,-175.53124000000003,0.43752613930997475,0.26359640222486147,540,1.073636770248413,-175.46671880000002
266,-194.96688000000003,0.47464565702816514,0.26227842021373715,209,0.4153861999511719,-176.12472160000002
267,-187.49728000000002,0.3842868499638991,0.2609670281126685,401,0.7958378791809082,-176.0891712
268,-166.74839999999998,0.4155632880269206,0.25966219297210513,976,1.9280083179473877,-175.67626199999998
269,-161.45063999999996,0.3923860079153331,0.2583638820072446,873,1.7152681350708008,-175.02732840000002
270,-187.61860000000001,0.3483817960510439,0.2570720625972084,164,0.3257608413696289,-175.56173879999997
271,9.375280000000043,0.3971364060794132,0.25578670228422234,2024,3.9900400638580322,-171.5795444
272,-187.97554,0.49865051972473623,0.25450776877280124,131,0.2594108581542969,-171.9924264
273,-158.98906000000005,0.45277696093871145,0.2532352299289372,855,1.7010748386383057,-171.7263424
274,-189.09510000000003,0.3329125628237904,0.2519690537792925,131,0.26662397384643555,-171.9427144
275,-190.33440000000002,0.4761596206032361,0.2507092085103961,144,0.2874579429626465,-172.200818
276,-184.89714,0.29941043232533116,0.2494556624678441,135,0.2703287601470947,-172.0669744
277,-191.01656000000003,0.24939201815594164,0.24820838415550486,424,0.8406569957733154,-172.07574680000002
278,-196.53434000000001,0.39360874324165124,0.24696734223472733,235,0.4645869731903076,-172.2469228
279,-186.92362,0.40179209720755693,0.2457325055235537,131,0.2602040767669678,-172.4949184
280,-166.04282,0.38707044329544443,0.24450384299593592,742,1.4717020988464355,-172.045344
281,-162.26966000000004,0.342105534084513,0.24328132378095624,962,1.8962860107421875,-171.48408759999998
282,-188.03814000000003,0.330666774439533,0.24206491716205145,131,0.2653968334197998,-171.42502359999997
283,-189.03934,0.3780530845170542,0.2408545925762412,131,0.25951576232910156,-171.3855928
284,-186.14834,0.30430269331974075,0.23965031961336,243,0.4823310375213623,-171.3522944
285,-185.18824000000004,0.49512986683704213,0.2384520680152932,145,0.2881889343261719,-171.2705488
286,-187.97554,0.5457085304403009,0.23725980767521673,131,0.26041722297668457,-171.2483112
287,11.099279999999972,0.44986663297445906,0.23607350863684065,888,1.7539479732513428,-167.73540960000003
288,-179.71440000000004,0.4596142758615315,0.23489314109365644,185,0.3927428722381592,-167.84780279999998
289,-177.09032000000005,0.3809635436137603,0.23371867538818816,1016,2.0527751445770264,-167.56637279999998
290,-178.67806000000002,0.39192960551482137,0.23255008201124722,590,1.1632068157196045,-167.35818559999998
291,-184.88254000000003,0.4170760534905286,0.231387331601191,134,0.26654791831970215,-167.93970960000001
292,-155.48369999999994,0.3595945130442954,0.23023039494318503,823,1.6196339130401611,-167.26759679999998
293,-178.38248000000004,0.42044877064680414,0.2290792429684691,273,0.5439097881317139,-167.70080000000002
294,-170.8516,0.4351115144294788,0.22793384675362674,1392,2.772125005722046,-167.34728600000003
295,-176.45774000000003,0.475247672626291,0.22679417751985861,586,1.1757402420043945,-167.09465400000002
296,-186.93814000000003,0.638741809629501,0.22566020663225933,131,0.2620999813079834,-167.7023904
297,-165.3592,0.43629782400010886,0.22453190559909803,1289,2.5364749431610107,-167.23701680000002
298,-153.10585999999986,0.3742393022738042,0.22340924607110255,1154,2.2873411178588867,-166.5595408
299,-185.64966,0.3885330850078078,0.22229219984074702,222,0.4423208236694336,-166.90943159999998
300,-191.17880000000002,0.48218331431828276,0.2211807388415433,184,0.366563081741333,-167.363282
301,-188.23968000000002,0.3041291682683449,0.22007483514733558,144,0.2995789051055908,-168.049798
302,-162.78693999999993,0.3662511036209402,0.2189744609715989,1035,2.0799989700317383,-168.0804664
303,-196.22522,0.38505836798404364,0.2178795886667409,223,0.4439659118652344,-168.6686636
304,-189.08742,0.4984586465968715,0.2167901907234072,131,0.2606949806213379,-169.2570132
305,-179.57364,0.4994841118192149,0.21570623976979014,333,0.66121506690979,-169.4444412
306,-189.08934000000002,0.5941295539036052,0.21462770857094118,131,0.25974392890930176,-169.4616648
307,-191.50508,0.468562702724368,0.21355457002808648,196,0.41123390197753906,-169.55212040000004
308,-154.1365399999999,0.38117725907305783,0.21248679717794605,827,1.6705341339111328,-168.8530644
309,-162.92739999999998,0.41620290326344556,0.21142436319205632,597,1.2043907642364502,-168.8140728
310,-169.02558000000005,0.43980174681883777,0.21036724137609603,586,1.1645267009735107,-168.4302792
311,-162.30851999999993,0.4081511119048848,0.20931540516921554,612,1.2178001403808594,-171.8062976
312,-177.84344000000002,0.45573520319638605,0.20826882814336947,601,1.1942009925842285,-171.7337324
313,-180.21254000000002,0.3971187026713524,0.20722748400265262,411,0.824195146560669,-171.5561964
314,-164.15319999999994,0.37090540635277436,0.20619134658263935,801,1.6046741008758545,-171.09386719999998
315,-189.08934000000002,0.33624376711001946,0.20516038984972615,131,0.2602880001068115,-171.36502919999998
316,-189.08934000000002,0.45109150053236546,0.2041345879004775,131,0.262310266494751,-171.2474784
317,-149.5886599999999,0.45073812548689085,0.2031139149609751,1055,2.1246228218078613,-170.489306
318,-190.32864,0.3503306810938132,0.20209834538617025,144,0.29016923904418945,-170.9609108
319,-169.37354,0.5074156113205326,0.2010878536592394,847,1.719634771347046,-171.11936880000002
320,35.619440000000196,0.44578228280385673,0.2000824143909432,1320,2.6312482357025146,-166.654608
321,-169.09405999999998,0.4664869006324254,0.19908200231898848,586,1.1781320571899414,-170.2239948
322,-161.33497999999994,0.45959886458141824,0.19808659230739353,1055,2.103424072265625,-169.69118360000002
323,-188.22816,0.5660971704023218,0.19709615934585656,144,0.2898099422454834,-170.27596559999998
324,-188.22816,0.30500249006177504,0.19611067854912728,144,0.294262170791626,-170.25862679999997
325,-167.33763999999996,0.3594232792821133,0.19513012515638165,996,1.9831581115722656,-169.79869159999998
326,-177.00172000000003,0.3277976999086534,0.19415447453059972,308,0.6139881610870361,-169.64078320000002
327,-190.32672000000002,0.3910949664940644,0.19318370215794672,144,0.28705692291259766,-169.6269864
328,-167.37632000000002,0.35313147789238464,0.192217783647157,1049,2.08253812789917,-169.043826
329,-188.27314,0.4259133333911562,0.1912566947289212,194,0.3880138397216797,-169.0708164
330,-186.83548000000002,0.24947765078620926,0.1903004112552766,124,0.24697399139404297,-169.4866696
331,-163.33159999999998,0.30048275794133655,0.18934890919900021,665,1.325119972229004,-169.5079084
332,-156.4864599999999,0.3914019032160633,0.18840216465300522,738,1.4683208465576172,-168.8768748
333,-187.97554,0.3102856769745473,0.18746015382974018,131,0.26151514053344727,-168.8555988
334,-163.4926399999999,0.3959453245313237,0.1865228530605915,1016,2.0734801292419434,-168.4024848
335,23.399680000000295,0.29692537645802974,0.18559023879528855,2336,4.64226508140564,-164.23072639999998
336,-188.30824,0.28152598011418406,0.1846622876013121,193,0.38487720489501953,-164.23738039999998
337,-175.7072,0.37026364171019366,0.18373897616330553,649,1.2995631694793701,-167.97350999999998
338,-162.05571999999992,0.3301865757044674,0.182820281282489,996,2.0215179920196533,-167.62033639999999
339,-162.36495999999997,0.30368002706900576,0.18190617987607657,665,1.4046390056610107,-167.32582919999996
340,-189.27744,0.36725268879025763,0.18099664897669618,144,0.289431095123291,-167.53781679999997
341,-175.3825,0.2798674225900637,0.1800916657318127,887,1.7663049697875977,-167.347816
342,-165.77112000000005,0.2890343234863725,0.17919120740315364,528,1.0568418502807617,-167.5535644
343,-171.17834000000002,0.3076440608046609,0.17829525136613786,679,1.3818280696868896,-167.40948159999996
344,-188.22552000000002,0.32646731570518267,0.17740377510930716,144,0.287477970123291,-167.75695999999996
345,-190.98366000000001,0.4003653734810008,0.17651675623376062,174,0.34608983993530273,-168.04747839999996
346,-190.43514000000002,0.3611275799399645,0.1756341724525918,194,0.3879718780517578,-168.1174184
347,-165.64938000000004,0.3987971271066783,0.17475600159032884,423,0.8542122840881348,-168.123222
348,-184.13896000000003,0.47581859049226705,0.17388222158237718,145,0.29299497604370117,-168.743884
349,-186.19256000000001,0.3037192154739951,0.1730128104744653,145,0.2915358543395996,-168.75474199999996
350,-161.56168000000002,0.3618722174592896,0.17214774642209296,681,1.3530428409576416,-168.1623996
351,-183.41235999999998,0.26983967825781735,0.1712870076899825,164,0.32928895950317383,-168.0658532
352,-166.6520199999999,0.3618112905319671,0.17043057265153258,1263,2.510944128036499,-168.14315479999996
353,-162.41298,0.37915840628154085,0.16957841978827493,867,1.7452030181884766,-167.46690999999998
354,-162.91626,0.3650892007817603,0.16873052768933355,639,1.2697489261627197,-166.9434868
355,-167.24599999999995,0.35132062395472075,0.1678868750508869,649,1.2900960445404053,-166.69693399999997
356,-172.50278000000006,0.4471075744272321,0.16704744067563246,243,0.4828019142150879,-166.36520279999996
357,-158.41333999999995,0.4147058022544556,0.1662122034722543,679,1.3483009338378906,-165.70336799999998
358,-160.77517999999992,0.4254275227143739,0.16538114245489302,1223,2.4302620887756348,-165.83614079999998
359,-170.6503,0.34126918423321284,0.16455423674261854,758,1.503735065460205,-165.99059879999996
360,-164.20441999999994,0.36603914950187944,0.16373146555890544,758,1.5029168128967285,-165.89417559999998
361,-160.22759999999988,0.4085397168382901,0.16291280823111093,1105,2.1934757232666016,-165.85255719999998
362,-188.53882000000002,0.40877354951188355,0.16209824418995536,154,0.3140239715576172,-166.0664648
363,-189.08934000000002,0.21596816195644267,0.16128775296900558,131,0.26358509063720703,-166.24400079999998
364,-156.42323999999985,0.27010697927888794,0.16048131420416054,877,2.0353689193725586,-166.08940159999997
365,-171.44808000000003,0.31827645409306177,0.15967890763313974,689,1.3728821277618408,-165.7365764
366,-160.04549999999995,0.29613003219173256,0.15888051309497406,847,1.6936259269714355,-165.15569959999996
367,-162.79906,0.3053212552462634,0.1580861105294992,887,1.8129878044128418,-165.41990759999996
368,-159.34547999999998,0.36108999670748104,0.1572956799768517,573,1.147970199584961,-164.80024439999997
369,-172.09174000000004,0.28556053590114727,0.15650920157696743,1158,2.3625471591949463,-164.85460839999996
370,-172.20388000000005,0.28684033282968807,0.1557266555690826,629,1.2651360034942627,-169.0110748
371,-186.66292,0.3018897102442899,0.1549480222912372,269,0.5589618682861328,-169.36245199999996
372,-195.16634,0.316111746962462,0.15417328217978102,223,0.449678897857666,-170.03907919999997
373,-188.23392,0.2822271538898349,0.1534024157688821,144,0.2898588180541992,-170.03919439999999
374,-161.79738000000003,0.31578796947383936,0.1526354036900377,1035,2.089867115020752,-169.5105788
375,-166.40404,0.30404337256305136,0.1518722266715875,956,1.9435961246490479,-169.4919068
376,-170.93863999999988,0.27451432765257144,0.15111286553822956,1513,3.0669338703155518,-169.3706452
377,-159.62651999999989,0.2531751705399431,0.15035730121053842,877,1.7622668743133545,-168.7566412
378,-166.94796000000002,0.3151303341538556,0.14960551470448571,885,1.7938058376312256,-168.74807399999997
379,-168.21203999999994,0.2640037702140584,0.14885748713096328,877,1.7655460834503174,-168.34685199999996
380,-147.65543999999983,0.22068136566846142,0.14811319969530845,865,1.72505784034729,-167.56325119999997
381,-167.47520000000003,0.2927308745602978,0.1473726336968319,705,1.4217338562011719,-167.64612319999998
382,-188.02966000000004,0.25544726530110823,0.14663577052834775,134,0.2719259262084961,-168.27698719999998
383,-189.08934000000002,0.21353488510744717,0.14590259167570602,131,0.2645418643951416,-168.29926319999998
384,-176.19438000000002,0.3323672345625261,0.1451730787173275,774,1.5563809871673584,-168.55329799999998
385,-194.9592,0.2749388482127535,0.14444721332374086,209,0.4183790683746338,-172.9204756
386,-186.54780000000002,0.2273891699574713,0.14372497725712216,213,0.4279301166534424,-172.88526679999998
387,-166.6658399999999,0.3348780268959026,0.14300635237083656,1369,2.798624038696289,-172.70443959999997
388,-182.51569999999998,0.28899985756474494,0.14229132060898236,223,0.44968485832214355,-173.1136392
389,-179.71512000000004,0.3091800873897768,0.14157986400593744,185,0.37958502769470215,-173.46064239999998
390,-179.09974,0.35456111784359173,0.14087196468590776,658,1.3138298988342285,-173.2570884
391,-174.57534000000004,0.3136764084678099,0.14016760486247823,846,1.7338812351226807,-173.2409452
392,-189.08742,0.18890003193852328,0.13946676683816583,131,0.26492905616760254,-173.7072712
393,-167.90421999999998,0.3244052253457643,0.138769433003975,778,1.566413164138794,-173.6417888
394,-165.46624000000003,0.3853716075909789,0.13807558583895513,1353,2.702195882797241,-173.18660319999998
395,-161.04049999999998,0.4064567814503844,0.13738520790976036,651,1.3107528686523438,-172.58773999999997
396,-165.85328000000004,0.37871098162277655,0.13669828187021155,833,1.6803340911865234,-172.09610279999998
397,-189.08742,0.5470691897287852,0.13601479046086049,131,0.2655911445617676,-172.5648636
398,-187.97554,0.3319526703118254,0.1353347165085562,131,0.27098774909973145,-172.64159519999998
399,-159.77327999999986,0.37631670753299085,0.1346580429260134,945,1.9390521049499512,-172.11320959999998
400,-183.57482000000002,0.5565041859964152,0.13398475271138335,223,0.4564940929412842,-172.5534724
401,-160.27631999999994,0.46776870157784567,0.13331482894782642,520,1.0906319618225098,-172.09075159999998
402,-151.7474999999999,0.36540163988451185,0.13264825480308728,1006,2.0693740844726562,-171.79266119999997
403,-180.04400000000004,0.39616376153466787,0.13198501352907185,201,0.4162609577178955,-172.14528159999998
404,-190.32672000000002,0.2829295130440086,0.1313250884614265,144,0.30156493186950684,-172.6934908
405,-169.62660000000002,0.3704087865079321,0.13066846301911936,612,1.2513489723205566,-172.74110279999996
406,16.802799999999987,0.35769019108730093,0.13001512070402377,1544,3.0876848697662354,-168.95499119999997
407,-188.23968000000002,0.30562263557739144,0.12936504510050365,144,0.2882692813873291,-169.551518
408,-163.97687999999994,0.286771364054297,0.12871821987500112,1129,2.2498648166656494,-169.61555199999998
409,-187.47346000000002,0.38724642146572275,0.12807462877562611,154,0.3087003231048584,-169.95201519999998
410,-158.8607399999999,0.3479089414431117,0.12743425563174798,946,1.9064769744873047,-169.84514159999998
411,-188.23392,0.37134994299978846,0.12679708435358925,144,0.3056011199951172,-170.405268
412,-176.13462000000004,0.33843329522237303,0.1261630989318213,618,1.2505788803100586,-170.15718399999997
413,-146.73321999999985,0.3379726757313807,0.1255322834371622,1419,2.8466989994049072,-169.31006159999998
414,-185.73692,0.2527140134554957,0.12490462201997637,124,0.25025510787963867,-169.89633519999998
415,-161.44925999999998,0.30036990701755095,0.1242800989098765,1006,2.00636887550354,-169.69635879999998
416,-179.08368000000002,0.3365703493131903,0.12365869841532712,609,1.2213809490203857,-170.07712239999998
417,-186.99462000000003,0.4515259907125915,0.12304040492325048,131,0.2658231258392334,-170.56103359999997
418,-164.4785799999999,0.355337200401435,0.12242520289863423,863,1.7318968772888184,-170.66369559999998
419,-172.1577,0.32413688841182403,0.12181307688414106,827,1.6562929153442383,-170.6650148
420,-165.78173999999996,0.2940388978336219,0.12120401149972035,1366,2.7231431007385254,-170.53657199999998
421,-188.30824,0.2480673854591547,0.12059799144222175,193,0.38863325119018555,-170.56947839999998
422,-189.75492000000003,0.325763425157603,0.11999500148501063,165,0.3303039073944092,-170.46125
423,-187.8374,0.19861364603838733,0.11939502647758558,124,0.24901700019836426,-170.4533196
424,-165.54995999999994,0.3818543730992634,0.11879805134519765,1372,2.7280771732330322,-170.5283712
425,-188.23392,0.3251104663617702,0.11820406108847166,144,0.2893350124359131,-170.96496879999998
426,-146.75343999999978,0.35024813841364505,0.1176130407830293,1473,2.957364797592163,-170.4812648
427,-180.45726000000002,0.3443776789180206,0.11702497557911415,174,0.35092926025390625,-170.89787959999998
428,-163.68076000000002,0.304917644284405,0.11643985070121858,629,1.2582547664642334,-170.83253559999997
429,-177.30632000000003,0.36452037377467195,0.11585765144771248,273,0.5457761287689209,-171.0144212
430,-190.99134000000004,0.309097395572897,0.11527836319047392,174,0.3477046489715576,-171.8811392
431,-185.19016000000002,0.4743703284782582,0.11470197137452155,145,0.29065823554992676,-172.2354384
432,-187.97362,0.35604865725671175,0.11412846151764894,131,0.265002965927124,-172.2343176
433,-167.54352,0.36103804733285944,0.1135578192100607,1153,2.2969460487365723,-171.80340119999997
434,-179.96352000000005,0.3401579702319577,0.11299003011401039,600,1.194594144821167,-171.87878399999997
435,-158.22717999999992,0.4236634365098809,0.11242507996344034,966,1.9287910461425781,-171.14414359999998
436,-188.98856000000004,0.3692024512547586,0.11186295456362313,225,0.4502260684967041,-171.19295879999999
437,-158.5344199999999,0.3519981032188631,0.11130363979080501,1031,2.0738611221313477,-171.0303304
438,-186.9969,0.324234966730216,0.11074712159185099,135,0.2941136360168457,-171.11995439999998
439,-167.89376,0.3594392700101441,0.11019338598389174,529,1.0599021911621094,-170.8835272
440,-187.97554,0.38171123213468844,0.10964241905397228,131,0.2621800899505615,-171.06104319999997
441,-165.39111999999994,0.41007265703570067,0.10909420695870241,857,1.7059991359710693,-170.8773588
442,-161.08477999999997,0.3742264574834401,0.1085487359239089,898,1.7894368171691895,-170.317306
443,-162.95331999999996,0.3871131207876735,0.10800599224428936,1125,2.242208957672119,-170.218288
444,-161.3299999999999,0.3548931584621175,0.10746596228306791,953,1.926758050918579,-170.1355632
445,-190.99134000000004,0.41770493456740576,0.10692863247165257,174,0.34771013259887695,-170.73458
446,-160.09221999999994,0.3892962172213391,0.1063939893092943,758,1.5134727954864502,-170.6193588
447,-169.88888000000003,0.33190004820188773,0.10586201936274783,817,1.6235988140106201,-170.23538799999997
448,-171.25042000000002,0.3221435455905679,0.10533270926593409,887,1.788290023803711,-169.90088559999995
449,-171.42636000000002,0.3392595954822419,0.10480604571960442,837,1.72023606300354,-170.1339472
450,-159.41876,0.34048248472548015,0.1042820154910064,629,1.2995471954345703,-169.65082599999997
451,-166.16028000000003,0.26637636291731315,0.10376060541355137,693,1.3776378631591797,-169.7685052
452,-189.75492000000003,0.24919439932670107,0.1032418023864836,165,0.3289499282836914,-170.52865359999998
453,-165.81302000000005,0.3788370493723643,0.10272559337455119,430,0.8619270324707031,-170.244034
454,-175.41244000000003,0.33814053997490967,0.10221196540767843,677,1.3596258163452148,-169.94574839999999
455,-189.08934000000002,0.5015549242695552,0.10170090558064004,131,0.26094484329223633,-170.3350032
456,-191.8234,0.40408698501485607,0.10119240105273684,164,0.3276669979095459,-174.5075272
457,22.20912000000004,0.3142874369232731,0.10068643904747315,1456,2.8769099712371826,-170.2985512
458,-159.31383999999997,0.26743000283702806,0.10018300685223579,817,1.655945062637329,-170.20529039999997
459,-163.22455999999997,0.31437177065410143,0.0996820918179746,1145,2.2902700901031494,-169.7203124
460,-173.03734000000003,0.298254745085231,0.09918368135888474,671,1.334446907043457,-170.0038444
461,-169.61506000000006,0.28347572427432366,0.09868776295209031,659,1.3250482082366943,-169.6314672
462,-184.88182000000003,0.3722399927974581,0.09819432413732986,134,0.26929616928100586,-169.8064112
463,-176.98984000000004,0.4302295513550884,0.09770335251664321,560,1.1212701797485352,-170.41154360000002
464,-189.08934000000002,0.28703529925178023,0.09721483575406,131,0.2631399631500244,-170.478592
465,-166.58988,0.3554186310720573,0.09672876157528969,716,1.428833246231079,-170.5814044
466,-186.99462000000003,0.4047384803318454,0.09624511776741324,131,0.2624359130859375,-170.73962319999998
467,-170.62616000000003,0.3952405893786737,0.09576389217857617,808,1.6047601699829102,-170.412254
468,-174.65214,0.35289610012434425,0.09528507271768329,550,1.12935209274292,-170.6157252
469,-169.24602000000004,0.359254625627933,0.09480864735409487,690,1.3797638416290283,-170.5574916
470,-169.72032000000002,0.3152487434435898,0.0943346041173244,768,1.5476858615875244,-170.6362632
471,-155.14719999999988,0.32716280706917145,0.09386293109673778,769,1.5289490222930908,-169.97304240000003
472,-173.19154,0.3557436213373124,0.09339361644125409,779,1.5469932556152344,-169.64177479999998
473,-188.23968000000002,0.3265046366044165,0.09292664835904782,144,0.28751420974731445,-169.64982039999998
474,-171.17886000000004,0.3286697623548394,0.09246201511725258,534,1.0625498294830322,-169.7623984
475,-164.65731999999988,0.3929929524369159,0.09199970504166631,669,1.3255038261413574,-169.29086640000003
476,22.074880000000086,0.38752905979636126,0.09153970651645797,1520,3.015289783477783,-165.9143
477,-168.04882000000003,0.26334220759137783,0.09108200798387568,482,0.960813045501709,-165.6661312
478,-189.7402,0.34928113371474534,0.0906265979439563,164,0.3260500431060791,-166.18732
479,-168.05632000000008,0.3983407704420625,0.09017346495423652,785,1.563938856124878,-166.00232
480,-187.97554,0.30870540167084176,0.08972259762946533,131,0.2639658451080322,-165.94200400000003
481,-158.34353999999996,0.32421121782588735,0.089273984641318,675,1.344933032989502,-165.4050716
482,-176.23320000000004,0.3054120192458261,0.0888276147181114,768,1.5263090133666992,-165.17026320000002
483,-159.23103999999995,0.2660947250869469,0.08838347664452084,617,1.2330601215362549,-165.0040136
484,-169.80450000000002,0.2901214412462971,0.08794155926129824,471,0.9479589462280273,-164.80083319999997
485,-163.95351999999994,0.32115967782251936,0.08750185146499175,841,1.7034780979156494,-164.91536
486,-161.98911999999993,0.320981314269763,0.08706434220766679,801,1.681138038635254,-164.37537120000002
487,-166.70558000000005,0.3551935631184102,0.08662902049662846,670,1.3566529750823975,-164.5387944
488,-186.19256000000001,0.4097768988331844,0.08619587539414532,145,0.2877938747406006,-164.5227076
489,-185.19016000000002,0.4119432737633329,0.08576489601717459,145,0.28911900520324707,-164.8686356
490,-162.84819999999996,0.30916216857720213,0.08533607153708872,837,1.6582791805267334,-164.3660888
491,-187.97554,0.38098554880507574,0.08490939117940327,131,0.26064205169677734,-164.8177772
492,-188.23968000000002,0.34976857618635726,0.08448484422350626,144,0.2870903015136719,-165.3608752
493,-165.20056000000002,0.3836859099838669,0.08406242000238873,401,0.79728102684021,-165.40581999999998
494,-159.30895999999996,0.3639645049712423,0.08364210790237678,673,1.3462607860565186,-165.36539919999998
495,-158.76909999999992,0.3654155034887656,0.0832238973628649,699,1.387641191482544,-164.7209544
496,-186.9823,0.2377341784425636,0.08280777787605056,134,0.26746392250061035,-165.258756
497,-169.40902000000003,0.3930634286381323,0.08239373898667031,794,1.5783779621124268,-165.2491588
498,-168.83886,0.3802676128737337,0.08198177029173696,919,1.8509759902954102,-165.2009276
499,-196.23098000000002,0.362638945123306,0.08157186144027828,223,0.44373583793640137,-165.69702
500,-166.91402000000002,0.44616985476978727,0.0811640021330769,631,1.2594938278198242,-165.84692520000002
501,-190.99134000000004,0.43788649492372556,0.08075818212241151,174,0.36569881439208984,-166.3435464
502,-166.0128,0.3006911950542045,0.08035439121179945,489,0.9967911243438721,-165.868704
503,-186.64178,0.5473415463215165,0.07995261925574046,114,0.22951507568359375,-166.2852792
504,-184.33288,0.43864755275592743,0.07955285615946175,560,1.1245880126953125,-166.463688
505,-162.62847999999997,0.3856746488711903,0.07915509187866444,921,1.8479540348052979,-165.93447079999999
506,-159.84959999999995,0.47842828286869826,0.07875931641927113,641,1.2937791347503662,-165.29499479999998
507,-161.13223999999997,0.3967034637531505,0.07836551983717477,808,1.6133148670196533,-168.96182199999998
508,-162.61479999999997,0.41565994474251144,0.07797369223798889,1017,2.075975179672241,-169.0278412
509,-157.37865999999988,0.3918501247845737,0.07758382377679894,1422,2.828569173812866,-168.91092319999998
510,-177.60766000000004,0.3522869994319281,0.07719590465791494,590,1.1764369010925293,-169.00232960000002
511,-189.08934000000002,0.30962702918456486,0.07680992513462537,131,0.26124095916748047,-169.3918152
512,-163.25871999999998,0.44124608880873506,0.07642587550895225,560,1.115250825881958,-168.9593532
513,-161.12415999999996,0.32614495080439926,0.07604374613140748,897,1.7986547946929932,-168.64203959999998
514,-158.19055999999992,0.42949774449991523,0.07566352740075044,769,1.552030086517334,-168.024064
515,-167.65928000000002,0.24225892680851033,0.07528520976374668,817,1.636718988418579,-168.045452
516,-168.25261999999995,0.27774566273147383,0.07490878371492794,1439,2.88533616065979,-167.670612
517,-172.22696000000002,0.2966825888120068,0.0745342397963533,433,0.863842248916626,-167.702628
518,-164.7099,0.2885952260045831,0.07416156859737154,927,1.8646080493927002,-167.5037832
519,-168.02364,0.30473985438535023,0.07379076075438468,885,1.7732129096984863,-167.47933559999998
520,-173.77664000000004,0.30599388995241106,0.07342180695061275,560,1.1467509269714355,-167.560462
521,-160.56275999999997,0.26817633536991536,0.07305469791585968,877,1.7879111766815186,-167.6687732
522,-164.38234000000003,0.23887421273103668,0.07268942442628039,506,1.0196070671081543,-167.4925892
523,-165.63795999999996,0.2723232812139004,0.07232597730414898,1365,2.754271984100342,-167.0405548
524,-156.36235999999988,0.2490906557359926,0.07196434741762824,1325,2.647397994995117,-166.74422479999998
525,-159.3448,0.2918928573024236,0.0716045256805401,521,1.035978078842163,-166.6379744
526,-163.92009999999993,0.2724363457316569,0.0712465030521374,1275,2.5309841632843018,-170.35787399999998
527,-171.06282000000004,0.2278672713618824,0.0708902705368767,378,0.7519099712371826,-170.418154
528,-153.42219999999986,0.2462882799916459,0.07053581918419231,837,1.661884069442749,-169.69179399999996
529,-167.37086000000002,0.2870035244838787,0.07018314008827135,899,1.7968602180480957,-169.6780848
530,-179.14258,0.2722640951684616,0.06983222438783,263,0.5480740070343018,-169.5014256
531,-149.51497999999984,0.2926087405838467,0.06948306326589085,1358,2.7558789253234863,-169.32485439999996
532,-166.46492,0.26494200877703494,0.0691356479495614,1445,2.90982723236084,-169.1294888
533,-187.64868,0.17455048973700313,0.06878996970981359,165,0.3328068256378174,-169.6978416
534,-158.48967999999996,0.3356509139141646,0.06844601986126451,777,1.5482349395751953,-169.4715452
535,-182.50412000000003,0.275122458536638,0.06810378976195819,421,0.8598289489746094,-169.8425572
536,-151.4126599999999,0.2830579573785891,0.0677632708131484,794,1.5837650299072266,-169.63102799999996
537,-164.85286000000002,0.31887216939835505,0.06742445445908266,434,0.8837482929229736,-169.5939736
538,-190.98558000000003,0.24031834579982805,0.06708733218678724,174,0.3491830825805664,-169.68983399999996
539,-178.05744000000004,0.20901488318231892,0.0667518955258533,609,1.2136590480804443,-169.5471796
540,-167.23738000000003,0.29480129084911316,0.06641813604822402,1095,2.200847864151001,-169.6349632
541,-158.82947999999993,0.30529328814560647,0.0660860453679829,1045,2.0732102394104004,-169.052042
542,-187.26966000000002,0.2770141376100075,0.06575561514114299,147,0.2927381992340088,-169.03264159999998
543,-160.14897999999994,0.34583280315083503,0.06542683706543727,950,1.8870408535003662,-168.93161
544,-159.83497999999997,0.2798316486623204,0.06509970288011008,794,1.580333948135376,-168.9421304
545,-171.29534,0.31430410162728994,0.06477420436570952,742,1.4894227981567383,-169.19265519999996
546,-152.3830599999999,0.2903247377437698,0.06445033334388098,738,1.46315598487854,-168.5006704
547,-168.48206000000005,0.2456013670185907,0.06412808167716157,354,0.7052030563354492,-168.48213119999997
548,-165.60052000000002,0.347912401171972,0.06380744126877576,620,1.2310891151428223,-168.41736439999997
549,-186.64178,0.2451728260830829,0.06348840406243188,114,0.22776126861572266,-168.2255804
550,-180.93496000000002,0.35009222074503493,0.06317096204211972,193,0.3856818675994873,-168.50599919999996
551,-186.98878000000002,0.3279873059589916,0.06285510723190912,134,0.26779794692993164,-168.42594799999998
552,-167.87793999999997,0.3474566455275673,0.06254083169574957,778,1.5467052459716797,-168.4632508
553,-156.77247999999992,0.3368762307351938,0.062228127537270826,945,1.8970229625701904,-167.86586479999997
554,-175.09266000000002,0.3568308217383747,0.06191698689958447,471,0.9625568389892578,-167.68106039999998
555,-171.11146000000002,0.2900213648214882,0.061607401965086545,827,1.650993824005127,-167.85071999999997
556,-165.14337999999998,0.3062613232265055,0.06129936495526111,946,1.8821380138397217,-167.9565956
557,-162.72504000000004,0.34738767548022115,0.0609928681304848,1009,2.0050320625305176,-167.98845159999996
558,18.492800000000074,0.34070077695427103,0.060687903789832374,1040,2.0715110301971436,-164.3662996
559,-160.01037999999994,0.2948164237364818,0.06038446427088321,846,1.6818039417266846,-164.41893399999998
560,-189.08934000000002,0.2623452831571566,0.06008254194952879,131,0.26246094703674316,-164.64856759999998
561,-157.22939999999988,0.2744809236966129,0.05978212923978115,1204,2.395807981491089,-164.01136879999999
562,-183.11798000000002,0.256018000832271,0.05948321859358224,147,0.2957472801208496,-164.40855399999998
563,-153.3794799999999,0.3608702532268322,0.05918580250061433,837,1.6670989990234375,-164.25366039999997
564,-170.15018000000003,0.39923682562148693,0.058889873488111255,382,0.7617747783660889,-164.4928528
565,-160.54207999999994,0.29137498162472325,0.058595424120670696,1016,2.0156607627868652,-164.3505088
566,-158.15475999999992,0.23777806683428174,0.05830244700006734,669,1.35164475440979,-164.1485516
567,-168.32528000000002,0.24935416424667065,0.058010934765067,649,1.3223838806152344,-164.07051799999996
568,-153.81109999999987,0.25904692153719155,0.05772088009124167,1154,2.324086904525757,-163.852542
569,-166.30650000000003,0.2599162843716503,0.05743227569078546,702,1.3997831344604492,-163.81819919999998
570,-152.0959999999999,0.31001585526921466,0.05714511431233153,721,1.4329168796539307,-163.38458639999996
571,-195.30224,0.37027891798151863,0.05685938874076987,225,0.4531562328338623,-164.07937599999997
572,-188.23968000000002,0.34888247650168425,0.056575091797066025,144,0.2887887954711914,-164.55652279999998
573,-158.05153999999996,0.285852078964834,0.056292216338080694,803,1.597670078277588,-164.4047944
574,-164.09207999999998,0.3617927444537668,0.05601075525639029,649,1.3000633716583252,-164.55938879999997
575,-181.31380000000001,0.2925252452685793,0.05573070148010834,164,0.3283500671386719,-164.99876879999997
576,-166.62252000000004,0.33117748070092007,0.0554520479727078,716,1.425569772720337,-165.0528172
577,-170.69618000000006,0.34108868047361046,0.05517478773284426,406,0.8645050525665283,-165.0454844
578,-189.7402,0.34853256782857567,0.05489891379418004,164,0.32875609397888184,-165.77184439999996
579,-177.38470000000004,0.3060975496208282,0.05462441922520914,278,0.5566060543060303,-165.9721212
580,-161.31265999999994,0.3495961519476632,0.0543512971290831,1015,2.0443620681762695,-165.6155228
581,-189.08934000000002,0.5015645761625799,0.05407954064343768,131,0.2757730484008789,-166.40700999999999
582,-172.8632,0.4079104981250587,0.05380914294022049,865,1.7944111824035645,-166.5349756
583,-188.31328000000002,0.34866195007521716,0.05354009722551939,193,0.3882431983947754,-166.5482676
584,-166.13876,0.3847982126984118,0.05327239673939179,748,1.5023760795593262,-166.70124919999998
585,-169.86238000000006,0.413646675619223,0.053006034755694834,619,1.2331929206848145,-166.4484144
586,-158.34793999999994,0.38959440838102566,0.052741004581916356,719,1.4710309505462646,-166.58712
587,-199.20652,0.4012977900404534,0.052477299559006776,365,0.7308628559112549,-167.27419319999998
588,-196.22522,0.31955596956637405,0.052214913061211746,223,0.44558000564575195,-167.378986
589,-168.77109999999993,0.4349621826987817,0.05195383849590569,1263,2.5281009674072266,-167.1932592
590,-160.89095999999998,0.43231573482592667,0.05169406930342616,696,1.4089207649230957,-167.0663308
591,-167.28428,0.37478188837238435,0.05143559895690903,748,1.5063841342926025,-167.2354268
592,-166.40210000000002,0.3971848051394755,0.051178420962124486,1055,2.107973098754883,-166.8180756
593,-174.70622000000003,0.32279281368484464,0.05092252885731386,699,1.3977818489074707,-167.10922039999997
594,-186.64178,0.3783788136982669,0.05066791621302729,114,0.22942495346069336,-167.64535639999997
595,-168.05592,0.3023055586131425,0.05041457663196215,537,1.083749771118164,-167.58056799999997
596,-161.60919999999996,0.3719584236819455,0.050162503748802344,921,1.8311810493469238,-167.7650908
597,-169.06844000000004,0.3887985791155934,0.049911691230058335,733,1.4600930213928223,-167.77681839999997
598,-154.16511999999986,0.33123654022095766,0.04966213277390804,1065,2.1184160709381104,-167.54811039999996
599,-187.97672000000003,0.34206437680470403,0.0494138221100385,177,0.3540992736816406,-167.57480919999998
600,-172.66022,0.29962015497632183,0.04916675299948831,1154,2.3103749752044678,-167.4093144
601,-184.88254000000003,0.27929326393224524,0.04892091923449087,134,0.27986884117126465,-167.3671896
602,-189.19848000000002,0.3084262380024066,0.04867631463831842,185,0.39270806312561035,-167.7936004
603,-186.12696,0.4133187724801246,0.048432933065126825,144,0.29621315002441406,-168.38069
604,-169.12542,0.33214043461853954,0.048190768399801194,738,1.4904990196228027,-168.2613452
605,-188.23968000000002,0.28350344868764904,0.04794981455780219,144,0.2878439426422119,-168.60390959999998
606,-182.94411999999997,0.3926422000179531,0.04771006548501318,788,1.5921847820281982,-168.95992439999998
607,-189.20772000000002,0.45375851126111766,0.047471515157588115,189,0.3783872127532959,-169.489578
608,26.774320000000177,0.3720551071590499,0.047234157581800176,1520,3.0185558795928955,-169.3239476
609,-167.9918,0.3613949409710115,0.046997986793891174,580,1.157965898513794,-169.483576
610,-186.99462000000003,0.35639127835503404,0.04676299685992172,131,0.26218223571777344,-169.44168159999998
611,-153.60811999999993,0.39177232979325904,0.04652918187562211,797,1.5970890522003174,-169.36925599999998
612,-154.22421999999992,0.3431065637238281,0.046296535966244,870,1.748570203781128,-168.79138079999996
613,-168.76496000000006,0.30972409914241994,0.046065053286412784,817,1.6264817714691162,-169.0990904
614,-164.66926000000007,0.3388934417965599,0.04583472801998072,623,1.2421741485595703,-168.98947199999998
615,-157.64103999999995,0.3631944910850219,0.045605554379880814,689,1.3818931579589844,-168.93145119999997
616,-156.50399999999985,0.3344159517700993,0.04537752660798141,1377,2.762186050415039,-168.898436
617,-169.96518000000003,0.2763611416346489,0.0451506389749415,927,1.8815586566925049,-168.93123400000002
618,14.469679999999979,0.30047593650602517,0.044924885780066794,776,1.5767128467559814,-165.56561839999998
619,24.727039999999942,0.23421960933015903,0.04470026135116646,1136,2.2867660522460938,-161.7449476
620,-158.02907999999996,0.18972596221397223,0.04447676004441063,709,1.4194951057434082,-161.86360919999998
621,-151.1941999999999,0.1918688088407437,0.04425437624418858,781,1.5666990280151367,-160.98144839999998
622,-161.47525999999993,0.21226217580159237,0.04403310436296763,1262,2.5918991565704346,-160.44616
623,-188.53882000000002,0.2061567635565706,0.043812938841152796,154,0.30992889404296875,-161.0559056
624,-164.33929999999998,0.20637541741940124,0.04359387414694703,511,1.0369987487792969,-161.06085
625,-173.24260000000004,0.20341689754782402,0.043375904776212296,332,0.6620359420776367,-160.89942599999998
626,-165.33764000000002,0.20261179230370244,0.043159025252331236,508,1.0279510021209717,-160.8737284
627,-179.55308000000002,0.24015098002193302,0.04294323012606958,580,1.1605558395385742,-161.0508664
628,-162.21957999999998,0.21017241596531783,0.04272851397543923,758,1.5124821662902832,-160.500454
629,-170.37577999999993,0.23029856658469194,0.04251487140556204,847,1.6988999843597412,-160.3602756
630,-155.1162599999999,0.28408463546176976,0.04230229704853423,867,1.7262499332427979,-160.2363476
631,-187.97554,0.16769200562719852,0.04209078556329156,131,0.2658669948577881,-160.21407159999998
632,-158.71191999999996,0.28306167118835257,0.0418803316354751,689,1.3739559650421143,-159.93104599999998
633,27.27136000000017,0.30069288652616943,0.041670929977297724,1520,3.036386728286743,-155.61935319999998
634,-158.42311999999995,0.27828039347531464,0.04146257532741124,1016,2.044213056564331,-155.4650404
635,-165.32049999999992,0.24719625342929022,0.04125526245077418,1194,2.390227794647217,-155.37420279999998
636,-186.12696000000003,0.2188080100976448,0.04104898613852031,144,0.28856611251831055,-155.92978319999997
637,-172.29606,0.2385467445351191,0.04084374120782771,978,1.948951005935669,-155.391574
638,-179.97384000000005,0.23704116531026861,0.04063952250178857,600,1.1933622360229492,-155.0665464
639,-163.51572,0.3277988186400051,0.04043632488927963,716,1.4214448928833008,-154.96143879999997
640,-164.7783599999999,0.2642330597455223,0.04023414326483323,1333,2.64866304397583,-155.03918679999998
641,-177.87104000000002,0.24149506741486948,0.040032972548509065,601,1.201401710510254,-155.25092199999997
642,24.38784000000003,0.24050688558645025,0.03983280768576652,1360,2.7246367931365967,-151.4351232
643,-162.51139999999992,0.194240734497804,0.03963364364733769,1205,2.3958489894866943,-151.19122679999998
644,-188.53114000000002,0.28410990206319114,0.039435475429100995,154,0.3067798614501953,-151.22901399999998
645,-150.3347599999999,0.21997756449042172,0.03923829805195549,1085,2.1514830589294434,-150.87459079999996
646,-156.1964999999999,0.2420901067875422,0.03904210656169572,619,1.2454850673675537,-150.76633679999998
647,-184.88254000000003,0.30233839624422365,0.03884689602888724,134,0.26842594146728516,-151.08261879999998
648,-165.1236,0.23292590604285882,0.0386526615487428,1273,2.5729119777679443,-151.3017884
649,-167.07735999999994,0.19705412551388726,0.03845939824099909,641,1.3274319171905518,-150.8838012
650,-175.12202000000005,0.28481055837371333,0.03826710124979409,619,1.2407429218292236,-150.93303719999997
651,-164.63036000000005,0.2232114688831773,0.038075765743545126,421,0.8519802093505859,-150.52799359999997
652,-171.60420000000005,0.2378872224018334,0.0378853869148274,1045,2.082730293273926,-150.176108
653,-161.81421999999995,0.3053087855733433,0.03769595998025326,927,1.84515380859375,-149.6898532
654,-189.08934000000002,0.2361490893646904,0.03750748018035199,131,0.26174473762512207,-150.08913159999997
655,-163.50713999999994,0.3147211235286206,0.037319942779450235,867,1.7249760627746582,-149.59448079999999
656,-190.98366000000001,0.32851092395608195,0.037133343065552986,174,0.3502662181854248,-149.7552716
657,-167.91714000000005,0.33767103028714385,0.03694767635022522,327,0.6532630920410156,-149.32945999999998
658,-175.05828000000002,0.29792450927328007,0.036762937968474095,716,1.438735008239746,-153.366112
659,-186.34606000000002,0.4048353781076661,0.03657912327863173,254,0.5075089931488037,-153.73319719999998
660,-152.5693199999999,0.2979861062570531,0.036396227662238566,604,1.2051329612731934,-153.0446912
661,-172.94174000000004,0.3259744990527271,0.03621424652392737,415,0.8294227123260498,-153.4313636
662,-177.00552000000002,0.36369417636534457,0.036033175291307735,609,1.2121257781982422,-153.8869896
663,-159.32157999999993,0.3447594522695225,0.03585300941485119,966,1.9649982452392578,-153.69812199999998
664,-180.88494000000003,0.32289320424145995,0.035673744367776934,491,0.9953060150146484,-154.0224356
665,-189.56550000000001,0.3609548392728558,0.03549537564593805,203,0.40807294845581055,-154.66092479999998
666,-168.05776000000006,0.3827244266037159,0.035317898767708356,785,1.5673890113830566,-154.892
667,-167.05756000000005,0.41232882089130485,0.03514130927386981,788,1.614501953125,-154.83384759999998
668,-173.61438,0.41018273895860397,0.03496560272750046,550,1.0973901748657227,-158.59552879999998
669,-157.16461999999996,0.3237552128489983,0.03479077471386296,719,1.4732091426849365,-162.23336199999997
670,-157.21684,0.31675751259233076,0.03461682084029365,716,1.4280290603637695,-162.2171172
671,-166.02949999999998,0.3513842708399782,0.034443736736092176,1127,2.2862961292266846,-162.5138232
672,-160.31673999999995,0.31255711924667107,0.034271518052411715,867,1.725412130355835,-162.4906528
673,-184.88182000000003,0.44404139172688906,0.034100160462149656,134,0.2792079448699951,-162.4175128
674,-155.86907999999985,0.30023466593421033,0.03392965965983891,1045,2.101897954940796,-162.24810839999998
675,-186.64178,0.4884981040458865,0.033760011361539714,114,0.2312297821044922,-162.516092
676,-170.03540000000004,0.2961395339552604,0.03359121130473201,781,1.5812690258026123,-162.6100472
677,-164.94668000000001,0.3336776000246449,0.033423255248208356,1028,2.081883192062378,-162.31791919999998
678,-186.73994,0.31761252148402647,0.03325613897196732,223,0.4582221508026123,-162.8083264
679,-188.10218,0.3287266851283927,0.03308985827710748,235,0.4740428924560547,-163.1628544
680,-156.89071999999993,0.37535131877354744,0.032924408985721944,560,1.1259472370147705,-163.1983436
681,-179.64310000000003,0.30413260874161774,0.03275978694079333,738,1.475419044494629,-163.0316948
682,-188.31400000000002,0.33262664063018144,0.032595988006089364,193,0.3869917392730713,-163.62373639999998
683,-163.78849999999997,0.3170970681292223,0.032433008066058915,778,1.5548691749572754,-167.4449336
684,-161.28141999999997,0.39236376633767533,0.03227084302572862,763,1.5217881202697754,-167.5020996
685,-157.77813999999995,0.3504379853621368,0.032109488810599975,738,1.4693057537078857,-167.35125239999996
686,-171.35438,0.2949105444824811,0.031948941366546975,1187,2.3953118324279785,-167.0558008
687,-151.7878999999999,0.3348416389741463,0.03178919665971424,794,1.5969979763031006,-166.6456376
688,-158.05979999999997,0.34976703366028256,0.03163025067641567,709,1.418316125869751,-166.20735679999999
689,-160.40056,0.3901582219979356,0.03147209942303359,521,1.0454518795013428,-166.14505359999998
690,-170.68439999999993,0.35232308254266403,0.03131473892591842,1657,3.3176629543304443,-166.2631744
691,-182.20376000000002,0.35122975798664624,0.031158165231288826,153,0.30824804306030273,-166.34982879999998
692,-166.54736,0.375985126196309,0.03100237440513238,905,1.8593668937683105,-170.16853279999998
693,-166.26274,0.28006918450033197,0.030847362533106718,950,1.9074020385742188,-170.2435596
694,-174.32776,0.23685014495672616,0.030693125720441184,1081,2.192835807800293,-169.95949199999998
695,-173.56862,0.2510660357235622,0.030539660091838977,847,1.6905930042266846,-170.4241692
696,-164.1251,0.25950578050901085,0.03038696179137978,699,1.3974032402038574,-170.5827412
697,-185.73692,0.39898038842159533,0.030235026982422884,124,0.2494819164276123,-170.59982879999998
698,-170.84562,0.324391792272137,0.030083851847510768,867,1.7314021587371826,-170.7142692
699,-158.10183999999998,0.28417174096164594,0.029933432588273214,801,1.5944020748138428,-170.5347588
700,-190.99134000000004,0.4721827340719087,0.029783765425331846,174,0.34955692291259766,-170.85214519999997
701,-162.46617999999998,0.31654516663151655,0.029634846598205186,966,1.965242862701416,-170.80886159999997
702,-190.99134000000004,0.21933045996427963,0.02948667236521416,174,0.34776902198791504,-171.19660439999998
703,-179.67768000000004,0.31679468100706654,0.029339239003388088,233,0.47022294998168945,-171.5538736
704,-174.42622000000006,0.3827567698805202,0.029192542808371146,986,1.9841573238372803,-171.26061119999997
705,-176.60446000000005,0.3131845707350047,0.02904658009432929,590,1.1891441345214844,-171.5225576
706,-167.65425999999997,0.3558627460722929,0.028901347193857643,1158,2.300739049911499,-171.0559696
707,-166.53100000000006,0.3666930383661208,0.028756840457888354,461,0.9274942874908447,-171.02824679999998
708,-170.05124000000004,0.35494815647875055,0.02861305625559891,580,1.1641089916229248,-170.928106
709,-174.58556,0.3224645082080577,0.028469990974320916,748,1.4994311332702637,-170.692896
710,-186.64178,0.18687933310049407,0.02832764101944931,114,0.2291252613067627,-171.3743452
711,-159.29573999999988,0.34373637278460795,0.028186002814352063,963,1.9981491565704346,-171.10142520000002
712,-169.63594000000003,0.3846045752891438,0.0280450728002803,311,0.6255459785461426,-170.9540336
713,-163.38551999999996,0.38492052748976374,0.0279048474362789,768,1.5365660190582275,-171.0353124
714,-171.13828000000004,0.3243636389274195,0.027765323199097504,332,0.6648261547088623,-170.8403792
715,-162.61875999999995,0.36415263770492867,0.027626496583102015,924,1.8526179790496826,-170.3014444
716,-185.30070000000003,0.3229519428418155,0.027488364100186506,251,0.5096478462219238,-170.6463032
717,-186.99462000000003,0.40502204717926055,0.027350922279685573,131,0.2641119956970215,-171.0450444
718,-169.97956000000002,0.3792228017640651,0.027214167668287145,677,1.3639090061187744,-170.97234799999998
719,-174.76829999999987,0.37385345142608956,0.02707809682994571,1630,3.2566471099853516,-171.3244216
720,-157.88627999999994,0.3401601355676016,0.02694270634579598,748,1.4915709495544434,-171.33781039999997
721,-180.16754000000003,0.30458824568903786,0.026807992814067,511,1.0305068492889404,-171.62057119999997
722,-162.96708,0.35891955775351597,0.026673952849996664,789,1.5716462135314941,-171.673578
723,-167.76934000000006,0.33143710288878464,0.02654058308574668,719,1.4317047595977783,-171.3313284
724,-159.33088,0.37794028393452317,0.026407880170317945,521,1.036301851272583,-171.4005644
725,-175.23032,0.33795800918596797,0.026275840769466357,976,1.9660060405731201,-171.1723352
726,-176.99976000000004,0.2798674976612229,0.026144461565619025,609,1.2147190570831299,-171.3116224
727,-170.38816000000006,0.2337068483914872,0.02601373925779093,641,1.2869062423706055,-171.420452
728,-171.42174,0.28566357757495475,0.025883670561501974,846,1.686833143234253,-171.114088
729,-167.46231999999998,0.30726176488263135,0.025754252208694463,560,1.115821123123169,-170.70129079999998
730,-160.98633999999993,0.29577419388147136,0.02562548094765099,927,1.8583779335021973,-170.7832032
731,25.213679999999993,0.2826067132245953,0.025497353542912736,768,1.576336145401001,-166.6860676
732,-165.61694,0.2568834448897096,0.02536986677519817,867,1.748246669769287,-166.23212639999997
733,-173.04256000000004,0.3045021135461894,0.02524301744132218,521,1.0441370010375977,-166.4172076
734,-184.88182000000003,0.2351414666705723,0.025116802354115567,134,0.26906299591064453,-166.8892156
735,-198.59092,0.29743444967695165,0.024991218342344988,332,0.6670818328857422,-167.7054712
736,-188.23968000000002,0.3065733313754511,0.024866262250633264,144,0.2882390022277832,-168.0431772
737,-161.67471999999995,0.27466172910906705,0.024741930939380097,873,1.7398710250854492,-168.2409136
738,-156.75895999999995,0.269605626116072,0.024618221284683196,649,1.292417049407959,-168.2148968
739,-156.48509999999993,0.33737312976836015,0.02449513017825978,679,1.3525080680847168,-168.13658759999998
740,-161.41731999999996,0.2952260379591916,0.02437265452736848,957,1.9097561836242676,-167.951246
741,-168.81212000000005,0.33952554925685613,0.024250791254731636,820,1.6365888118743896,-167.6834132
742,-165.79842000000002,0.3454850185548786,0.024129537298457977,778,1.5474929809570312,-167.6684344
743,-168.51116000000002,0.27436467287698335,0.024008889611965685,461,0.9188060760498047,-167.7134028
744,-168.61504000000005,0.3389439335723798,0.023888845163905856,713,1.421389102935791,-167.59914840000002
745,-175.27776,0.3501632483082022,0.023769400938086327,729,1.4526989459991455,-167.6333312
746,-171.98796000000002,0.2669635404135213,0.023650553933395897,669,1.3389649391174316,-167.79058840000002
747,-169.76448000000002,0.30897623094521504,0.023532301163728918,768,1.6509549617767334,-167.4711396
748,-164.68184000000002,0.43866566201895474,0.023414639657910272,625,1.2828731536865234,-167.34786400000002
749,-157.63901999999993,0.3354534783044132,0.023297566459620722,742,1.4834740161895752,-167.3386076
750,-163.98231999999996,0.33277199691600046,0.023181078627322618,841,1.676116943359375,-166.7984272
751,-170.26044000000002,0.337086078569431,0.023065173234186005,540,1.0799541473388672,-166.95431240000002
752,-158.00701999999995,0.39985007048206095,0.022949847368015076,758,1.5255532264709473,-166.294626
753,-162.82770000000002,0.3115292170887877,0.022835098131175,435,0.8718400001525879,-165.9576264
754,-163.40641999999994,0.30276662751202477,0.022720922640519125,1055,2.1030099391937256,-165.73723040000002
755,-164.44225999999998,0.323405080183138,0.02260731802731653,1106,2.2509567737579346,-165.49398639999998
756,-190.24006000000003,0.32915512452179446,0.022494281437179946,235,0.4703800678253174,-165.94570240000002
757,-186.37556,0.3444647548937427,0.022381810029994047,253,0.5065021514892578,-166.3425936
758,-186.73782,0.22636530493002605,0.022269900979844076,170,0.3417658805847168,-166.67632519999998
759,-167.91072000000005,0.2826481528700713,0.022158551474944856,425,0.854315996170044,-166.5428284
760,-158.06915999999995,0.35188024159788833,0.022047758717570132,709,1.4768152236938477,-165.971376
761,-186.64178,0.35312921466436564,0.021937519923982282,114,0.22928476333618164,-166.5182968
762,-177.46024000000003,0.36923523518850104,0.021827832324362372,281,0.5644080638885498,-166.6747828
763,-157.11369999999997,0.41441654741667966,0.02171869316274056,659,1.3149240016937256,-166.5493464
764,-163.53487999999996,0.38198260797277517,0.021610099696926857,1016,2.0427989959716797,-166.3972784
765,-172.21519999999998,0.4325555423393909,0.021502049198442223,937,1.8700220584869385,-166.58920719999998
766,-178.68156000000002,0.2913167704198578,0.021394538952450012,540,1.0751640796661377,-166.45682440000002
767,-190.99134000000004,0.36598809286363254,0.02128756625768776,174,0.34837985038757324,-166.5367588
768,-158.71344,0.3547914234783178,0.021181128426399323,937,1.863128900527954,-166.3114364
769,-188.53882000000002,0.4493047057638888,0.021075222784267326,154,0.30813097953796387,-166.5868468
770,-170.8954,0.3293254655127118,0.020969846670345987,820,1.6522581577301025,-166.8470292
771,-159.45791999999992,0.3115005407352077,0.020864997436994256,729,1.460892915725708,-166.43283680000002
772,-190.43514000000002,0.5549366457229384,0.020760672449809284,194,0.39531898498535156,-166.98219799999998
773,-166.40497999999985,0.4003202793457457,0.020656869087560238,1343,2.672987937927246,-166.9549108
774,-169.36606000000003,0.3464201490062826,0.020553584742122436,794,1.5791161060333252,-167.15561440000002
775,-164.76174,0.3283175279621706,0.020450816818411825,827,1.6500790119171143,-166.9462428
776,-168.38432,0.37518556336694076,0.020348562734319765,601,1.195024013519287,-166.773934
777,-157.41005999999993,0.2749630842071208,0.020246819920648168,679,1.3506190776824951,-166.514372
778,-198.77262000000002,0.3045499853991321,0.020145585821044927,342,0.6851539611816406,-167.0613896
779,-184.88254000000003,0.3932338008177536,0.020044857891939702,134,0.2931098937988281,-167.409794
780,-188.14770000000001,0.425878488697705,0.019944633602480003,339,0.6982297897338867,-167.9530212
781,-165.44864000000004,0.3131643352292314,0.019844910434467605,409,0.8200860023498535,-171.7662676
782,-198.57940000000002,0.455896711091971,0.019745685882295267,332,0.660531759262085,-172.4255168
783,-177.81516000000005,0.4181246419463198,0.01964695745288379,789,1.5747051239013672,-172.52096880000002
784,-154.65515999999988,0.37341402210780783,0.01954872266561937,748,1.4837758541107178,-171.9164356
785,-189.7402,0.3835577961602589,0.019450979052291272,164,0.32720398902893066,-171.7394212
786,-170.02388,0.3946181011371906,0.019353724157029815,781,1.548785924911499,-171.3751052
787,-166.67680000000001,0.41208737648889315,0.019256955536244666,569,1.1322529315948486,-171.4751468
788,-170.8149,0.39417529701456133,0.019160670758563442,867,1.745115041732788,-171.7562656
789,-170.33198,0.3986904910145398,0.019064867404770626,898,1.7860081195831299,-172.0332032
790,-165.99018,0.3116895164747858,0.018969543067746772,639,1.2781579494476318,-172.12466039999998
791,-180.73726,0.35765728112498746,0.018874695352408037,1531,3.047700881958008,-172.36316319999997
792,-162.62232000000006,0.3202737457751417,0.018780321875645996,1792,3.5928659439086914,-172.2996412
793,-188.03814000000003,0.35419751682411166,0.018686420266267767,131,0.26116323471069336,-172.69018079999998
794,-166.23919999999998,0.26867452233716616,0.018592988164936427,1145,2.2830142974853516,-172.642664
795,-167.83046000000002,0.2497705423871576,0.018500023224111744,719,1.4436218738555908,-172.493718
796,-190.99134000000004,0.41473613840249507,0.018407523107991184,174,0.3505978584289551,-172.87378560000002
797,-190.99134000000004,0.36010570869909536,0.01831548549245123,174,0.34950709342956543,-173.2983228
798,-171.47422000000006,0.3322082517468666,0.018223908064988973,899,1.8134710788726807,-173.4341704
799,-187.63944000000004,0.2913594639813817,0.018132788524664028,161,0.3306872844696045,-174.0341788
800,-163.67471999999995,0.3111493473663189,0.018042124582040707,1081,2.156574010848999,-174.02802680000002
801,-163.19125999999997,0.30220106319426315,0.017951913959130504,950,1.9425208568572998,-173.8866432
802,-195.3465,0.22200310399989673,0.01786215438933485,231,0.46377110481262207,-174.6334328
803,-186.64178,0.18435140040278303,0.017772843617388175,114,0.22987961769104004,-175.1097144
804,16.118400000000115,0.32103894951959844,0.017683979399301233,1912,3.9141829013824463,-171.519218
805,-190.0004,0.3286352437705948,0.017595559502304726,273,0.5480151176452637,-172.0303808
806,-165.87926000000004,0.3043666631800088,0.0175075817047932,382,0.7879698276519775,-171.5431648
807,-175.02178000000004,0.277489311795823,0.017420043796269234,1055,2.100245952606201,-171.3160892
808,-157.7941199999999,0.3253217707612218,0.017332943577287888,748,1.5144920349121094,-170.73721519999998
809,-169.69840000000005,0.3140781575796912,0.01724627885940145,768,1.5427098274230957,-170.77296879999997
810,-165.07296,0.3460345332956288,0.017160047465104442,393,0.802081823348999,-170.9130448
811,-166.66487999999987,0.3113953613903657,0.01707424722777892,1273,2.558332920074463,-170.5135068
812,-186.62688000000003,0.29681199494403154,0.016988875991640028,113,0.2289750576019287,-170.69683959999998
813,-154.5245599999999,0.32989454423570774,0.016903931611681827,689,1.4255521297454834,-170.6450568
814,-188.23968000000002,0.23945777833190127,0.01681941195362342,144,0.28957581520080566,-171.1391528
815,-159.19483999999994,0.27500248594696025,0.016735314893855303,716,1.4569919109344482,-170.8787456
816,-176.79264000000003,0.2562905881887612,0.016651638319386028,600,1.2129027843475342,-170.84096719999997
817,-165.85683999999998,0.31780505732631575,0.0165683801277891,1164,2.340981960296631,-170.33827720000002
818,-178.14652,0.24509511942852955,0.016485538227150154,716,1.4343008995056152,-170.7269388
819,-150.3172799999999,0.3238508251479475,0.0164031105360144,633,1.2650320529937744,-169.96250799999999
820,-168.87456,0.29255694512052066,0.01632109498333433,825,1.7263233661651611,-169.92209119999998
821,-186.74550000000002,0.3717198740088326,0.016239489508417658,170,0.3415989875793457,-170.4678428
822,-167.73720000000003,0.34067660158992413,0.01615829206087557,768,1.5314950942993164,-170.013884
823,-174.37466000000003,0.3420996048745323,0.01607750060057119,235,0.4853041172027588,-170.1732776
824,-167.30930000000006,0.31220958942718974,0.015997113097568336,847,1.983407974243164,-170.13214240000002
825,-187.97672000000003,0.3938880794165961,0.015917127532080494,177,0.3560450077056885,-170.596442
826,-180.12316000000004,0.35485990858625094,0.01583754189442009,557,1.1167888641357422,-170.8312188
827,-189.7402,0.38495573266011823,0.01575835418494799,164,0.3303680419921875,-171.4778216
828,-7.071200000000006,0.37925259638203507,0.01567956241402325,448,0.91471266746521,-167.6437932
829,-187.97672000000003,0.39387349481825945,0.015601164601953134,177,0.35535097122192383,-167.7056768
830,-186.78548,0.24991558871472314,0.015523158778943369,124,0.24933099746704102,-167.6784324
831,-168.91701999999998,0.40522439437403623,0.015445542985048652,778,1.5511622428894043,-167.74779999999998
832,-161.29847999999993,0.30931409082647104,0.015368315270123408,768,1.5419037342071533,-167.0021816
833,-172.30328000000003,0.3643743169684638,0.01529147369377279,889,1.779191017150879,-166.891944
834,-167.029,0.36260923793541633,0.015215016325303928,837,1.669081211090088,-167.1394208
835,-195.30800000000002,0.39832621285070974,0.015138941243677408,225,0.4505729675292969,-167.25077679999998
836,-177.56846000000004,0.3413451365488251,0.01506324653745902,874,1.7513837814331055,-167.4016684
837,-190.99134000000004,0.4195649143008665,0.014987930304771725,174,0.349135160446167,-167.8879592
838,-163.31434000000002,0.38886587442943266,0.014912990653247866,659,1.3157267570495605,-167.737948
839,-187.59732000000002,0.4783672468479851,0.014838425699981627,261,0.5221199989318848,-168.0832548
840,-165.73408,0.3979041788266862,0.01476423357148172,425,0.8495500087738037,-168.0781328
841,-179.94662,0.46606680415570734,0.014690412403624311,550,1.1005301475524902,-168.06232
842,-168.66647999999998,0.45830320730904833,0.01461696034160619,768,1.5313661098480225,-168.18320319999998
843,-171.90488000000002,0.4092812152084157,0.014543875539898159,865,1.7243239879608154,-167.86053800000002
844,-186.7469,0.4991677486308487,0.014471156162198668,223,0.44694995880126953,-168.27069200000003
845,-188.31400000000002,0.24948470808391898,0.014398800381387675,193,0.3871021270751953,-168.6803628
846,-168.1409,0.41816542357535197,0.014326806379480736,742,1.4873802661895752,-168.223354
847,-179.04839999999996,0.30954814280302806,0.014255172347583332,1296,2.582616090774536,-167.98449519999997
848,-161.32423999999997,0.3568550051541955,0.014183896485845416,1016,2.038039207458496,-167.78149559999997
849,-186.9823,0.30029996424051586,0.014112977003416188,134,0.2696080207824707,-167.7683528
850,-165.15022,0.38352821518482577,0.014042412118399107,1035,2.070206880569458,-167.7978628
851,-165.30908,0.369481120979064,0.013972200057807112,709,1.431278944015503,-167.84021919999998
852,-168.35012000000006,0.3140739006622829,0.013902339057518077,748,1.5411901473999023,-167.30029159999998
853,-189.32584000000003,0.2824084962953918,0.013832827362230486,241,0.49382805824279785,-167.3539728
854,-162.03367999999995,0.31966848000763104,0.013763663225419333,1001,2.015407085418701,-170.9170144
855,-158.56639999999993,0.3483266907572082,0.013694844909292236,785,1.5925078392028809,-170.2883344
856,-162.42859999999996,0.2928568098421504,0.013626370684745774,820,1.6694049835205078,-170.21932120000002
857,-168.68718000000004,0.30076097254946904,0.013558238831322046,762,1.5498847961425781,-170.0926292
858,-164.81851999999995,0.29284206185406547,0.013490447637165436,1028,2.1124470233917236,-170.2331172
859,-163.75958000000008,0.3179653585281361,0.013422995398979608,675,1.3703479766845703,-170.11434079999998
860,-187.97672000000003,0.35792936249451957,0.01335588042198471,177,0.3645639419555664,-170.572416
861,-160.5825399999999,0.3179620090773068,0.013289101019874787,1035,2.1042802333831787,-170.4507692
862,-188.31400000000002,0.24878446062438075,0.013222655514775413,193,0.3876218795776367,-170.48451160000002
863,-169.05372000000003,0.3793513120414952,0.013156542237201536,333,0.6672499179840088,-170.7750948
864,-167.63024,0.2583770785615322,0.013090759526015528,865,1.7253730297088623,-170.362906
865,-162.60195999999993,0.32452255521509876,0.01302530572838545,924,1.8384771347045898,-170.4310484
866,-158.21983999999998,0.29865528480178305,0.012960179199743523,817,1.6252868175506592,-170.0595924
867,-189.7402,0.36602265672281203,0.012895378303744804,164,0.3333299160003662,-170.5372596
868,-168.89912000000004,0.44664251969465407,0.01283090141222608,273,0.5461628437042236,-170.3523116
869,-184.88254000000003,0.4892332285135262,0.012766746905164949,134,0.2693021297454834,-171.04361680000002
870,-199.20844000000002,0.24638484778928837,0.012702913170639124,365,0.7502820491790771,-171.6502944
871,-166.04254,0.41249405035119346,0.012639398604785928,491,0.9813168048858643,-171.2362352
872,-162.60443999999998,0.3445409599132836,0.012576201611761997,925,1.8639647960662842,-171.13358
873,-161.94053999999994,0.3492906250936075,0.012513320603703188,798,1.604726791381836,-170.88489760000002
874,-159.25023999999996,0.3588890186880792,0.012450754000684672,617,1.2384388446807861,-170.7237164
875,-168.71004000000005,0.3420334422501061,0.012388500230681249,717,1.4544408321380615,-170.3383828
876,-190.99134000000004,0.22295161993403373,0.012326557729527843,174,0.3523287773132324,-170.55574639999998
877,-158.02907999999994,0.39110834493363544,0.012264924940880204,709,1.4296488761901855,-169.92152399999998
878,-174.68846000000002,0.4227686480194585,0.012203600316175803,847,1.702575922012329,-173.2738692
879,-165.10340000000002,0.3550145108775979,0.012142582314594924,445,0.8932640552520752,-172.8164028
880,-181.31380000000001,0.36791022504657145,0.01208186940302195,164,0.33069491386413574,-172.70696919999997
881,-174.12904,0.36313724032498707,0.01202146005600684,1016,2.0322587490081787,-172.8112096
882,-156.86217999999994,0.3939588139772118,0.011961352755726806,651,1.3318800926208496,-172.7224836
883,-186.62688000000003,0.24408315018280946,0.01190154599194817,113,0.227186918258667,-173.0089556
884,-158.21773999999994,0.36399595386067585,0.01184203826198843,719,1.4478273391723633,-172.8327304
885,-186.64178,0.32703828054333206,0.011782828070678488,114,0.23847389221191406,-172.659406
886,-188.53882000000002,0.5130785104770261,0.011723913930325095,154,0.3114049434661865,-172.8788132
887,-159.03791999999999,0.434087664049922,0.01166529436067347,1345,2.701524019241333,-172.2397448
888,-182.18070000000003,0.24059652892202874,0.011606967888870102,203,0.40816712379455566,-172.617072
889,-169.50737999999998,0.4076500274333295,0.01154893304942575,807,1.623272180557251,-172.2552732
890,-167.32646,0.34258330706168305,0.011491188384178622,550,1.1149859428405762,-172.28712080000003
891,-168.55188000000004,0.3838935700879127,0.011433732442257729,357,0.7310240268707275,-172.05922599999997
892,-170.69728000000003,0.343398473029291,0.01137656378004644,560,1.1357438564300537,-172.099842
893,-162.4113599999999,0.409269569386471,0.011319680961146208,1105,2.2724108695983887,-171.90997159999998
894,-163.95225999999997,0.36284590941777334,0.011263082556340478,1035,2.075105905532837,-171.4540788
895,-159.2944599999999,0.3613484830313071,0.011206767143558775,966,1.957813024520874,-170.87368800000002
896,-162.7690399999999,0.26427952420616185,0.011150733307840981,1184,2.3598408699035645,-170.76625079999997
897,-186.64178,0.3810008454888144,0.011094979641301777,114,0.22942113876342773,-170.9181184
898,-179.12016000000003,0.3522808389403293,0.011039504743095268,609,1.2169420719146729,-171.2740368
899,-164.4578,0.27875563483527627,0.01098430721937979,709,1.4315299987792969,-170.8235468
900,-157.88565999999992,0.32473946792481106,0.010929385683282892,1106,2.2611770629882812,-170.67825559999997
901,-159.1996999999999,0.35735485147780666,0.010874738754866477,719,1.470289945602417,-170.55606799999998
902,-163.15774000000002,0.2936656051924547,0.010820365061092144,451,0.905548095703125,-170.45222040000002
903,-159.69405999999987,0.28325081959384796,0.010766263235786683,1035,2.0699679851531982,-169.85958479999996
904,-150.6896799999999,0.24622790290445593,0.01071243191960775,1008,2.0174829959869385,-169.6327048
905,-168.35786000000004,0.21654308851300316,0.010658869760009713,550,1.1010119915008545,-169.828534
906,-165.15702000000002,0.301212588417925,0.010605575411209664,798,1.5912299156188965,-169.88310239999998
907,-170.05652000000003,0.26380042200454923,0.010552547534153616,781,1.5685818195343018,-169.91048919999997
908,-164.37407999999996,0.21329431638063492,0.010499784796482848,609,1.2320599555969238,-169.90160039999998
909,-169.27140000000003,0.3383580202510289,0.010447285872500434,1093,2.1840410232543945,-170.01183679999997
910,-164.4243,0.29982780888902544,0.01039504944313793,907,1.8223490715026855,-169.5407884
911,-159.8504199999999,0.26784434122730444,0.010343074195922241,795,1.613436222076416,-169.52614599999998
912,-165.83026,0.3074405235648933,0.01029135882494263,431,0.8630807399749756,-169.0764712
913,-160.74609999999996,0.24104958932342938,0.010239902030817916,939,1.8912851810455322,-168.9103188
914,-163.99954,0.29994700732588364,0.010188702520663827,443,0.8850688934326172,-168.83770479999998
915,-186.74550000000002,0.2456375051618499,0.010137759008060509,170,0.3406839370727539,-169.32057559999998
916,-160.39523999999994,0.3009056097177736,0.010087070213020206,669,1.3351490497589111,-169.3640836
917,-187.66918,0.3509425503384619,0.010036634861955105,163,0.3269460201263428,-169.3226632
918,-199.2142,0.26475893974635906,0.00998645168764533,365,0.7288162708282471,-169.9289648
919,-190.99134000000004,0.3298022435742548,0.00998645168764533,174,0.34905099868774414,-170.05114079999998
920,-187.97672000000003,0.37761960414338247,0.00998645168764533,177,0.35780906677246094,-169.8265064
921,-172.26964,0.4042865072548085,0.00998645168764533,980,1.9533791542053223,-169.9510484
922,-171.92376000000002,0.36871023078029064,0.00998645168764533,816,1.6482419967651367,-170.13743479999997
923,-163.9185,0.35991491989259594,0.00998645168764533,690,1.3888249397277832,-170.17699399999998
924,-169.91494000000003,0.3520652375089126,0.00998645168764533,1551,3.1087090969085693,-170.390288
925,-186.64178,0.35118226706164707,0.00998645168764533,114,0.23016786575317383,-170.7489228
926,-167.21182000000005,0.32577007124764523,0.00998645168764533,743,1.4895298480987549,-170.2733324
927,-173.59742000000006,0.35769399208186026,0.00998645168764533,550,1.0999391078948975,-170.5846992
928,-158.7129599999999,0.3280353391391309,0.00998645168764533,976,1.9453721046447754,-170.26518919999998
929,-165.64582,0.44033224841706736,0.00998645168764533,719,1.4362459182739258,-170.2760376
930,-169.32652000000007,0.37248090385201715,0.00998645168764533,788,1.5928852558135986,-170.036292
931,-161.04361999999995,0.34620022372838627,0.00998645168764533,599,1.1968557834625244,-169.77458359999997
932,-162.79087999999996,0.3444666415688545,0.00998645168764533,929,1.8516619205474854,-169.89315759999997
933,-185.19016000000002,0.43170781890893806,0.00998645168764533,145,0.29041481018066406,-169.86442319999998
934,-180.82246000000004,0.32893716849276194,0.00998645168764533,590,1.1811308860778809,-170.3165176
935,-167.93884000000003,0.290338600090659,0.00998645168764533,629,1.2586300373077393,-169.9424588
936,-172.57532000000003,0.27778185987657017,0.00998645168764533,941,1.887787103652954,-169.62318879999998
937,-171.43772,0.2870985173866456,0.00998645168764533,541,1.1044659614562988,-169.87118479999998
938,-172.16456000000002,0.2811441389754755,0.00998645168764533,481,0.9748978614807129,-169.67086199999997
939,-169.61048000000002,0.3548994158708149,0.00998645168764533,808,1.6312880516052246,-169.672924
940,-163.62391999999988,0.2888292908488353,0.00998645168764533,1649,3.2926037311553955,-169.59887319999999
941,-188.98856000000004,0.2989516273430652,0.00998645168764533,225,0.4511909484863281,-170.0076068
942,-164.20785999999993,0.3500081076594941,0.00998645168764533,695,1.3950369358062744,-169.8778184
943,-168.51544,0.28512520194635727,0.00998645168764533,560,1.1232750415802002,-169.99989999999997
944,-186.99462000000003,0.33218889601372237,0.00998645168764533,131,0.2625100612640381,-170.46074720000001
945,-171.01748,0.31857966656606546,0.00998645168764533,877,1.8143620491027832,-170.6952076
946,-198.77262000000002,0.3964626260540225,0.00998645168764533,342,0.6872320175170898,-171.41527920000001
947,-164.6356399999999,0.35814994900002006,0.00998645168764533,1253,2.501063108444214,-170.97515639999997
948,-159.74611999999993,0.3222649801418488,0.00998645168764533,788,1.6104469299316406,-170.5876756
949,-171.79256,0.2974339432931317,0.00998645168764533,1065,2.15622878074646,-170.7343708
950,-180.53332000000003,0.28960410287583005,0.00998645168764533,629,1.2767658233642578,-171.18732400000002
951,-190.99134000000004,0.43239984847069984,0.00998645168764533,174,0.35138893127441406,-171.8231568
952,-160.7864,0.3402509779689278,0.00998645168764533,841,1.7127008438110352,-171.77573
953,-170.54514,0.37713450187692577,0.00998645168764533,807,1.6523079872131348,-171.99275160000002
954,-159.18241999999992,0.24234948725205158,0.00998645168764533,719,1.4617459774017334,-172.16260640000002
955,-151.31759999999989,0.36983559763184837,0.00998645168764533,681,1.3624539375305176,-171.8218012
956,-178.90920000000003,0.2982145520912794,0.00998645168764533,600,1.1993739604949951,-172.09684479999999
957,-188.8997,0.2010056174759354,0.00998645168764533,175,0.35266780853271484,-172.4737084
958,-171.80272,0.36497250103104606,0.00998645168764533,665,1.340507984161377,-172.6222812
959,-170.26302000000004,0.3020008788806545,0.00998645168764533,591,1.1957390308380127,-172.64211360000002
960,27.66760000000016,0.2832820305850111,0.00998645168764533,1184,2.388258695602417,-168.8002756
961,-188.53882000000002,0.2853904704732651,0.00998645168764533,154,0.31049013137817383,-169.3740436
962,-170.31218000000004,0.2398077501827662,0.00998645168764533,690,1.381561040878296,-169.463682
963,-160.85827999999998,0.33106726108479406,0.00998645168764533,1085,2.1745851039886475,-169.46592560000002
964,-170.73607999999993,0.33185711377161087,0.00998645168764533,1505,3.0224592685699463,-169.60065640000002
965,-185.74240000000003,0.25551254050960104,0.00998645168764533,121,0.24369287490844727,-169.5805944
966,-163.74041999999994,0.2774880113018738,0.00998645168764533,910,1.818542242050171,-169.64749799999998
967,-170.43212000000003,0.26950139075425517,0.00998645168764533,748,1.4965300559997559,-169.3027568
968,-180.14640000000003,0.32024552027751463,0.00998645168764533,609,1.2145588397979736,-168.92140080000001
969,-160.70859999999993,0.22897541223845544,0.00998645168764533,788,1.6163568496704102,-168.315746
970,-153.40901999999997,0.32493588445046784,0.00998645168764533,690,1.378904104232788,-167.624392
971,-166.85554000000002,0.33570186718508294,0.00998645168764533,778,1.5565869808197021,-167.51611
972,-164.4352199999999,0.2549154692428102,0.00998645168764533,1303,2.6168630123138428,-167.3663392
973,-162.40919999999997,0.2700885253731637,0.00998645168764533,768,1.554184913635254,-167.3361532
974,-173.82020000000003,0.26917803908907256,0.00998645168764533,508,1.0197887420654297,-167.4142584
975,-167.08776000000003,0.25631449883550994,0.00998645168764533,737,1.4826927185058594,-167.023178
976,-175.0756,0.253495197693678,0.00998645168764533,1016,2.05322003364563,-167.1804536
977,-171.59780000000003,0.2943292685799124,0.00998645168764533,253,0.5456051826477051,-167.1404612
978,-7.071200000000006,0.30121833248059765,0.00998645168764533,448,0.915269136428833,-164.10762599999998
979,-167.34828,0.27007696682768484,0.00998645168764533,997,2.0271458625793457,-164.14167519999998
980,31.78904000000012,0.2665703348834346,0.00998645168764533,936,1.8757691383361816,-160.119364
981,-186.74550000000002,0.16910629811806274,0.00998645168764533,170,0.3416738510131836,-160.63340159999998
982,-160.58207999999996,0.2808871136440809,0.00998645168764533,681,1.3585059642791748,-160.5892256
983,-163.80858,0.25056420883967606,0.00998645168764533,482,0.9660899639129639,-160.16159399999998
984,-166.48544000000004,0.27674603454373303,0.00998645168764533,457,0.917417049407959,-159.8748536
985,-182.21866000000003,0.38959607182602796,0.00998645168764533,154,0.3099508285522461,-160.16044999999997
986,-161.65481999999997,0.264778928970615,0.00998645168764533,922,1.8489887714385986,-159.94204
987,-170.43553999999992,0.27709282378423705,0.00998645168764533,1679,3.4220540523529053,-159.92199639999998
988,-165.36120000000005,0.28856647025457904,0.00998645168764533,305,0.6121721267700195,-159.7859292
989,-155.9892599999998,0.3024696325241142,0.00998645168764533,979,1.955758810043335,-159.51350479999996
990,-159.51177999999996,0.3006008188880664,0.00998645168764533,778,1.5742058753967285,-159.43126199999998
991,-168.06666,0.2503885126650511,0.00998645168764533,882,1.7625541687011719,-159.012824
992,-177.77516000000003,0.3103174099090452,0.00998645168764533,196,0.3953433036804199,-159.28417
993,-175.90456,0.2613658473034392,0.00998645168764533,953,1.909421682357788,-159.4319524
994,-156.20385999999993,0.2891464789280394,0.00998645168764533,966,1.9224841594696045,-158.8161372
995,-190.99134000000004,0.23883925200889594,0.00998645168764533,174,0.349287748336792,-159.21561439999996
996,-188.23968000000002,0.28544173516436583,0.00998645168764533,144,0.2893712520599365,-159.0049556
997,-160.77209999999997,0.2640325808677963,0.00998645168764533,742,1.48282790184021,-158.92768479999998
998,-196.23098000000002,0.4016570058596976,0.00998645168764533,223,0.44708895683288574,-159.65738199999998
999,-162.6462399999999,0.3319186280752392,0.00998645168764533,1224,2.439534902572632,-159.47445559999997
1000,23.723680000000027,0.3274479752139526,0.00998645168764533,928,1.8542249202728271,-155.3893156
1001,-163.19335999999998,0.24565547348995978,0.00998645168764533,808,1.6497650146484375,-154.83335599999998
1002,24.91879999999996,0.2897808667390106,0.00998645168764533,1368,2.7485337257385254,-151.119252
1003,-164.29145999999997,0.2482254623373969,0.00998645168764533,1303,2.621826171875,-150.99417839999998
1004,-169.44361999999987,0.2260148465222168,0.00998645168764533,1343,2.7176051139831543,-151.19940239999997
1005,-174.48502000000002,0.20428533108386443,0.00998645168764533,1022,2.0598888397216797,-151.66275079999997
1006,-171.09071999999998,0.24193160859857263,0.00998645168764533,873,1.759704828262329,-151.50638119999996
1007,-189.75492000000003,0.17292818035083737,0.00998645168764533,165,0.33051109313964844,-151.5234856
1008,-167.91649999999984,0.18980348216924126,0.00998645168764533,1223,2.4839210510253906,-151.4457612
1009,-171.26914,0.2419778481041834,0.00998645168764533,887,1.7886388301849365,-151.46588359999998
1010,-172.69330000000002,0.22491861082604236,0.00998645168764533,807,1.612354040145874,-155.47310159999998
1011,-166.37208000000004,0.17954280221379026,0.00998645168764533,705,1.4175801277160645,-155.02976679999998
1012,-156.22257999999994,0.2089908894699144,0.00998645168764533,1158,2.3537180423736572,-154.74797479999998
1013,-178.27634000000003,0.27173998092244017,0.00998645168764533,619,1.24635910987854,-155.09633599999998
1014,-163.94666,0.26757266288837583,0.00998645168764533,391,0.7925400733947754,-154.96054759999998
1015,-161.83815999999993,0.285176527869725,0.00998645168764533,945,1.9233551025390625,-154.48246279999998
1016,-158.6500399999999,0.23961253965266907,0.00998645168764533,989,1.9810659885406494,-154.38065519999998
1017,-168.02642000000003,0.21221010133174772,0.00998645168764533,427,0.8560972213745117,-154.33254119999998
1018,-173.35848000000004,0.23809491381746348,0.00998645168764533,537,1.0765337944030762,-154.1967828
1019,-159.54631999999992,0.26239475343875057,0.00998645168764533,1016,2.045347213745117,-154.17353719999997
1020,-159.83881999999997,0.25871662545353363,0.00998645168764533,794,1.5970449447631836,-154.3021332
1021,-163.00068000000002,0.23081932825519255,0.00998645168764533,540,1.086355209350586,-154.225036
1022,-169.14876000000004,0.2961922623116964,0.00998645168764533,837,1.679753065109253,-154.31930679999996
1023,-163.33432,0.2920527410344221,0.00998645168764533,560,1.136843204498291,-154.33780919999998
1024,-168.98723999999987,0.2942159738929622,0.00998645168764533,1468,3.022768020629883,-154.24114999999998
1025,-188.18308,0.35315377468325887,0.00998645168764533,293,0.594041109085083,-154.6630564
1026,-184.02576000000002,0.28508841673869434,0.00998645168764533,144,0.2966578006744385,-154.84205959999997
1027,-186.99462000000003,0.35729725664225587,0.00998645168764533,131,0.26453185081481934,-155.149996
1028,-189.19848000000002,0.209527011364195,0.00998645168764533,185,0.3739030361175537,-158.7925416
1029,-190.08296,0.4124267406809002,0.00998645168764533,177,0.3570878505706787,-159.24723519999998
1030,-166.51456000000005,0.405386341447671,0.00998645168764533,409,0.8312880992889404,-163.21330719999997
1031,-158.6235199999999,0.3494874031299985,0.00998645168764533,1313,2.686302900314331,-162.65086759999997
1032,-162.7165,0.3352379086943073,0.00998645168764533,903,1.8611278533935547,-162.693556
1033,-164.6848,0.3533935631077518,0.00998645168764533,425,0.8746991157531738,-162.7110804
1034,-172.13182000000003,0.309417234187775,0.00998645168764533,731,1.4736688137054443,-162.82400799999996
1035,-187.67794,0.3590968020823589,0.00998645168764533,167,0.3354799747467041,-162.93319359999998
1036,-185.73692,0.3522143088461411,0.00998645168764533,124,0.25002503395080566,-163.41483559999998
1037,-158.97014000000001,0.385373265749677,0.00998645168764533,847,1.6997978687286377,-163.1855276
1038,-151.94223999999988,0.37835616457656823,0.00998645168764533,768,1.5370359420776367,-162.91714839999997
1039,-186.64178,0.3534729913971795,0.00998645168764533,114,0.22948503494262695,-163.5301988
1040,-174.53696000000002,0.3514228960356693,0.00998645168764533,889,1.7724997997283936,-163.83070239999998
1041,-180.05904000000004,0.4358896992292413,0.00998645168764533,401,0.8046472072601318,-164.07055
1042,-157.70229999999992,0.3800606633470896,0.00998645168764533,738,1.4967710971832275,-163.6690928
1043,-187.84322,0.3031448678597975,0.00998645168764533,223,0.4484071731567383,-163.90786599999998
1044,-151.83319999999992,0.48451989598729234,0.00998645168764533,617,1.2400150299072266,-163.8204528
1045,-179.10098000000002,0.39835775321816075,0.00998645168764533,511,1.0220048427581787,-163.58264559999998
1046,-190.99134000000004,0.45509895404543854,0.00998645168764533,174,0.3480830192565918,-163.63767879999997
1047,-189.7402,0.4061307360974663,0.00998645168764533,164,0.32995009422302246,-164.2170408
1048,-173.57206,0.4114440306569895,0.00998645168764533,743,1.4830162525177002,-163.7638624
1049,-188.23968000000002,0.30841886177788386,0.00998645168764533,144,0.2881951332092285,-164.27573119999997
1050,-160.39417999999984,0.39685460695892466,0.00998645168764533,1106,2.203497886657715,-167.95808839999998
1051,-186.74550000000002,0.4475136276498875,0.00998645168764533,170,0.3484537601470947,-168.42913119999997
1052,-172.07886000000002,0.464474081312447,0.00998645168764533,966,1.9492759704589844,-172.3690844
1053,-169.08332000000001,0.40902143060107593,0.00998645168764533,877,1.7579150199890137,-172.46492159999997
1054,-198.35654000000002,0.46890631681510614,0.00998645168764533,322,0.6447248458862305,-173.04318
1055,-154.4957599999999,0.4493452681212298,0.00998645168764533,689,1.376338005065918,-172.64339479999998
1056,25.00696,0.33916927987092715,0.00998645168764533,1256,2.506553888320923,-168.72144119999996
1057,-7.065440000000007,0.3772856638970552,0.00998645168764533,448,0.8980710506439209,-165.06765159999998
1058,-187.97672000000003,0.3757445370978386,0.00998645168764533,177,0.3547821044921875,-165.468856
1059,-158.44007999999994,0.30203166176387414,0.00998645168764533,729,1.4526100158691406,-165.2122748
1060,-163.75599999999986,0.29970404542363543,0.00998645168764533,2016,4.055134057998657,-165.0335288
1061,-158.63147999999993,0.24249098684278228,0.00998645168764533,837,1.6787440776824951,-164.8787168
1062,-168.01526000000004,0.2019041572938864,0.00998645168764533,679,1.3642628192901611,-165.11457039999996
1063,-169.35846,0.20559606637530273,0.00998645168764533,798,1.5956649780273438,-164.9362128
1064,-172.30822,0.23346489707372434,0.00998645168764533,782,1.5750269889831543,-165.10344399999997
1065,-172.39566000000002,0.22313665250200787,0.00998645168764533,742,1.5293691158294678,-165.314594
1066,-178.64542000000003,0.21183764343228886,0.00998645168764533,590,1.2197093963623047,-165.7145016
1067,-157.77001999999993,0.21739192133815574,0.00998645168764533,847,1.7143428325653076,-165.5093736
1068,-156.5216599999999,0.22606427577511107,0.00998645168764533,887,1.7806148529052734,-165.1726372
1069,-164.55728,0.26926188291450154,0.00998645168764533,1016,2.042963981628418,-165.2728564
1070,-183.41235999999998,0.23301958089421798,0.00998645168764533,164,0.3310668468475342,-165.74432719999996
1071,-178.88616000000005,0.21470475995525096,0.00998645168764533,600,1.2014787197113037,-166.0620368
1072,-164.76255999999998,0.2619328989348301,0.00998645168764533,1224,2.4894752502441406,-165.97431279999998
1073,-184.88182000000003,0.3710904319756734,0.00998645168764533,134,0.3019421100616455,-166.40526279999997
1074,-186.12696000000003,0.19656874578989422,0.00998645168764533,144,0.2991471290588379,-166.7480572
1075,-156.57195999999996,0.3171474019930299,0.00998645168764533,924,1.882530927658081,-166.1158348
1076,-158.80947999999995,0.3067177691056799,0.00998645168764533,893,1.8376350402832031,-165.6115092
1077,-174.05264000000003,0.3524582278209294,0.00998645168764533,769,1.556427001953125,-165.35266959999998
1078,-181.42802000000003,0.3659599188734779,0.00998645168764533,619,1.253593921661377,-165.19726039999998
1079,-170.76513999999997,0.3263375514875751,0.00998645168764533,699,1.397679090499878,-164.81090399999997
1080,-198.77838,0.28698004125236204,0.00998645168764533,342,0.6844398975372314,-165.45618039999997
1081,-164.25559999999993,0.34475771211668604,0.00998645168764533,1289,2.5672430992126465,-165.568822
1082,-188.23968000000002,0.2190067876848237,0.00998645168764533,144,0.28873324394226074,-166.0792856
1083,-178.67436000000004,0.4514616298804641,0.00998645168764533,189,0.409343957901001,-166.3590768
1084,-189.87304000000003,0.43865354874810797,0.00998645168764533,217,0.4614119529724121,-166.7139012
1085,-161.11203999999992,0.3774682455131137,0.00998645168764533,956,1.924145221710205,-166.18258319999998
1086,-179.81276000000003,0.3788475725923009,0.00998645168764533,1285,2.579270124435425,-166.0641
1087,-177.78064000000003,0.3299281950967647,0.00998645168764533,193,0.3898019790649414,-166.44030999999998
1088,-173.19532000000004,0.3241291441229159,0.00998645168764533,629,1.2673060894012451,-166.8653716
1089,-187.97672000000003,0.39189266790977895,0.00998645168764533,177,0.35686564445495605,-166.89207039999997
1090,-158.20621999999995,0.34713462626325775,0.00998645168764533,719,1.4509661197662354,-166.56545559999998
1091,-184.88254000000003,0.30126591840647715,0.00998645168764533,134,0.28151679039001465,-166.6619256
1092,-157.67751999999996,0.3529239799442102,0.00998645168764533,689,1.3764736652374268,-166.66143
1093,-171.99606000000003,0.3612725536992919,0.00998645168764533,1855,3.705274820327759,-166.34448679999997
1094,-165.34294000000003,0.27400775233545827,0.00998645168764533,1158,2.3461949825286865,-166.6146816
1095,-164.10729999999995,0.24974438815496278,0.00998645168764533,738,1.4826409816741943,-166.31480799999997
1096,-188.53882000000002,0.2643119141265943,0.00998645168764533,154,0.30884599685668945,-166.2657576
1097,-171.23836000000003,0.37078921364951467,0.00998645168764533,1125,2.2551119327545166,-165.8957208
1098,-162.14087999999987,0.28592513365860434,0.00998645168764533,1249,2.540356159210205,-165.6670972
1099,-169.38438000000002,0.2526957435191039,0.00998645168764533,846,1.6869211196899414,-165.2899912
1100,-171.76112,0.2890211444740233,0.00998645168764533,665,1.3247671127319336,-165.51733000000002
1101,-164.75152,0.3112010495920836,0.00998645168764533,1065,2.1614789962768555,-165.07745039999998
1102,-170.59548000000004,0.24719103518327543,0.00998645168764533,853,1.701646089553833,-165.0477828
1103,-172.20176000000004,0.15629888016618246,0.00998645168764533,481,0.963965892791748,-165.1101516
1104,-173.07144,0.20584982766950916,0.00998645168764533,720,1.445192813873291,-164.6044496
1105,-186.64178,0.37666791252252696,0.00998645168764533,114,0.22947907447814941,-165.24737000000002
1106,-159.05509999999998,0.337571398648716,0.00998645168764533,758,1.525744915008545,-168.92861119999998
1107,-174.01458000000002,0.2809561786828337,0.00998645168764533,867,1.7377450466156006,-172.267594
1108,-186.74550000000002,0.22391338126240845,0.00998645168764533,170,0.36343884468078613,-172.2429696
1109,-154.36691999999994,0.38900890489882334,0.00998645168764533,885,2.0877602100372314,-172.1615064
1110,-159.61421999999993,0.263502143211423,0.00998645168764533,738,1.7331080436706543,-172.0786708
1111,-161.44495999999995,0.31042724924787984,0.00998645168764533,857,2.008143186569214,-172.1349404
1112,-164.90103999999997,0.34394851230274276,0.00998645168764533,777,1.8284330368041992,-172.072656
1113,-188.53882000000002,0.26762887244052314,0.00998645168764533,154,0.36165714263916016,-172.4562632
1114,-162.92113999999998,0.34071545158647865,0.00998645168764533,690,1.64267897605896,-172.26852159999999
1115,-158.37025999999994,0.39715868982801183,0.00998645168764533,719,1.7051162719726562,-171.9880136
1116,-179.08368000000002,0.3311841437074681,0.00998645168764533,609,1.4909639358520508,-171.9967788
1117,-165.69953999999996,0.31265172442572664,0.00998645168764533,1243,2.9208691120147705,-172.1553692
1118,-171.6716,0.3170792143598313,0.00998645168764533,457,1.0728168487548828,-172.458368
1119,-186.99462000000003,0.2148341379334567,0.00998645168764533,131,0.307387113571167,-172.9071148
1120,-174.33694,0.38656158981846883,0.00998645168764533,887,2.080054998397827,-172.7256064
1121,-171.70596000000003,0.29600563610551284,0.00998645168764533,309,0.7248530387878418,-172.5820024
1122,-184.77536000000003,0.4128995767587589,0.00998645168764533,225,0.5513012409210205,-172.98225839999998
1123,-192.23648,0.39671859988669417,0.00998645168764533,184,0.4349193572998047,-173.1293516
1124,-166.50495999999998,0.34383827508172493,0.00998645168764533,713,1.722470998764038,-172.73691159999998
1125,28.665280000000052,0.331929897101232,0.00998645168764533,1136,2.761439085006714,-169.03216679999997
1126,-154.81327999999996,0.3070337923950449,0.00998645168764533,560,1.3339393138885498,-168.9522428
1127,-165.16661999999997,0.2859382742203604,0.00998645168764533,798,1.9139671325683594,-168.7745224
1128,-163.61771999999996,0.35878348937769217,0.00998645168764533,820,1.9281480312347412,-168.4183164
1129,36.593680000000106,0.31053145911216173,0.00998645168764533,1384,3.258042812347412,-164.27113999999997
1130,-167.26780000000002,0.3176569801058802,0.00998645168764533,797,1.8734359741210938,-163.6409284
1131,-165.86887999999996,0.2282301784425279,0.00998645168764533,976,2.294814109802246,-163.673194
1132,-160.31463999999997,0.2475532836815546,0.00998645168764533,768,1.8082711696624756,-163.11469319999998
1133,-157.30875999999995,0.2899662848897501,0.00998645168764533,669,1.5763888359069824,-162.68738119999998
1134,-170.97802000000001,0.2627772940569804,0.00998645168764533,999,2.3530690670013428,-162.3094808
1135,-180.40522,0.20235850598199373,0.00998645168764533,719,1.716475248336792,-162.69534439999998
1136,-169.57448000000002,0.1898185883131164,0.00998645168764533,808,1.924548864364624,-162.49057879999998
1137,-196.23098000000002,0.19300240152953987,0.00998645168764533,223,0.5354709625244141,-162.8595856
1138,-157.61591999999993,0.23625246951990891,0.00998645168764533,737,1.7591538429260254,-162.54799759999997
1139,-161.6021599999999,0.28266018321861697,0.00998645168764533,976,2.3005380630493164,-162.0205064
1140,-182.55918000000003,0.14881850727673235,0.00998645168764533,174,0.41301798820495605,-162.5075656
1141,-171.52478000000002,0.2170978845952248,0.00998645168764533,550,1.2921011447906494,-162.24041039999997
1142,-174.33452000000005,0.32753514046503884,0.00998645168764533,925,2.2025809288024902,-162.5735504
1143,-167.84729999999993,0.2759224444311315,0.00998645168764533,827,1.9458181858062744,-162.4905752
1144,-155.40423999999996,0.25670489769461324,0.00998645168764533,921,2.1647181510925293,-162.29180119999998
1145,-184.42862000000002,0.33551237926197547,0.00998645168764533,210,0.4988899230957031,-162.6982276
1146,-188.53882000000002,0.4899628719907593,0.00998645168764533,154,0.36105895042419434,-162.6982276
1147,-156.4370799999999,0.38183850589262736,0.00998645168764533,924,2.172701358795166,-162.402202
1148,-169.5552,0.28051673754428824,0.00998645168764533,705,1.6613337993621826,-162.5504884
1149,-162.6506999999999,0.332384773458487,0.00998645168764533,1171,2.748533010482788,-162.4158148
1150,-186.77618,0.2909095621135618,0.00998645168764533,175,0.41361308097839355,-162.71611599999997
1151,-166.79332,0.37571903792189226,0.00998645168764533,1125,2.7000410556793213,-162.75695199999998
1152,-170.03524000000004,0.3604588476332947,0.00998645168764533,677,1.6904993057250977,-162.74574719999998
1153,-166.23843999999994,0.27688634364045317,0.00998645168764533,1461,3.4452080726623535,-162.6264808
1154,-174.45718000000005,0.33393768339922997,0.00998645168764533,590,1.3922920227050781,-162.65419559999998
1155,-157.21179999999993,0.24861330139781637,0.00998645168764533,1365,3.203688144683838,-162.065596
1156,-166.6637800000001,0.2487706234791416,0.00998645168764533,867,2.0560312271118164,-162.2177696
1157,-153.09899999999996,0.34440704609733075,0.00998645168764533,628,1.5296850204467773,-161.799458
1158,-177.91328000000001,0.3130886829605391,0.00998645168764533,601,1.517726182937622,-161.6228136
1159,-189.7402,0.2319796624389,0.00998645168764533,164,0.4411051273345947,-162.33027919999998
1160,-168.36963999999986,0.2672047263100899,0.00998645168764533,1461,3.4833312034606934,-162.50538759999998
1161,-168.88066000000006,0.25917333332039366,0.00998645168764533,719,1.703660011291504,-162.6541016
1162,-188.8997,0.28896925553945557,0.00998645168764533,175,0.4202916622161865,-163.13407479999998
1163,-174.70440000000005,0.27578844079670184,0.00998645168764533,600,1.4283230304718018,-162.8573864
1164,-161.34561999999994,0.25552742659020844,0.00998645168764533,867,2.0390710830688477,-162.825876
1165,-163.7914,0.34047168932142613,0.00998645168764533,332,0.7909069061279297,-162.93429879999997
1166,-158.25037999999995,0.2790939682765614,0.00998645168764533,719,1.7588870525360107,-162.5176328
1167,-162.0516199999999,0.3249111224916079,0.00998645168764533,1283,3.118729829788208,-162.4446744
1168,-169.29341999999997,0.30273046456943387,0.00998645168764533,846,2.0589756965637207,-162.39711079999998
1169,-186.64178,0.29561913881875707,0.00998645168764533,114,0.27514028549194336,-162.390054
1170,-168.28392000000005,0.365152507966505,0.00998645168764533,648,1.5627284049987793,-162.2689936
1171,-196.87052000000003,0.24533882804524168,0.00998645168764533,253,0.6060588359832764,-162.77228479999997
1172,-186.78548,0.29967188912879433,0.00998645168764533,124,0.29774022102355957,-162.81248719999996
1173,-162.78549999999998,0.33540455593045304,0.00998645168764533,1002,2.425889015197754,-162.2234676
1174,-181.70192000000003,0.3612293592380846,0.00998645168764533,184,0.4460017681121826,-162.5274068
1175,-159.63335999999998,0.3432696014602958,0.00998645168764533,937,2.308093786239624,-166.29337959999998
1176,-182.26608000000002,0.33124879368677224,0.00998645168764533,609,1.5126762390136719,-166.8424356
1177,-182.4905,0.39275781551850236,0.00998645168764533,271,0.6738641262054443,-167.1889132
1178,-164.37820000000002,0.3164579181440999,0.00998645168764533,461,1.1137580871582031,-167.2041228
1179,-168.26346,0.3313113732767637,0.00998645168764533,846,2.023439884185791,-171.3012656
1180,-162.93111999999996,0.36240183848912044,0.00998645168764533,841,2.013580083847046,-171.214532
1181,-162.45207999999994,0.36502411935109114,0.00998645168764533,817,2.0071029663085938,-171.14619599999997
1182,-172.21832,0.3384055630461694,0.00998645168764533,1033,2.5131030082702637,-171.3842696
1183,-173.31226000000007,0.34769375787099016,0.00998645168764533,530,1.2821297645568848,-171.7043396
1184,-194.97072000000003,0.32204384926670904,0.00998645168764533,209,0.5005831718444824,-172.1841936
1185,-186.78548,0.29991357995858114,0.00998645168764533,124,0.2976198196411133,-172.3117988
1186,-186.99462000000003,0.47578418511499204,0.00998645168764533,131,0.31772494316101074,-172.6602016
1187,-161.59075999999993,0.4181846777472739,0.00998645168764533,1028,2.644805908203125,-171.96739719999997
1188,-179.77150000000003,0.34194459833390634,0.00998645168764533,491,1.2100040912628174,-172.4105088
1189,-168.21828000000002,0.3329783783498996,0.00998645168764533,837,2.075086832046509,-172.5428312
1190,-187.97672000000003,0.5346640713412925,0.00998645168764533,177,0.4360010623931885,-172.651182
1191,-168.78476,0.3395399637338592,0.00998645168764533,820,2.056520938873291,-172.59638159999997
1192,-163.86633999999987,0.36063115743591506,0.00998645168764533,1275,3.1495749950408936,-172.38701799999998
1193,-175.50070000000005,0.4186851441489248,0.00998645168764533,590,1.462846040725708,-172.540086
1194,-158.39607999999993,0.282008587006203,0.00998645168764533,768,1.9188971519470215,-172.59992279999997
1195,-157.82791999999998,0.3486471962153579,0.00998645168764533,649,1.6093921661376953,-172.0679088
1196,-162.08968,0.3570148967224129,0.00998645168764533,897,2.212888240814209,-171.538926
1197,21.06879999999999,0.32898550071518556,0.00998645168764533,856,2.1070468425750732,-167.98880839999998
1198,-163.23846,0.33598751093586815,0.00998645168764533,1006,2.4403939247131348,-167.8624736
1199,-168.15202000000002,0.2780516471474382,0.00998645168764533,638,1.5287630558013916,-167.9725
1200,-159.8489199999999,0.24532239300986175,0.00998645168764533,996,2.403129816055298,-167.43395479999998
1201,-160.97485999999998,0.2382654291188722,0.00998645168764533,898,2.220150947570801,-167.31758559999997
1202,-175.23670000000004,0.26291743345921653,0.00998645168764533,626,1.5377299785614014,-167.4216148
1203,-169.15078000000005,0.25455053162264163,0.00998645168764533,1119,2.7620341777801514,-167.4798616
1204,-158.77921999999995,0.25839800072022046,0.00998645168764533,647,1.5582680702209473,-167.16630239999998
1205,-167.43838000000014,0.23203198404642436,0.00998645168764533,854,2.0509817600250244,-167.370834
1206,-180.7701,0.22722514476406494,0.00998645168764533,1182,2.8263349533081055,-167.6529604
1207,-184.88254000000003,0.14096765614587314,0.00998645168764533,134,0.3207380771636963,-168.28863119999997
1208,-169.997,0.2583160450563989,0.00998645168764533,781,1.8726189136505127,-168.13030559999999
1209,-174.20288,0.26874801592823105,0.00998645168764533,976,2.3802831172943115,-167.81955920000001
1210,-184.88110000000003,0.2330571822161828,0.00998645168764533,134,0.3244588375091553,-168.1497884
1211,-163.29356,0.2733373588157295,0.00998645168764533,709,1.7336809635162354,-168.03804639999998
1212,-163.24663999999996,0.3039382658380886,0.00998645168764533,953,2.306312084197998,-167.5249852
1213,-172.01220000000004,0.24132892018412372,0.00998645168764533,669,1.6217842102050781,-167.47114119999998
1214,-174.41280000000003,0.3424250696093226,0.00998645168764533,585,1.4044992923736572,-167.73248479999998
1215,-178.04976000000002,0.23685454859739333,0.00998645168764533,609,1.4563539028167725,-168.01765200000003
1216,-157.12707999999998,0.26898682639718424,0.00998645168764533,924,2.232456922531128,-167.995186
1217,-158.11631999999994,0.27690726509016905,0.00998645168764533,712,1.7122938632965088,-167.91648
1218,-195.30800000000002,0.31370905531777277,0.00998645168764533,225,0.5356340408325195,-168.4367716
1219,-157.1499799999999,0.3228035020002103,0.00998645168764533,719,1.7302641868591309,-167.8469356
1220,-165.25976,0.36346879354454414,0.00998645168764533,1145,2.739841938018799,-167.78645240000003
1221,-167.91766000000004,0.3599823914919585,0.00998645168764533,778,1.8681788444519043,-167.20739519999998
1222,-163.13543999999985,0.2677078053845112,0.00998645168764533,1249,3.1259899139404297,-166.73439439999999
1223,-198.58516,0.25708898545820713,0.00998645168764533,332,0.7997989654541016,-167.4503876
1224,-172.39875999999998,0.3179586956983837,0.00998645168764533,741,1.8042171001434326,-167.2643244
1225,-171.41028000000003,0.2274530812766372,0.00998645168764533,837,2.0491421222686768,-167.49986280000002
1226,-165.02664000000001,0.3229861492111447,0.00998645168764533,985,2.3680219650268555,-167.15507399999998
1227,-168.96884000000006,0.2571459360491854,0.00998645168764533,877,2.1049721240997314,-166.88464080000003
1228,-161.79371999999995,0.24503738185743223,0.00998645168764533,925,2.2178292274475098,-166.8329512
1229,-157.9788399999999,0.24719528527345866,0.00998645168764533,956,2.3017919063568115,-166.6272588
1230,-163.08734,0.29418740252523184,0.00998645168764533,699,1.6775157451629639,-166.63038319999998
1231,-178.62104000000002,0.2692285057462475,0.00998645168764533,1184,2.8577380180358887,-166.95376240000002
1232,23.42392000000003,0.20877832306334784,0.00998645168764533,1048,2.5289180278778076,-163.0409176
1233,-179.52508000000003,0.21475967075764565,0.00998645168764533,629,1.5125341415405273,-163.165174
1234,-162.95416,0.22548111510107585,0.00998645168764533,841,2.0498931407928467,-162.52484280000002
1235,-168.09107999999998,0.22815238641076493,0.00998645168764533,837,2.264538049697876,-162.1509548
1236,-179.93736000000004,0.2252655790785017,0.00998645168764533,600,1.4548699855804443,-162.00980959999998
1237,-171.24392,0.1985925608240028,0.00998645168764533,937,2.2513418197631836,-162.2028728
1238,17.437119999999982,0.15754467755070198,0.00998645168764533,736,1.7734878063201904,-158.2587004
1239,-165.33952,0.17908655125897244,0.00998645168764533,560,1.3506300449371338,-158.2011252
1240,-190.99134000000004,0.23694585956065733,0.00998645168764533,174,0.42350006103515625,-158.26141760000002
1241,-188.53882000000002,0.2250034694481254,0.00998645168764533,154,0.3712880611419678,-158.65649879999998
1242,-188.23968000000002,0.3253939004789572,0.00998645168764533,144,0.35167932510375977,-159.1439656
1243,-188.68978,0.3271496457329323,0.00998645168764533,215,0.518801212310791,-159.4077472
1244,-168.14748,0.2538928752805203,0.00998645168764533,580,1.3917701244354248,-159.6027752
1245,-162.42621999999994,0.3135988469385999,0.00998645168764533,966,2.3414268493652344,-159.6947412
1246,-157.50891999999993,0.3045204307945523,0.00998645168764533,1029,2.4652910232543945,-159.603126
1247,-163.63552,0.3473240560063106,0.00998645168764533,425,1.017021894454956,-163.2972124
1248,-175.14588000000003,0.35864394492349555,0.00998645168764533,372,0.9026880264282227,-163.5353608
1249,-155.27753999999993,0.3413894383767783,0.00998645168764533,570,1.3661088943481445,-163.2778712
1250,-187.64868,0.2883326947773722,0.00998645168764533,165,0.39952778816223145,-163.8338664
1251,-179.79592000000002,0.3701060021499165,0.00998645168764533,289,0.6963098049163818,-164.21028760000002
1252,-161.3705,0.35268776387846495,0.00998645168764533,610,1.4850480556488037,-163.9329636
1253,-164.78719999999998,0.44856419286720034,0.00998645168764533,729,1.7555158138275146,-163.84569199999999
1254,-167.88344000000004,0.34711159383962015,0.00998645168764533,777,1.8676731586456299,-164.0277764
1255,-190.79602,0.34442798819306286,0.00998645168764533,215,0.5212559700012207,-164.4949292
1256,-162.9552799999999,0.43729328640033066,0.00998645168764533,1145,2.7330172061920166,-164.13863279999998
1257,-191.18456,0.482697144019134,0.00998645168764533,184,0.4439699649810791,-164.2646732
1258,-166.59634000000003,0.36500444624627243,0.00998645168764533,515,1.2588300704956055,-164.19666
1259,-174.97088000000002,0.43018457058575904,0.00998645168764533,664,1.5922057628631592,-164.21202000000002
1260,-169.63292000000004,0.3908336562457874,0.00998645168764533,709,1.7334163188934326,-163.9070564
1261,-160.11048,0.4211033785569304,0.00998645168764533,897,2.1989378929138184,-163.8433948
1262,-162.16719999999992,0.41534118170288276,0.00998645168764533,897,2.188084125518799,-163.821806
1263,-159.34552,0.3963731190470367,0.00998645168764533,521,1.2930660247802734,-163.5684724
1264,-198.58516,0.3441998236139406,0.00998645168764533,332,0.7984027862548828,-164.0519196
1265,-161.16476,0.4431256515883261,0.00998645168764533,508,1.2217209339141846,-163.7142196
1266,-171.63436,0.36097727666529106,0.00998645168764533,956,2.2907159328460693,-164.0043652
1267,-172.40862000000004,0.3343755144772953,0.00998645168764533,342,0.8269329071044922,-164.29021120000002
1268,-174.25284000000002,0.3465965705795278,0.00998645168764533,580,1.3980770111083984,-163.86910799999998
1269,-187.11550000000003,0.29813472796270474,0.00998645168764533,239,0.5804898738861084,-164.46841840000002
1270,-158.90347999999994,0.34921645290805975,0.00998645168764533,748,1.8239259719848633,-164.34129280000002
1271,-188.23968000000002,0.3501728144603678,0.00998645168764533,144,0.34378695487976074,-164.7477332
1272,-166.95834,0.4147740118380071,0.00998645168764533,1174,2.8149588108062744,-164.82419119999997
1273,-163.54912000000002,0.29954796171016035,0.00998645168764533,521,1.2527601718902588,-164.1234704
1274,-165.73333999999997,0.3693492303058926,0.00998645168764533,778,1.890758991241455,-163.99016199999997
1275,-162.75248,0.32404055478516325,0.00998645168764533,729,1.7592239379882812,-163.817006
1276,-187.42006,0.33195724981228386,0.00998645168764533,202,0.4840569496154785,-164.2648744
1277,-185.93038,0.48933134565074277,0.00998645168764533,134,0.3209860324859619,-164.60410520000002
1278,-162.88704,0.36475783831092523,0.00998645168764533,689,1.6472740173339844,-164.6259716
1279,27.64719999999997,0.38619142718419647,0.00998645168764533,1184,2.8134448528289795,-160.91345080000002
1280,-175.06814,0.3783896318674431,0.00998645168764533,867,2.0700600147247314,-161.1530668
1281,-158.02259999999995,0.31308116717264056,0.00998645168764533,661,1.587393045425415,-160.741098
1282,-167.24765999999994,0.333967136105938,0.00998645168764533,798,1.8990862369537354,-164.5545296
1283,-170.50134000000003,0.32353165790169514,0.00998645168764533,699,1.6637301445007324,-164.3740548
1284,-182.32378,0.4149640351516184,0.00998645168764533,263,0.6371288299560547,-164.7614472
1285,-171.23784000000003,0.3581288551944089,0.00998645168764533,489,1.1849608421325684,-164.8243824
1286,-162.41751999999997,0.28930289424315203,0.00998645168764533,817,1.9422039985656738,-164.47398560000002
1287,-189.7402,0.2712965511955412,0.00998645168764533,164,0.39096760749816895,-164.8439112
1288,-165.4650399999999,0.3455585783592665,0.00998645168764533,1056,2.5313549041748047,-168.5019544
1289,-159.19969999999995,0.36328682852183597,0.00998645168764533,719,1.7030220031738281,-168.379158
1290,-161.09421999999992,0.3098059643867966,0.00998645168764533,1095,2.619702100753784,-167.7812156
1291,-170.5701,0.31802973298810633,0.00998645168764533,807,1.953282117843628,-167.4218412
1292,-159.48119999999997,0.297516878392159,0.00998645168764533,729,1.7408528327941895,-166.8466716
1293,-162.87766,0.3165153164904109,0.00998645168764533,638,1.5246820449829102,-166.3304292
1294,-186.99462000000003,0.28680282868160545,0.00998645168764533,131,0.33967113494873047,-166.707372
1295,-158.51351999999997,0.38096477845875154,0.00998645168764533,681,1.6727819442749023,-166.62911799999998
1296,-190.99134000000004,0.2753652302366307,0.00998645168764533,174,0.4271688461303711,-167.29876639999998
1297,-158.40433999999988,0.3000219142079028,0.00998645168764533,1214,2.9895808696746826,-167.1941428
1298,-157.79565999999994,0.2980856243614341,0.00998645168764533,798,1.9139978885650635,-166.8471384
1299,-168.29442,0.3525079524799257,0.00998645168764533,798,1.9605460166931152,-167.107476
1300,-164.74652,0.31948920428142724,0.00998645168764533,580,1.3782107830047607,-166.6494328
1301,-169.87087999999994,0.2987392039012922,0.00998645168764533,1361,3.289802074432373,-166.450932
1302,-160.75245999999993,0.2887406199738599,0.00998645168764533,1035,2.454174041748047,-166.4385712
1303,-156.53115999999991,0.3288078257672738,0.00998645168764533,837,2.0233898162841797,-166.2734504
1304,-175.43606000000003,0.2508250864506778,0.00998645168764533,590,1.4029080867767334,-166.42450279999997
1305,-161.31559999999993,0.3482687481618606,0.00998645168764533,817,2.0006189346313477,-165.83489439999997
1306,-153.42485999999997,0.2844609712755695,0.00998645168764533,778,1.909703016281128,-165.644286
1307,-175.63772000000006,0.27074457194210305,0.00998645168764533,493,1.1730189323425293,-165.3333492
1308,-189.75492000000003,0.1377802243851351,0.00998645168764533,165,0.3923609256744385,-165.7965208
1309,-171.80863999999997,0.29873721461601765,0.00998645168764533,817,1.951117753982544,-165.73327599999996
1310,-189.22246,0.2565598072792916,0.00998645168764533,187,0.4436800479888916,-166.12506679999998
1311,-185.3665,0.49040275113657117,0.00998645168764533,154,0.36522507667541504,-166.6301872
1312,-186.64178,0.24381355494015702,0.00998645168764533,114,0.2725367546081543,-167.1196788
1313,-162.1641799999999,0.3164761799241977,0.00998645168764533,1055,2.4983198642730713,-167.17605199999997
1314,-167.72926,0.33843506545846597,0.00998645168764533,1158,2.7658419609069824,-166.55893399999997
1315,-164.99858,0.3580298580662788,0.00998645168764533,391,0.931354284286499,-166.63561039999996
1316,-168.67872000000003,0.2828978181387356,0.00998645168764533,768,1.8334431648254395,-166.5764976
1317,-165.60770000000002,0.3273391381516623,0.00998645168764533,659,1.5767240524291992,-166.44047919999997
1318,-166.69950000000003,0.3815208216743532,0.00998645168764533,471,1.1176409721374512,-166.2894124
1319,-169.05471999999997,0.3934499571182925,0.00998645168764533,785,1.878965139389038,-165.92819679999997
1320,-156.84633999999994,0.3063787878277806,0.00998645168764533,699,1.6602602005004883,-165.88705399999998
1321,-193.56806000000003,0.34536828055648217,0.00998645168764533,243,0.5931692123413086,-165.99362159999998
1322,-182.13542,0.37501945492633754,0.00998645168764533,1006,2.414973020553589,-166.2971632
1323,-188.23968000000002,0.26283572686629164,0.00998645168764533,144,0.34525513648986816,-166.79097439999998
1324,-162.71957999999998,0.390808085945375,0.00998645168764533,731,1.745657205581665,-166.73069919999998
1325,-188.53882000000002,0.4097645326559855,0.00998645168764533,154,0.3666858673095703,-167.24642599999999
1326,-192.5001,0.3822385643589947,0.00998645168764533,443,1.0591988563537598,-167.34802679999996
1327,-180.45870000000002,0.4541226694970552,0.00998645168764533,174,0.41567206382751465,-167.2385932
1328,-169.11324000000008,0.4433091675262835,0.00998645168764533,885,2.109312057495117,-167.36311719999998
1329,-174.70142000000004,0.374965770304711,0.00998645168764533,550,1.299372911453247,-171.4100896
1330,-184.88838,0.3567283707350947,0.00998645168764533,131,0.3120269775390625,-171.60649439999997
1331,-163.7526399999999,0.3984538233384245,0.00998645168764533,1065,2.5375449657440186,-171.72109519999998
1332,-160.97345999999985,0.38431167586702475,0.00998645168764533,1135,2.684433937072754,-171.59561119999998
1333,-161.16522000000003,0.3469744594829299,0.00998645168764533,907,2.1506831645965576,-171.4088888
1334,-180.77292000000003,0.33654123961077953,0.00998645168764533,189,0.44733333587646484,-171.3778716
1335,-161.16837999999996,0.3397159931657831,0.00998645168764533,758,1.7852790355682373,-171.1764824
1336,-163.14653999999987,0.3688129697021959,0.00998645168764533,1210,2.8872690200805664,-171.1910628
1337,-157.07055999999994,0.369550372779375,0.00998645168764533,657,1.5651922225952148,-170.53767
1338,-162.22423999999987,0.37309363627634623,0.00998645168764533,1009,2.440930128097534,-170.47285399999998
1339,-165.93500000000006,0.29893470870486705,0.00998645168764533,1124,2.65683913230896,-170.60755999999998
1340,-195.90598000000003,0.27761663883452264,0.00998645168764533,355,0.8468983173370361,-171.3037952
1341,29.033120000000046,0.2811441013846107,0.00998645168764533,1136,2.732856035232544,-167.31173079999996
1342,-182.20448000000002,0.2880613710670397,0.00998645168764533,153,0.36630916595458984,-167.76619639999998
1343,-155.71543999999997,0.22040597154387204,0.00998645168764533,649,1.580185890197754,-167.62295199999997
1344,-182.21866000000003,0.16503005867896528,0.00998645168764533,154,0.37406110763549805,-167.52743279999999
1345,-155.37083999999993,0.32956002565459724,0.00998645168764533,877,2.107388973236084,-167.46457919999997
1346,-159.84257999999997,0.22965479470002587,0.00998645168764533,838,2.0226948261260986,-166.84160399999996
1347,-161.27527999999998,0.29398260950550975,0.00998645168764533,857,2.089675188064575,-166.89902279999998
1348,-169.96854000000002,0.33147351552663123,0.00998645168764533,579,1.4018988609313965,-167.14248039999998
1349,-173.77472000000003,0.28728186454141647,0.00998645168764533,560,1.327742338180542,-167.25208639999997
1350,-170.14172,0.29538451604430427,0.00998645168764533,877,2.081942081451416,-167.3599904
1351,-183.11798000000002,0.32405606036068124,0.00998645168764533,147,0.35160112380981445,-167.6249324
1352,-186.64178,0.24279414240287192,0.00998645168764533,114,0.27239012718200684,-168.1427188
1353,-169.6852,0.3697585289890412,0.00998645168764533,560,1.3319487571716309,-168.4057996
1354,-171.26656000000006,0.3809681403341812,0.00998645168764533,385,0.9157440662384033,-168.3224096
1355,-173.12226,0.36806948524609806,0.00998645168764533,819,1.9498319625854492,-168.5585428
1356,-167.83887999999996,0.29031423767731873,0.00998645168764533,1224,2.8917229175567627,-168.8468232
1357,-171.42494000000002,0.31775144838588215,0.00998645168764533,946,2.243760108947754,-168.7625676
1358,-160.16695999999996,0.31736146350769956,0.00998645168764533,809,1.9358539581298828,-168.1708084
1359,-165.30738000000002,0.3244184159216584,0.00998645168764533,603,1.4771897792816162,-168.0407832
1360,-197.70152000000002,0.37288084591997794,0.00998645168764533,241,0.5840561389923096,-168.2103644
1361,-161.67161999999993,0.36268538108182163,0.00998645168764533,1075,2.574991226196289,-167.7364668
1362,-178.09008000000003,0.3604687081912933,0.00998645168764533,609,1.4470930099487305,-167.56543279999997
1363,-187.67794,0.3959682923936826,0.00998645168764533,167,0.4016740322113037,-168.07570799999996
1364,-164.74901999999997,0.3543641492617435,0.00998645168764533,827,2.0155129432678223,-168.0161032
1365,-166.30150000000003,0.38624722264557704,0.00998645168764533,798,1.9079482555389404,-168.0421616
1366,-160.8804599999999,0.33168106059599806,0.00998645168764533,798,1.8962178230285645,-167.88619640000002
1367,-164.17931999999996,0.26803184592980517,0.00998645168764533,1045,2.4992589950561523,-167.8576288
1368,-163.75866000000002,0.2537340728859245,0.00998645168764533,378,0.8989419937133789,-167.798812
1369,-186.64178,0.2694067063112335,0.00998645168764533,114,0.2747519016265869,-168.1505532
1370,-188.23968000000002,0.26071293851580574,0.00998645168764533,144,0.3521728515625,-168.77842
1371,-173.36322,0.3411835935486316,0.00998645168764533,735,1.740143060684204,-168.3743232
1372,-189.90278000000004,0.3359510661549356,0.00998645168764533,219,0.5173192024230957,-168.5296704
1373,-7.071200000000006,0.43411511133412467,0.00998645168764533,448,1.0640778541564941,-164.9063008
1374,-158.4385599999999,0.36331236431906416,0.00998645168764533,873,2.06180477142334,-164.8206804
1375,-168.83184000000006,0.3535735185456967,0.00998645168764533,768,1.8162510395050049,-164.4265408
1376,-184.88254000000003,0.2558031707737984,0.00998645168764533,134,0.3197147846221924,-164.2741896
1377,-168.85800000000003,0.4263876118087258,0.00998645168764533,768,1.8161239624023438,-164.0421756
1378,-177.63070000000005,0.3309397234865543,0.00998645168764533,590,1.4432950019836426,-164.21252479999998
1379,-159.76121999999992,0.33373788366019463,0.00998645168764533,847,2.034868001937866,-163.91372079999996
1380,-172.75126,0.3148927967773416,0.00998645168764533,902,2.1316990852355957,-163.6709784
1381,-170.53706,0.31614778926939163,0.00998645168764533,950,2.2941551208496094,-163.8066668
1382,-186.82222000000002,0.3683406298271626,0.00998645168764533,326,0.7771756649017334,-164.323642
1383,-165.60071999999997,0.35685094248644117,0.00998645168764533,768,1.8207299709320068,-164.412352
1384,-161.57959999999994,0.3369238110684759,0.00998645168764533,976,2.305630922317505,-164.02848559999998
1385,-163.96119999999996,0.3423266010890481,0.00998645168764533,841,1.9865081310272217,-164.084342
1386,-171.45134000000002,0.24399529620325763,0.00998645168764533,946,2.239861011505127,-164.250438
1387,14.375599999999967,0.29894612940672016,0.00998645168764533,680,1.650181770324707,-160.82151480000002
1388,-170.82642000000004,0.2323024202312204,0.00998645168764533,867,2.0915119647979736,-160.9935584
1389,-189.7402,0.32720151374957,0.00998645168764533,164,0.3950481414794922,-161.4696624
1390,-156.44557999999998,0.2772881790877358,0.00998645168764533,638,1.5261991024017334,-160.6804544
1391,-159.13777999999996,0.2986588275249271,0.00998645168764533,758,1.7967782020568848,-164.4438724
1392,-161.48611999999991,0.31959907707962387,0.00998645168764533,917,2.173022985458374,-164.0295052
1393,-188.23392,0.30564411242893486,0.00998645168764533,144,0.34241485595703125,-164.6798748
1394,-159.10513999999995,0.2992879628322989,0.00998645168764533,758,1.8189749717712402,-164.21760439999997
1395,-162.8826,0.299957950379332,0.00998645168764533,588,1.4233829975128174,-164.3678396
1396,-188.53882000000002,0.36784865416876683,0.00998645168764533,154,0.37454795837402344,-164.94176439999998
1397,-154.9105399999999,0.2517389184500442,0.00998645168764533,758,1.801246166229248,-164.81446960000002
1398,-188.53882000000002,0.26722005477126737,0.00998645168764533,154,0.3636820316314697,-165.1858752
1399,-170.37900000000002,0.30092069435321694,0.00998645168764533,837,1.9809620380401611,-165.1179608
1400,-160.26968000000002,0.31336177441425717,0.00998645168764533,1145,2.700777769088745,-164.92052
1401,-168.99342000000001,0.36753031272705544,0.00998645168764533,627,1.5347990989685059,-164.6380288
1402,-156.78053999999995,0.32922078828493084,0.00998645168764533,798,1.907510757446289,-164.04080399999998
1403,-165.81878000000003,0.3366138624937035,0.00998645168764533,430,1.033843994140625,-163.96347559999998
1404,-157.79325999999995,0.3113254105793906,0.00998645168764533,643,1.550307035446167,-163.6940096
1405,-164.99858,0.3770507907201929,0.00998645168764533,391,0.9457199573516846,-163.531536
1406,-170.63916000000006,0.3842953188496343,0.00998645168764533,1045,2.5319502353668213,-163.58754159999998
1407,-186.9823,0.49037552701740234,0.00998645168764533,134,0.348315954208374,-163.89868879999997
1408,-156.6382399999999,0.35609582087014235,0.00998645168764533,689,1.6814751625061035,-163.8281144
1409,-159.9237,0.3896960588062123,0.00998645168764533,847,2.022034168243408,-163.7204408
1410,-176.28478000000004,0.3901307235852591,0.00998645168764533,274,0.6590180397033691,-163.292106
1411,-184.88182000000003,0.39947012962022826,0.00998645168764533,134,0.31943392753601074,-163.75630999999998
1412,-169.28186000000002,0.4116053295408174,0.00998645168764533,291,0.6916582584381104,-163.5801456
1413,-199.20844000000002,0.30881277110223493,0.00998645168764533,365,0.8698461055755615,-163.8107556
1414,-168.77756000000002,0.28586165273601893,0.00998645168764533,421,0.9987499713897705,-163.8913264
1415,-158.98117999999994,0.3519584985785964,0.00998645168764533,1006,2.408219814300537,-163.74492
1416,-153.83551999999995,0.37338725723987,0.00998645168764533,809,1.928896188735962,-163.60402119999998
1417,-194.97072000000003,0.4153841101256997,0.00998645168764533,209,0.49689507484436035,-164.2198492
1418,-165.57312000000002,0.35590107731378195,0.00998645168764533,417,0.9930617809295654,-164.25613839999997
1419,-168.0988800000001,0.3265501211075313,0.00998645168764533,937,2.2762200832366943,-163.8852804
1420,-171.74272,0.354702954842897,0.00998645168764533,857,2.089315176010132,-163.55534120000002
1421,-168.40262000000007,0.37308329972015186,0.00998645168764533,550,1.3548462390899658,-163.4561292
1422,-174.92044,0.3944956514512863,0.00998645168764533,956,2.3446059226989746,-163.15648240000002
1423,-159.1979199999999,0.3688057165711441,0.00998645168764533,825,2.0179548263549805,-166.19901679999998
1424,-158.90341999999995,0.33773296112288,0.00998645168764533,898,2.203479766845703,-166.208314
1425,-187.97672000000003,0.35918803705102476,0.00998645168764533,177,0.4356091022491455,-166.59121159999998
1426,-167.46156000000002,0.41713205859054875,0.00998645168764533,549,1.3705768585205078,-166.242792
1427,-171.72564000000003,0.382465065561168,0.00998645168764533,612,1.4841527938842773,-166.30014479999997
1428,-188.3525,0.29235476828952456,0.00998645168764533,199,0.4877028465270996,-166.5145808
1429,-186.12624000000002,0.4157813281862117,0.00998645168764533,144,0.35260915756225586,-167.04188119999998
1430,-188.52392000000003,0.29014078961697476,0.00998645168764533,153,0.3692910671234131,-167.3573344
1431,-165.88248,0.3803428533577727,0.00998645168764533,729,1.755674123764038,-167.2642428
1432,-160.0591799999998,0.37570886774338874,0.00998645168764533,1138,2.713157892227173,-166.728982
1433,-165.66744,0.3041187204556384,0.00998645168764533,624,1.4953670501708984,-166.73031640000002
1434,-176.50585999999998,0.3566778021257387,0.00998645168764533,1135,2.702242136001587,-167.02884159999996
1435,-187.87956000000003,0.3966718177223389,0.00998645168764533,276,0.6578431129455566,-167.5072088
1436,-172.19790000000003,0.3041033048247256,0.00998645168764533,534,1.2721710205078125,-167.52214
1437,-171.75304000000006,0.2917628833375472,0.00998645168764533,560,1.3266432285308838,-171.24471279999997
1438,-188.53882000000002,0.24611907424223792,0.00998645168764533,154,0.3799149990081787,-171.5989608
1439,13.421359999999993,0.29858942789436255,0.00998645168764533,728,1.7571699619293213,-167.53572960000002
1440,-189.75492000000003,0.5713797433696913,0.00998645168764533,165,0.40111398696899414,-168.20191640000002
1441,-166.92982,0.3540142279255202,0.00998645168764533,966,2.289151906967163,-168.3577572
1442,-190.99134000000004,0.29415714037711677,0.00998645168764533,174,0.4142131805419922,-168.9478616
1443,-159.68559999999994,0.3223056797942802,0.00998645168764533,1080,2.553147077560425,-168.3768952
1444,-186.64178,0.32662041490619775,0.00998645168764533,114,0.27391505241394043,-168.927628
1445,-185.73692,0.4015609092349487,0.00998645168764533,124,0.2959709167480469,-169.3847144
1446,-188.3525,0.3217815708406457,0.00998645168764533,199,0.4915938377380371,-169.380988
1447,-154.4978399999999,0.4625910152348952,0.00998645168764533,841,2.0004100799560547,-169.37273399999998
1448,12.67095999999998,0.36581535450917974,0.00998645168764533,712,1.7012848854064941,-165.3485384
1449,-181.64922,0.30863268554283235,0.00998645168764533,231,0.5573239326477051,-165.5739428
1450,22.955119999999983,0.36633238298741255,0.00998645168764533,1568,3.72642183303833,-161.9094468
1451,-168.48991999999996,0.27487853756416497,0.00998645168764533,808,1.9251370429992676,-161.8993768
1452,-165.47634000000002,0.22919778947417063,0.00998645168764533,411,0.9898972511291504,-162.0732928
1453,-157.5297399999999,0.32290206466986593,0.00998645168764533,986,2.662911891937256,-161.907512
1454,-186.78548,0.3012248679034172,0.00998645168764533,124,0.37441492080688477,-162.4873564
1455,-163.94158,0.28654391201318685,0.00998645168764533,846,2.2958970069885254,-162.4662164
1456,-162.67628000000002,0.2989755192587838,0.00998645168764533,877,2.3381388187408447,-162.3069588
1457,-184.88182000000003,0.34984355796225813,0.00998645168764533,134,0.323803186416626,-162.2649492
1458,-165.86455999999998,0.2989245447450265,0.00998645168764533,729,1.7410879135131836,-162.4494756
1459,-160.9291999999999,0.34153146667813417,0.00998645168764533,1184,2.9063668251037598,-162.4695856
1460,-190.03014000000002,0.35248542358929463,0.00998645168764533,275,0.6757938861846924,-162.7444928
1461,-172.08212000000003,0.27978951110639433,0.00998645168764533,877,2.1236133575439453,-162.4884988
1462,-179.10096000000001,0.24440768445124741,0.00998645168764533,609,1.4845001697540283,-162.6848808
1463,-169.55030000000002,0.2776075923976453,0.00998645168764533,1006,2.4221270084381104,-162.09171800000001
1464,-195.30800000000002,0.3141117004512085,0.00998645168764533,225,0.5651140213012695,-162.6223268
1465,-161.90459999999993,0.2605191803074138,0.00998645168764533,748,1.8100919723510742,-162.6807952
1466,-167.07768,0.30869429301045276,0.00998645168764533,841,2.0250768661499023,-162.94563839999998
1467,-164.9847999999999,0.3460809262922137,0.00998645168764533,1224,2.9708478450775146,-162.34591999999998
1468,-177.78064000000003,0.42542517788640655,0.00998645168764533,193,0.463364839553833,-162.5900704
1469,-168.12238000000005,0.30240819022154153,0.00998645168764533,590,1.4360260963439941,-162.59054039999998
1470,-174.91236000000004,0.333055903835372,0.00998645168764533,261,0.628532886505127,-162.65393319999998
1471,-186.04224000000002,0.369440338613155,0.00998645168764533,288,0.6923680305480957,-163.00672559999998
1472,-185.93038,0.2792720154845225,0.00998645168764533,134,0.3356468677520752,-163.2269244
1473,-188.53882000000002,0.4477054177928571,0.00998645168764533,154,0.3748018741607666,-163.8137424
1474,-165.67236000000008,0.3633741160063978,0.00998645168764533,669,1.6103432178497314,-163.9491212
1475,-172.8897,0.3613779658252107,0.00998645168764533,966,2.3469960689544678,-163.64738079999998
1476,-161.63771999999997,0.3672446074811667,0.00998645168764533,877,2.1501450538635254,-163.530904
1477,-159.2082599999999,0.31257370322998485,0.00998645168764533,1303,3.140270948410034,-163.2805564
1478,-157.80023999999997,0.3591853461949912,0.00998645168764533,937,2.2975387573242188,-162.6695112
1479,-184.88766,0.35493025637964026,0.00998645168764533,131,0.32249021530151367,-162.64473959999998
1480,-188.53882000000002,0.46940164099290194,0.00998645168764533,154,0.3705611228942871,-162.6450376
1481,-186.12768,0.5646793329829557,0.00998645168764533,144,0.3445780277252197,-163.0499416
1482,-188.53882000000002,0.34740998793707845,0.00998645168764533,154,0.3673410415649414,-163.6195344
1483,-188.65128,0.4404352143602936,0.00998645168764533,209,0.501572847366333,-164.0792112
1484,-187.63944000000004,0.42979165992948304,0.00998645168764533,161,0.38512110710144043,-164.3018828
1485,-162.06615999999997,0.34984463716402237,0.00998645168764533,649,1.5819251537322998,-163.7856148
1486,-181.70384,0.26169743745982565,0.00998645168764533,184,0.448746919631958,-163.97573359999998
1487,-166.89156000000003,0.4685524042210978,0.00998645168764533,828,1.9713211059570312,-163.878504
1488,-173.19196000000005,0.45720370914644504,0.00998645168764533,980,2.3867149353027344,-163.5715668
1489,-188.53882000000002,0.5095945277081971,0.00998645168764533,154,0.3726227283477783,-167.6107704
1490,18.247999999999998,0.4143301271449309,0.00998645168764533,800,1.9364469051361084,-163.450712
1491,-173.79042000000004,0.40224797149423924,0.00998645168764533,511,1.2320189476013184,-163.58792400000002
1492,-163.95391999999998,0.36878716097114217,0.00998645168764533,1184,2.8386778831481934,-163.0471756
1493,-166.83254,0.38187682018745606,0.00998645168764533,679,1.6229541301727295,-163.1901144
1494,-159.71139999999997,0.34015631500471344,0.00998645168764533,837,1.9896049499511719,-162.6515068
1495,-172.88762,0.3783190893689038,0.00998645168764533,1055,2.5467441082000732,-162.39452079999998
1496,-188.53882000000002,0.46949678233086867,0.00998645168764533,154,0.3756072521209717,-162.39824720000001
1497,-190.99134000000004,0.2912507671595219,0.00998645168764533,174,0.42075586318969727,-163.1281172
1498,-163.53351999999995,0.47172050601693455,0.00998645168764533,1065,2.5725080966949463,-166.6522068
1499,-171.81935999999996,0.3130472623972884,0.00998645168764533,912,2.1858770847320557,-166.4556096
1500,-172.15004000000005,0.2750230394696717,0.00998645168764533,877,2.0736231803894043,-170.3577128
1501,-159.3360799999999,0.2574483835065965,0.00998645168764533,1016,2.5503649711608887,-170.174636
1502,-178.67038000000002,0.3179333129613581,0.00998645168764533,590,1.411849021911621,-170.4385168
1503,-167.99396,0.2607884740456144,0.00998645168764533,1172,2.8638360500335693,-170.6478012
1504,-168.28902,0.2391706350937609,0.00998645168764533,846,2.0629208087921143,-170.277872
1505,27.79152000000011,0.26665961885638273,0.00998645168764533,1408,3.427553176879883,-166.44321
1506,-167.60184,0.26387954715270706,0.00998645168764533,768,1.8803839683532715,-166.54172119999998
1507,-166.4167,0.18602216331162896,0.00998645168764533,758,1.8447599411010742,-166.1724188
1508,-165.36544000000004,0.29269706047425914,0.00998645168764533,505,1.216947317123413,-166.16243640000002
1509,-173.00708,0.20867863031638537,0.00998645168764533,868,2.0754919052124023,-166.40399399999998
1510,-157.72225999999998,0.2139977835409539,0.00998645168764533,647,1.5716168880462646,-165.7578364
1511,-170.3624,0.22361469830030062,0.00998645168764533,745,1.817152976989746,-165.723442
1512,-162.68721999999997,0.24685840547721652,0.00998645168764533,778,1.8657608032226562,-165.3951672
1513,-167.97259999999997,0.21029214315693562,0.00998645168764533,781,1.8678359985351562,-165.3636132
1514,-186.9823,0.20899134475404202,0.00998645168764533,134,0.32021307945251465,-165.19709920000003
1515,-156.01627999999994,0.2292886586941654,0.00998645168764533,956,2.3376760482788086,-165.0793328
1516,-167.89564000000004,0.281591485666477,0.00998645168764533,677,1.6649248600006104,-165.09569199999999
1517,-188.53882000000002,0.26708591681626903,0.00998645168764533,154,0.38549304008483887,-165.56677240000002
1518,-186.9823,0.30504707811024984,0.00998645168764533,134,0.34299802780151367,-165.75080559999998
1519,-160.55265999999995,0.2884576128500066,0.00998645168764533,778,1.9224960803985596,-165.5994112
1520,-161.94299999999996,0.3163909765282885,0.00998645168764533,748,1.8790340423583984,-165.340024
1521,11.724400000000003,0.29963100826134903,0.00998645168764533,760,1.8603136539459229,-161.3846912
1522,-189.70788000000002,0.3913778055441771,0.00998645168764533,213,0.5204486846923828,-161.4602412
1523,-161.15063999999995,0.3050456961729996,0.00998645168764533,601,1.4902868270874023,-160.9124776
1524,-189.75492000000003,0.5166134983922045,0.00998645168764533,165,0.4064319133758545,-161.3941288
1525,-164.43523999999994,0.34841485866968946,0.00998645168764533,956,2.3271737098693848,-161.2250396
1526,-178.54518000000002,0.3613775061710092,0.00998645168764533,482,1.1571967601776123,-161.56318879999998
1527,-169.65702,0.3776470558312971,0.00998645168764533,858,2.0484540462493896,-161.772164
1528,-179.94120000000004,0.378527837547008,0.00998645168764533,600,1.50376296043396,-162.21498319999998
1529,-165.9596,0.27516177447082907,0.00998645168764533,585,1.4182298183441162,-161.836422
1530,-161.24032000000003,0.3592839389232852,0.00998645168764533,560,1.3603289127349854,-161.29045200000002
1531,-165.70816000000002,0.34206422945645976,0.00998645168764533,473,1.1533191204071045,-160.8820616
1532,-163.09588,0.3359323180596109,0.00998645168764533,1293,3.1324260234832764,-160.3732028
1533,-190.99134000000004,0.32904856753717554,0.00998645168764533,174,0.42157483100891113,-160.42000399999998
1534,-154.96207999999993,0.3210822302873828,0.00998645168764533,905,2.1783061027526855,-159.7664568
1535,-160.49733999999992,0.3065904428285246,0.00998645168764533,927,2.2214839458465576,-159.7350804
1536,-163.90345999999994,0.29443957427514056,0.00998645168764533,738,1.7611429691314697,-159.3790728
1537,-159.02092,0.29288049536482336,0.00998645168764533,837,2.121678113937378,-159.22165999999999
1538,31.10680000000011,0.3220627146532779,0.00998645168764533,1504,3.612936019897461,-155.13568479999998
1539,-161.25231999999994,0.29533110652058286,0.00998645168764533,768,1.8400557041168213,-154.5899548
1540,-166.00346000000002,0.2199240738993736,0.00998645168764533,1115,2.6712486743927,-158.274984
1541,-162.43480000000005,0.22654419462908984,0.00998645168764533,817,1.9528539180755615,-158.04787159999998
1542,-190.99134000000004,0.1303521799399978,0.00998645168764533,174,0.41765284538269043,-158.58862
1543,-163.28829999999988,0.22601859400177504,0.00998645168764533,999,2.419934034347534,-158.51773519999998
1544,-171.85755999999998,0.2883334861750407,0.00998645168764533,917,2.208430767059326,-158.76065839999998
1545,-158.19853999999992,0.2832296616605047,0.00998645168764533,719,1.7258739471435547,-158.4668768
1546,-162.1986999999999,0.19780635049916068,0.00998645168764533,1194,2.898876905441284,-157.9400744
1547,-161.83306,0.22837686578606525,0.00998645168764533,927,2.254424810409546,-157.35690879999999
1548,-189.56550000000001,0.2824947866014769,0.00998645168764533,203,0.4951162338256836,-157.87754839999997
1549,-175.95985999999996,0.2589635813489483,0.00998645168764533,1015,2.4729888439178467,-157.9603584
1550,-161.9121,0.19437527164945423,0.00998645168764533,594,1.4525938034057617,-157.75559959999998
1551,-175.74856000000003,0.24494236517154303,0.00998645168764533,600,1.515631914138794,-158.08384919999997
1552,-7.065440000000006,0.2725439592000579,0.00998645168764533,448,1.111255168914795,-154.65175039999997
1553,-160.49079999999995,0.2901647044532001,0.00998645168764533,825,2.047327995300293,-154.5016872
1554,-187.75734,0.2509731425745669,0.00998645168764533,218,0.5359699726104736,-154.89105359999996
1555,-167.34545999999995,0.27387005227126077,0.00998645168764533,907,2.228178024291992,-158.79379319999998
1556,-190.99134000000004,0.2192626179399333,0.00998645168764533,174,0.4260439872741699,-159.2615832
1557,-173.52802000000003,0.23048053245089545,0.00998645168764533,887,2.183789014816284,-159.4038096
1558,-166.00378,0.297648913379361,0.00998645168764533,431,1.054631233215332,-159.41657639999997
1559,-174.69246,0.30153109078634194,0.00998645168764533,550,1.392961025238037,-159.45028399999998
1560,-157.70983999999993,0.28988715982015945,0.00998645168764533,689,1.7114589214324951,-159.45003559999998
1561,-171.70096000000004,0.32089067440069213,0.00998645168764533,857,2.1288349628448486,-159.47680679999996
1562,-171.97504000000004,0.34857476008554406,0.00998645168764533,817,2.0299530029296875,-159.6625632
1563,-156.94995999999998,0.3186853702394657,0.00998645168764533,612,1.517057180404663,-159.4421104
1564,-157.0272599999999,0.34033002622647346,0.00998645168764533,907,2.2396130561828613,-158.8430096
1565,-165.29033999999984,0.32963556539650446,0.00998645168764533,807,1.9924161434173584,-159.0284908
1566,-172.13082000000003,0.2961946549501869,0.00998645168764533,927,2.264524221420288,-159.11319439999997
1567,-174.51224,0.2870068938784771,0.00998645168764533,841,2.040055990219116,-158.83266279999998
1568,-190.99134000000004,0.2387495771473295,0.00998645168764533,174,0.4234650135040283,-158.91284359999997
1569,-167.30918000000003,0.2676484120450914,0.00998645168764533,550,1.3427050113677979,-159.04797399999998
1570,-190.99134000000004,0.3106292425360445,0.00998645168764533,174,0.4245576858520508,-159.62894079999998
1571,-177.99072000000004,0.3045595647194065,0.00998645168764533,897,2.30007004737854,-163.42324319999997
1572,-169.37016,0.3306890695865095,0.00998645168764533,801,2.0174291133880615,-163.0164888
1573,-183.19904000000002,0.27180141069004266,0.00998645168764533,201,0.508903980255127,-163.4574568
1574,-189.75492000000003,0.4205831730512507,0.00998645168764533,165,0.413801908493042,-163.4574568
1575,-155.42005999999992,0.34382739296957776,0.00998645168764533,827,2.025081157684326,-163.2771532
1576,-173.71704,0.35507434420089456,0.00998645168764533,705,1.7236769199371338,-163.18059039999997
1577,-161.33651999999998,0.2860292196341949,0.00998645168764533,820,1.9986839294433594,-163.0141804
1578,-170.82084,0.38519484147770255,0.00998645168764533,716,1.7762887477874756,-162.8317732
1579,-158.6047399999999,0.3738759094438993,0.00998645168764533,1067,2.5936460494995117,-162.68467599999997
1580,-161.2670599999999,0.3051841553060436,0.00998645168764533,950,2.3104288578033447,-162.6852108
1581,-171.96546000000004,0.34649153598020693,0.00998645168764533,471,1.1495518684387207,-162.8103568
1582,-163.42427999999995,0.27124142978979315,0.00998645168764533,1204,2.95976185798645,-162.81692479999998
1583,-157.73729999999995,0.33237653014380947,0.00998645168764533,847,2.0908091068267822,-162.15184399999998
1584,-179.92200000000003,0.3812506450650593,0.00998645168764533,600,1.4685611724853516,-162.6510424
1585,-165.57312,0.37388359672977306,0.00998645168764533,417,1.0245678424835205,-162.752558
1586,-158.92275999999998,0.2735063084618165,0.00998645168764533,837,2.0365827083587646,-162.652944
1587,-170.48072000000005,0.30834686191539323,0.00998645168764533,297,0.7430269718170166,-162.88214
1588,-178.74776000000003,0.2668663275119284,0.00998645168764533,193,0.49945878982543945,-167.07923119999998
1589,-172.69646,0.3060919222159026,0.00998645168764533,1006,2.5119192600250244,-167.308114
1590,-150.5162399999999,0.26867684634517564,0.00998645168764533,841,2.058596134185791,-166.99836959999996
1591,-157.4590799999999,0.27757363235355137,0.00998645168764533,1045,2.5835518836975098,-166.89885519999999
1592,-162.75752,0.2794923476815769,0.00998645168764533,1025,2.526198148727417,-166.33417879999996
1593,-165.64119999999997,0.2637095524781519,0.00998645168764533,768,1.9145679473876953,-166.38123679999998
1594,-165.6596,0.3275093827101813,0.00998645168764533,616,1.515204906463623,-166.25727759999998
1595,-176.96344000000005,0.2860102604600667,0.00998645168764533,560,1.3768401145935059,-166.6325756
1596,-170.36785999999995,0.3577453384791939,0.00998645168764533,898,2.1908180713653564,-166.79595879999997
1597,-179.60264000000004,0.27827017894014716,0.00998645168764533,184,0.45565104484558105,-167.15135039999998
1598,-170.37606,0.29392197511564,0.00998645168764533,846,2.0864298343658447,-166.76756159999996
1599,-158.71026,0.34313156517686616,0.00998645168764533,891,2.2349469661712646,-166.42256959999997
1600,-184.88766,0.19088586582269035,0.00998645168764533,131,0.3240349292755127,-166.8820808
1601,-164.18923999999998,0.32153260527046157,0.00998645168764533,956,2.4524950981140137,-166.6508944
1602,-172.6501,0.26977453735657037,0.00998645168764533,950,2.3264341354370117,-169.9625876
1603,-173.02906000000004,0.3536179715277552,0.00998645168764533,671,1.6466929912567139,-170.2133528
1604,-169.28926,0.2948390382086337,0.00998645168764533,794,1.9399287700653076,-169.84399119999998
1605,-169.39112000000003,0.30583633469541105,0.00998645168764533,649,1.6185710430145264,-169.88490439999998
1606,-172.49676,0.2901311932264872,0.00998645168764533,748,1.9913408756256104,-169.5150128
1607,30.173679999999983,0.2456583628086264,0.00998645168764533,1024,2.659580945968628,-165.44097879999998
1608,-158.42039999999994,0.30236291386626546,0.00998645168764533,729,1.8327178955078125,-165.2893112
1609,-190.98558000000003,0.4371004688189547,0.00998645168764533,174,0.4322092533111572,-165.6151736
1610,35.01648000000013,0.2860343766425593,0.00998645168764533,1144,2.78949236869812,-161.7606472
1611,-159.18241999999995,0.22307695690102056,0.00998645168764533,719,1.7664270401000977,-161.51027639999998
1612,-190.99134000000004,0.24047623064112048,0.00998645168764533,174,0.4319579601287842,-161.89060239999998
1613,-168.69135999999997,0.2497129298004329,0.00998645168764533,665,1.6539278030395508,-162.1254304
1614,-177.01776000000004,0.25386615044686617,0.00998645168764533,609,1.576019287109375,-162.52524039999997
1615,-172.10302000000001,0.2821632146967118,0.00998645168764533,530,1.3351831436157227,-162.661494
1616,-164.54993999999996,0.27579294530935555,0.00998645168764533,1243,3.52022385597229,-162.5098764
1617,-188.23968000000002,0.347932624724409,0.00998645168764533,144,0.41686201095581055,-162.7844252
1618,-186.64178,0.21596808926806899,0.00998645168764533,114,0.3355729579925537,-162.697434
1619,-177.35486000000003,0.26307543427566826,0.00998645168764533,679,2.0359740257263184,-162.8983476
1620,-167.30156,0.2578690424841644,0.00998645168764533,748,2.0365729331970215,-162.42455199999998
1621,-173.01624000000004,0.3211025585493623,0.00998645168764533,369,0.9873428344726562,-162.32506239999998
1622,-190.99134000000004,0.2570044412705833,0.00998645168764533,174,0.44942688941955566,-162.757486
1623,-161.98655999999988,0.29291098039346014,0.00998645168764533,897,2.84541392326355,-162.33323639999998
1624,-176.69078000000002,0.3159143360464509,0.00998645168764533,694,1.8187768459320068,-162.0719536
1625,-185.18944000000002,0.2393412090966414,0.00998645168764533,145,0.3692660331726074,-162.66734119999998
1626,-165.1335,0.3674172277667047,0.00998645168764533,498,1.2583191394805908,-162.4956704
1627,-171.33864000000003,0.40605783611409313,0.00998645168764533,441,1.117002010345459,-162.6957128
1628,-189.90278000000004,0.42216001583059154,0.00998645168764533,219,0.5593490600585938,-163.07735160000001
1629,-166.25152,0.4202943519546022,0.00998645168764533,449,1.1371350288391113,-163.2302872
1630,-166.06537999999998,0.4409410104882273,0.00998645168764533,742,1.8767471313476562,-163.3262536
1631,-186.64178,0.4893694212619346,0.00998645168764533,114,0.28826904296875,-163.61978
1632,-167.28163999999992,0.4255970957014152,0.00998645168764533,748,1.918848991394043,-163.6969272
1633,-186.64178,0.4617777016879827,0.00998645168764533,114,0.29062485694885254,-164.2750168
1634,-158.10135999999991,0.4916068834979039,0.00998645168764533,768,1.9441168308258057,-163.838604
1635,-172.97220000000004,0.4400555511222392,0.00998645168764533,669,1.686521291732788,-163.9865856
1636,-169.75682000000003,0.4470993758665366,0.00998645168764533,1343,3.401945114135742,-164.2032668
1637,-173.97372,0.3864533186166443,0.00998645168764533,1669,4.211788892745972,-164.2731268
1638,-161.84685999999994,0.3287076967791489,0.00998645168764533,846,2.2459120750427246,-163.93510879999997
1639,-169.71795999999998,0.34935554202428676,0.00998645168764533,917,2.4168710708618164,-163.8755388
1640,-164.40308000000005,0.35447929715041043,0.00998645168764533,508,1.2736458778381348,-164.15327559999997
1641,-165.38250000000005,0.2415525489586717,0.00998645168764533,559,1.412898063659668,-164.311744
1642,-189.7402,0.32717763514700915,0.00998645168764533,164,0.41300296783447266,-164.85139759999998
1643,33.61664000000006,0.28794868343498414,0.00998645168764533,1152,2.9639079570770264,-160.86624079999999
1644,-180.64530000000005,0.2752913143643636,0.00998645168764533,531,1.3656880855560303,-161.1659548
1645,-164.33671999999999,0.2690666517978165,0.00998645168764533,808,2.128627061843872,-160.9134204
1646,-174.18336000000002,0.23730831005559594,0.00998645168764533,768,2.0416786670684814,-160.9897304
1647,-190.99134000000004,0.41576907436641725,0.00998645168764533,174,0.45218896865844727,-161.2175044
1648,19.107600000000012,0.25661535616670844,0.00998645168764533,1048,2.5853397846221924,-157.4278312
1649,-164.53104000000002,0.2168268271380969,0.00998645168764533,1120,3.064074993133545,-157.5442468
1650,-190.99134000000004,0.3612937618009532,0.00998645168764533,174,0.45276331901550293,-157.66632040000002
1651,-185.74240000000003,0.2029208222111641,0.00998645168764533,121,0.3315701484680176,-158.0973836
1652,-164.05588,0.2756874636499926,0.00998645168764533,837,2.3001821041107178,-157.9254992
1653,-158.47859999999994,0.32848128057322906,0.00998645168764533,685,1.997251272201538,-157.63449
1654,-181.1429,0.32520206446454514,0.00998645168764533,559,1.5395078659057617,-157.8715628
1655,-160.44122,0.3042135400153808,0.00998645168764533,1067,2.74957275390625,-157.6925648
1656,27.93032000000015,0.26440203138834517,0.00998645168764533,1392,3.533996105194092,-153.68402319999998
1657,-168.01098000000002,0.2801333415158065,0.00998645168764533,534,1.3176491260528564,-157.64771639999998
1658,-166.58392,0.28983826685304703,0.00998645168764533,817,2.0309808254241943,-157.8109868
1659,-155.95671999999988,0.2801705343855616,0.00998645168764533,761,1.8899338245391846,-157.1104096
1660,-159.18049999999994,0.2617904054258739,0.00998645168764533,719,1.767244815826416,-160.9943492
1661,-190.99134000000004,0.18577041820590867,0.00998645168764533,174,0.4317440986633301,-161.6305276
1662,-163.29876,0.3026215164892286,0.00998645168764533,997,2.532893180847168,-161.076676
1663,-188.32882,0.2527956689558425,0.00998645168764533,299,0.748769998550415,-161.4694252
1664,-175.65444000000002,0.35686307407684564,0.00998645168764533,645,1.6205317974090576,-161.4421588
1665,-165.28228000000001,0.27116853117338835,0.00998645168764533,404,1.0279161930084229,-161.305744
1666,-158.03675999999993,0.3062484292989946,0.00998645168764533,709,1.7876081466674805,-161.1754804
1667,-157.11975999999996,0.3154662174235721,0.00998645168764533,665,1.6649620532989502,-160.553082
1668,17.420799999999996,0.314985622367605,0.00998645168764533,688,1.7290809154510498,-156.4718304
1669,-180.93496000000002,0.250698070640198,0.00998645168764533,193,0.4788632392883301,-156.5434324
1670,-171.76248,0.31618700418653906,0.00998645168764533,857,2.1056058406829834,-156.6326508
1671,-179.72542000000004,0.3058369769651632,0.00998645168764533,590,1.4496870040893555,-156.7668344
1672,-188.53882000000002,0.3683872010570939,0.00998645168764533,154,0.3809070587158203,-156.717784
1673,-166.78176000000002,0.3222378943032776,0.00998645168764533,473,1.198336124420166,-156.813688
1674,-154.40157999999988,0.35963815297427526,0.00998645168764533,1035,2.5513670444488525,-156.367904
1675,-180.44970000000004,0.35551750628168094,0.00998645168764533,170,0.42279863357543945,-156.2731092
1676,-158.12303999999997,0.37458463554526344,0.00998645168764533,761,1.866584062576294,-156.13289999999998
1677,-155.27753999999993,0.39281086086442596,0.00998645168764533,570,1.393556833267212,-155.811678
1678,-187.67794,0.3431829881581093,0.00998645168764533,167,0.4153761863708496,-155.76718119999998
1679,-168.45664,0.35478610081662143,0.00998645168764533,1281,3.3359529972076416,-155.8112836
1680,-156.7492199999999,0.34248523596953795,0.00998645168764533,946,2.4254150390625,-155.6249604
1681,-164.82909999999998,0.35675430528477625,0.00998645168764533,1035,2.602412700653076,-155.18870679999998
1682,-168.71318000000005,0.34975842287761494,0.00998645168764533,758,1.9108819961547852,-155.21733759999998
1683,-173.94062,0.309975422980823,0.00998645168764533,1006,2.5620479583740234,-154.96331439999997
1684,-166.22276,0.3528090220842421,0.00998645168764533,748,1.8644249439239502,-155.1257424
1685,-160.64988,0.3513375432830529,0.00998645168764533,877,2.1747941970825195,-154.87929599999998
1686,20.307759999999995,0.30161454593995585,0.00998645168764533,1000,2.4716830253601074,-151.0780044
1687,-174.02858000000003,0.24447408648415872,0.00998645168764533,367,0.896334171295166,-151.0791016
1688,-169.70938000000004,0.2610670202342123,0.00998645168764533,803,1.956683874130249,-151.23635199999998
1689,-165.12332,0.23366404270502697,0.00998645168764533,1037,2.524451971054077,-151.1444592
1690,-167.12556,0.21328179922075596,0.00998645168764533,540,1.316068172454834,-151.1989088
1691,-168.61912,0.25897334089872104,0.00998645168764533,1016,2.6681840419769287,-151.2636412
1692,-165.85078000000001,0.21710841895502833,0.00998645168764533,530,1.361971139907837,-150.7858528
1693,-184.88254000000003,0.2553776225992548,0.00998645168764533,134,0.33306074142456055,-155.1558364
1694,-180.3557,0.30633437538576674,0.00998645168764533,619,1.5235750675201416,-155.15004439999998
1695,-170.70944000000003,0.30576388758403816,0.00998645168764533,609,1.507627010345459,-155.2774988
1696,-163.38382000000001,0.25989631505058414,0.00998645168764533,659,1.6061608791351318,-155.061508
1697,-151.90203999999991,0.2795790912011865,0.00998645168764533,756,1.83962082862854,-154.279722
1698,-159.72356,0.26572299456793513,0.00998645168764533,788,1.9251420497894287,-157.8563452
1699,-181.31380000000001,0.291406324019701,0.00998645168764533,164,0.4098701477050781,-158.19200039999998
1700,26.44056000000001,0.26045002781173243,0.00998645168764533,1456,3.51547908782959,-153.8433624
1701,-155.95839999999987,0.24810980902626803,0.00998645168764533,1353,3.309569835662842,-153.2476824
1702,-165.15381999999997,0.2651836216933732,0.00998645168764533,635,1.5289490222930908,-153.2696412
1703,-158.74997999999988,0.2813603001122044,0.00998645168764533,742,1.8075268268585205,-153.27506879999999
1704,-184.88254000000003,0.3963723065567884,0.00998645168764533,134,0.3243899345397949,-153.3498616
1705,-185.37548,0.2627102112053496,0.00998645168764533,157,0.385117769241333,-153.84854679999998
1706,-164.75678000000002,0.33709737887865926,0.00998645168764533,430,1.057460069656372,-157.7022888
1707,-178.28152000000003,0.2569182235811953,0.00998645168764533,217,0.5357236862182617,-157.9076996
1708,-167.9870200000001,0.35520674744445196,0.00998645168764533,530,1.292510747909546,-157.93576159999998
1709,-175.95934,0.36400769189820875,0.00998645168764533,758,1.956291675567627,-158.335814
1710,-184.02576000000002,0.5027242393245817,0.00998645168764533,144,0.3597218990325928,-158.83271919999999
1711,-185.74240000000003,0.28320309663699433,0.00998645168764533,121,0.3013169765472412,-158.72774040000002
1712,-180.44970000000004,0.28370660989380936,0.00998645168764533,170,0.42639780044555664,-159.0707592
1713,-151.84217999999984,0.38410501278285397,0.00998645168764533,1015,2.587225914001465,-158.3410264
1714,-178.11876000000004,0.2912305074245472,0.00998645168764533,213,0.5336639881134033,-158.3903128
1715,-164.95639999999992,0.3682577907899013,0.00998645168764533,1097,2.7473320960998535,-158.38379519999998
1716,-190.24006000000003,0.3314528990814343,0.00998645168764533,235,0.5912110805511475,-159.0278612
1717,-169.66962,0.33956330664066087,0.00998645168764533,1639,4.235939025878906,-159.2788584
1718,-159.82175999999993,0.34825508919424764,0.00998645168764533,1081,2.7241201400756836,-162.8237096
1719,-170.23646000000002,0.38235056609030804,0.00998645168764533,742,1.845923900604248,-162.60973959999998
1720,-159.59487999999988,0.3464390003638156,0.00998645168764533,1329,3.28416109085083,-162.3663876
1721,-178.90728000000004,0.35633959440592056,0.00998645168764533,600,1.5112290382385254,-162.3500248
1722,-166.85304000000005,0.36076984037590376,0.00998645168764533,425,1.1107969284057617,-161.9163092
1723,-195.30800000000002,0.3284636318166223,0.00998645168764533,225,0.5475780963897705,-162.486834
1724,-166.21311999999998,0.35444102366556574,0.00998645168764533,1145,2.941054105758667,-162.7230648
1725,-186.74550000000002,0.29748486994546564,0.00998645168764533,170,0.4502537250518799,-162.8489808
1726,-186.64178,0.29489791597517434,0.00998645168764533,114,0.28496265411376953,-163.4193556
1727,-169.37478000000002,0.2977579374347393,0.00998645168764533,846,2.2023632526397705,-163.7013004
1728,-195.30800000000002,0.29824250142814385,0.00998645168764533,225,0.5897531509399414,-163.8539016
1729,-164.31568,0.29336486687332763,0.00998645168764533,857,2.174575090408325,-163.77108239999998
1730,-163.68367999999995,0.24598968265305568,0.00998645168764533,1025,2.605198860168457,-163.9097716
1731,-153.97897999999992,0.2727430880760129,0.00998645168764533,719,1.8078961372375488,-163.69276920000001
1732,-184.77536000000003,0.3964000382936663,0.00998645168764533,225,0.5517258644104004,-164.0140128
1733,-188.53882000000002,0.3070315863731523,0.00998645168764533,154,0.37748193740844727,-164.3059768
1734,-157.15715999999992,0.3718478079844873,0.00998645168764533,669,1.6632649898529053,-164.1246648
1735,-165.26559999999998,0.3865229501439173,0.00998645168764533,1113,2.7186241149902344,-164.2169792
1736,-157.79155999999995,0.3662720323983802,0.00998645168764533,989,2.4527697563171387,-167.77896560000002
1737,-190.99134000000004,0.2917734250779553,0.00998645168764533,174,0.4528629779815674,-168.1182208
1738,-172.2763,0.4174397489464099,0.00998645168764533,979,2.594062089920044,-168.1695592
1739,-185.19016000000002,0.34435210187501947,0.00998645168764533,145,0.3610219955444336,-168.570896
1740,-163.73366000000004,0.40604294896623944,0.00998645168764533,430,1.096677303314209,-168.50305799999998
1741,-175.38846000000004,0.3536862653054506,0.00998645168764533,783,1.940882921218872,-168.6384448
1742,-190.99134000000004,0.4183984504980517,0.00998645168764533,174,0.4573700428009033,-169.141256
1743,-157.5720199999999,0.4724986959029785,0.00998645168764533,791,1.9888131618499756,-168.59504559999996
1744,-169.15452000000002,0.34449340378433874,0.00998645168764533,837,2.0773589611053467,-168.37102199999998
1745,-178.64158000000003,0.3510541312435989,0.00998645168764533,590,1.5233018398284912,-168.52966479999998
1746,-167.19968,0.3319803868130469,0.00998645168764533,697,1.7538719177246094,-168.605982
1747,-169.91712000000004,0.33022069254793557,0.00998645168764533,521,1.4020280838012695,-168.9662836
1748,29.318800000000053,0.32273144637019185,0.00998645168764533,1064,2.695996046066284,-165.1854364
1749,11.495279999999994,0.3133841926251383,0.00998645168764533,720,1.8287899494171143,-161.3292548
1750,-188.23996000000002,0.2798574243262156,0.00998645168764533,293,0.7403450012207031,-165.62286519999998
1751,-161.20798000000002,0.30792694324615233,0.00998645168764533,758,1.9276409149169922,-165.7278568
1752,-162.84648,0.2905948973335395,0.00998645168764533,537,1.3866169452667236,-165.68170999999998
1753,-161.62712,0.32133862457272633,0.00998645168764533,729,1.9078152179718018,-165.7392528
1754,-154.1447199999999,0.2935832599384109,0.00998645168764533,768,1.9598720073699951,-165.1244964
1755,-161.36681999999996,0.267749038798307,0.00998645168764533,867,2.224853038787842,-164.6443232
1756,-170.52678,0.25275067554000197,0.00998645168764533,798,2.0453689098358154,-164.7597232
1757,-158.13007999999996,0.22591246245123067,0.00998645168764533,609,1.585146188735962,-164.35669439999998
1758,-162.11759999999995,0.26392095376723235,0.00998645168764533,985,2.487436056137085,-164.239306
1759,-179.33406000000002,0.27155385901661294,0.00998645168764533,570,1.4278819561004639,-164.3068004
1760,-162.86975999999999,0.2661042186095013,0.00998645168764533,689,1.7152378559112549,-163.88368039999997
1761,-169.25216000000003,0.27297081421381114,0.00998645168764533,592,1.4710369110107422,-163.5538756
1762,-184.88254000000003,0.2584157940278302,0.00998645168764533,134,0.3328530788421631,-163.6425324
1763,-159.24543999999997,0.3224939590278761,0.00998645168764533,768,1.977653980255127,-163.7905976
1764,-169.15226,0.29273723915976435,0.00998645168764533,679,1.6855790615081787,-163.6112676
1765,-168.01806000000005,0.3369580926382321,0.00998645168764533,534,1.3721561431884766,-163.6725008
1766,-164.75880000000004,0.2738240969843846,0.00998645168764533,729,1.8172810077667236,-163.16287559999998
1767,-162.43803999999992,0.29611787366876025,0.00998645168764533,1164,2.970329761505127,-163.01824399999998
1768,-159.2039199999999,0.3197898835424736,0.00998645168764533,1065,2.866819143295288,-163.0058872
1769,-163.53300000000007,0.30929726810418684,0.00998645168764533,669,1.6951558589935303,-162.871818
1770,-175.78744,0.33943599182665024,0.00998645168764533,1145,2.8780810832977295,-163.1956692
1771,-164.61568000000003,0.2329528526869565,0.00998645168764533,521,1.3105902671813965,-162.9098372
1772,-186.38898,0.28486699042520647,0.00998645168764533,203,0.5115859508514404,-163.300556
1773,-168.91991999999996,0.31263011148426656,0.00998645168764533,1369,3.4544100761413574,-162.7727944
1774,-198.71336,0.28244450225762274,0.00998645168764533,289,0.7482278347015381,-163.4227992
1775,-176.94016000000005,0.28989383322339946,0.00998645168764533,608,1.5708110332489014,-163.2266924
1776,-199.2142,0.2610875330380585,0.00998645168764533,365,0.9381177425384521,-163.4781408
1777,-170.58466,0.3124124203277729,0.00998645168764533,407,1.1108942031860352,-163.50233839999999
1778,-168.53392,0.299368759999193,0.00998645168764533,857,2.257349967956543,-162.9668568
1779,14.939839999999982,0.2975677435929467,0.00998645168764533,656,1.731353998184204,-159.3817464
1780,-151.47719999999993,0.29559495307203154,0.00998645168764533,697,1.8702149391174316,-159.1376168
1781,-173.85840000000005,0.27817582918860106,0.00998645168764533,257,0.6515657901763916,-159.5352052
1782,-157.71841999999992,0.3450964068968016,0.00998645168764533,647,1.649540901184082,-158.99406639999998
1783,-161.28173999999993,0.3365341770142325,0.00998645168764533,907,2.3067259788513184,-158.4489248
1784,-175.55976000000004,0.3587735146493617,0.00998645168764533,689,1.7308838367462158,-158.8169768
1785,-166.71135999999998,0.37017547557820457,0.00998645168764533,521,1.2955107688903809,-158.845892
1786,-186.64178,0.35037307717363564,0.00998645168764533,114,0.2814929485321045,-159.42289639999998
1787,-168.33566000000005,0.33740761753538984,0.00998645168764533,1283,3.309457302093506,-158.9697828
1788,-160.1909599999999,0.30127787443175097,0.00998645168764533,1009,2.5937750339508057,-158.728076
1789,-164.31404,0.2696975929567253,0.00998645168764533,508,1.352174997329712,-158.3105536
1790,-186.64178,0.24199427776202037,0.00998645168764533,114,0.28719520568847656,-158.768716
1791,-186.64178,0.5709151026237298,0.00998645168764533,114,0.297382116317749,-158.9937824
1792,-162.91767999999996,0.30390062852342936,0.00998645168764533,841,2.0904550552368164,-158.4323092
1793,-180.71352000000005,0.5212215512207521,0.00998645168764533,233,0.5855951309204102,-158.8951392
1794,-170.70400000000006,0.3620203007473087,0.00998645168764533,809,2.054025888442993,-158.92612880000001
1795,-188.23968000000002,0.32821216873384806,0.00998645168764533,144,0.3578801155090332,-159.1180908
1796,-159.09121999999994,0.34363927957552826,0.00998645168764533,950,2.3516900539398193,-158.9559216
1797,-152.43285999999992,0.3743686012714645,0.00998645168764533,735,1.863374948501587,-158.6062364
1798,-190.99134000000004,0.34858790706393533,0.00998645168764533,174,0.4570901393890381,-163.0124392
1799,-189.7402,0.38586939756315564,0.00998645168764533,164,0.43337416648864746,-167.03714879999998
1800,-164.23003999999986,0.38741027796789645,0.00998645168764533,1253,3.1900432109832764,-166.55695039999998
1801,-170.41994000000003,0.42486053992913864,0.00998645168764533,847,2.2267210483551025,-166.74118959999998
1802,-166.26878,0.31287538931874387,0.00998645168764533,550,1.4837937355041504,-166.8096356
1803,-189.66312000000002,0.36359893944810223,0.00998645168764533,257,0.6977641582489014,-167.3703556
1804,-166.68281999999994,0.33265469346055365,0.00998645168764533,1303,3.3155462741851807,-167.6211176
1805,-171.61288,0.39570999469052365,0.00998645168764533,905,2.290574073791504,-167.8260388
1806,-165.40303999999998,0.32435108433879145,0.00998645168764533,1097,2.756718158721924,-167.723564
1807,-190.99134000000004,0.3616269685451113,0.00998645168764533,174,0.4356269836425781,-168.3807892
1808,-159.17281999999994,0.3257781968086761,0.00998645168764533,719,1.7834138870239258,-168.3218936
1809,-179.60264000000004,0.30931490832312114,0.00998645168764533,184,0.46066880226135254,-168.3272652
1810,-188.98856000000004,0.3408852773097654,0.00998645168764533,225,0.5581579208374023,-168.8496412
1811,-163.94942000000003,0.41644109269475627,0.00998645168764533,435,1.082421064376831,-168.7435864
1812,-152.98907999999992,0.31229406405387944,0.00998645168764533,820,2.025851249694824,-168.1057172
1813,-161.96939999999992,0.36763543292091033,0.00998645168764533,1093,2.704179048538208,-168.1601964
1814,-167.8705,0.3243097794116075,0.00998645168764533,827,2.07511305809021,-168.13456119999998
1815,-172.48376000000002,0.26476973460631786,0.00998645168764533,697,1.7384910583496094,-168.2238752
1816,-169.91271999999998,0.29104243056939505,0.00998645168764533,1025,2.5305638313293457,-168.32695359999997
1817,-165.37044000000003,0.29567392497839246,0.00998645168764533,901,2.2357981204986572,-168.3856016
1818,-160.07882,0.27145896604399405,0.00998645168764533,1055,2.601702928543091,-168.4030996
1819,-190.99134000000004,0.3624285684935963,0.00998645168764533,174,0.4329521656036377,-168.9522664
1820,-163.7554999999999,0.3365499207437732,0.00998645168764533,1214,3.0364439487457275,-168.71162759999999
1821,-168.70872000000003,0.31605370781532355,0.00998645168764533,768,1.9809918403625488,-168.7934884
1822,-165.59139999999996,0.26625238805150625,0.00998645168764533,1269,3.259406089782715,-168.37753679999997
1823,-168.72552000000002,0.24960384179151637,0.00998645168764533,768,1.9755656719207764,-168.37364879999998
1824,-156.79219999999992,0.21233891096574153,0.00998645168764533,605,1.5627491474151611,-167.5352256
1825,-170.65919999999997,0.30928373957980065,0.00998645168764533,912,2.3016738891601562,-167.40960639999997
1826,-157.4029199999999,0.24962828926098862,0.00998645168764533,973,2.475186824798584,-166.57338079999997
1827,-190.99134000000004,0.25512506837967314,0.00998645168764533,174,0.4484260082244873,-166.98151439999998
1828,-185.33180000000002,0.1903044531757875,0.00998645168764533,205,0.5314209461212158,-167.31747199999998
1829,-175.89248000000003,0.3110529601154388,0.00998645168764533,808,2.0721287727355957,-171.13411839999998
1830,-176.41466000000003,0.3084616157301955,0.00998645168764533,283,0.7415969371795654,-171.6328676
1831,-171.47112000000004,0.3078938322814894,0.00998645168764533,1432,3.6769912242889404,-171.58512199999998
1832,-161.18352000000002,0.3049454044277271,0.00998645168764533,1441,3.692065954208374,-171.654424
1833,-188.53882000000002,0.32458653635732443,0.00998645168764533,154,0.3932187557220459,-172.1995656
1834,-156.45134,0.3152026023590196,0.00998645168764533,638,1.6593272686004639,-171.8173972
1835,-166.96754000000007,0.2838857591726146,0.00998645168764533,430,1.1103241443634033,-171.82252079999998
1836,-172.31814000000003,0.3042721236551386,0.00998645168764533,742,1.9414680004119873,-171.53604800000002
1837,-162.8671,0.3289822526252434,0.00998645168764533,590,1.5957541465759277,-171.4266768
1838,-160.4529,0.3563480916530339,0.00998645168764533,871,2.1591408252716064,-171.4319156
1839,-180.19838000000004,0.29346726100479603,0.00998645168764533,610,1.557837724685669,-171.74960240000001
1840,-156.6297199999999,0.31813211843316547,0.00998645168764533,917,2.30031681060791,-171.1493612
1841,-178.29938000000004,0.33972016421879414,0.00998645168764533,619,1.5866591930389404,-170.9825132
1842,-160.55865999999992,0.2514626397580479,0.00998645168764533,927,2.3439741134643555,-170.9353328
1843,-165.10028000000003,0.31736398828582146,0.00998645168764533,445,1.1203248500823975,-170.623068
1844,-166.08378,0.2839669370246091,0.00998645168764533,491,1.230163812637329,-170.5306636
1845,-170.83636,0.29222843834709866,0.00998645168764533,917,2.334923028945923,-170.18259719999998
1846,-157.21006,0.2837564458849096,0.00998645168764533,963,2.4640660285949707,-170.144974
1847,31.697840000000056,0.28799745310175545,0.00998645168764533,1200,2.992182970046997,-166.46236000000002
1848,-161.02309999999997,0.3421592687815428,0.00998645168764533,550,1.418539047241211,-165.8629952
1849,-188.98856000000004,0.3842929010589918,0.00998645168764533,225,0.6286351680755615,-165.8479624
1850,-187.97672000000003,0.3252643742730136,0.00998645168764533,177,0.48789215087890625,-166.32289600000001
1851,-186.9823,0.3512440384226615,0.00998645168764533,134,0.3681211471557617,-166.6541432
1852,-155.76287999999997,0.3060978004328596,0.00998645168764533,600,1.5505757331848145,-166.4440252
1853,-158.2405599999999,0.3228858075406704,0.00998645168764533,777,2.0486669540405273,-165.81557399999997
1854,-184.65066000000002,0.2639626837362919,0.00998645168764533,170,0.44153785705566406,-166.1749308
1855,-186.97208,0.19612156061212654,0.00998645168764533,184,0.45710301399230957,-166.48211479999998
1856,-167.11040000000006,0.31566907491645946,0.00998645168764533,537,1.431764841079712,-166.51626199999998
1857,-161.03930000000003,0.32550524179782214,0.00998645168764533,898,2.276638984680176,-165.91722119999997
1858,-169.48992,0.3334235160549947,0.00998645168764533,801,2.0318191051483154,-166.12356319999998
1859,-171.97272000000004,0.29791349681302864,0.00998645168764533,768,1.9350488185882568,-165.9709648
1860,-166.44768000000002,0.3177639265776185,0.00998645168764533,857,2.208164930343628,-165.5201472
1861,-164.59456,0.36633066313552193,0.00998645168764533,521,1.35825514793396,-165.53305
1862,-170.16863999999998,0.39489301123478415,0.00998645168764533,937,2.396588087081909,-165.87664120000002
1863,-177.13640000000004,0.3541045321221903,0.00998645168764533,265,0.6615970134735107,-166.17998120000001
1864,-170.81416000000004,0.31558673952917415,0.00998645168764533,313,0.898064136505127,-166.2388544
1865,-164.59679999999997,0.33840634952204685,0.00998645168764533,817,2.182637929916382,-166.0811152
1866,-164.49824,0.3886368265453411,0.00998645168764533,1016,2.7020552158355713,-165.9728256
1867,-190.99134000000004,0.29418480827676496,0.00998645168764533,174,0.47565579414367676,-166.4852436
1868,-158.66539999999986,0.30381714607533156,0.00998645168764533,1085,2.8473849296569824,-166.45697520000002
1869,-165.62190000000004,0.395403456284916,0.00998645168764533,663,1.7662129402160645,-165.94958640000002
1870,-186.12696,0.30510481818216956,0.00998645168764533,144,0.3768467903137207,-166.3970156
1871,-186.64178,0.4888384264583389,0.00998645168764533,114,0.28995490074157715,-166.7556768
1872,-188.80874,0.4041161222462422,0.00998645168764533,271,0.7274329662322998,-167.2200236
1873,-160.47967999999997,0.291782364700353,0.00998645168764533,1025,2.611846923828125,-167.0551068
1874,-170.14920000000006,0.26813750031977573,0.00998645168764533,281,0.7274940013885498,-167.3222468
1875,-188.53882000000002,0.5110575292628355,0.00998645168764533,154,0.4138612747192383,-167.67983919999998
1876,-170.60429999999997,0.3664475299815819,0.00998645168764533,1339,3.399384021759033,-167.9438668
1877,-154.0548399999999,0.35926719665212725,0.00998645168764533,669,1.694869041442871,-167.2051368
1878,-177.42196000000004,0.4402870749173736,0.00998645168764533,629,1.618537187576294,-167.04694
1879,-171.85458,0.4041338719695059,0.00998645168764533,867,2.165750026702881,-166.966182
1880,-190.99134000000004,0.2933642864120246,0.00998645168764533,174,0.43322181701660156,-167.2577156
1881,-159.14053999999987,0.4097271877449337,0.00998645168764533,911,2.2873482704162598,-167.01110400000002
1882,-157.4385399999999,0.32749953698906775,0.00998645168764533,1035,2.693682909011841,-166.93620439999998
1883,-173.45578000000003,0.43585402203264767,0.00998645168764533,491,1.2694158554077148,-166.6345436
1884,-177.35312000000005,0.38896279812930323,0.00998645168764533,273,0.7244691848754883,-167.0525792
1885,-157.48747999999995,0.34978409333462707,0.00998645168764533,677,1.788283109664917,-166.862978
1886,-190.99134000000004,0.18489248220187923,0.00998645168764533,174,0.46501779556274414,-167.23644199999998
1887,-170.05460000000002,0.3876136155940936,0.00998645168764533,781,1.9942991733551025,-167.380192
1888,-155.57344,0.2662349562432858,0.00998645168764533,633,1.6098439693450928,-167.28260279999998
1889,-164.99748,0.3763438406581473,0.00998645168764533,540,1.39683198928833,-166.9785848
1890,-180.45870000000002,0.29362789973423914,0.00998645168764533,174,0.4559760093688965,-167.4551644
1891,-162.42399999999998,0.40365248566004336,0.00998645168764533,617,1.6083779335021973,-167.1376568
1892,-174.04420000000005,0.3097084488187937,0.00998645168764533,317,0.8021409511566162,-167.4073676
1893,-188.53882000000002,0.3077855645618462,0.00998645168764533,154,0.38355398178100586,-167.87613839999997
1894,-168.56296000000003,0.40920675760135056,0.00998645168764533,560,1.4859631061553955,-167.92572199999998
1895,-169.80594000000005,0.43532190664221276,0.00998645168764533,867,2.1843109130859375,-167.9051136
1896,-167.28236,0.4049685325207099,0.00998645168764533,748,1.8705451488494873,-168.1065596
1897,-170.96496,0.37112868680435673,0.00998645168764533,921,2.3480148315429688,-172.1598156
1898,-167.58590000000004,0.31378298374278124,0.00998645168764533,411,1.1384758949279785,-172.2910716
1899,-157.70863999999995,0.37941663768899414,0.00998645168764533,689,1.7050371170043945,-171.6654732
1900,-171.48522,0.31388655314943203,0.00998645168764533,891,2.2514350414276123,-171.33564320000002
1901,-172.14148000000003,0.47696795236224543,0.00998645168764533,629,1.5788371562957764,-171.03882679999998
1902,-160.57263999999995,0.38068897510388805,0.00998645168764533,633,1.6701607704162598,-171.135022
1903,-174.09620000000004,0.41862918497472473,0.00998645168764533,421,1.1113510131835938,-171.45213479999998
1904,-153.78791999999987,0.33866954575082986,0.00998645168764533,808,2.1964168548583984,-170.83488
1905,-171.11254000000002,0.30216035396915,0.00998645168764533,530,1.3728461265563965,-170.51768919999998
1906,-171.96558000000002,0.36827359168344864,0.00998645168764533,966,2.5727999210357666,-170.6147928
1907,-181.50798000000003,0.29406880774674404,0.00998645168764533,174,0.4612579345703125,-171.02416639999998
1908,29.863280000000074,0.36657277948098205,0.00998645168764533,1104,2.7699410915374756,-167.0371024
1909,-152.64059999999992,0.28737760178077426,0.00998645168764533,748,1.9122800827026367,-166.65045999999998
1910,-179.68318000000002,0.22068167016052215,0.00998645168764533,590,1.4706611633300781,-166.91517
1911,-164.73615999999993,0.29979361435497376,0.00998645168764533,1224,3.030874252319336,-166.91800199999997
1912,29.494880000000034,0.21431845110228528,0.00998645168764533,1344,3.331528902053833,-162.9247316
1913,-170.48734000000005,0.258471579268718,0.00998645168764533,650,1.6044862270355225,-162.7917504
1914,-168.99794,0.2317692289239658,0.00998645168764533,782,1.9424738883972168,-162.755426
1915,-167.48018000000005,0.27552693067011125,0.00998645168764533,607,1.4843299388885498,-162.8130936
1916,-188.31400000000002,0.15296505778603295,0.00998645168764533,193,0.47822999954223633,-163.2894088
1917,-167.78820000000002,0.3110546471393337,0.00998645168764533,620,1.5063989162445068,-162.825346
1918,-181.66108000000003,0.23288388943408653,0.00998645168764533,581,1.4656832218170166,-163.2852596
1919,-155.99511999999993,0.258390792054453,0.00998645168764533,609,1.4858386516571045,-163.092724
1920,-190.99134000000004,0.31014388579682545,0.00998645168764533,174,0.45711708068847656,-163.1900116
1921,-158.77535999999998,0.2530037051033339,0.00998645168764533,641,1.5954201221466064,-162.6326832
1922,-183.66296000000003,0.29757124614379893,0.00998645168764533,273,0.6742279529571533,-162.52976759999999
1923,-163.36063999999996,0.26276606917436285,0.00998645168764533,1016,2.5208797454833984,-162.5873868
1924,-158.71215999999993,0.2635774566884102,0.00998645168764533,1233,3.0636072158813477,-162.358646
1925,-166.67628000000005,0.2885621537125342,0.00998645168764533,716,1.993622064590454,-161.92139519999998
1926,-184.02576000000002,0.4151348626279893,0.00998645168764533,144,0.36702704429626465,-162.1898244
1927,-163.37947999999994,0.3154759973902063,0.00998645168764533,1164,2.938261032104492,-162.3763172
1928,-190.99134000000004,0.2562497378134265,0.00998645168764533,174,0.44051384925842285,-162.64770479999999
1929,-161.66835999999995,0.37280956578288377,0.00998645168764533,885,2.286965847015381,-162.4439804
1930,-194.97072000000003,0.39768364457814603,0.00998645168764533,209,0.5441818237304688,-162.52356799999998
1931,-152.70021999999986,0.32894872910317086,0.00998645168764533,1002,2.7127511501312256,-162.3947616
1932,-198.57364,0.30612423187205906,0.00998645168764533,332,0.8799018859863281,-163.2174636
1933,-171.69078000000005,0.32457351576966376,0.00998645168764533,798,2.159830093383789,-163.1821636
1934,-173.21498000000003,0.3581874327352516,0.00998645168764533,986,2.5502898693084717,-163.0994008
1935,-165.59616,0.3221650196974137,0.00998645168764533,417,1.0344150066375732,-163.2615744
1936,-165.8511599999999,0.3167899020514103,0.00998645168764533,1444,3.6337060928344727,-162.7587708
1937,-190.99134000000004,0.29099866082014025,0.00998645168764533,174,0.43886804580688477,-163.17750560000002
1938,-161.59275999999988,0.2912150571168297,0.00998645168764533,1125,2.817682981491089,-163.297892
1939,-189.75492000000003,0.2481404919628844,0.00998645168764533,165,0.43989992141723633,-163.7930408
1940,-160.38591999999994,0.3299175780394687,0.00998645168764533,872,2.2156128883361816,-163.39158519999998
1941,-166.4409,0.30468837139739247,0.00998645168764533,1399,3.653771162033081,-163.4719232
1942,-180.74300000000002,0.2765001181938526,0.00998645168764533,637,1.64677095413208,-163.60589919999998
1943,-177.94920000000002,0.28682381910542754,0.00998645168764533,705,1.837435007095337,-163.3941068
1944,-186.99462000000003,0.21114555818476635,0.00998645168764533,131,0.330172061920166,-163.76274
1945,-165.75934000000007,0.2918715174787718,0.00998645168764533,575,1.4401869773864746,-163.681808
1946,-166.24565999999996,0.27946405095707877,0.00998645168764533,1282,3.3495519161224365,-163.66107399999999
1947,-167.25342,0.299542181891737,0.00998645168764533,798,2.0880560874938965,-163.58684319999998
1948,-188.31400000000002,0.3766675563770409,0.00998645168764533,193,0.48837709426879883,-164.00140520000002
1949,-186.9823,0.2554528819459643,0.00998645168764533,134,0.33696508407592773,-164.5868784
1950,-163.72521999999998,0.3180955457598351,0.00998645168764533,431,1.1090171337127686,-164.43167839999998
1951,-161.87675999999993,0.33585631710357056,0.00998645168764533,1132,2.9112977981567383,-164.226384
1952,-173.12298,0.30493181402480557,0.00998645168764533,927,2.45634388923645,-164.4773908
1953,-163.97295999999994,0.30209809951278765,0.00998645168764533,680,1.7543621063232422,-164.27492599999997
1954,-171.57374000000002,0.3885131469478803,0.00998645168764533,946,2.48380184173584,-164.6306424
1955,-196.23098000000002,0.3155861688619104,0.00998645168764533,223,0.6008532047271729,-165.1330112
1956,-158.4470399999999,0.3417118309250819,0.00998645168764533,976,2.6091792583465576,-164.86264039999998
1957,-165.91782000000003,0.22107545817654567,0.00998645168764533,534,1.3722960948944092,-164.5508372
1958,-176.97287999999995,0.27423980342815574,0.00998645168764533,1849,4.736573934555054,-168.6875604
1959,-180.71424000000002,0.2882328469350199,0.00998645168764533,233,0.5843420028686523,-169.24903319999999
1960,-165.52056,0.3240252973454974,0.00998645168764533,1065,2.7406368255615234,-168.9657808
1961,-171.05342000000005,0.3394046838330832,0.00998645168764533,679,1.7580440044403076,-169.09212599999998
1962,-159.65818,0.21744949668164895,0.00998645168764533,639,1.7047150135040283,-172.8751872
1963,-177.83358000000004,0.2789267522993994,0.00998645168764533,702,1.818852186203003,-173.022112
1964,-157.1565199999999,0.23607657838007487,0.00998645168764533,917,2.6166281700134277,-172.7852836
1965,-159.80381999999997,0.2564508120530537,0.00998645168764533,787,2.1614789962768555,-172.63175639999997
1966,-172.74952000000002,0.24756517629349234,0.00998645168764533,953,2.503626823425293,-172.3204668
1967,-183.38952,0.24641264149756875,0.00998645168764533,264,0.6684081554412842,-172.6324932
1968,28.84567999999992,0.25863555349997436,0.00998645168764533,1128,2.8674228191375732,-168.42235799999997
1969,-164.00411999999994,0.2173868599436892,0.00998645168764533,1045,2.636582136154175,-168.582538
1970,-189.7402,0.19365501130942436,0.00998645168764533,164,0.4280977249145508,-168.55751519999998
1971,26.30952000000008,0.2616827860577111,0.00998645168764533,1408,3.566404104232788,-164.85581759999997
1972,-150.78865999999982,0.24866653598329475,0.00998645168764533,719,1.863111972808838,-164.1983316
1973,-194.97072000000003,0.20210174687037413,0.00998645168764533,209,0.5269842147827148,-164.8305332
1974,-200.427,0.30041090246059643,0.00998645168764533,372,0.9590787887573242,-165.66483
1975,-156.79984000000002,0.24955214263855593,0.00998645168764533,1185,3.038889169692993,-165.4673012
1976,-168.58232000000004,0.24268336573126956,0.00998645168764533,808,2.195915937423706,-165.15843239999998
1977,-186.64178,0.26991893949493634,0.00998645168764533,114,0.29861998558044434,-165.6236784
1978,-163.69294,0.2701852289511699,0.00998645168764533,530,1.4494178295135498,-165.0777104
1979,-159.85871999999995,0.2863121156743534,0.00998645168764533,841,2.3998167514801025,-165.04151760000002
1980,-164.19243999999998,0.24895918556935853,0.00998645168764533,1284,3.3437728881835938,-164.425952
1981,-165.76971999999995,0.22587300520438278,0.00998645168764533,1164,3.1002888679504395,-164.687342
1982,-152.91947999999994,0.2856183988681922,0.00998645168764533,757,2.030771017074585,-163.77425879999998
1983,-186.64178,0.29635802194835587,0.00998645168764533,114,0.3250539302825928,-164.07327879999997
1984,-161.13189999999992,0.2366692710404916,0.00998645168764533,758,2.0254967212677,-163.83161719999998
1985,-172.84114000000002,0.36652760284141894,0.00998645168764533,263,0.6764829158782959,-163.97651679999998
1986,-181.82782000000003,0.36621769702661844,0.00998645168764533,590,1.4864072799682617,-164.29605
1987,-164.49571999999995,0.35334620571663783,0.00998645168764533,917,2.3332669734954834,-163.76613759999998
1988,-161.22943999999993,0.3399011385594489,0.00998645168764533,857,2.1617679595947266,-163.7588712
1989,-156.51013999999992,0.318532751247879,0.00998645168764533,887,2.2805330753326416,-163.09397559999996
1990,-170.12987999999999,0.2599657808951402,0.00998645168764533,885,2.3010129928588867,-163.2888548
1991,-162.54581999999996,0.27840726914686414,0.00998645168764533,966,2.4395229816436768,-163.21095319999998
1992,-172.60334000000003,0.29459303651233737,0.00998645168764533,847,2.3073439598083496,-163.04816
1993,-172.18830000000003,0.27328948777392226,0.00998645168764533,534,1.3178820610046387,-162.932942
1994,-161.00821999999994,0.2735533583406276,0.00998645168764533,898,2.209481954574585,-162.41321399999998
1995,-157.47971999999987,0.2740904573861046,0.00998645168764533,1021,2.538445234298706,-162.24762159999997
1996,-154.25439999999986,0.30151824747764633,0.00998645168764533,1224,3.2249860763549805,-162.00779639999996
1997,-182.21866000000003,0.3075326111155574,0.00998645168764533,154,0.4213268756866455,-162.30710119999998
1998,-188.23968000000002,0.32598211017385537,0.00998645168764533,144,0.36890482902526855,-162.30561479999997
1999,27.000400000000127,0.29417011131868653,0.00998645168764533,1424,3.4766499996185303,-158.02596079999998
2000,-165.22287999999998,0.2408178379230494,0.00998645168764533,1145,2.788980007171631,-158.05591399999997
2001,-188.53882000000002,0.22479352387660123,0.00998645168764533,154,0.37319231033325195,-158.58915519999996
2002,-152.08027999999996,0.2705396912652934,0.00998645168764533,629,1.5522277355194092,-158.16830119999997
2003,-171.98754,0.2465336115519668,0.00998645168764533,1075,2.6545400619506836,-158.32859279999997
2004,33.527040000000184,0.2476027603831947,0.00998645168764533,1648,4.426435947418213,-154.22657719999998
2005,-168.71612,0.20869938466277702,0.00998645168764533,820,2.0310840606689453,-153.67627999999996
2006,-174.10736000000006,0.23422792985742574,0.00998645168764533,369,0.8874740600585938,-153.98948639999998
2007,-169.53324000000003,0.22768448223533638,0.00998645168764533,804,2.13368821144104,-154.06179479999997
2008,-198.57364,0.3040144288665559,0.00998645168764533,332,0.8271100521087646,-154.49380999999997
2009,-187.63944000000004,0.2551902744294324,0.00998645168764533,161,0.3958618640899658,-154.63231399999998
2010,-167.15292000000005,0.3227177685049052,0.00998645168764533,540,1.320585012435913,-154.6649612
2011,-189.56550000000001,0.2531505128933034,0.00998645168764533,203,0.4970998764038086,-155.03520279999998
2012,-174.51012000000003,0.3003407359399177,0.00998645168764533,540,1.328566074371338,-155.33224159999997
2013,-165.40409999999991,0.29768283748913466,0.00998645168764533,1303,3.3657703399658203,-155.08365199999997
2014,-187.97672000000003,0.3744685191129687,0.00998645168764533,177,0.436737060546875,-155.700056
2015,-157.28971999999987,0.287462693017033,0.00998645168764533,917,2.244163751602173,-155.64977399999998
2016,-182.21866000000003,0.34583770596821395,0.00998645168764533,154,0.3806912899017334,-155.83915679999998
2017,-190.24006000000003,0.42059843471035996,0.00998645168764533,235,0.5749058723449707,-155.97616759999997
2018,-169.89984000000004,0.316313481076322,0.00998645168764533,521,1.2707610130310059,-159.95107799999997
2019,-159.73967999999996,0.3079434777015255,0.00998645168764533,689,1.6854379177093506,-159.8657892
2020,-168.86552,0.30440670966277483,0.00998645168764533,1265,3.0784828662872314,-159.4482956
2021,-175.6545,0.3523382275169553,0.00998645168764533,747,1.8271358013153076,-163.48757599999996
2022,-164.00935999999996,0.3831610150092582,0.00998645168764533,889,2.2129580974578857,-163.75198999999998
2023,-159.8177599999999,0.28935895152674684,0.00998645168764533,1145,2.9520859718322754,-163.0489308
2024,-178.77914,0.2947789791681874,0.00998645168764533,595,1.4674670696258545,-162.6159736
2025,-188.23968000000002,0.30392052401374614,0.00998645168764533,144,0.352510929107666,-163.2447704
2026,-160.91901999999993,0.30547573503763253,0.00998645168764533,891,2.187162160873413,-163.09150439999996
2027,-157.22419999999988,0.3218139256574529,0.00998645168764533,1061,2.591337203979492,-162.50315279999998
2028,-172.55114000000003,0.3029110363806391,0.00998645168764533,887,2.295462131500244,-162.68031679999999
2029,-195.30800000000002,0.38024319450267485,0.00998645168764533,225,0.5792689323425293,-163.3893024
2030,-187.97672000000003,0.28602933891559557,0.00998645168764533,177,0.4448840618133545,-163.86498799999998
2031,-167.54158,0.29371949351780335,0.00998645168764533,1158,3.2656941413879395,-163.9004252
2032,-174.74376000000004,0.3032160235663363,0.00998645168764533,552,1.4165821075439453,-164.33691079999997
2033,-171.07186,0.27992786164976735,0.00998645168764533,1362,3.3779070377349854,-164.02551239999997
2034,-188.23968000000002,0.23765034687110326,0.00998645168764533,144,0.36466288566589355,-164.56766799999997
2035,-163.8252399999999,0.3017960843611816,0.00998645168764533,788,1.934988021850586,-164.38734999999997
2036,-175.77248000000003,0.32206783594312566,0.00998645168764533,601,1.4863193035125732,-164.2662432
2037,-178.65118000000004,0.27547747698786146,0.00998645168764533,590,1.503838062286377,-164.54935239999998
2038,-168.92275999999995,0.3723084038933179,0.00998645168764533,781,2.02117919921875,-164.7032188
2039,-162.89144000000002,0.4219050124388195,0.00998645168764533,537,1.3743541240692139,-164.83084479999997
2040,-170.23260000000005,0.2751845025085803,0.00998645168764533,837,2.1942200660705566,-164.83289919999999
2041,-172.3681,0.3092812341690408,0.00998645168764533,887,2.339136838912964,-165.0293448
2042,-165.44641999999988,0.29540707558481055,0.00998645168764533,1106,2.8093388080596924,-164.88620639999996
2043,-170.07572000000005,0.2793468481539756,0.00998645168764533,629,1.5923388004302979,-164.8439548
2044,-170.08016000000003,0.3157735699253284,0.00998645168764533,880,2.1889469623565674,-165.0253936
2045,-179.08752,0.2417375875785274,0.00998645168764533,609,1.5825960636138916,-165.4575496
2046,-186.71764000000002,0.4592153176294463,0.00998645168764533,221,0.5641129016876221,-166.1068144
2047,-195.30800000000002,0.23031436099360386,0.00998645168764533,225,0.5686159133911133,-166.36860119999997
2048,-172.57874,0.3380984250299958,0.00998645168764533,847,2.104260206222534,-166.05538239999998
2049,-164.39107999999982,0.332964518038721,0.00998645168764533,1253,3.151758909225464,-169.883212
2050,-198.34502000000003,0.3984100925562591,0.00998645168764533,322,0.8129451274871826,-170.54565479999997
2051,-194.97072000000003,0.30450159251582964,0.00998645168764533,209,0.5205323696136475,-170.6742928
2052,-165.05533999999992,0.34160058427183415,0.00998645168764533,1535,3.847015857696533,-170.93379399999998
2053,20.884800000000073,0.2667363658209921,0.00998645168764533,1504,3.6983301639556885,-167.0763472
2054,-163.61125999999993,0.21205241243927272,0.00998645168764533,1214,3.0737383365631104,-171.0191132
2055,-194.44066,0.3504314406021954,0.00998645168764533,235,0.611595630645752,-171.53360399999997
2056,-165.63812000000001,0.2553225534607495,0.00998645168764533,421,1.08103609085083,-171.3642192
2057,-163.55104,0.253197234662003,0.00998645168764533,521,1.3304598331451416,-171.24457519999999
2058,-188.52392000000003,0.2452226826659361,0.00998645168764533,153,0.3872809410095215,-171.04358079999997
2059,-169.71900000000005,0.3035730115959345,0.00998645168764533,813,2.2397429943084717,-170.685172
2060,-168.04970000000003,0.3806960755271632,0.00998645168764533,382,1.007112979888916,-170.7031076
2061,-156.19139999999996,0.32891616936057533,0.00998645168764533,820,2.1033661365509033,-170.03562559999997
2062,-188.52392000000003,0.22437125429498897,0.00998645168764533,153,0.40221571922302246,-170.3159016
2063,-173.95884,0.35084818657638217,0.00998645168764533,804,2.007794141769409,-170.48699639999998
2064,-198.36806,0.244231355814726,0.00998645168764533,322,0.7985889911651611,-170.6948232
2065,-161.19525999999996,0.3053166027442555,0.00998645168764533,758,2.0120580196380615,-170.772934
2066,-168.41834000000003,0.294634975138205,0.00998645168764533,550,1.4001169204711914,-170.4969276
2067,-180.83186,0.3316914667941656,0.00998645168764533,847,2.169283151626587,-170.3087636
2068,-169.41114,0.3775379707036789,0.00998645168764533,651,1.6723408699035645,-170.2989896
2069,-190.44998,0.4387663820806222,0.00998645168764533,195,0.5241971015930176,-170.9131956
2070,-184.02576000000002,0.45689396830534357,0.00998645168764533,144,0.3661477565765381,-171.2164004
2071,-162.71218,0.38146964376482634,0.00998645168764533,1218,3.0949230194091797,-170.957554
2072,-188.23968000000002,0.28253896818366936,0.00998645168764533,144,0.35175299644470215,-171.4421604
2073,-170.3685,0.3895708500934036,0.00998645168764533,690,1.8032028675079346,-171.6531752
2074,-188.53882000000002,0.4491084754805673,0.00998645168764533,154,0.3896298408508301,-171.8483688
2075,-171.4467,0.3719130088516831,0.00998645168764533,798,2.0512630939483643,-171.51250919999998
2076,-162.27397999999988,0.40913002445173663,0.00998645168764533,1154,2.972121000289917,-171.5396084
2077,-157.50403999999995,0.34551772712544154,0.00998645168764533,677,1.6798970699310303,-171.54520519999997
2078,-143.11783999999977,0.36257661321013884,0.00998645168764533,1313,3.31003999710083,-170.9565392
2079,-188.53882000000002,0.2872438781967314,0.00998645168764533,154,0.3932340145111084,-170.8211556
2080,-188.23968000000002,0.370236380313549,0.00998645168764533,144,0.3616340160369873,-170.82641479999998
2081,-161.32293999999993,0.32313367610115334,0.00998645168764533,915,2.308858871459961,-170.702042
2082,-159.62272000000002,0.26968431861765235,0.00998645168764533,481,1.2164690494537354,-170.3996212
2083,-158.76525999999996,0.2970455814477402,0.00998645168764533,798,2.0000131130218506,-170.1534892
2084,-197.53588000000002,0.4077735075499885,0.00998645168764533,332,0.8299438953399658,-170.33941319999997
2085,29.08904000000007,0.37335005700770374,0.00998645168764533,1176,2.903531074523926,-166.4811276
2086,-184.91168000000002,0.2981387029217063,0.00998645168764533,136,0.3339550495147705,-166.6639116
2087,-162.43232000000003,0.3286325982632024,0.00998645168764533,1016,2.4985458850860596,-166.33953439999996
2088,-164.66607999999997,0.40989827465940226,0.00998645168764533,768,1.943443775177002,-166.2544008
2089,-159.19777999999994,0.32738989425184506,0.00998645168764533,719,1.8047759532928467,-166.18052759999998
2090,-189.75492000000003,0.3064043045100389,0.00998645168764533,165,0.4097163677215576,-166.57097399999998
2091,-165.15648000000002,0.33647767877788604,0.00998645168764533,1081,2.6762449741363525,-166.42674159999999
2092,-171.66364000000002,0.3109246101881379,0.00998645168764533,701,1.7623658180236816,-166.551086
2093,-164.51200000000006,0.3439461531328817,0.00998645168764533,313,0.7876451015472412,-166.43981159999998
2094,-179.74078000000003,0.3162987427074697,0.00998645168764533,491,1.2456200122833252,-166.633024
2095,-168.34583999999992,0.33209882306223376,0.00998645168764533,801,2.0566110610961914,-166.4181904
2096,-164.6647999999999,0.2657627143493581,0.00998645168764533,817,2.0833280086517334,-165.97713359999997
2097,-163.94541999999998,0.3039195646972302,0.00998645168764533,738,1.93910813331604,-165.349882
2098,-168.83156,0.30081582438581267,0.00998645168764533,1253,3.277327299118042,-165.2749384
2099,-177.20210000000003,0.27559369151527136,0.00998645168764533,619,1.5725817680358887,-165.5311588
2100,-176.80992000000003,0.2628082759336879,0.00998645168764533,600,1.5045199394226074,-165.1004568
2101,-170.45182,0.29971314161941576,0.00998645168764533,902,2.506463050842285,-164.61007879999997
2102,-185.73692,0.32404573192639696,0.00998645168764533,124,0.33417701721191406,-165.02371039999997
2103,-187.97672000000003,0.30455918409098676,0.00998645168764533,177,0.4956672191619873,-169.20094079999998
2104,-165.35661999999996,0.32338488412072447,0.00998645168764533,758,1.9984230995178223,-169.235848
2105,-166.71768000000003,0.3137275128153293,0.00998645168764533,1168,2.9985828399658203,-168.6813884
2106,-160.4572,0.29921694083462214,0.00998645168764533,473,1.228341817855835,-168.57777
2107,-188.52392000000003,0.2476756498978467,0.00998645168764533,153,0.38350391387939453,-169.07722760000001
2108,-168.52528000000004,0.350314361990697,0.00998645168764533,752,1.9449751377105713,-168.67725480000001
2109,-163.50676,0.3208681803526599,0.00998645168764533,669,1.7179970741271973,-168.55301
2110,-175.48010000000002,0.27169097841532047,0.00998645168764533,739,1.9592978954315186,-168.70161799999997
2111,-159.49463999999998,0.30073033046713216,0.00998645168764533,729,1.9132468700408936,-168.7676828
2112,-166.71958,0.300986379926431,0.00998645168764533,719,1.8789682388305664,-168.331596
2113,-158.0378199999999,0.2933593792079219,0.00998645168764533,911,2.3542137145996094,-168.01317559999998
2114,-167.46377999999996,0.3169450983292185,0.00998645168764533,1402,3.636054039001465,-167.39508999999998
2115,-170.20000000000002,0.2854428797467926,0.00998645168764533,785,2.0209648609161377,-167.5751848
2116,23.904159999999955,0.26426475055667104,0.00998645168764533,2000,5.245676040649414,-163.72873479999998
2117,-169.3299,0.19814138356327804,0.00998645168764533,798,2.0825300216674805,-163.4986956
2118,-153.7426399999999,0.14987340648908035,0.00998645168764533,560,1.4300768375396729,-163.1853256
2119,-154.00159999999994,0.2360121699840629,0.00998645168764533,569,1.4731698036193848,-162.456358
2120,-163.40117999999993,0.15772175707706265,0.00998645168764533,1063,2.6650900840759277,-162.04386639999998
2121,-163.15861999999993,0.22543834374433286,0.00998645168764533,950,2.405864953994751,-162.0527952
2122,-190.91462,0.162608517082722,0.00998645168764533,267,0.671771764755249,-162.106294
2123,-186.99462000000003,0.1904820027327492,0.00998645168764533,131,0.3312540054321289,-162.43881639999998
2124,-188.53882000000002,0.24455666034361467,0.00998645168764533,154,0.3836979866027832,-162.43881639999998
2125,-182.21866,0.3056803854490788,0.00998645168764533,154,0.38789892196655273,-162.65425559999997
2126,-187.63944000000004,0.313502591742515,0.00998645168764533,161,0.4204549789428711,-163.1615648
2127,-163.9500799999999,0.2489392597354022,0.00998645168764533,937,2.367460012435913,-163.29048559999998
2128,-168.70105999999998,0.31617841994876045,0.00998645168764533,659,1.6617131233215332,-163.80214999999998
2129,-159.80887999999996,0.29063225861626285,0.00998645168764533,745,1.8706870079040527,-163.2275512
2130,-167.25857999999997,0.3076326857016341,0.00998645168764533,1174,2.9511218070983887,-162.8079292
2131,-168.47136000000003,0.3320772171826333,0.00998645168764533,705,1.8071942329406738,-162.9508976
2132,-7.065440000000006,0.37769030675657894,0.00998645168764533,448,1.1565988063812256,-159.89975199999998
2133,-185.74240000000003,0.23069166158872448,0.00998645168764533,121,0.3562159538269043,-160.4392948
2134,-167.84514000000001,0.3505275959973852,0.00998645168764533,726,1.849548101425171,-159.84547999999998
2135,-175.78512000000003,0.3615551100275479,0.00998645168764533,600,1.5392887592315674,-163.94296319999998
2136,-171.63287999999991,0.32962490304277864,0.00998645168764533,1729,4.3934972286224365,-163.6773872
2137,-157.3709399999999,0.3414333044744323,0.00998645168764533,1491,3.7051949501037598,-163.57615959999998
2138,-168.15516000000005,0.2667218216265393,0.00998645168764533,837,2.0885369777679443,-163.6459412
2139,-174.25362,0.21856389971611714,0.00998645168764533,1071,2.6666550636291504,-163.947058
2140,-166.92643999999999,0.2280115305103768,0.00998645168764533,1412,3.541072130203247,-163.4904884
2141,-167.03750000000005,0.2644310694136681,0.00998645168764533,382,0.9540970325469971,-163.52810879999998
2142,-186.9823,0.3002543505176957,0.00998645168764533,134,0.33635997772216797,-163.83448199999998
2143,-188.53882000000002,0.30470305004507886,0.00998645168764533,154,0.38336610794067383,-164.3150184
2144,14.527280000000005,0.26500151202097033,0.00998645168764533,776,1.942408800125122,-160.42965719999998
2145,-166.70272000000003,0.22975975259487838,0.00998645168764533,521,1.336371898651123,-160.39679479999998
2146,-155.00959999999992,0.23772267029101019,0.00998645168764533,905,2.2465128898620605,-160.20369079999998
2147,-159.19791999999995,0.22415263457332912,0.00998645168764533,768,1.9317800998687744,-160.1087408
2148,-199.2142,0.1752662364610356,0.00998645168764533,365,0.9700472354888916,-160.7163936
2149,-170.75940000000003,0.2246005197662508,0.00998645168764533,709,1.8578171730041504,-160.5875396
2150,-188.53882000000002,0.26544019500664495,0.00998645168764533,154,0.40785813331604004,-160.8221176
2151,-164.68681999999995,0.24274772466475883,0.00998645168764533,1343,3.5097970962524414,-160.7068176
2152,-166.6014,0.28799549202426916,0.00998645168764533,716,1.8634798526763916,-160.3241072
2153,-163.92991999999992,0.30641345011473103,0.00998645168764533,1184,3.2303450107574463,-159.8431712
2154,-164.58496,0.2796838093797485,0.00998645168764533,521,1.3532600402832031,-159.82773799999998
2155,-167.74742000000003,0.3026281368436717,0.00998645168764533,570,1.4862651824951172,-159.84833279999998
2156,-169.89726000000005,0.282999596733505,0.00998645168764533,471,1.1995630264282227,-160.03713399999998
2157,-155.80407999999994,0.309754718359715,0.00998645168764533,600,1.6097133159637451,-159.38273719999998
2158,-172.98744000000002,0.37377559237696306,0.00998645168764533,768,1.9837050437927246,-159.4719804
2159,-172.10442000000003,0.3406004849951935,0.00998645168764533,927,2.4452178478240967,-159.64393359999997
2160,-159.85161999999994,0.3258518930887869,0.00998645168764533,846,2.181652784347534,-159.331364
2161,-167.9279399999998,0.28943270005042526,0.00998645168764533,1570,4.056260824203491,-159.50002999999998
2162,-198.15148000000002,0.2611597697173998,0.00998645168764533,365,0.9413888454437256,-160.12866799999998
2163,-169.2273199999999,0.2652059250116143,0.00998645168764533,1412,3.7339589595794678,-160.35245799999998
2164,-186.68222000000003,0.2465344478659402,0.00998645168764533,319,0.8131089210510254,-160.7368268
2165,-171.12982000000005,0.28667377948339257,0.00998645168764533,530,1.4620473384857178,-160.7554232
2166,-190.99134000000004,0.22027667901403775,0.00998645168764533,174,0.44092798233032227,-165.05333319999997
2167,-166.2129,0.31391237470823613,0.00998645168764533,738,1.9654078483581543,-164.99099319999996
2168,16.592239999999986,0.2911440303668358,0.00998645168764533,672,1.8550159931182861,-161.5842956
2169,-170.30196000000004,0.24627748946502304,0.00998645168764533,445,1.1477580070495605,-161.91030279999998
2170,-186.64178,0.13340254493155762,0.00998645168764533,114,0.28580403327941895,-162.3751148
2171,-164.60778,0.2844941265265,0.00998645168764533,966,2.561142921447754,-162.404098
2172,-160.5709599999999,0.250082178740924,0.00998645168764533,1065,2.739588975906372,-161.79722479999998
2173,-187.67794,0.31901967150164756,0.00998645168764533,167,0.4319040775299072,-161.8108912
2174,-156.62327999999988,0.2621737614521516,0.00998645168764533,937,2.45196795463562,-161.1725804
2175,-161.83722,0.3708686799492579,0.00998645168764533,690,1.7590649127960205,-160.7649516
2176,-161.12825999999995,0.2840544129501055,0.00998645168764533,907,2.31666898727417,-160.234728
2177,-182.09168000000003,0.27945451716633135,0.00998645168764533,352,0.8914201259613037,-160.59756
2178,-144.79175999999975,0.3001071732363133,0.00998645168764533,1432,3.676204204559326,-160.119374
2179,-156.87279999999993,0.2839265456113447,0.00998645168764533,857,2.2572481632232666,-160.06065239999998
2180,-169.25186,0.3193786603260077,0.00998645168764533,847,2.1640608310699463,-160.100518
2181,-159.46967999999995,0.27257129351515197,0.00998645168764533,729,1.9150779247283936,-159.9204844
2182,-167.90037999999998,0.20154578527339895,0.00998645168764533,778,2.016861915588379,-163.13718319999998
2183,-175.76998000000003,0.24014903003773358,0.00998645168764533,651,1.7284879684448242,-162.9377348
2184,-173.20476000000005,0.30742942678109136,0.00998645168764533,924,2.5589828491210938,-163.0449272
2185,-189.73636,0.2711260468505959,0.00998645168764533,164,0.46332216262817383,-163.323952
2186,-190.99134000000004,0.3817840612696848,0.00998645168764533,174,0.4575939178466797,-163.71112119999998
2187,-198.57364,0.30475769965651345,0.00998645168764533,332,0.8875079154968262,-164.53517519999997
2188,-177.43026000000003,0.49568737784473155,0.00998645168764533,231,0.6102781295776367,-164.72067719999998
2189,-165.16510000000002,0.3648181958112312,0.00998645168764533,794,2.1769089698791504,-164.5389068
2190,-170.43338,0.2521038128397347,0.00998645168764533,847,2.3509509563446045,-164.6090456
2191,-164.9795999999999,0.32691459701106984,0.00998645168764533,1129,3.088911771774292,-164.5678876
2192,-159.50231999999997,0.23175873111841488,0.00998645168764533,729,1.8483822345733643,-164.01828799999998
2193,-186.9823,0.3710776322639422,0.00998645168764533,134,0.34221577644348145,-163.9871576
2194,-166.22496000000004,0.3761305069147299,0.00998645168764533,600,1.5395052433013916,-167.60220239999998
2195,-169.91244,0.3353358118583257,0.00998645168764533,669,1.6251389980316162,-167.66639679999997
2196,-188.53882000000002,0.16492188341806752,0.00998645168764533,154,0.4012620449066162,-168.33698119999997
2197,-170.43849999999998,0.34222139196074214,0.00998645168764533,851,2.1898109912872314,-168.5617928
2198,-165.74144,0.37564589946754806,0.00998645168764533,424,1.089827060699463,-167.8923376
2199,-189.53576,0.2879538623435395,0.00998645168764533,201,0.5307557582855225,-168.26786479999998
2200,-171.80763999999996,0.4210537775457603,0.00998645168764533,908,2.1899969577789307,-167.93324119999997
2201,-168.76656000000003,0.39634167680378596,0.00998645168764533,768,1.8756310939788818,-168.014836
2202,-157.59341999999992,0.43620398882375705,0.00998645168764533,883,2.2526609897613525,-167.83467639999998
2203,-164.58304,0.3288576966857684,0.00998645168764533,521,1.3026549816131592,-167.84773879999997
2204,-158.02139999999991,0.40734908832381617,0.00998645168764533,709,1.7521421909332275,-167.7164676
2205,-170.04099999999997,0.32411400440659377,0.00998645168764533,677,1.7129030227661133,-167.76233919999999
2206,-168.13738000000006,0.366614608793318,0.00998645168764533,638,1.58656907081604,-167.72714159999998
2207,-163.93947999999997,0.3354596725317339,0.00998645168764533,1125,2.8295722007751465,-167.8898496
2208,-167.27342000000004,0.3431221333467825,0.00998645168764533,550,1.3217220306396484,-167.77556919999998
2209,-159.7247999999999,0.33086815871001946,0.00998645168764533,1081,2.5864362716674805,-167.5279768
2210,-170.59174000000004,0.3262212858578523,0.00998645168764533,755,1.8059661388397217,-167.74277919999997
2211,-162.09809999999996,0.2747559953877134,0.00998645168764533,898,2.151043176651001,-167.6261824
2212,-189.7402,0.4414659385944194,0.00998645168764533,164,0.3937687873840332,-167.4579568
2213,-168.39120000000003,0.2950913335446895,0.00998645168764533,897,2.166964054107666,-167.44123439999998
2214,-166.75943999999993,0.3081138441965661,0.00998645168764533,825,2.128843069076538,-167.04277879999998
2215,-166.41585999999998,0.31257378577914696,0.00998645168764533,659,1.7260279655456543,-166.9484996
2216,-176.53214000000003,0.3046118508898101,0.00998645168764533,590,1.465804100036621,-166.65931559999999
2217,-171.88564000000002,0.3493268074667855,0.00998645168764533,917,2.3419289588928223,-166.77277039999998
2218,-170.01812000000007,0.31830178582170043,0.00998645168764533,877,2.159433126449585,-170.5049776
2219,-154.30635999999996,0.28354937696308596,0.00998645168764533,1173,3.000661849975586,-170.18506559999997
2220,-187.97672000000003,0.32046071542058624,0.00998645168764533,177,0.44266486167907715,-170.2117644
2221,-157.01555999999994,0.29557701824850313,0.00998645168764533,709,1.722257137298584,-170.05991999999998
2222,-189.7402,0.3078531239653097,0.00998645168764533,164,0.40476179122924805,-170.64330479999998
2223,-172.46732000000006,0.2772469274508835,0.00998645168764533,893,2.193885087966919,-170.33909239999997
2224,-154.1654199999999,0.3365527112974639,0.00998645168764533,1023,2.5287699699401855,-170.2899352
2225,-163.99191999999994,0.30489404798583897,0.00998645168764533,841,2.037682294845581,-170.33302919999997
2226,-166.32636000000002,0.24732961218447208,0.00998645168764533,501,1.237178087234497,-170.43699119999997
2227,-161.57583999999994,0.331532593165615,0.00998645168764533,729,1.793243169784546,-170.02667439999996
2228,25.4433600000001,0.29708155542958176,0.00998645168764533,1480,3.5633389949798584,-166.621972
2229,-171.00543999999994,0.19767150214148,0.00998645168764533,1392,3.3322112560272217,-166.9046248
2230,-161.97198,0.2416291847605641,0.00998645168764533,798,1.9039568901062012,-166.7590272
2231,-156.56305999999992,0.3178716302059776,0.00998645168764533,887,2.133043050765991,-166.7008948
2232,-171.20278000000002,0.3249861250206723,0.00998645168764533,638,1.548185110092163,-166.7669428
2233,-150.3753599999999,0.2431652185344507,0.00998645168764533,945,2.4145352840423584,-166.25905039999998
2234,-173.3871,0.19247102264993113,0.00998645168764533,942,2.2585160732269287,-166.2626972
2235,-160.69229999999996,0.18802270108107022,0.00998645168764533,738,1.7657270431518555,-165.681816
2236,-180.73630000000003,0.25031319906643074,0.00998645168764533,590,1.409588098526001,-165.4767152
2237,-166.61765999999994,0.22983351267709248,0.00998645168764533,1366,3.3116939067840576,-164.8375956
2238,-160.52415999999997,0.14002783580993614,0.00998645168764533,873,2.101797103881836,-164.4994736
2239,-170.10688,0.23559710440826284,0.00998645168764533,833,2.0677902698516846,-164.59830919999996
2240,-154.86987999999994,0.2007518540748267,0.00998645168764533,612,1.5100669860839844,-164.28703919999995
2241,-164.63192,0.2693958634241961,0.00998645168764533,721,1.7076683044433594,-164.28008559999998
2242,-172.42718000000005,0.29013779052460875,0.00998645168764533,1030,2.4844799041748047,-164.53858279999997
2243,-168.27643999999998,0.25685603896474696,0.00998645168764533,748,1.852750301361084,-164.16446559999997
2244,-162.9747999999999,0.2428059381091422,0.00998645168764533,1233,2.952723264694214,-164.09946239999996
2245,-174.1568,0.2615130158851198,0.00998645168764533,976,2.3257360458374023,-164.1843496
2246,-176.50482,0.24204233746847403,0.00998645168764533,639,1.5202298164367676,-163.9436696
2247,-181.31380000000001,0.2119291038706717,0.00998645168764533,164,0.39674901962280273,-164.16117559999998
2248,-165.29195999999996,0.2992773858558511,0.00998645168764533,1045,2.537221908569336,-164.15218599999997
2249,-170.04312,0.2034276524716706,0.00998645168764533,825,2.065398931503296,-163.76233319999997
2250,-159.62139999999994,0.2762890708321955,0.00998645168764533,836,2.0558228492736816,-163.51860839999998
2251,-186.88508000000002,0.29453291305174084,0.00998645168764533,229,0.5478057861328125,-163.88097879999998
2252,-163.13523999999998,0.2674366228734087,0.00998645168764533,996,2.449036121368408,-163.9918152
2253,-163.46800000000002,0.2571500729461362,0.00998645168764533,665,1.6269140243530273,-163.96951439999998
2254,-172.41311999999994,0.24836765078485076,0.00998645168764533,1609,3.948349952697754,-164.25734879999996
2255,-186.92362,0.3551181461128854,0.00998645168764533,131,0.3133401870727539,-164.59500119999996
2256,-159.21375999999998,0.3048830102514808,0.00998645168764533,617,1.4824566841125488,-164.41652879999998
2257,-164.77071999999993,0.35567789824035506,0.00998645168764533,833,2.029913902282715,-164.43315359999997
2258,-167.41352,0.29944503179236887,0.00998645168764533,1193,2.920280933380127,-164.43595559999997
2259,-168.91508000000002,0.34609888458758287,0.00998645168764533,877,2.1238977909088135,-164.6197612
2260,-171.51710000000003,0.2268528985308314,0.00998645168764533,550,1.3520281314849854,-164.6382684
2261,-170.88842,0.2638839533399503,0.00998645168764533,919,2.281796932220459,-164.8140748
2262,-184.88182000000003,0.2537631327077858,0.00998645168764533,134,0.33463597297668457,-164.71690719999998
2263,-188.02904,0.3622619956276258,0.00998645168764533,184,0.4699530601501465,-165.10966399999998
2264,-156.7490999999999,0.34016282319277086,0.00998645168764533,847,2.090266704559326,-164.9094572
2265,-154.87643999999997,0.2933402439805218,0.00998645168764533,1501,3.707206964492798,-164.67866879999997
2266,-166.50784000000004,0.3175084592042757,0.00998645168764533,560,1.3935432434082031,-164.47818279999998
2267,-158.51159999999996,0.28325677311893077,0.00998645168764533,681,1.6448719501495361,-164.21070199999997
2268,-172.03673999999995,0.3130400057272826,0.00998645168764533,827,2.0197830200195312,-164.25107439999996
2269,-167.47959999999995,0.24334450612722353,0.00998645168764533,1233,3.0221378803253174,-164.51453919999997
2270,-157.58771999999985,0.23815654293148522,0.00998645168764533,940,2.2861077785491943,-163.90675919999998
2271,-184.32428000000002,0.28137194808975907,0.00998645168764533,157,0.37592434883117676,-164.45293359999997
2272,-170.82378000000003,0.3174786215810258,0.00998645168764533,867,2.0784807205200195,-164.07460519999998
2273,-163.27442,0.25773435039612363,0.00998645168764533,559,1.3397321701049805,-163.89074719999996
2274,-162.27707999999996,0.28875144811201037,0.00998645168764533,612,1.4636952877044678,-164.05298039999997
2275,-161.72531999999998,0.30829238256773017,0.00998645168764533,877,2.1084959506988525,-164.00764839999997
2276,-174.65952000000001,0.2420316196605563,0.00998645168764533,600,1.4484469890594482,-164.17431159999995
2277,-162.45875999999998,0.3168145196661297,0.00998645168764533,669,1.6182911396026611,-164.19196999999997
2278,-161.66833999999997,0.2980392309648118,0.00998645168764533,875,2.109590768814087,-167.934204
2279,-156.95033999999995,0.27217956342310157,0.00998645168764533,742,1.814875841140747,-167.65310199999996
2280,-190.43514000000002,0.2987229031769885,0.00998645168764533,194,0.47332000732421875,-168.22236519999998
2281,-157.6058599999999,0.33387283953887065,0.00998645168764533,1178,2.872666120529175,-168.24322119999997
2282,-157.87133999999986,0.3071760884678561,0.00998645168764533,847,2.0323619842529297,-167.97659239999996
2283,25.58464000000012,0.2499654817868989,0.00998645168764533,1328,3.3230581283569336,-164.4573924
2284,-181.31380000000001,0.19622619301875735,0.00998645168764533,164,0.4264860153198242,-164.61592639999998
2285,-154.04495999999992,0.3446619952122614,0.00998645168764533,817,2.083237886428833,-164.48297959999996
2286,-195.30800000000002,0.26028573642795283,0.00998645168764533,225,0.5854611396789551,-164.77441359999997
2287,-174.84856,0.3363141118841216,0.00998645168764533,809,2.056544065475464,-164.9390316
2288,-172.80782000000005,0.2575588644590317,0.00998645168764533,758,1.8603229522705078,-165.18470479999996
2289,-184.88838,0.16643019314883775,0.00998645168764533,131,0.3175690174102783,-165.48033479999998
2290,-163.48416,0.29187389365506533,0.00998645168764533,768,1.833820104598999,-165.6526204
2291,-172.14319999999998,0.23672579674867958,0.00998645168764533,1025,2.4773008823394775,-165.802846
2292,-162.49836,0.37079030403584556,0.00998645168764533,573,1.3986170291900635,-165.60426959999998
2293,-157.51905999999994,0.2685719634062306,0.00998645168764533,639,1.709287166595459,-165.389122
2294,-168.66860000000003,0.2874072978888785,0.00998645168764533,605,1.5547211170196533,-165.50299799999996
2295,-169.94469999999998,0.2663832968121725,0.00998645168764533,671,1.7063961029052734,-165.418756
2296,-184.88110000000003,0.27912741502983246,0.00998645168764533,134,0.3391401767730713,-165.58628159999998
2297,-169.8307,0.32844810828538057,0.00998645168764533,719,1.7947351932525635,-165.3566196
2298,-187.49734,0.2809030246238215,0.00998645168764533,206,0.5413808822631836,-165.80072719999995
2299,-158.53081999999995,0.33676985209563864,0.00998645168764533,779,1.8684210777282715,-165.5704812
2300,-168.35030000000003,0.35333058529702777,0.00998645168764533,550,1.466733694076538,-165.7450592
2301,-167.23229999999995,0.3777127436199984,0.00998645168764533,798,2.013871192932129,-165.3520036
2302,-188.23968000000002,0.5021550703289298,0.00998645168764533,144,0.3658108711242676,-165.85409239999998
2303,-166.74784000000002,0.38100586274252857,0.00998645168764533,473,1.207637071609497,-165.9196892
2304,-198.31472000000002,0.3636198359652647,0.00998645168764533,369,0.8936171531677246,-166.43772119999997
2305,-163.59917999999988,0.33543481630381455,0.00998645168764533,1075,2.65334415435791,-165.97123239999996
2306,-186.84380000000002,0.4530531310573866,0.00998645168764533,277,0.7130799293518066,-166.52383319999998
2307,-158.47401999999994,0.37792774896044046,0.00998645168764533,778,1.996471881866455,-166.39789919999998
2308,-169.15601999999998,0.3688905459072819,0.00998645168764533,690,1.7042648792266846,-166.4327492
2309,-160.69037999999995,0.44461037793201785,0.00998645168764533,738,1.828233003616333,-166.2682552
2310,-168.2833,0.33162904592554304,0.00998645168764533,887,2.186513900756836,-166.20357919999998
2311,-163.73945999999995,0.37546171544466256,0.00998645168764533,1075,2.7379369735717773,-166.06059999999997
2312,-176.08384000000004,0.3312099463436092,0.00998645168764533,761,1.9498770236968994,-165.8846404
2313,-188.98856000000004,0.31404670370742677,0.00998645168764533,225,0.5606122016906738,-165.9038308
2314,-159.1438399999999,0.3119998425449853,0.00998645168764533,865,2.195235013961792,-165.9517256
2315,-164.68672,0.30892488479723823,0.00998645168764533,425,1.1290500164031982,-166.1479312
2316,27.239519999999974,0.3495743357965544,0.00998645168764533,1168,3.320310115814209,-162.27298399999998
2317,-189.56550000000001,0.26979350490412984,0.00998645168764533,203,0.5132870674133301,-162.89406199999996
2318,-188.23968000000002,0.32612352001726524,0.00998645168764533,144,0.37352895736694336,-163.21812079999998
2319,-170.04308000000003,0.30673076725587556,0.00998645168764533,781,2.0726001262664795,-163.26939039999996
2320,-156.9064399999999,0.3096497334114116,0.00998645168764533,1004,2.4412848949432373,-163.25576479999998
2321,-159.94121999999993,0.2761765341446662,0.00998645168764533,703,1.7097928524017334,-162.7681036
2322,-167.47104000000002,0.25188920172916573,0.00998645168764533,657,1.645909070968628,-162.7010488
2323,-163.70984000000007,0.2856021037911315,0.00998645168764533,1025,2.6303858757019043,-162.70975719999998
2324,-169.36873999999997,0.26658486660158676,0.00998645168764533,847,2.1710710525512695,-162.8515904
2325,-189.75492000000003,0.40181980869365913,0.00998645168764533,165,0.4287581443786621,-163.41218239999998
2326,-164.06286000000003,0.35632968462401665,0.00998645168764533,591,1.5048320293426514,-163.20024919999997
2327,-169.19165999999998,0.36288323990892674,0.00998645168764533,690,1.7168779373168945,-163.33490719999998
2328,-163.69019999999995,0.38010874759467445,0.00998645168764533,877,2.188870906829834,-163.3753444
2329,-164.10741999999993,0.3247657481084336,0.00998645168764533,902,2.239067792892456,-163.51848599999997
2330,17.129600000000014,0.30801253360682906,0.00998645168764533,704,1.727308988571167,-159.36719119999998
2331,-165.41216,0.24622094910477987,0.00998645168764533,409,1.0313489437103271,-159.52331719999998
2332,-173.2212,0.29513674196014916,0.00998645168764533,808,2.0019588470458984,-159.8303144
2333,-166.83544,0.2826081688556956,0.00998645168764533,521,1.332597017288208,-163.67871599999998
2334,-157.50667999999996,0.2554798089923885,0.00998645168764533,677,1.6313588619232178,-163.2025736
2335,-174.53220000000002,0.3106298901487963,0.00998645168764533,885,2.143918037414551,-163.6123184
2336,-170.48472000000007,0.357796659657518,0.00998645168764533,497,1.231050968170166,-163.1158528
2337,-164.70208000000002,0.3269932797562112,0.00998645168764533,425,1.0304667949676514,-162.9129232
2338,-157.70671999999996,0.26540845774752136,0.00998645168764533,689,1.6805479526519775,-162.6109012
2339,-167.44046000000006,0.35601329882526245,0.00998645168764533,407,1.0178251266479492,-162.26194279999999
2340,-168.50686,0.3113748371044523,0.00998645168764533,758,1.8342068195343018,-162.3623968
2341,-185.93038,0.4005429518214469,0.00998645168764533,134,0.33799290657043457,-162.6381404
2342,20.082479999999983,0.3344363112956864,0.00998645168764533,1056,2.5237598419189453,-158.9865236
2343,-159.78543999999994,0.2803015366650535,0.00998645168764533,792,1.8977079391479492,-159.0318512
2344,-159.34936,0.3259610749706054,0.00998645168764533,521,1.2829461097717285,-158.8454664
2345,-185.73692,0.1035381807464986,0.00998645168764533,124,0.29952001571655273,-159.1613108
2346,-166.63840000000002,0.2954146652471051,0.00998645168764533,817,2.064387083053589,-158.7964568
2347,-159.98268,0.43862125305960814,0.00998645168764533,501,1.2495651245117188,-158.5994964
2348,-168.97304,0.3529998076938217,0.00998645168764533,777,1.8957738876342773,-158.2290104
2349,-189.7402,0.4825914658537907,0.00998645168764533,164,0.3943018913269043,-158.853198
2350,-189.7402,0.5215455149697912,0.00998645168764533,164,0.3948171138763428,-159.280996
2351,-155.30645999999987,0.42056171612564264,0.00998645168764533,1111,2.698378801345825,-159.0424792
2352,-184.88110000000003,0.18867736872730415,0.00998645168764533,134,0.3211219310760498,-158.9753076
2353,-189.7402,0.29346513523572554,0.00998645168764533,164,0.3938262462615967,-159.4351548
2354,-184.88254000000003,0.39805634626284686,0.00998645168764533,134,0.3208448886871338,-159.16651119999997
2355,-159.07059999999996,0.38808484106319,0.00998645168764533,996,2.3699278831481934,-159.07593959999997
2356,-158.43623999999994,0.40301131997104167,0.00998645168764533,729,1.7405591011047363,-158.50778839999998
2357,-167.20832000000001,0.4007928033772409,0.00998645168764533,841,2.057767152786255,-158.6824744
2358,-189.75492000000003,0.25342772836712274,0.00998645168764533,165,0.40969300270080566,-159.0944524
2359,-177.83496000000002,0.3524543438665569,0.00998645168764533,600,1.5302588939666748,-159.437344
2360,-189.90278000000004,0.4104749557974676,0.00998645168764533,219,0.5696167945861816,-159.8697336
2361,-159.23487999999998,0.4597359023998813,0.00998645168764533,617,1.5270929336547852,-159.779642
2362,-190.99134000000004,0.2956083074062206,0.00998645168764533,174,0.46068572998046875,-160.077792
2363,-198.36230000000003,0.3743789470393026,0.00998645168764533,322,0.8377659320831299,-160.26526679999998
2364,-188.23968000000002,0.523120569912458,0.00998645168764533,144,0.3508579730987549,-160.8471836
2365,-194.97072000000003,0.5314532524558524,0.00998645168764533,209,0.537606954574585,-161.4528636
2366,-171.14198000000002,0.41637386795967435,0.00998645168764533,431,1.1054210662841797,-165.42049360000001
2367,-151.20829999999987,0.45848059875818625,0.00998645168764533,1035,2.5545949935913086,-164.6533496
2368,-165.9202399999999,0.46360278147363543,0.00998645168764533,1385,3.463175058364868,-164.2069608
2369,-154.85795999999993,0.38221229163543313,0.00998645168764533,853,2.2058098316192627,-163.90325839999997
2370,-163.84454000000002,0.45591836482621123,0.00998645168764533,679,1.726248025894165,-164.0420204
2371,-164.53778000000003,0.3931518179495328,0.00998645168764533,719,1.8097379207611084,-164.1339516
2372,-165.59828,0.37346400870634927,0.00998645168764533,820,2.0727458000183105,-164.0964964
2373,-171.11830000000003,0.36523350204587124,0.00998645168764533,530,1.3605990409851074,-164.24466560000002
2374,-185.07504,0.6289796847559046,0.00998645168764533,144,0.36618709564208984,-164.5587916
2375,-188.98856000000004,0.32827564828925665,0.00998645168764533,225,0.5658280849456787,-164.5434644
2376,-160.59895999999986,0.38850113523019036,0.00998645168764533,976,2.390542984008789,-164.4741864
2377,-158.33711999999997,0.38275435296890115,0.00998645168764533,521,1.2901737689971924,-164.25709559999999
2378,-169.46954000000005,0.34737196972197437,0.00998645168764533,503,1.21669602394104,-164.37268239999997
2379,-158.54697999999993,0.35492106566422627,0.00998645168764533,927,2.277427911758423,-164.2614736
2380,-157.47343999999995,0.37176973147532394,0.00998645168764533,729,1.8412261009216309,-167.75353439999998
2381,-181.17694,0.3377430247865362,0.00998645168764533,758,1.8252410888671875,-168.06883
2382,-157.34915999999996,0.2843618976873082,0.00998645168764533,709,1.7512702941894531,-167.75138919999998
2383,-187.97672000000003,0.2717671522391844,0.00998645168764533,177,0.42587709426879883,-168.17421480000002
2384,-177.62494000000004,0.3533165220352742,0.00998645168764533,590,1.4222090244293213,-168.57658
2385,-173.19729999999998,0.2858477041034392,0.00998645168764533,1506,3.706923007965088,-168.549882
2386,-169.97516000000002,0.3393137877681712,0.00998645168764533,877,2.1525049209594727,-168.5396908
2387,-171.61524000000003,0.23637335774207088,0.00998645168764533,453,1.1636760234832764,-168.677954
2388,-195.98256000000003,0.29061040416693296,0.00998645168764533,257,0.6686680316925049,-169.4434708
2389,-188.33478,0.4532929399842018,0.00998645168764533,246,0.627161979675293,-169.8613572
2390,-166.1487,0.3357389338190824,0.00998645168764533,798,1.9706971645355225,-169.814194
2391,-160.3203199999999,0.30699357398282495,0.00998645168764533,857,2.1691160202026367,-169.3019928
2392,-154.0460799999999,0.34398288200039434,0.00998645168764533,768,1.9461829662322998,-172.784564
2393,-178.91496000000004,0.25687570351020744,0.00998645168764533,600,1.5903539657592773,-173.1671544
2394,-179.60264,0.1745519242983352,0.00998645168764533,184,0.4870569705963135,-173.57222
2395,-170.27844000000002,0.4384622528743758,0.00998645168764533,540,1.4340078830718994,-173.2630504
2396,-163.59669999999994,0.34931677846261155,0.00998645168764533,966,2.4409329891204834,-173.2022164
2397,-188.23968000000002,0.2402561034800278,0.00998645168764533,144,0.36232709884643555,-173.76735639999998
2398,-158.13889999999995,0.34794172007131996,0.00998645168764533,719,1.8674068450927734,-173.55067359999998
2399,-169.30736000000005,0.3358910110840731,0.00998645168764533,937,2.414994955062866,-173.1420168
2400,13.03319999999999,0.35027108546854907,0.00998645168764533,696,1.8285541534423828,-169.08654879999997
2401,-189.75492000000003,0.38189727798612283,0.00998645168764533,165,0.4393961429595947,-169.775518
2402,24.19264000000006,0.33681521834609324,0.00998645168764533,1376,3.5252201557159424,-165.5940432
2403,-170.74258000000003,0.27318795950297164,0.00998645168764533,263,0.6634678840637207,-165.21409079999998
2404,-160.72011999999995,0.30522433972177637,0.00998645168764533,788,1.9622647762298584,-164.7308424
2405,-174.0996,0.32268289985877424,0.00998645168764533,921,2.3104429244995117,-165.03142239999997
2406,-187.43804,0.35817693155258895,0.00998645168764533,205,0.49199628829956055,-165.6114584
2407,-171.16774000000004,0.2511712794192135,0.00998645168764533,935,2.2904560565948486,-165.6906468
2408,-157.60791999999995,0.29048149015805824,0.00998645168764533,689,1.6767737865447998,-165.0477068
2409,-156.98067999999995,0.2992646582401814,0.00998645168764533,612,1.6161470413208008,-164.63062119999998
2410,-160.6219999999999,0.2478106741470926,0.00998645168764533,976,2.5099799633026123,-164.0450056
2411,-168.75056,0.3091442171836657,0.00998645168764533,769,1.9220139980316162,-164.23531919999996
2412,-178.18258000000003,0.21292764333809175,0.00998645168764533,515,1.2957541942596436,-163.979144
2413,-165.02624000000003,0.25391095335802905,0.00998645168764533,489,1.2185449600219727,-163.31242279999998
2414,-167.55644000000004,0.2501223792283938,0.00998645168764533,661,1.682030200958252,-162.898758
2415,-165.44211999999993,0.26512913582904146,0.00998645168764533,1293,3.1899940967559814,-162.30818599999998
2416,-161.8471199999999,0.230569089889097,0.00998645168764533,937,2.3117010593414307,-162.12228879999998
2417,-180.45798000000002,0.23893427347828602,0.00998645168764533,174,0.43158793449401855,-162.7072824
2418,-167.08875999999998,0.2936556320207971,0.00998645168764533,1236,3.177461862564087,-162.7306528
2419,-153.2365399999999,0.2687767781466571,0.00998645168764533,686,1.7743570804595947,-162.6982244
2420,-190.3462,0.2677682630062968,0.00998645168764533,293,0.7171010971069336,-163.2282576
2421,-188.53882000000002,0.34733097976097815,0.00998645168764533,154,0.37749600410461426,-163.70827839999998
2422,-166.02889999999996,0.31574284852368983,0.00998645168764533,887,2.1578707695007324,-163.7168908
2423,-171.22279999999998,0.30389958488771823,0.00998645168764533,937,2.2995057106018066,-163.7189808
2424,-186.12696000000003,0.34679925736984135,0.00998645168764533,144,0.35207700729370117,-163.74001919999998
2425,-171.65752,0.35680430907855876,0.00998645168764533,560,1.3340518474578857,-163.3933984
2426,-165.08168000000003,0.3417090494386311,0.00998645168764533,441,1.0529000759124756,-163.4830528
2427,-162.61343999999997,0.3082890932259272,0.00998645168764533,976,2.405294179916382,-163.5685792
2428,-188.53882000000002,0.40696859453175843,0.00998645168764533,154,0.3853759765625,-163.94996479999998
2429,-166.72864,0.3805888957534986,0.00998645168764533,473,1.1654791831970215,-164.113598
2430,-184.13896000000003,0.28025420298799875,0.00998645168764533,145,0.3647339344024658,-164.6469084
2431,30.225920000000055,0.3243679659755866,0.00998645168764533,1080,2.6367568969726562,-160.41885119999998
2432,-188.98856000000004,0.3163313254258699,0.00998645168764533,225,0.5380961894989014,-161.05163919999998
2433,-189.56550000000001,0.4395061082165376,0.00998645168764533,203,0.48374295234680176,-161.08341479999999
2434,-164.80229999999995,0.38692450752481816,0.00998645168764533,1075,2.554041862487793,-160.82696199999998
2435,-184.88254000000003,0.37146069965700607,0.00998645168764533,134,0.32015180587768555,-161.0606668
2436,-158.84093999999996,0.4163334434718768,0.00998645168764533,699,1.6808550357818604,-160.8379824
2437,-153.95479999999992,0.4142268591471781,0.00998645168764533,809,1.9211740493774414,-160.48477359999998
2438,-189.56550000000001,0.4858962876832324,0.00998645168764533,203,0.48299694061279297,-160.3564324
2439,-174.39488000000003,0.3252481695935537,0.00998645168764533,1649,3.9344329833984375,-160.0776344
2440,-159.01481999999996,0.35145778724931936,0.00998645168764533,1135,2.6975159645080566,-159.93495679999998
2441,-166.00763999999998,0.28917569948825983,0.00998645168764533,540,1.2850701808929443,-160.04870319999998
2442,-167.83967999999987,0.3017052863845415,0.00998645168764533,1849,4.3978071212768555,-160.32457519999997
2443,-171.27272000000002,0.2975481567117152,0.00998645168764533,937,2.2293999195098877,-160.1717304
2444,-179.10288000000003,0.28713608360566406,0.00998645168764533,609,1.4656288623809814,-160.16173519999998
2445,-181.31380000000001,0.3064864974258831,0.00998645168764533,164,0.40091371536254883,-160.38244239999997
2446,-163.68769999999995,0.277952364741911,0.00998645168764533,679,1.6140589714050293,-160.38426239999998
2447,-169.30150000000006,0.3593783248681575,0.00998645168764533,590,1.4171028137207031,-160.0054988
2448,-184.88254000000003,0.3008565591272912,0.00998645168764533,134,0.31992292404174805,-160.5403716
2449,-168.10139999999998,0.205607337275809,0.00998645168764533,580,1.393528938293457,-160.51625239999998
2450,-161.7624399999999,0.279474174871516,0.00998645168764533,788,1.880506992340088,-164.01216519999997
2451,-190.55684000000002,0.20577784072747637,0.00998645168764533,253,0.6027798652648926,-164.02820359999998
2452,-163.44999999999996,0.2968195831717187,0.00998645168764533,817,1.9620542526245117,-167.78105639999998
2453,-160.92051999999995,0.3173937216489383,0.00998645168764533,749,1.8121979236602783,-167.58461519999997
2454,-167.41375999999997,0.294074069547218,0.00998645168764533,808,2.006934881210327,-167.718488
2455,-159.57314000000002,0.31237720093032856,0.00998645168764533,679,1.628756046295166,-167.42795879999997
2456,-169.90552,0.29100368117710107,0.00998645168764533,1016,2.4121549129486084,-167.0773084
2457,-155.95823999999996,0.3348307451635055,0.00998645168764533,904,2.1718461513519287,-166.7731184
2458,-160.68337999999991,0.3499360538480618,0.00998645168764533,1055,2.5192079544067383,-166.83462759999998
2459,-163.87515999999997,0.33768078045940814,0.00998645168764533,788,1.87943696975708,-166.9725172
2460,-179.60264,0.4325773148068591,0.00998645168764533,184,0.4506549835205078,-167.35213
2461,-189.7402,0.2529766767160831,0.00998645168764533,164,0.39314985275268555,-167.7719228
2462,-188.53882000000002,0.41085750727563514,0.00998645168764533,154,0.38169217109680176,-167.97904759999997
2463,-163.14061999999996,0.34627519655069394,0.00998645168764533,998,2.366602659225464,-167.9413352
2464,-163.46707999999995,0.3290709547817752,0.00998645168764533,820,2.0082828998565674,-167.859548
2465,-170.19146,0.3443131217265775,0.00998645168764533,586,1.4054319858551025,-167.9545348
2466,-180.11568,0.3824741454980044,0.00998645168764533,609,1.5408849716186523,-168.31990599999997
2467,-170.89746000000002,0.35425045078989836,0.00998645168764533,867,2.1857430934906006,-168.1286956
2468,-170.52346,0.2954727299024315,0.00998645168764533,803,1.9556810855865479,-168.19738959999998
2469,-157.72685999999993,0.29650117831075923,0.00998645168764533,798,1.982452392578125,-168.287196
2470,-175.09920000000002,0.3474095285249253,0.00998645168764533,768,1.9529500007629395,-167.98225599999998
2471,-159.78567999999993,0.32498205250297296,0.00998645168764533,1041,2.5167107582092285,-167.4071932
2472,-156.1449599999999,0.3087310524249274,0.00998645168764533,817,1.982640266418457,-167.20951439999996
2473,-174.7361,0.33649941032242203,0.00998645168764533,847,2.029149055480957,-167.2797804
2474,-187.67794,0.2652465070592251,0.00998645168764533,167,0.40088915824890137,-167.31079999999997
2475,-169.62524000000002,0.3703087119100555,0.00998645168764533,709,1.6922719478607178,-167.2701544
2476,-174.73086,0.2533416379637605,0.00998645168764533,798,2.006653070449829,-167.463138
2477,-170.72496000000004,0.21726007632157515,0.00998645168764533,561,1.37446928024292,-167.62536839999996
2478,-171.08903999999998,0.26161095361749176,0.00998645168764533,576,1.3715989589691162,-167.2763728
2479,-165.2077,0.25958630322015175,0.00998645168764533,1095,2.6513428688049316,-167.24595399999998
2480,-159.11425999999997,0.2690403856939979,0.00998645168764533,950,2.269651174545288,-166.74545999999998
2481,22.929840000000024,0.2565384079779809,0.00998645168764533,720,1.7193901538848877,-166.8913816
2482,-188.53882000000002,0.2677117202116491,0.00998645168764533,154,0.3680570125579834,-166.88238679999998
2483,-170.2594800000001,0.2772032573263927,0.00998645168764533,837,2.0132508277893066,-166.4962664
2484,-162.61664000000002,0.2900403270451627,0.00998645168764533,1016,2.407531976699829,-166.4525532
2485,-172.97344000000004,0.26520930536203025,0.00998645168764533,617,1.4669160842895508,-166.2143712
2486,-169.99228000000002,0.20783698165780992,0.00998645168764533,677,1.6493961811065674,-166.437398
2487,-161.61239999999992,0.28118470196753403,0.00998645168764533,976,2.329111099243164,-166.59055
2488,-188.53882000000002,0.2261752446315118,0.00998645168764533,154,0.39389491081237793,-166.5700164
2489,-172.96768000000003,0.26041763599183126,0.00998645168764533,617,1.5434730052947998,-166.54147239999998
2490,-165.62245999999996,0.31943245253792535,0.00998645168764533,1211,2.913400888442993,-166.67362519999998
2491,-189.75492000000003,0.24871468247958656,0.00998645168764533,165,0.4159679412841797,-167.1485708
2492,-161.22013999999996,0.2514595810398542,0.00998645168764533,899,2.150383234024048,-167.01618
2493,-176.99158000000003,0.3231726737855974,0.00998645168764533,1154,2.863560914993286,-167.1305572
2494,-184.88254000000003,0.4404330298012651,0.00998645168764533,134,0.35089588165283203,-167.2461504
2495,-188.53882000000002,0.2642942791163631,0.00998645168764533,154,0.3730149269104004,-167.3906508
2496,-172.27158,0.27178327586675105,0.00998645168764533,1075,2.573256015777588,-167.5623284
2497,-169.72418000000005,0.27450120625382735,0.00998645168764533,763,1.8248467445373535,-167.570782
2498,-163.69719999999984,0.3169138110437282,0.00998645168764533,1233,2.9286911487579346,-167.1470752
2499,-164.2773199999999,0.35563026568006983,0.00998645168764533,997,2.3727660179138184,-167.0705936
2500,-186.64178,0.5409295544469435,0.00998645168764533,114,0.2741870880126953,-167.5681804
2501,-160.2585599999999,0.3263133988856329,0.00998645168764533,808,1.927112102508545,-166.9622148
2502,22.665519999999987,0.2820682895544451,0.00998645168764533,1424,3.3756260871887207,-163.2399044
2503,-186.64178,0.2948331068425129,0.00998645168764533,114,0.2720639705657959,-163.75432959999998
2504,-161.19142,0.235406998037878,0.00998645168764533,1035,2.467391014099121,-163.6298828
2505,-157.86105999999992,0.21832513716471552,0.00998645168764533,699,1.6610801219940186,-163.5956412
2506,-185.07504,0.30228558384826304,0.00998645168764533,144,0.34284496307373047,-163.89903159999997
2507,-163.46295999999998,0.3234257292095914,0.00998645168764533,817,2.019378185272217,-164.049126
2508,-165.22857999999997,0.2731610250880423,0.00998645168764533,1095,2.700524091720581,-164.14003
2509,-167.17610000000002,0.23727970310321173,0.00998645168764533,742,1.7733192443847656,-164.2060488
2510,-195.30800000000002,0.31367761126822896,0.00998645168764533,225,0.5371248722076416,-164.520156
2511,-169.58566000000002,0.29368483989025246,0.00998645168764533,758,1.8861727714538574,-164.11706519999998
2512,13.212399999999988,0.32409988579519966,0.00998645168764533,736,1.7544240951538086,-160.0820408
2513,-188.53882000000002,0.3879083737900311,0.00998645168764533,154,0.36795711517333984,-160.59000479999997
2514,-188.53882000000002,0.3686286349895761,0.00998645168764533,154,0.3673522472381592,-161.0914396
2515,-188.53882000000002,0.286130556987913,0.00998645168764533,154,0.3669300079345703,-161.4583868
2516,-162.6956,0.3481132209240951,0.00998645168764533,729,1.762794017791748,-161.10998519999998
2517,-163.18952,0.34305890439145065,0.00998645168764533,808,1.9519476890563965,-160.95582639999998
2518,-158.91131999999993,0.29925040512552414,0.00998645168764533,748,1.779116153717041,-160.72358359999998
2519,-158.23913999999994,0.3368354432635018,0.00998645168764533,867,2.078922986984253,-160.7338292
2520,-163.77837999999997,0.30410901832884707,0.00998645168764533,1035,2.459597110748291,-160.5074128
2521,-179.60264000000004,0.46372783480910584,0.00998645168764533,184,0.43868398666381836,-160.903752
2522,-184.88254000000003,0.4183943138471735,0.00998645168764533,134,0.31856274604797363,-161.4785036
2523,-167.07552,0.381810974591585,0.00998645168764533,489,1.1543958187103271,-161.325292
2524,-158.12531999999993,0.3414034077363044,0.00998645168764533,709,1.6507740020751953,-160.7342396
2525,-170.85172000000006,0.34428692730793664,0.00998645168764533,917,2.1643409729003906,-160.7587692
2526,24.15640000000008,0.33116544603649006,0.00998645168764533,2144,5.2358691692352295,-156.781024
2527,-166.2790399999999,0.3162040424443197,0.00998645168764533,1097,2.8138089179992676,-156.6921056
2528,-179.60264000000004,0.1756506636359162,0.00998645168764533,184,0.4591789245605469,-156.8623776
2529,-164.57856,0.3193323427412487,0.00998645168764533,369,0.8928399085998535,-156.8497948
2530,-164.66631999999998,0.31473223426800795,0.00998645168764533,1224,3.012158155441284,-156.960836
2531,-166.32194000000004,0.27936488174071367,0.00998645168764533,451,1.0671281814575195,-160.7458716
2532,-172.55372,0.2523542434452749,0.00998645168764533,748,1.8258261680603027,-160.42616959999998
2533,-159.65825999999987,0.324106433363431,0.00998645168764533,883,2.065216064453125,-160.2141452
2534,-169.05996,0.2599209466280868,0.00998645168764533,885,2.0676541328430176,-160.34301159999998
2535,-7.071200000000006,0.23825456602935446,0.00998645168764533,448,1.0540659427642822,-157.0249668
2536,-167.43397999999993,0.2008499491402265,0.00998645168764533,1343,3.135449171066284,-156.9738008
2537,-160.08464,0.2164149307329873,0.00998645168764533,560,1.3110811710357666,-156.94324559999998
2538,-170.15450000000004,0.22120180017037505,0.00998645168764533,863,2.014608144760132,-156.5755592
2539,-155.26045999999994,0.2583250100220795,0.00998645168764533,675,1.585325002670288,-156.2214148
2540,-169.4301800000001,0.23779096053869253,0.00998645168764533,847,2.0703160762786865,-156.29756919999997
2541,-199.21996000000001,0.28749100898890056,0.00998645168764533,365,0.9283249378204346,-156.48686999999998
2542,-167.7532599999999,0.2700150364563778,0.00998645168764533,1311,2.9641616344451904,-156.6175324
2543,-186.64178,0.3221816170609376,0.00998645168764533,114,0.26044797897338867,-156.8105364
2544,-164.58112,0.2736917731384327,0.00998645168764533,521,1.1816229820251465,-156.404508
2545,-166.16867999999985,0.24036327052458242,0.00998645168764533,1372,3.299686908721924,-155.9571052
2546,-188.53882000000002,0.203667373641382,0.00998645168764533,154,0.3611941337585449,-156.28244999999998
2547,-199.2142,0.2948648822455578,0.00998645168764533,365,0.8864490985870361,-156.87225039999998
2548,-157.48867999999993,0.2618160888616634,0.00998645168764533,677,1.6299078464508057,-156.74808
2549,-167.61862000000002,0.26769387908119047,0.00998645168764533,1158,2.753830909729004,-156.81490599999998
2550,-187.97672000000003,0.2512769030517567,0.00998645168764533,177,0.403886079788208,-156.8416048
2551,-159.91531999999995,0.26412388572486784,0.00998645168764533,748,1.6925137042999268,-156.83473999999998
2552,-166.80122,0.3711889184284245,0.00998645168764533,1154,2.6248509883880615,-160.6240748
2553,-182.69606000000002,0.34881793230245406,0.00998645168764533,382,0.872424840927124,-160.5451604
2554,-164.71552000000003,0.2199472466615193,0.00998645168764533,425,0.9618358612060547,-160.61564239999998
2555,-181.31308,0.3643500149937165,0.00998645168764533,164,0.37329697608947754,-161.0846828
2556,-161.41143999999997,0.28195123620675233,0.00998645168764533,769,1.7608509063720703,-160.6114108
2557,-179.60264000000004,0.29354919593922957,0.00998645168764533,184,0.4381439685821533,-160.9342044
2558,-163.79581999999996,0.3521036673521338,0.00998645168764533,1214,2.7526419162750244,-160.9055492
2559,-164.46755999999996,0.3160152755593034,0.00998645168764533,1045,2.370210886001587,-160.8513784
2560,-189.75492000000003,0.26778681097608625,0.00998645168764533,165,0.3779778480529785,-160.7403168
2561,-175.22434000000004,0.34850601115547447,0.00998645168764533,575,1.3021717071533203,-160.85309039999999
2562,-158.25639999999996,0.368395291080257,0.00998645168764533,768,1.7466580867767334,-164.28246639999998
2563,-170.68312000000003,0.2529770568596762,0.00998645168764533,857,2.0036427974700928,-163.92535239999998
2564,-184.74774000000002,0.30670544179664416,0.00998645168764533,275,0.632667064666748,-163.8495308
2565,-163.70962,0.3645263169574908,0.00998645168764533,778,1.7675111293792725,-163.35294679999998
2566,-165.24529999999987,0.31567201944320683,0.00998645168764533,1283,2.937103033065796,-163.4039408
2567,-159.7181599999999,0.30774645511845566,0.00998645168764533,857,1.9436039924621582,-163.33451359999998
2568,-186.64178,0.10597802001754181,0.00998645168764533,114,0.26252198219299316,-163.88912279999997
2569,-167.70946000000006,0.32341225728389295,0.00998645168764533,563,1.2826037406921387,-164.07852919999996
2570,-195.30224,0.32929112892804874,0.00998645168764533,225,0.5085020065307617,-164.7090064
2571,19.61639999999992,0.31469699328391926,0.00998645168764533,1816,4.123775959014893,-160.7246256
2572,-159.12301999999994,0.27423630623570755,0.00998645168764533,1103,2.5108988285064697,-160.2094352
2573,-170.43050000000002,0.248526396859906,0.00998645168764533,898,2.029660224914551,-160.27653479999998
2574,-166.20184,0.2673745838830532,0.00998645168764533,649,1.4721300601959229,-160.43806519999998
2575,-188.12158000000002,0.2076863067107801,0.00998645168764533,287,0.66796875,-160.7834624
2576,-157.91495999999995,0.254857743427,0.00998645168764533,793,1.792604923248291,-164.4248896
2577,-170.63776,0.25143715995771415,0.00998645168764533,857,1.9301869869232178,-164.51206399999998
2578,-166.71688000000006,0.2765940986686,0.00998645168764533,1161,2.658395767211914,-164.2543488
2579,-153.65345999999994,0.3201988450781505,0.00998645168764533,847,1.914621114730835,-164.0358468
2580,-159.54981999999984,0.277738975705174,0.00998645168764533,966,2.2100019454956055,-163.9335168
2581,-160.29543999999999,0.22165632596685705,0.00998645168764533,768,1.7345669269561768,-163.81298679999998
2582,-158.60141999999993,0.2588336423637603,0.00998645168764533,738,1.6701219081878662,-163.53394079999998
2583,-162.25521999999995,0.2232722249717461,0.00998645168764533,903,2.063646078109741,-163.58587999999997
2584,-161.69712,0.216123650679922,0.00998645168764533,585,1.3194420337677002,-163.4386232
2585,-189.56550000000001,0.19301483546626833,0.00998645168764533,203,0.46027374267578125,-167.08850919999998
2586,-169.56992000000002,0.2979417744912161,0.00998645168764533,808,1.8391258716583252,-167.13122799999996
2587,-166.10913999999994,0.30646163067056914,0.00998645168764533,986,2.2345969676971436,-167.251718
2588,-160.46121999999997,0.318910520984614,0.00998645168764533,867,1.9863038063049316,-167.05785239999997
2589,-189.75492000000003,0.3453378516757353,0.00998645168764533,165,0.3750030994415283,-167.74774159999998
2590,-184.88110000000003,0.256943501830935,0.00998645168764533,134,0.30022573471069336,-168.05676
2591,-173.69564000000005,0.2899326233509947,0.00998645168764533,997,2.2670540809631348,-167.54627359999998
2592,-169.52788000000004,0.22002627581263826,0.00998645168764533,653,1.4827148914337158,-167.581766
2593,-188.53882000000002,0.3887545409757499,0.00998645168764533,154,0.34699010848999023,-167.6197068
2594,-172.16071999999997,0.33769718758412637,0.00998645168764533,976,2.2055437564849854,-167.7712988
2595,-159.7110399999999,0.2722033113393285,0.00998645168764533,1041,2.341871976852417,-167.642146
2596,-164.98294000000004,0.3414206616493668,0.00998645168764533,590,1.3554627895355225,-167.17102839999998
2597,-187.1808,0.39200981957320535,0.00998645168764533,144,0.3249850273132324,-166.93036039999998
2598,-185.74240000000003,0.22986163696166406,0.00998645168764533,121,0.2719871997833252,-167.4954348
2599,-165.79995999999997,0.3868535907882812,0.00998645168764533,629,1.4401237964630127,-167.45906159999998
2600,-189.22822000000002,0.3242327171965517,0.00998645168764533,187,0.4235360622406006,-167.4840916
2601,-171.64899999999997,0.38584641622726235,0.00998645168764533,956,2.2628488540649414,-167.71876519999998
2602,-166.97356,0.34086897920838183,0.00998645168764533,885,2.018472194671631,-167.722212
2603,-166.56106,0.30743509937750463,0.00998645168764533,659,1.4876761436462402,-167.399512
2604,-161.25367999999992,0.38080504034073154,0.00998645168764533,857,1.9334371089935303,-167.3302752
2605,-159.14803999999998,0.3729348321991805,0.00998645168764533,956,2.195204019546509,-166.88697439999999
2606,-158.15931999999998,0.3873919914274717,0.00998645168764533,669,1.5197670459747314,-166.82193199999998
2607,-155.69055999999995,0.3358275592636621,0.00998645168764533,993,2.2263638973236084,-166.34369039999999
2608,-160.35807999999997,0.2495559083202916,0.00998645168764533,569,1.3066809177398682,-166.2749356
2609,-172.59418000000002,0.27415544870385594,0.00998645168764533,551,1.2460002899169922,-166.437468
2610,-166.62368000000004,0.31716862681265523,0.00998645168764533,513,1.1565301418304443,-165.9748432
2611,-188.52392000000003,0.3098252314307234,0.00998645168764533,153,0.3471250534057617,-166.2408348
2612,-188.31400000000002,0.5102669899424277,0.00998645168764533,193,0.43941521644592285,-166.84198679999997
2613,-164.34634,0.4464426981666788,0.00998645168764533,659,1.52187180519104,-166.71525119999998
2614,-169.67979999999997,0.36468462345032526,0.00998645168764533,956,2.1558401584625244,-166.4138924
2615,-171.55716000000004,0.3894332863158598,0.00998645168764533,948,2.1679937839508057,-166.57084319999998
2616,-170.02772000000002,0.3242005728550074,0.00998645168764533,781,1.7727560997009277,-166.6664916
2617,-158.5106599999999,0.2705415705871992,0.00998645168764533,887,1.993438959121704,-166.6423416
2618,-186.9823,0.3724616341876672,0.00998645168764533,134,0.3027513027191162,-166.649152
2619,-165.36284,0.3236805936426702,0.00998645168764533,709,1.6122150421142578,-166.60221959999998
2620,-187.97672000000003,0.35948481736704707,0.00998645168764533,177,0.3976261615753174,-166.45570919999997
2621,-162.25608000000003,0.3274231808113274,0.00998645168764533,609,1.3812007904052734,-170.09315879999997
2622,-189.08934000000002,0.3351322450134761,0.00998645168764533,131,0.29615211486816406,-170.69248520000002
2623,-171.33060000000003,0.44499718786319964,0.00998645168764533,789,1.7822349071502686,-170.7104872
2624,-165.19471999999996,0.32130474381253576,0.00998645168764533,1049,2.3846871852874756,-170.6903448
2625,-159.4410399999999,0.3904522948209761,0.00998645168764533,825,1.8512048721313477,-170.116734
2626,-180.97328000000005,0.3311336824049552,0.00998645168764533,345,0.7816319465637207,-170.5779004
2627,-156.33633999999992,0.31998694678135575,0.00998645168764533,927,2.096482992172241,-170.291872
2628,-164.85524000000004,0.29019620238960964,0.00998645168764533,1028,2.3017332553863525,-170.25463919999999
2629,-163.33899999999997,0.3222811003657186,0.00998645168764533,1044,2.358686923980713,-170.44835
2630,-185.74240000000003,0.3846125925529348,0.00998645168764533,121,0.2724778652191162,-170.9722016
2631,-169.20060000000007,0.3032628178063517,0.00998645168764533,837,1.8771698474884033,-171.15030480000001
2632,-165.92010000000002,0.2770718638003224,0.00998645168764533,530,1.2053098678588867,-171.2966784
2633,-185.18944000000002,0.28182165983678964,0.00998645168764533,145,0.3317849636077881,-171.7553628
2634,-163.3517,0.40788706600139035,0.00998645168764533,463,1.0648040771484375,-171.7884544
2635,-163.9156,0.2736802930965295,0.00998645168764533,689,1.56062912940979,-171.2754564
2636,-182.18070000000003,0.438886507602381,0.00998645168764533,203,0.4574730396270752,-171.527672
2637,-170.14048,0.37828227533739367,0.00998645168764533,785,1.7651031017303467,-171.6082988
2638,-156.20943999999986,0.3336150853431986,0.00998645168764533,777,1.7674179077148438,-171.5232632
2639,-168.77548000000004,0.34284063922072233,0.00998645168764533,716,1.613673210144043,-171.1036744
2640,-188.53882000000002,0.3888882090361765,0.00998645168764533,154,0.34812498092651367,-171.1768288
2641,-167.23568000000006,0.25485178034177564,0.00998645168764533,745,1.672410011291504,-171.0476296
2642,-184.02576000000002,0.4365201361037584,0.00998645168764533,144,0.3274271488189697,-171.33758719999997
2643,-152.33971999999994,0.4169719154299123,0.00998645168764533,820,1.944972038269043,-170.6136052
2644,-170.01662000000002,0.30612747350247976,0.00998645168764533,778,1.7756659984588623,-170.5707232
2645,-188.53882000000002,0.34919310766332723,0.00998645168764533,154,0.35390400886535645,-171.14727879999998
2646,-163.11096000000003,0.4467486185541687,0.00998645168764533,600,1.3662621974945068,-171.10983919999998
2647,-153.32673999999986,0.3193636740694542,0.00998645168764533,1131,2.548492908477783,-170.432758
2648,-157.5357999999999,0.2988150933183758,0.00998645168764533,789,1.7824110984802246,-169.868626
2649,-161.65354000000002,0.2592917000572359,0.00998645168764533,431,0.9884700775146484,-169.7856976
2650,-168.02079999999998,0.3409643792476102,0.00998645168764533,785,1.7802941799163818,-169.3615492
2651,-162.37961999999996,0.3463767776374034,0.00998645168764533,946,2.147623062133789,-169.17616159999997
2652,-169.53608000000003,0.3345391957330204,0.00998645168764533,808,1.8513600826263428,-169.22741200000002
2653,-170.977,0.38871174626894284,0.00998645168764533,677,1.5300569534301758,-169.31573079999998
2654,-179.97728,0.29020817262026016,0.00998645168764533,601,1.3599321842193604,-169.6902028
2655,-169.27832,0.3199640340773039,0.00998645168764533,697,1.5967297554016113,-169.8928084
2656,-159.87219999999982,0.3410629837022885,0.00998645168764533,996,2.260911226272583,-169.92706599999997
2657,-186.12504,0.28523372805405717,0.00998645168764533,144,0.32778501510620117,-170.53575560000002
2658,30.868080000000106,0.2891336136775977,0.00998645168764533,1144,2.597759246826172,-166.7112324
2659,-177.06088,0.22596209678866835,0.00998645168764533,713,1.607896089553833,-166.80056639999998
2660,-162.35159999999996,0.26342437366232235,0.00998645168764533,768,1.729820966720581,-166.71512479999998
2661,28.503920000000047,0.24861151204078,0.00998645168764533,1352,3.085911750793457,-162.37456799999998
2662,-160.6609799999999,0.2408691179020287,0.00998645168764533,1075,2.432821035385132,-161.8215076
2663,-186.12696000000003,0.19640135887311772,0.00998645168764533,144,0.3307509422302246,-162.25712
2664,-186.74550000000002,0.31689376469756314,0.00998645168764533,170,0.3847837448120117,-162.598434
2665,-188.53882000000002,0.16327265627053264,0.00998645168764533,154,0.3624858856201172,-162.93806719999998
2666,-189.7402,0.4049902524963794,0.00998645168764533,164,0.37625598907470703,-163.3323168
2667,-168.53464000000002,0.3299674640883625,0.00998645168764533,560,1.26261305809021,-163.5327964
2668,-190.99134000000004,0.2932221647512553,0.00998645168764533,174,0.3930957317352295,-163.6129772
2669,-179.13962000000004,0.25072199764156644,0.00998645168764533,511,1.151548147201538,-163.8885128
2670,-185.07664000000003,0.3858960355821363,0.00998645168764533,241,0.5479018688201904,-163.8305112
2671,-181.50726000000003,0.3634916206034992,0.00998645168764533,174,0.3962428569793701,-164.2155348
2672,-172.40338000000003,0.32245172055005694,0.00998645168764533,491,1.1282408237457275,-163.8818156
2673,-164.64437999999993,0.3447430962496387,0.00998645168764533,1023,2.306532859802246,-163.7480912
2674,-188.00946,0.43249343082695546,0.00998645168764533,183,0.41380882263183594,-164.20438599999997
2675,-166.86764,0.4003154111265297,0.00998645168764533,781,1.7515990734100342,-164.352918
2676,-168.64686000000003,0.42682673215385697,0.00998645168764533,411,0.9494280815124512,-164.1063896
2677,-166.64351999999997,0.34556942558325926,0.00998645168764533,768,1.7344858646392822,-164.3125332
2678,-159.18831999999995,0.3214911119393946,0.00998645168764533,768,1.7386398315429688,-164.19919480000001
2679,-170.61608,0.5040211140911215,0.00998645168764533,808,1.8386383056640625,-164.3447364
2680,-168.27030000000002,0.36930838477492034,0.00998645168764533,798,1.7964069843292236,-163.99529439999998
2681,-180.45870000000002,0.545740724493075,0.00998645168764533,174,0.39414000511169434,-164.2204564
2682,-165.1587399999999,0.3761336912264937,0.00998645168764533,1095,2.4713120460510254,-164.2052292
2683,-184.02576000000002,0.3930816474603489,0.00998645168764533,144,0.33118581771850586,-164.1819556
2684,-158.46323999999993,0.4437902016252497,0.00998645168764533,685,1.5538368225097656,-164.0841864
2685,-188.23968000000002,0.5030657424940728,0.00998645168764533,144,0.32462525367736816,-164.570668
2686,-164.59072000000003,0.40851545304188686,0.00998645168764533,521,1.1723699569702148,-164.2188684
2687,-168.82509999999996,0.3409117075151805,0.00998645168764533,1314,3.045508861541748,-164.1925608
2688,-185.19016000000002,0.5625406432704165,0.00998645168764533,145,0.33127927780151367,-164.7721752
2689,-185.36914000000002,0.44905541525464265,0.00998645168764533,154,0.36097097396850586,-165.10404839999998
2690,-159.99189999999993,0.3651993027047947,0.00998645168764533,798,1.8257882595062256,-164.53310999999997
2691,-178.38668,0.3842255745474575,0.00998645168764533,973,2.216369867324829,-164.75612999999998
2692,-174.67796,0.3787753057951247,0.00998645168764533,748,1.6844401359558105,-164.56917399999998
2693,-161.4052199999999,0.2827655722257158,0.00998645168764533,867,1.9539129734039307,-164.750484
2694,-177.01672000000002,0.36908917149745063,0.00998645168764533,560,1.284452199935913,-164.89048599999998
2695,-180.45870000000002,0.23888388129978858,0.00998645168764533,174,0.3956942558288574,-164.72888359999996
2696,-190.99134000000004,0.4725013695598377,0.00998645168764533,174,0.3944683074951172,-165.28649119999997
2697,-165.80096000000003,0.3408699276667697,0.00998645168764533,777,1.7459940910339355,-165.53597559999997
2698,-171.02204,0.2939004841591938,0.00998645168764533,877,1.9907948970794678,-165.80570039999998
2699,-159.18313999999995,0.3731465712736427,0.00998645168764533,758,1.7600939273834229,-165.75629239999998
2700,-173.01104000000004,0.3509257887699432,0.00998645168764533,1001,2.2763290405273438,-165.8560972
2701,-169.20012000000003,0.37222182327322884,0.00998645168764533,837,1.946606159210205,-165.9925072
2702,-165.36120000000005,0.43134118970788893,0.00998645168764533,305,0.688107967376709,-165.9090096
2703,-168.24434000000002,0.3469994011707855,0.00998645168764533,742,1.6782069206237793,-165.8543564
2704,-155.06311999999986,0.3355862470401269,0.00998645168764533,809,1.8615498542785645,-165.3560732
2705,-186.64178,0.3229368457105011,0.00998645168764533,114,0.30639123916625977,-165.7033424
2706,-157.91096,0.305744132363734,0.00998645168764533,1448,3.481520891189575,-165.6641176
2707,-179.60264000000004,0.2102935882234622,0.00998645168764533,184,0.42057299613952637,-165.5336696
2708,-157.6380399999999,0.3111175635806386,0.00998645168764533,924,2.1072230339050293,-169.303792
2709,-166.33876000000004,0.3377180226909166,0.00998645168764533,605,1.3650832176208496,-169.0893496
2710,-186.64178,0.5693248827418868,0.00998645168764533,114,0.2589399814605713,-169.5751532
2711,-184.88254000000003,0.2807820046654166,0.00998645168764533,134,0.30499887466430664,-173.84288239999998
2712,-178.1664,0.27774432566729956,0.00998645168764533,768,1.751828908920288,-174.19299080000002
2713,-162.09421999999995,0.2962742688888423,0.00998645168764533,1214,2.7251458168029785,-173.712336
2714,-158.57943999999995,0.2804629014581324,0.00998645168764533,633,1.4412550926208496,-173.1490148
2715,-161.01803999999993,0.28106402840797856,0.00998645168764533,997,2.2640368938446045,-172.5985992
2716,-169.33174000000005,0.30849905621991314,0.00998645168764533,395,0.8905191421508789,-172.19043
2717,-170.38122000000004,0.34311628629383023,0.00998645168764533,846,1.8982419967651367,-172.2273616
2718,-163.72874,0.3280531628885813,0.00998645168764533,679,1.5538890361785889,-171.6821096
2719,-169.46424000000005,0.3165801270776539,0.00998645168764533,801,1.8076071739196777,-171.488602
2720,-199.22572000000002,0.2802414539716627,0.00998645168764533,365,0.8188517093658447,-171.7715836
2721,-161.48075999999998,0.3199070928161475,0.00998645168764533,1372,3.114300012588501,-171.37105359999998
2722,-175.38650000000004,0.2749755663723776,0.00998645168764533,583,1.319756031036377,-171.430716
2723,-165.98662000000002,0.38755161701783036,0.00998645168764533,686,1.5516159534454346,-171.45756079999998
2724,-166.39711999999997,0.36505091387199756,0.00998645168764533,457,1.0612618923187256,-171.025314
2725,-186.74550000000002,0.2449874531614649,0.00998645168764533,170,0.3869631290435791,-171.4228712
2726,-168.65112000000002,0.3115851523883369,0.00998645168764533,768,1.7326698303222656,-171.4229564
2727,-177.87720000000004,0.2734408309636638,0.00998645168764533,600,1.4217028617858887,-171.64763
2728,-156.1005999999999,0.3655102410268801,0.00998645168764533,669,1.5409390926361084,-171.5858756
2729,-185.10390000000004,0.3473422267690468,0.00998645168764533,491,1.1369760036468506,-171.875632
2730,-189.87304000000003,0.22409776822247537,0.00998645168764533,217,0.5125470161437988,-172.3076868
2731,-163.12560000000002,0.34398982502976244,0.00998645168764533,1225,2.8014307022094727,-171.96102480000002
2732,-186.77630000000002,0.23231262190376029,0.00998645168764533,223,0.5233232975006104,-172.393376
2733,-160.67885999999996,0.29767094403858674,0.00998645168764533,738,1.6653099060058594,-171.92643800000002
2734,-161.14837999999995,0.3027591960883035,0.00998645168764533,859,1.9575066566467285,-171.98014080000002
2735,-150.6971999999999,0.3158121319617553,0.00998645168764533,961,2.18612003326416,-171.2292912
2736,-186.12624,0.3924096773229798,0.00998645168764533,144,0.3233339786529541,-171.6600016
2737,-172.01406,0.3732302533263384,0.00998645168764533,1075,2.4332189559936523,-171.7237808
2738,29.561360000000125,0.3423960899623732,0.00998645168764533,1080,2.449699878692627,-167.42875039999998
2739,-189.75492000000003,0.36443763024484116,0.00998645168764533,165,0.37237024307250977,-167.516466
2740,-175.07158000000004,0.3587287848782644,0.00998645168764533,570,1.3015470504760742,-167.81805959999997
2741,-154.86501999999993,0.3006437455312774,0.00998645168764533,846,1.9619100093841553,-167.3476264
2742,-158.00479999999993,0.29834742258916064,0.00998645168764533,808,1.8614871501922607,-167.0141632
2743,-156.03975999999994,0.3265496306396617,0.00998645168764533,609,1.3762712478637695,-166.90685399999998
2744,-158.41197999999997,0.25892461910779396,0.00998645168764533,867,1.960150957107544,-166.5347592
2745,-159.6451799999999,0.25172182130259135,0.00998645168764533,1075,2.462552070617676,-166.11848879999997
2746,-164.26328,0.2642675817269563,0.00998645168764533,457,1.0493223667144775,-165.58392759999998
2747,-189.0183,0.2855145826090603,0.00998645168764533,227,0.5129489898681641,-166.04827439999997
2748,-157.47691999999992,0.24681595423516492,0.00998645168764533,788,1.7884571552276611,-165.77737199999999
2749,-162.67859999999988,0.28753575036024137,0.00998645168764533,1333,3.013545036315918,-165.8472812
2750,-188.53882000000002,0.4302062077883196,0.00998645168764533,154,0.3491392135620117,-166.15783679999996
2751,-166.30821999999995,0.33936102526215756,0.00998645168764533,1158,2.6341099739074707,-166.09999879999998
2752,-152.57143999999997,0.28865461519277885,0.00998645168764533,649,1.4664511680603027,-165.84420360000001
2753,-170.88786,0.247832416140527,0.00998645168764533,867,1.9427211284637451,-165.897074
2754,-176.16938000000005,0.335999053550857,0.00998645168764533,619,1.4311537742614746,-166.3191992
2755,-170.81464000000003,0.29254503980927293,0.00998645168764533,905,2.1070728302001953,-166.00265639999998
2756,-159.18847999999994,0.3151458268847654,0.00998645168764533,1016,2.3658969402313232,-166.02820679999996
2757,-163.73433999999997,0.2672391601626341,0.00998645168764533,1275,2.997799873352051,-165.71084079999997
2758,-177.12136000000004,0.39067489506242375,0.00998645168764533,313,0.7360820770263672,-166.10050719999998
2759,-168.48596000000012,0.28148867236504904,0.00998645168764533,853,2.002033233642578,-166.1434512
2760,-161.58643999999998,0.3019911120862475,0.00998645168764533,580,1.3494880199432373,-165.6423444
2761,-169.06892,0.2511925294592574,0.00998645168764533,629,1.4786250591278076,-165.32607199999998
2762,-188.53882000000002,0.26483520042671305,0.00998645168764533,154,0.3579239845275879,-165.5335204
2763,-166.62691999999998,0.38053563304706167,0.00998645168764533,469,1.0979740619659424,-165.6241744
2764,-164.72525999999993,0.31245627635106243,0.00998645168764533,1174,2.7798681259155273,-165.7470908
2765,-189.56550000000001,0.2697102296615726,0.00998645168764533,203,0.47247886657714844,-166.31804
2766,-167.64324000000005,0.28228129068417335,0.00998645168764533,469,1.0926530361175537,-166.28427
2767,-164.60837999999995,0.3346960993699175,0.00998645168764533,1210,2.8248438835144043,-166.16881320000002
2768,-161.87759999999997,0.29852359441375903,0.00998645168764533,984,2.291728973388672,-166.1317904
2769,-173.91276000000002,0.34889444889229865,0.00998645168764533,612,1.4316387176513672,-166.2207608
2770,-162.52911999999998,0.32656677949334784,0.00998645168764533,1017,2.358908176422119,-165.4868288
2771,-171.93864000000002,0.33578182327983086,0.00998645168764533,768,1.7799890041351318,-165.6959864
2772,-168.08476000000002,0.32563869441050497,0.00998645168764533,837,1.9493179321289062,-165.54995159999999
2773,-178.07586,0.27087293433094645,0.00998645168764533,1158,2.692079782485962,-165.79173639999996
2774,-157.1357399999999,0.28268550639688805,0.00998645168764533,1006,2.3646068572998047,-165.60650879999997
2775,-172.14768000000004,0.2614211912825917,0.00998645168764533,873,2.0197489261627197,-165.3145524
2776,-170.65956,0.22842371691986624,0.00998645168764533,756,1.7613592147827148,-165.35472119999997
2777,-152.15295999999992,0.21915113207767878,0.00998645168764533,729,1.7086169719696045,-164.84023639999998
2778,-188.53882000000002,0.24456682145087558,0.00998645168764533,154,0.3572092056274414,-165.48900079999999
2779,-171.47138,0.2723567822596127,0.00998645168764533,598,1.3807590007781982,-165.21635039999998
2780,-185.85320000000002,0.2692345410564357,0.00998645168764533,177,0.41016292572021484,-165.1359536
2781,-180.37298,0.29467199626190643,0.00998645168764533,619,1.4471099376678467,-165.48090119999998
2782,-185.73692,0.24992378716236882,0.00998645168764533,124,0.2911670207977295,-165.46011359999997
2783,-167.26342,0.2957755739385119,0.00998645168764533,650,1.519223928451538,-165.59180479999998
2784,-158.68011999999993,0.2849482387873973,0.00998645168764533,788,1.8271620273590088,-165.5424396
2785,-164.14103999999992,0.3076526424031813,0.00998645168764533,1273,2.9548659324645996,-165.8113164
2786,-155.81011999999996,0.3379838005485675,0.00998645168764533,605,1.3992292881011963,-165.20499399999997
2787,-164.94018,0.33117070928552406,0.00998645168764533,1135,2.63299298286438,-165.06351639999997
2788,-179.02638000000005,0.22359705781059458,0.00998645168764533,203,0.4735879898071289,-169.2352712
2789,-158.67863999999994,0.34686664472311224,0.00998645168764533,937,2.1639111042022705,-168.61374560000002
2790,-157.4132199999999,0.2758918324704486,0.00998645168764533,778,1.8035659790039062,-168.26057839999999
2791,-171.57290000000003,0.32854568008374746,0.00998645168764533,451,1.0459768772125244,-168.59473599999998
2792,-176.23610000000005,0.3464890953278475,0.00998645168764533,670,1.5504400730133057,-168.959362
2793,-161.32237999999995,0.31682862937135875,0.00998645168764533,1214,2.8294379711151123,-169.0650144
2794,-189.66312000000002,0.255476748135941,0.00998645168764533,257,0.6036598682403564,-169.6900372
2795,-169.62073999999996,0.28394102530342624,0.00998645168764533,1331,3.072019100189209,-169.8895484
2796,21.230480000000245,0.2763432310569937,0.00998645168764533,1896,4.38577675819397,-166.1796732
2797,-186.99462000000003,0.11566876236150284,0.00998645168764533,131,0.30318379402160645,-166.13919959999998
2798,-176.30108,0.23270424003039084,0.00998645168764533,781,1.8261709213256836,-166.5156828
2799,-154.39983999999993,0.29209839682204636,0.00998645168764533,873,2.068002223968506,-166.35010759999997
2800,-163.98294000000004,0.3225847908924742,0.00998645168764533,342,0.7953829765319824,-165.85898999999998
2801,-171.58462,0.23259161870297512,0.00998645168764533,755,1.8059132099151611,-165.964518
2802,-163.23198000000002,0.2322461581363386,0.00998645168764533,755,1.7581508159637451,-166.1777288
2803,-164.58880000000002,0.2488527413977814,0.00998645168764533,521,1.2153971195220947,-166.05174759999997
2804,-175.50910000000005,0.2654406080874851,0.00998645168764533,590,1.3698999881744385,-166.03854199999998
2805,-187.97672000000003,0.2674568245624124,0.00998645168764533,177,0.41289496421813965,-166.38178359999998
2806,-174.38870000000003,0.2173119158783959,0.00998645168764533,590,1.3839337825775146,-166.685788
2807,-163.38130000000004,0.3131205837406925,0.00998645168764533,611,1.4172239303588867,-166.6787272
2808,-189.19848000000002,0.32466847654683767,0.00998645168764533,185,0.4310150146484375,-166.92026959999998
2809,-178.55438,0.29934823428798757,0.00998645168764533,586,1.358048915863037,-167.121638
2810,-171.29152000000002,0.3384251307413825,0.00998645168764533,937,2.1941959857940674,-167.31573959999997
2811,-156.39937999999992,0.2792974264381689,0.00998645168764533,719,1.6648139953613281,-167.0623488
2812,-179.60264000000004,0.25961308179261244,0.00998645168764533,184,0.4280359745025635,-166.88362519999998
2813,-188.53316,0.28145659437913234,0.00998645168764533,157,0.3661539554595947,-167.32174999999998
2814,-170.50366000000002,0.2625707187223246,0.00998645168764533,499,1.1613810062408447,-167.43731799999998
2815,-188.23968000000002,0.3939376376478726,0.00998645168764533,144,0.34973692893981934,-167.41080159999999
2816,-164.08591999999993,0.4103094303894643,0.00998645168764533,1313,3.0298519134521484,-167.33965519999998
2817,-177.4325,0.4381836739249407,0.00998645168764533,679,1.5720441341400146,-167.5961376
2818,-189.7402,0.4042252744548023,0.00998645168764533,164,0.3917558193206787,-168.1533896
2819,-195.30800000000002,0.40020767212948866,0.00998645168764533,225,0.5277049541473389,-168.58129440000002
2820,-186.93814000000003,0.4759883970335012,0.00998645168764533,131,0.3052942752838135,-169.0694748
2821,-165.47948,0.43198555480427064,0.00998645168764533,612,1.4162743091583252,-168.9402916
2822,-165.52065999999996,0.42696133771193706,0.00998645168764533,867,2.0419487953186035,-168.88900959999998
2823,-161.11855999999992,0.4997871256533406,0.00998645168764533,857,2.005376100540161,-168.54986359999998
2824,-158.9786599999999,0.46284845762097887,0.00998645168764533,794,1.8432528972625732,-168.58672199999998
2825,-166.20192000000003,0.38182939020571305,0.00998645168764533,593,1.3734409809112549,-168.4678068
2826,-186.74550000000002,0.4068757137448034,0.00998645168764533,170,0.4161860942840576,-168.7895256
2827,-163.94805999999997,0.2972197084870392,0.00998645168764533,846,1.9718501567840576,-169.0254276
2828,-163.64713999999995,0.33225336175107445,0.00998645168764533,679,1.5753200054168701,-168.527594
2829,-171.83822,0.36553863825917127,0.00998645168764533,1006,2.343528985977173,-168.5349308
2830,-160.66541999999995,0.38736485545510846,0.00998645168764533,738,1.7042222023010254,-168.0311752
2831,-185.68382000000003,0.35135932911833806,0.00998645168764533,219,0.507209062576294,-168.137392
2832,-175.31774000000004,0.31049247909488437,0.00998645168764533,382,0.8904569149017334,-167.9290084
2833,-168.59944,0.3412617253488861,0.00998645168764533,560,1.2988131046295166,-167.9557288
2834,-184.02576000000002,0.28463727271365413,0.00998645168764533,144,0.3453969955444336,-168.46264159999998
2835,-164.14193999999998,0.38677175867655056,0.00998645168764533,699,1.632091999053955,-168.4626596
2836,-179.96424000000005,0.40584055582527073,0.00998645168764533,600,1.3947489261627197,-168.945742
2837,-187.97672000000003,0.3966448122325043,0.00998645168764533,177,0.42666006088256836,-169.40647280000002
2838,-163.14153999999994,0.3766960404579065,0.00998645168764533,1002,2.3391380310058594,-169.088776
2839,-160.78872,0.40855154029526014,0.00998645168764533,489,1.1411712169647217,-169.1309776
2840,-186.64178,0.5733820107651123,0.00998645168764533,114,0.2657499313354492,-169.7155488
2841,-182.21866000000003,0.4507380370655424,0.00998645168764533,154,0.3576340675354004,-169.928464
2842,-193.7661,0.39522451276115594,0.00998645168764533,203,0.47050023078918457,-170.279064
2843,-164.57536,0.46875414847988,0.00998645168764533,521,1.207425832748413,-170.3441236
2844,-162.87168,0.4429369925815985,0.00998645168764533,689,1.6257188320159912,-169.8082948
2845,-174.18032000000002,0.4237440668962975,0.00998645168764533,377,0.8758721351623535,-169.8994864
2846,-158.71899999999994,0.42940948292025527,0.00998645168764533,837,1.9345510005950928,-173.498476
2847,-162.08848,0.39527564382735003,0.00998645168764533,897,2.1736021041870117,-173.00035319999998
2848,-170.88458,0.4094975120977647,0.00998645168764533,766,1.7855908870697021,-172.8920232
2849,-175.43430000000004,0.40103017212141245,0.00998645168764533,683,1.585279941558838,-173.3127124
2850,-168.20988000000003,0.38831503303060444,0.00998645168764533,741,1.750932216644287,-173.3972512
2851,-170.48060000000004,0.43395534150406995,0.00998645168764533,748,1.7369186878204346,-173.3751708
2852,-188.23968000000002,0.32805556127439356,0.00998645168764533,144,0.3366999626159668,-173.87532480000002
2853,-167.72416000000004,0.38652252105452606,0.00998645168764533,569,1.326296091079712,-173.938032
2854,-157.70095999999995,0.41406768622520246,0.00998645168764533,689,1.618070125579834,-173.5818692
2855,-164.64401999999998,0.4382456935512797,0.00998645168764533,770,1.7913200855255127,-173.1152152
2856,-194.97072000000003,0.29432847063418066,0.00998645168764533,209,0.4873080253601074,-173.5268556
2857,-188.53306,0.5909267231616397,0.00998645168764533,154,0.35889315605163574,-174.0298908
2858,-161.11351999999994,0.36567205259267355,0.00998645168764533,1145,2.6697239875793457,-173.46819159999998
2859,-165.41792000000004,0.42111882224364755,0.00998645168764533,409,0.9562239646911621,-173.2054624
2860,-169.42874000000003,0.3204788029046141,0.00998645168764533,643,1.4971089363098145,-173.1682068
2861,29.501360000000084,0.2928130829963705,0.00998645168764533,1392,3.2446508407592773,-169.450192
2862,-164.23300000000003,0.3545507261285208,0.00998645168764533,404,0.9364469051361084,-169.1427992
2863,-158.19373999999993,0.32860757692134634,0.00998645168764533,758,1.7643530368804932,-168.5360108
2864,-179.94848000000002,0.3462046215879404,0.00998645168764533,601,1.4106481075286865,-168.7249072
2865,-159.18241999999995,0.2978847071461079,0.00998645168764533,719,1.6660399436950684,-168.14376199999998
2866,-156.81558,0.3214907155711255,0.00998645168764533,651,1.5166599750518799,-167.9983552
2867,-168.16736000000003,0.28013703720193195,0.00998645168764533,537,1.249634027481079,-167.8130524
2868,-177.60118000000003,0.3904280954956124,0.00998645168764533,590,1.3976948261260986,-167.57027200000002
2869,-179.10864000000004,0.352927732068819,0.00998645168764533,609,1.4285943508148193,-167.24628479999998
2870,-186.64178,0.3511291278297441,0.00998645168764533,114,0.26772499084472656,-167.24035759999998
2871,-187.48186,0.41055295712241974,0.00998645168764533,154,0.35868120193481445,-167.6804052
2872,-166.74624000000003,0.3181315523307706,0.00998645168764533,521,1.2185328006744385,-167.70491679999998
2873,-170.66824000000003,0.41032991491716325,0.00998645168764533,809,1.8944907188415527,-167.8959104
2874,-159.14935999999997,0.26839621747705905,0.00998645168764533,857,1.9901058673858643,-167.8993244
2875,-172.31307999999999,0.3060979355714014,0.00998645168764533,788,1.8327429294586182,-168.02154760000002
2876,-164.56500000000005,0.3043022095991413,0.00998645168764533,669,1.5623352527618408,-167.5779376
2877,-161.81409999999994,0.3092525780697499,0.00998645168764533,1131,2.6123199462890625,-167.53525839999998
2878,-188.53882000000002,0.22870898718473973,0.00998645168764533,154,0.35793614387512207,-168.033092
2879,-166.93517999999992,0.33321106616209634,0.00998645168764533,1270,2.9597530364990234,-167.93503120000003
2880,-188.53882000000002,0.6092915525418017,0.00998645168764533,154,0.357511043548584,-168.49249920000003
2881,-163.83545999999996,0.412224983168376,0.00998645168764533,1075,2.5031511783599854,-168.05553199999997
2882,-161.93583999999998,0.3340827059329571,0.00998645168764533,793,1.8469548225402832,-167.78789400000002
2883,28.07272000000005,0.32756765357727824,0.00998645168764533,1328,3.088135004043579,-163.85445080000002
2884,-177.78064000000003,0.24754985986962683,0.00998645168764533,193,0.463878870010376,-163.7295484
2885,12.885679999999994,0.32756908964934567,0.00998645168764533,704,1.633760929107666,-160.188996
2886,-186.64178,0.32296303513443525,0.00998645168764533,114,0.2675468921661377,-160.3225468
2887,-159.29031999999998,0.28261454542310577,0.00998645168764533,768,1.843278169631958,-159.74881879999998
2888,-169.01426000000006,0.2801573057117185,0.00998645168764533,679,1.607924222946167,-159.8662732
2889,-171.26890000000003,0.2503836817179493,0.00998645168764533,887,2.1018288135528564,-160.0758768
2890,-170.59496000000001,0.21980670180648915,0.00998645168764533,808,1.8763279914855957,-159.7549404
2891,-167.85499999999996,0.2538255463806237,0.00998645168764533,781,1.8244788646697998,-159.4676672
2892,-160.45528000000002,0.22777288540878804,0.00998645168764533,473,1.103863000869751,-158.8014508
2893,-185.74240000000003,0.22856643381490072,0.00998645168764533,121,0.2875499725341797,-159.2247916
2894,-162.04550000000003,0.2893054496442997,0.00998645168764533,950,2.2042181491851807,-159.208268
2895,-159.4682,0.2945277907757116,0.00998645168764533,877,2.0539917945861816,-158.9140256
2896,-159.90367999999995,0.28916812307905915,0.00998645168764533,649,1.506216049194336,-158.9377192
2897,-179.1048,0.3072165238161759,0.00998645168764533,609,1.4098279476165771,-159.2780456
2898,35.21208000000027,0.2914537029842628,0.00998645168764533,1264,2.949491262435913,-155.1561124
2899,-174.17032,0.30796099528900267,0.00998645168764533,729,1.6997339725494385,-155.13083279999998
2900,-186.83548000000002,0.22391808948915212,0.00998645168764533,124,0.2893249988555908,-155.5033448
2901,-159.84961999999996,0.27276073208418194,0.00998645168764533,642,1.5380468368530273,-155.2907252
2902,-183.97698,0.34635763069537956,0.00998645168764533,291,0.6825261116027832,-155.2054712
2903,-163.87524000000002,0.28903481045019064,0.00998645168764533,837,1.9515900611877441,-155.12849279999998
2904,-162.70903999999993,0.3672946925722559,0.00998645168764533,976,2.2896788120269775,-155.22865439999998
2905,-159.4240799999999,0.31284384176871727,0.00998645168764533,976,2.2640161514282227,-155.1242556
2906,-167.68968000000004,0.26453826761705085,0.00998645168764533,768,1.7820160388946533,-154.5786348
2907,-181.70384,0.36377925078040396,0.00998645168764533,184,0.4411587715148926,-154.4420504
2908,-157.41737999999998,0.27981203090054096,0.00998645168764533,879,2.047646999359131,-154.36812759999998
2909,-153.4331399999999,0.3024571281828204,0.00998645168764533,787,1.854895830154419,-154.128432
2910,-155.46291999999994,0.3715124914189801,0.00998645168764533,540,1.2620110511779785,-153.84911559999998
2911,-167.94187999999997,0.27646232357191425,0.00998645168764533,781,1.8195850849151611,-157.7979804
2912,-154.26099999999985,0.28883776921116644,0.00998645168764533,1125,2.6053528785705566,-157.5985404
2913,-187.67794,0.2675750603687442,0.00998645168764533,167,0.39012598991394043,-158.18822439999997
2914,-165.94050000000001,0.2711239982455662,0.00998645168764533,534,1.2604351043701172,-157.9080648
2915,-180.45870000000002,0.15097162525447877,0.00998645168764533,174,0.406893253326416,-158.3335904
2916,-177.55834000000002,0.2875504997455051,0.00998645168764533,287,0.669975996017456,-158.7484456
2917,-166.50740000000002,0.3320176722291936,0.00998645168764533,613,1.4219329357147217,-158.71524639999998
2918,-161.2472799999999,0.33964312807984753,0.00998645168764533,1065,2.4925482273101807,-158.38816839999998
2919,-173.58878000000004,0.3411164838452998,0.00998645168764533,694,1.6120102405548096,-158.2777712
2920,-198.59092,0.41058577130357904,0.00998645168764533,332,0.7707080841064453,-158.516754
2921,-167.68505999999994,0.3505276674081471,0.00998645168764533,1210,2.8288612365722656,-158.12081799999999
2922,-173.2367,0.3600748398749978,0.00998645168764533,679,1.5927979946136475,-158.25062719999997
2923,-188.31400000000002,0.44566998400585484,0.00998645168764533,193,0.44997501373291016,-158.60354239999998
2924,-171.85092,0.29914003141762885,0.00998645168764533,716,1.662099838256836,-158.85757359999997
2925,-168.14748000000006,0.3454260732644775,0.00998645168764533,837,2.027925729751587,-158.7742616
2926,-161.65418000000003,0.35519458746785526,0.00998645168764533,631,1.486036777496338,-158.7160452
2927,-190.99134000000004,0.40038937158165394,0.00998645168764533,174,0.40787506103515625,-159.29959
2928,-152.98955999999993,0.3585341573982477,0.00998645168764533,820,1.941359043121338,-158.58860479999998
2929,-179.89508000000004,0.35409868515263165,0.00998645168764533,397,0.9404871463775635,-158.84780279999998
2930,-151.87301999999994,0.41570086629449654,0.00998645168764533,670,1.5806829929351807,-158.11448679999998
2931,-172.76084000000003,0.2755573018176852,0.00998645168764533,709,1.6611590385437012,-158.2929944
2932,-183.41428,0.46061128462812434,0.00998645168764533,164,0.386638879776001,-158.7225632
2933,-167.3936,0.41932564607849065,0.00998645168764533,505,1.1917390823364258,-162.6318896
2934,-189.7402,0.3096598337870091,0.00998645168764533,164,0.3897831439971924,-162.8710808
2935,-184.88254000000003,0.28105992350532716,0.00998645168764533,134,0.31572985649108887,-166.82644519999997
2936,-167.29132,0.39704487222708207,0.00998645168764533,1197,2.7839748859405518,-166.439436
2937,14.056559999999994,0.35629305437589526,0.00998645168764533,648,1.5254137516021729,-162.97249839999998
2938,-166.53628000000006,0.3486330439518418,0.00998645168764533,461,1.0768330097198486,-162.9229388
2939,-163.71504,0.35403786249281394,0.00998645168764533,777,1.8130290508270264,-162.7718616
2940,-195.3465,0.35056301841544574,0.00998645168764533,231,0.5417799949645996,-163.2668924
2941,-166.41049999999998,0.35433796091039865,0.00998645168764533,1451,3.407912015914917,-163.2380024
2942,-157.28423999999993,0.3533537839164753,0.00998645168764533,721,1.6811120510101318,-163.17458159999998
2943,-165.80726000000004,0.29427759970083484,0.00998645168764533,430,1.0216419696807861,-162.7758788
2944,-156.59195999999994,0.320660852617617,0.00998645168764533,709,1.6579997539520264,-162.66680799999997
2945,-168.07870000000003,0.30433430344188955,0.00998645168764533,638,1.4898180961608887,-162.83901799999998
2946,-168.37526000000003,0.34411328364299926,0.00998645168764533,451,1.0567681789398193,-163.00844959999998
2947,-184.88254000000003,0.3755305634825421,0.00998645168764533,134,0.3127176761627197,-163.1240044
2948,-188.23968000000002,0.26402569401478915,0.00998645168764533,144,0.34722399711608887,-167.59303959999997
2949,-169.00332000000003,0.30184504061832396,0.00998645168764533,781,1.8356659412384033,-167.4896996
2950,-190.99134000000004,0.25803472067968086,0.00998645168764533,174,0.40764498710632324,-167.5728168
2951,-162.6531599999999,0.3681975808078543,0.00998645168764533,1165,2.74161696434021,-167.62888759999998
2952,-184.42862000000002,0.41057174382509576,0.00998645168764533,210,0.5015349388122559,-167.6379204
2953,-168.19260000000003,0.32080191276639836,0.00998645168764533,540,1.2656607627868652,-167.7242676
2954,-165.13171999999992,0.3840307032865009,0.00998645168764533,748,1.7474150657653809,-167.77272119999998
2955,24.636800000000015,0.315875487152165,0.00998645168764533,1608,3.790369749069214,-164.0915036
2956,-162.50035999999994,0.31546974721243876,0.00998645168764533,956,2.2391738891601562,-163.98771720000002
2957,-167.6172,0.3330154299710557,0.00998645168764533,768,1.8076400756835938,-163.7059844
2958,-161.8144799999999,0.23530940263227249,0.00998645168764533,889,2.081303119659424,-163.79392639999998
2959,-175.27032,0.33232130726801923,0.00998645168764533,729,1.7105991840362549,-164.23067
2960,-189.87304000000003,0.22485205297002114,0.00998645168764533,217,0.5233199596405029,-164.9188724
2961,-162.30405999999994,0.29127642069018095,0.00998645168764533,906,2.1216180324554443,-164.806116
2962,-171.89064000000002,0.28143189325480006,0.00998645168764533,768,1.795079231262207,-165.1587088
2963,-158.70625999999996,0.23373919172022475,0.00998645168764533,647,1.5412371158599854,-164.5792752
2964,-173.51826,0.2472977960639476,0.00998645168764533,847,2.000142812728882,-164.7308304
2965,-187.63944000000004,0.23735612697367156,0.00998645168764533,161,0.37745189666748047,-164.8744452
2966,-168.73752000000002,0.213305938703949,0.00998645168764533,768,1.8009741306304932,-164.6980288
2967,-189.56550000000001,0.2990976547767303,0.00998645168764533,203,0.5262300968170166,-165.1591908
2968,-188.23968000000002,0.39047178019730683,0.00998645168764533,144,0.3561239242553711,-165.6990388
2969,-178.90856000000002,0.2521396557157542,0.00998645168764533,352,0.8289809226989746,-165.80543440000002
2970,30.29607999999999,0.3090118861274438,0.00998645168764533,1088,2.5592119693756104,-161.2276944
2971,-159.06536000000003,0.28234449483276725,0.00998645168764533,808,1.9188799858093262,-161.0553004
2972,-164.42426,0.312873102764207,0.00998645168764533,411,0.9611289501190186,-160.8790516
2973,-163.66100000000003,0.26747469741085006,0.00998645168764533,372,0.8861179351806641,-160.3859916
2974,-188.23968000000002,0.3490452514152922,0.00998645168764533,144,0.3400139808654785,-160.7137668
2975,-162.46859999999995,0.3142286324175075,0.00998645168764533,820,1.9264090061187744,-160.60018920000002
2976,-164.68565999999998,0.35761597841536624,0.00998645168764533,827,1.9580621719360352,-160.6608188
2977,-158.52587999999994,0.3458126486138894,0.00998645168764533,877,2.0676610469818115,-160.01150959999998
2978,-165.42328000000003,0.3430408806523441,0.00998645168764533,560,1.3269951343536377,-160.26018399999998
2979,31.574640000000056,0.3371573408034497,0.00998645168764533,952,2.2442030906677246,-156.0307896
2980,-189.32584000000003,0.3898318142966363,0.00998645168764533,241,0.5664818286895752,-156.779846
2981,-182.55918000000003,0.29544195934498535,0.00998645168764533,174,0.41052699089050293,-156.9758128
2982,-165.02967999999998,0.38548657219573484,0.00998645168764533,841,1.980104923248291,-156.6081208
2983,-190.99134000000004,0.29495160001726156,0.00998645168764533,174,0.4141073226928711,-157.0800756
2984,-169.3431,0.3117806860683416,0.00998645168764533,798,1.8756399154663086,-156.6721336
2985,-169.71456000000003,0.3114602085952356,0.00998645168764533,768,1.8002500534057617,-156.368774
2986,-171.10678000000004,0.3850370624366234,0.00998645168764533,530,1.2615599632263184,-156.4450832
2987,-162.26423999999997,0.3368081553937241,0.00998645168764533,1633,3.827609062194824,-159.9714992
2988,-157.70113999999995,0.2796992239804285,0.00998645168764533,647,1.529465913772583,-159.7947964
2989,-189.7402,0.25127316769439634,0.00998645168764533,164,0.38657474517822266,-160.3152996
2990,-155.79199999999992,0.326176406598475,0.00998645168764533,1145,2.682551145553589,-159.5242096
2991,-168.15046,0.26608974283513753,0.00998645168764533,590,1.3873610496520996,-159.5590088
2992,-165.61024,0.2814977038594418,0.00998645168764533,569,1.3504886627197266,-159.7255288
2993,-154.07819999999995,0.36206472334906276,0.00998645168764533,820,1.919529914855957,-159.4909476
2994,-169.93748000000002,0.2578860949937301,0.00998645168764533,877,2.0620779991149902,-159.757858
2995,-190.99134000000004,0.3640391016245188,0.00998645168764533,174,0.41242289543151855,-160.2161108
2996,-176.51606000000004,0.3453016521172377,0.00998645168764533,590,1.3854038715362549,-160.3789268
2997,-171.28086000000002,0.34854588313568113,0.00998645168764533,690,1.6220288276672363,-160.1068932
2998,-198.35078000000001,0.284025139095817,0.00998645168764533,322,0.7629728317260742,-160.3091152
2999,-171.77593999999996,0.28596922122236923,0.00998645168764533,758,1.8042700290679932,-160.3645676
3000,-188.23968000000002,0.47530907111164805,0.00998645168764533,144,0.34452104568481445,-160.3095344
3001,-183.10538,0.3830330976614488,0.00998645168764533,147,0.3554091453552246,-160.7185788
3002,-150.32017999999994,0.3438342664207877,0.00998645168764533,1283,3.045781135559082,-160.03641
3003,-169.9029,0.3635639505100192,0.00998645168764533,1366,3.2189581394195557,-160.070616
3004,-157.17037999999994,0.3350293665090692,0.00998645168764533,719,1.6868879795074463,-159.9113892
3005,-190.99134000000004,0.38121317271892535,0.00998645168764533,174,0.43201494216918945,-164.223952
3006,-173.36964000000006,0.2865961622887928,0.00998645168764533,285,0.6827969551086426,-164.4413376
3007,-168.29885999999993,0.3130895125132315,0.00998645168764533,798,1.8703420162200928,-164.4549708
3008,-162.00037999999998,0.4057371483475497,0.00998645168764533,947,2.2784390449523926,-164.45868879999998
3009,-155.5979999999999,0.34492018361679616,0.00998645168764533,889,2.1079049110412598,-164.0652424
3010,-162.13784,0.33733565412852473,0.00998645168764533,553,1.2983019351959229,-163.5105384
3011,-167.981,0.374432017118044,0.00998645168764533,781,1.8219959735870361,-163.6240772
3012,-164.285,0.29325722093880907,0.00998645168764533,508,1.1971790790557861,-163.4719644
3013,-169.24488,0.3032447147747913,0.00998645168764533,1273,2.9605419635772705,-163.68273680000001
3014,-165.0892,0.2307064973912008,0.00998645168764533,841,1.9782567024230957,-163.51415559999998
3015,-163.83819999999992,0.2761432779266194,0.00998645168764533,1085,2.5364511013031006,-163.0381308
3016,-159.91861999999998,0.23428213974367157,0.00998645168764533,695,1.6224842071533203,-162.8617528
3017,-178.70686000000006,0.34619458674816256,0.00998645168764533,590,1.3968870639801025,-162.64458
3018,-169.9968,0.3369163192042714,0.00998645168764533,777,1.8055179119110107,-162.2797224
3019,-168.43552000000005,0.2498036250637095,0.00998645168764533,649,1.5202081203460693,-162.07026159999998
3020,-158.21077999999991,0.3095141832635159,0.00998645168764533,719,1.6895990371704102,-165.8403988
3021,-172.71116000000004,0.29226826897316677,0.00998645168764533,757,1.7651607990264893,-166.1133148
3022,-159.17591999999993,0.27050725386148355,0.00998645168764533,808,1.898179054260254,-166.008348
3023,-167.57632,0.2616794148892037,0.00998645168764533,761,1.7878761291503906,-166.08665440000001
3024,-167.50556000000003,0.21694378253224875,0.00998645168764533,709,1.6565277576446533,-165.67197199999998
3025,-171.7623,0.2564125998369478,0.00998645168764533,1402,3.2837460041046143,-165.857846
3026,-179.84584000000004,0.21717947609529595,0.00998645168764533,193,0.45446109771728516,-166.1610496
3027,-157.77671999999995,0.3276497257153211,0.00998645168764533,697,1.6228387355804443,-166.1460664
3028,-184.88254000000003,0.3970117626169613,0.00998645168764533,134,0.3143041133880615,-166.5352516
3029,-159.30469999999985,0.29449555916487696,0.00998645168764533,1106,2.587951898574829,-170.3528384
3030,-169.62788000000003,0.32789400908032007,0.00998645168764533,709,1.6559550762176514,-169.9588792
3031,-170.03540000000004,0.2950998943092757,0.00998645168764533,781,1.8197689056396484,-169.7084036
3032,-176.94116000000002,0.2749464630565707,0.00998645168764533,709,1.6710128784179688,-169.9466332
3033,-159.15361999999993,0.3005767347807938,0.00998645168764533,719,1.671311855316162,-169.3098788
3034,-169.97938000000002,0.2805334878207028,0.00998645168764533,827,1.9379730224609375,-169.3226044
3035,-185.19016000000002,0.3027994359393829,0.00998645168764533,145,0.34857606887817383,-169.63211639999997
3036,25.938000000000084,0.25199644624672646,0.00998645168764533,1456,3.421091079711914,-165.69122079999997
3037,-180.44970000000004,0.2624461070086588,0.00998645168764533,170,0.39991307258605957,-166.05492999999998
3038,-166.19047999999995,0.28266978277738514,0.00998645168764533,1241,2.8980629444122314,-166.22471679999998
3039,-169.18656,0.2592611636324381,0.00998645168764533,937,2.1746230125427246,-165.81364399999998
3040,-179.67742,0.20897109009704348,0.00998645168764533,590,1.3758721351623535,-166.2913524
3041,-169.31289999999998,0.2902886373422824,0.00998645168764533,1035,2.4847123622894287,-166.3146012
3042,-188.68323999999998,0.30563481227869577,0.00998645168764533,164,0.3988659381866455,-166.77606120000002
3043,-166.15356000000003,0.23731445016844582,0.00998645168764533,837,1.957463026046753,-167.0175684
3044,-156.49261999999993,0.19179751689593166,0.00998645168764533,590,1.397078037261963,-166.7486712
3045,-167.11040000000006,0.3186571492572459,0.00998645168764533,537,1.2554337978363037,-166.2710524
3046,-187.97672000000003,0.32228717390753037,0.00998645168764533,177,0.4127509593963623,-166.50026559999998
3047,-187.44666,0.450764320377866,0.00998645168764533,203,0.4771411418914795,-166.8235816
3048,-189.5685,0.3236409770752245,0.00998645168764533,207,0.486713171005249,-166.64793600000002
3049,-168.19491999999994,0.31323013930772897,0.00998645168764533,1236,2.889930009841919,-166.5763156
3050,-172.33662000000004,0.3731324676333404,0.00998645168764533,738,1.7420921325683594,-166.2582544
3051,-173.94461999999996,0.287137379642767,0.00998645168764533,1531,3.5779361724853516,-166.0750392
3052,-176.80224000000004,0.38975386548166474,0.00998645168764533,600,1.4026238918304443,-166.6046804
3053,-179.16850000000002,0.27618913410716184,0.00998645168764533,611,1.4247260093688965,-166.78999240000002
3054,-195.02970000000002,0.21006861684113248,0.00998645168764533,362,0.8600521087646484,-167.5471788
3055,-163.0831,0.3228925050128467,0.00998645168764533,1002,2.3348140716552734,-166.989014
3056,-160.5812799999999,0.32153526386463266,0.00998645168764533,729,1.6977629661560059,-166.7332468
3057,-163.39055999999994,0.3266071978644807,0.00998645168764533,768,1.8020009994506836,-166.6350808
3058,-170.26070000000004,0.33909999426943643,0.00998645168764533,590,1.3750998973846436,-166.80028719999999
3059,-171.24438,0.25054004559353965,0.00998645168764533,738,1.7305378913879395,-167.11321479999998
3060,-160.43784,0.3458703827355718,0.00998645168764533,817,1.9184861183166504,-167.07921480000002
3061,-190.99134000000004,0.397452141348294,0.00998645168764533,174,0.40434813499450684,-167.5394216
3062,-171.61552,0.24860253001341998,0.00998645168764533,905,2.109915018081665,-167.68603199999998
3063,-166.73256,0.2731394583709819,0.00998645168764533,768,1.8028028011322021,-167.6357856
3064,-158.27311999999998,0.32708283737066574,0.00998645168764533,673,1.5770888328552246,-167.49946400000002
3065,-152.01279999999983,0.27559411160835984,0.00998645168764533,1713,3.9950618743896484,-167.26295599999997
3066,-162.86205999999999,0.31616539314468056,0.00998645168764533,638,1.489556074142456,-167.3218248
3067,-165.80274,0.2885866118565344,0.00998645168764533,471,1.1021838188171387,-167.06374240000002
3068,-189.75492000000003,0.19445744971321388,0.00998645168764533,165,0.39174389839172363,-167.45890479999997
3069,-188.53882000000002,0.3071200190105947,0.00998645168764533,154,0.3577110767364502,-167.8609708
3070,-172.50278000000006,0.28050775175201303,0.00998645168764533,243,0.5674726963043213,-168.1468108
3071,-169.02732,0.31327185678206343,0.00998645168764533,885,2.090507984161377,-168.07313399999998
3072,-163.3426199999999,0.29214826350815803,0.00998645168764533,1303,3.0308187007904053,-168.156468
3073,-187.97672000000003,0.30559946792621145,0.00998645168764533,177,0.4146277904510498,-168.56447599999998
3074,-166.24384,0.41933837721646994,0.00998645168764533,449,1.0620291233062744,-168.5392416
3075,-169.05855999999994,0.3060926549184095,0.00998645168764533,785,1.835240125656128,-168.4851668
3076,-180.47090000000003,0.32184005615766204,0.00998645168764533,523,1.232942819595337,-168.49766799999998
3077,17.80712000000005,0.27196977819114115,0.00998645168764533,1992,4.654139041900635,-164.9859912
3078,-160.67201999999995,0.24200856156854167,0.00998645168764533,1035,2.440354108810425,-164.50178079999998
3079,-185.57656000000003,0.3202271811893216,0.00998645168764533,313,0.7648160457611084,-165.027218
3080,-167.68312,0.33897154528426515,0.00998645168764533,817,1.8996708393096924,-164.9883228
3081,-162.21957999999998,0.28571825307894666,0.00998645168764533,758,1.8002469539642334,-164.83200639999998
3082,-152.50931999999986,0.2515091559090229,0.00998645168764533,1333,3.1090152263641357,-164.34336960000002
3083,-168.86261999999996,0.2304466069513789,0.00998645168764533,1447,3.3796591758728027,-164.53754959999998
3084,-166.80848,0.22474367604564138,0.00998645168764533,521,1.2118971347808838,-164.4741316
3085,-162.60515999999998,0.2349319003433193,0.00998645168764533,877,2.0439188480377197,-164.02243159999998
3086,-167.49554,0.19189966801798186,0.00998645168764533,511,1.2100458145141602,-167.8911024
3087,-152.60873999999987,0.256784160367296,0.00998645168764533,742,1.731112003326416,-167.3342832
3088,-152.0283199999999,0.2288267963614903,0.00998645168764533,665,1.5579159259796143,-167.05104
3089,-163.99379999999994,0.28600060134840927,0.00998645168764533,1045,2.4639461040496826,-166.9471848
3090,-168.11395999999996,0.27740872581849335,0.00998645168764533,1229,2.861360788345337,-166.71591559999996
3091,-155.8377399999999,0.2415508400557801,0.00998645168764533,798,1.8777339458465576,-166.44641239999999
3092,-165.73792000000003,0.27374381911119117,0.00998645168764533,425,1.2040808200836182,-165.987506
3093,-168.02482000000006,0.21201712200945277,0.00998645168764533,530,1.274303913116455,-166.0249312
3094,-177.83112000000003,0.30388646421100324,0.00998645168764533,600,1.402876853942871,-166.4517012
3095,-163.98019999999994,0.26290369698335736,0.00998645168764533,1085,2.553769111633301,-166.3890972
3096,-158.15233999999995,0.3017452974578363,0.00998645168764533,719,1.6800932884216309,-165.7926096
3097,-170.61208000000002,0.3304381854690898,0.00998645168764533,857,2.0140910148620605,-165.455918
3098,-186.99462000000003,0.2855352781933398,0.00998645168764533,131,0.3058791160583496,-165.4044404
3099,-156.97683999999998,0.3349148775526974,0.00998645168764533,612,1.4322819709777832,-165.18007879999996
3100,-167.50912000000002,0.28674565289651843,0.00998645168764533,560,1.3088350296020508,-165.08352879999998
3101,-160.00015999999994,0.2503826174773102,0.00998645168764533,857,2.053497791290283,-164.80463959999997
3102,12.052080000000007,0.3131363812584563,0.00998645168764533,840,1.9572579860687256,-161.02755319999997
3103,-186.48856,0.24684715141992322,0.00998645168764533,209,0.49045395851135254,-161.17395439999999
3104,-174.37466000000003,0.23549777655366888,0.00998645168764533,235,0.5515129566192627,-160.76085359999996
3105,-161.19857999999994,0.3002567944720659,0.00998645168764533,907,2.126220226287842,-160.7231632
3106,-161.01445999999999,0.29468994689310285,0.00998645168764533,902,2.1017792224884033,-160.7318268
3107,-174.63564,0.3531252935390366,0.00998645168764533,996,2.333094358444214,-160.95672839999997
3108,-161.10501999999997,0.254420061537991,0.00998645168764533,758,1.7675001621246338,-160.7736148
3109,-195.30800000000002,0.3710336154533757,0.00998645168764533,225,0.5244381427764893,-161.25488719999998
3110,-174.68512000000004,0.2919607388012427,0.00998645168764533,897,2.0900988578796387,-161.5398328
3111,-187.67794,0.4155799055884698,0.00998645168764533,167,0.3975076675415039,-161.4735648
3112,-159.3761599999999,0.33398425509130186,0.00998645168764533,1016,2.388087034225464,-161.22877759999997
3113,-159.1795599999999,0.3277136939617902,0.00998645168764533,812,1.8882911205291748,-161.07771759999997
3114,-161.84587999999994,0.23703270880659455,0.00998645168764533,1028,2.469672918319702,-161.14917279999997
3115,-161.72932,0.23497425081508888,0.00998645168764533,533,1.2661199569702148,-161.3435032
3116,-161.90431999999996,0.35921553959945,0.00998645168764533,745,1.769597053527832,-161.3243484
3117,-159.38491999999994,0.3462112772889992,0.00998645168764533,629,1.4817347526550293,-161.195992
3118,-189.56550000000001,0.37838904513734317,0.00998645168764533,203,0.48752784729003906,-161.19220359999997
3119,26.713600000000035,0.21703582180115127,0.00998645168764533,1232,2.863809108734131,-156.88715519999997
3120,-165.08371999999994,0.2528575557974456,0.00998645168764533,748,1.7530980110168457,-156.73877399999998
3121,-159.57803999999987,0.27585928156414286,0.00998645168764533,1620,3.7759170532226562,-156.54978839999998
3122,-165.79638000000003,0.2654569338108475,0.00998645168764533,827,1.944629192352295,-156.59886359999996
3123,-159.9132599999999,0.3062381063400747,0.00998645168764533,1174,2.7328598499298096,-156.0375944
3124,-187.66918,0.25444563440807116,0.00998645168764533,163,0.3836629390716553,-156.46610119999997
3125,-168.18632000000005,0.25813725827351475,0.00998645168764533,1184,2.7840099334716797,-156.44865639999998
3126,20.04887999999999,0.2381150711469736,0.00998645168764533,912,2.1367671489715576,-152.43826079999997
3127,-169.88444000000004,0.17887114723917188,0.00998645168764533,820,1.9290776252746582,-156.19209199999997
3128,-157.6488399999999,0.21566972285570307,0.00998645168764533,837,1.9555301666259766,-156.13162839999998
3129,-172.23426000000003,0.19168489406317862,0.00998645168764533,534,1.2495479583740234,-155.86478239999997
3130,-164.69148,0.19866520518879718,0.00998645168764533,669,1.5684890747070312,-155.8049496
3131,-158.26011999999992,0.24791677107057086,0.00998645168764533,869,2.0266330242156982,-155.72576039999998
3132,-162.12943999999996,0.23846867194256313,0.00998645168764533,808,1.8859210014343262,-155.91816279999998
3133,-165.78944000000004,0.3091297116875209,0.00998645168764533,424,1.016916036605835,-155.85669919999998
3134,-163.81766,0.24785129858636254,0.00998645168764533,679,1.5813839435577393,-155.7968828
3135,-179.08560000000003,0.2999382249778519,0.00998645168764533,609,1.4228301048278809,-156.12649159999998
3136,-159.8481199999999,0.26615334312894684,0.00998645168764533,748,1.7673673629760742,-155.97354319999997
3137,-183.11798000000002,0.3633580289172883,0.00998645168764533,147,0.3448193073272705,-156.58372799999998
3138,-161.01391999999996,0.3123541684688963,0.00998645168764533,1049,2.4306187629699707,-156.76343999999997
3139,-164.17768,0.33630383260496455,0.00998645168764533,649,1.5073699951171875,-156.76711759999998
3140,-179.33714000000003,0.30752144269088527,0.00998645168764533,619,1.4548728466033936,-156.99158119999998
3141,-169.30998000000002,0.2947291333069628,0.00998645168764533,798,1.8668501377105713,-157.261026
3142,-179.51780000000005,0.30959710501905147,0.00998645168764533,580,1.3464381694793701,-157.53662359999998
3143,-165.19793999999993,0.3033122000590364,0.00998645168764533,1087,2.5319437980651855,-157.480086
3144,-164.89487999999992,0.2754426020917816,0.00998645168764533,1081,2.5138559341430664,-157.22136119999996
3145,-188.53882000000002,0.32654810788763033,0.00998645168764533,154,0.35828280448913574,-157.7125336
3146,-154.19749999999993,0.28010285355459263,0.00998645168764533,827,1.9319028854370117,-157.63343679999997
3147,-154.12499999999991,0.2749145844837696,0.00998645168764533,820,1.9819891452789307,-157.3036952
3148,-167.89654,0.2962136784733625,0.00998645168764533,778,1.830806016921997,-156.92173359999998
3149,-166.46544,0.2019389089491993,0.00998645168764533,505,1.1849768161773682,-157.1115056
3150,-158.1824799999999,0.23440483190477804,0.00998645168764533,1065,2.476215124130249,-156.92497279999998
3151,-162.44532,0.28341270660527706,0.00998645168764533,669,1.564284086227417,-156.973876
3152,-180.44970000000004,0.18766454617383288,0.00998645168764533,170,0.3961169719696045,-160.82391159999997
3153,-157.67799999999994,0.2716985114202394,0.00998645168764533,729,1.6850271224975586,-160.24770039999999
3154,-158.11009999999993,0.3062994015948414,0.00998645168764533,719,1.6669440269470215,-159.92240919999998
3155,-156.47276,0.2085189482986795,0.00998645168764533,677,1.5972368717193604,-159.82789279999997
3156,-186.98886000000002,0.35929393891302003,0.00998645168764533,131,0.3103911876678467,-160.34738079999997
3157,-159.46775999999994,0.33330468310551675,0.00998645168764533,729,1.6979670524597168,-160.04402319999997
3158,-159.36173999999986,0.3064321411892147,0.00998645168764533,966,2.255915880203247,-160.00915759999998
3159,-186.74550000000002,0.46622248749413037,0.00998645168764533,170,0.42083096504211426,-159.8379076
3160,-168.2891800000001,0.3566689846288854,0.00998645168764533,794,1.85182523727417,-159.70998879999996
3161,-195.30224,0.30301856902945373,0.00998645168764533,225,0.5220117568969727,-159.86247479999997
3162,-165.87052000000003,0.3224162575804581,0.00998645168764533,885,2.0536081790924072,-159.99236199999999
3163,-168.20230000000004,0.4012263115124493,0.00998645168764533,590,1.3865559101104736,-160.1728168
3164,-170.29865999999996,0.3504141014538283,0.00998645168764533,846,1.9614591598510742,-160.34187239999997
3165,-164.32974000000002,0.3835376483914875,0.00998645168764533,1054,2.4597980976104736,-160.39388079999998
3166,-167.88502,0.3542493525724906,0.00998645168764533,778,1.8152437210083008,-160.5134948
3167,-189.75492000000003,0.2901641364632682,0.00998645168764533,165,0.382720947265625,-161.12089479999997
3168,-185.73692,0.37728119736176824,0.00998645168764533,124,0.29702210426330566,-161.04432319999998
3169,-174.57160000000005,0.4272060068672005,0.00998645168764533,241,0.5598771572113037,-165.0700272
3170,-158.88647999999998,0.3536490438738838,0.00998645168764533,600,1.3966550827026367,-164.94608239999997
3171,-188.53882000000002,0.34904697985545574,0.00998645168764533,154,0.35950589179992676,-165.525298
3172,-168.78,0.3057288866360371,0.00998645168764533,768,1.8211581707000732,-165.58497039999997
3173,-160.15927999999997,0.37278735189444223,0.00998645168764533,809,1.8740861415863037,-165.5898908
3174,-163.80536,0.42082216164557473,0.00998645168764533,433,1.0032308101654053,-165.11261439999998
3175,-159.14353999999997,0.4038296211750485,0.00998645168764533,758,1.78153395652771,-164.93175879999998
3176,-167.50600000000003,0.3376069343474228,0.00998645168764533,560,1.3074970245361328,-168.6828564
3177,-170.39360000000002,0.40724152925601614,0.00998645168764533,793,1.838421106338501,-168.69303959999996
3178,-176.71926000000002,0.3179823877896768,0.00998645168764533,798,1.8651659488677979,-169.07444799999996
3179,-174.51792,0.34166387548953414,0.00998645168764533,993,2.3022170066833496,-169.1201212
3180,-156.15271999999993,0.34428762854986417,0.00998645168764533,1024,2.3843493461608887,-168.949346
3181,-164.98140000000004,0.32532981972249064,0.00998645168764533,789,1.8399138450622559,-169.0837716
3182,-160.05201999999994,0.2721944784039508,0.00998645168764533,707,1.7451999187469482,-169.0422232
3183,-166.17650000000006,0.29362131061204594,0.00998645168764533,595,1.4087879657745361,-169.0499644
3184,-156.73379999999992,0.3050013129287466,0.00998645168764533,1045,2.419693946838379,-168.9082872
3185,-178.40936000000002,0.2521803897750929,0.00998645168764533,273,0.642643928527832,-168.8947624
3186,-164.82837999999998,0.27127360149516144,0.00998645168764533,1035,2.4170639514923096,-168.9943676
3187,-179.32672000000002,0.2754837492348594,0.00998645168764533,521,1.2657279968261719,-168.9185424
3188,-156.2627999999999,0.27265683444050814,0.00998645168764533,976,2.2671310901641846,-168.82352
3189,-163.14535999999993,0.2787445339848558,0.00998645168764533,1184,2.896569013595581,-168.8028736
3190,-186.74550000000002,0.13281814850154608,0.00998645168764533,170,0.43842411041259766,-168.9510408
3191,-160.74124,0.2114341299217299,0.00998645168764533,533,1.2801978588104248,-168.779666
3192,-175.07368000000002,0.29503745779002777,0.00998645168764533,1016,2.376434087753296,-168.6907836
3193,-167.51320000000004,0.24376994907816846,0.00998645168764533,809,1.8743412494659424,-168.73708879999998
3194,-170.37508,0.28137891198511134,0.00998645168764533,692,1.6102697849273682,-168.84669279999997
3195,-189.7402,0.2708263444805109,0.00998645168764533,164,0.38694000244140625,-168.87072039999998
3196,-188.53882000000002,0.32770142147571524,0.00998645168764533,154,0.3852369785308838,-169.55754679999998
3197,-161.44065999999992,0.40142823200062727,0.00998645168764533,867,2.0203449726104736,-169.70386
3198,-156.5779199999999,0.3203016022487752,0.00998645168764533,1041,2.430506944656372,-169.4774876
3199,-160.45639999999992,0.29824069233877926,0.00998645168764533,1313,3.058676242828369,-169.3573068
3200,-155.44691999999992,0.2323534075580216,0.00998645168764533,580,1.3473520278930664,-169.3025956
3201,-156.62385999999995,0.29694480025785186,0.00998645168764533,639,1.5344150066375732,-169.1861664
3202,-154.55881999999986,0.2654534756186559,0.00998645168764533,1343,3.120400905609131,-168.6683488
3203,-153.79847999999987,0.2544501278741155,0.00998645168764533,1297,3.0310218334198,-168.59075839999997
3204,-164.99869999999999,0.24578595687747756,0.00998645168764533,1283,2.9770359992980957,-168.72853039999998
3205,-159.12489999999997,0.2608130092167746,0.00998645168764533,798,1.886003017425537,-168.7815732
3206,-162.42840000000004,0.19699487881674335,0.00998645168764533,768,1.777174949645996,-168.29036399999998
3207,-164.68552,0.2420467230403892,0.00998645168764533,1065,2.4872732162475586,-168.3947192
3208,-184.42862000000002,0.20137534318270073,0.00998645168764533,210,0.49590468406677246,-168.8960568
3209,-162.51737999999995,0.2957942201144934,0.00998645168764533,1006,2.329307794570923,-168.41149439999998
3210,-188.53882000000002,0.2052218883159244,0.00998645168764533,154,0.35749387741088867,-168.81648719999998
3211,-164.02270000000004,0.3128752047227601,0.00998645168764533,590,1.3673908710479736,-168.19089639999999
3212,-185.93038,0.35118329500668305,0.00998645168764533,134,0.31778407096862793,-168.59209359999997
3213,-159.04363999999987,0.2907570663817172,0.00998645168764533,956,2.2252190113067627,-168.4089204
3214,-165.28804000000002,0.21569864095608232,0.00998645168764533,404,0.9535439014434814,-168.30870799999997
3215,-159.46857999999995,0.3043130120404824,0.00998645168764533,1119,2.6063389778137207,-168.2114848
3216,-151.11711999999991,0.2884090922834206,0.00998645168764533,729,1.7061753273010254,-167.87612679999998
3217,-177.23424,0.3239783785314287,0.00998645168764533,1224,2.9108190536499023,-167.62571319999998
3218,-186.64178,0.4062683147116842,0.00998645168764533,114,0.27876710891723633,-167.64381039999998
3219,-156.3368799999999,0.2779549371494621,0.00998645168764533,921,2.1853268146514893,-167.279116
3220,-184.88254000000003,0.14006659628322987,0.00998645168764533,134,0.31569719314575195,-167.7990372
3221,-163.45055999999994,0.3065222732486768,0.00998645168764533,1105,2.663296937942505,-167.29727199999996
3222,-170.84098,0.3034970225039898,0.00998645168764533,659,1.564466953277588,-167.33849159999997
3223,-160.85915999999995,0.3000368342061283,0.00998645168764533,748,1.7552008628845215,-167.35248919999998
3224,-189.7402,0.27057540025164534,0.00998645168764533,164,0.39351487159729004,-167.87118599999997
3225,-157.0716399999999,0.3710443725180964,0.00998645168764533,612,1.4517817497253418,-167.82974799999997
3226,-166.26302,0.3029713235516101,0.00998645168764533,550,1.29498291015625,-167.80488839999998
3227,-172.699,0.3021977278856935,0.00998645168764533,956,2.2967209815979004,-167.85099639999996
3228,-160.54615999999996,0.26558621552745254,0.00998645168764533,777,1.8366742134094238,-167.52753439999998
3229,-159.33543999999992,0.30647410949773757,0.00998645168764533,1392,3.2487528324127197,-167.22388479999998
3230,-169.62356000000005,0.2828778563939529,0.00998645168764533,709,1.6576910018920898,-167.49330159999997
3231,-168.07374,0.2771980842022695,0.00998645168764533,738,1.7290921211242676,-167.55514839999995
3232,-173.35862000000003,0.25308646602544727,0.00998645168764533,491,1.1469109058380127,-167.82128039999995
3233,-186.08002000000002,0.2336746185246434,0.00998645168764533,239,0.5579531192779541,-168.21935079999994
3234,-163.78206,0.2872177071586837,0.00998645168764533,534,1.259002923965454,-168.36031599999998
3235,-163.37903999999997,0.28053445750750444,0.00998645168764533,768,1.783790111541748,-168.0597096
3236,-168.52915999999996,0.41170488360596685,0.00998645168764533,709,1.6430819034576416,-168.13372519999996
3237,30.053840000000072,0.3074280910155115,0.00998645168764533,1080,2.5123860836029053,-163.94611399999997
3238,-158.78317999999993,0.2858167640989099,0.00998645168764533,847,1.9774689674377441,-163.99652159999997
3239,-170.79185999999993,0.2872354661629051,0.00998645168764533,867,2.055860996246338,-164.14945159999996
3240,-186.64178,0.1865700543449636,0.00998645168764533,114,0.2689199447631836,-164.14737719999997
3241,-179.70814000000004,0.29834064432119917,0.00998645168764533,590,1.3715236186981201,-164.52671519999996
3242,-165.7416199999999,0.26051613809026875,0.00998645168764533,1214,2.815092086791992,-164.340074
3243,-178.72416,0.2916555414440917,0.00998645168764533,441,1.0392987728118896,-164.56429319999995
3244,23.913600000000017,0.3073317615197191,0.00998645168764533,1360,3.1414310932159424,-160.67851959999996
3245,-153.35725999999994,0.27554468800648235,0.00998645168764533,827,1.9382128715515137,-159.9508608
3246,-165.92725999999996,0.27476398812506697,0.00998645168764533,1115,2.5873329639434814,-159.49862959999996
3247,-163.72217999999992,0.2214614151891104,0.00998645168764533,1030,2.3990540504455566,-159.54425999999998
3248,-158.58381999999992,0.23441210594915207,0.00998645168764533,735,1.7114739418029785,-159.58437799999996
3249,-162.61973999999998,0.19557078740421002,0.00998645168764533,827,1.914759874343872,-159.62764479999996
3250,-198.35654000000002,0.3128391694673771,0.00998645168764533,322,0.7528829574584961,-160.48583719999996
3251,10.80600000000001,0.24090623464327965,0.00998645168764533,1648,3.8438568115234375,-157.13723999999996
3252,-187.67794,0.3198191275747638,0.00998645168764533,167,0.3917219638824463,-157.79962239999998
3253,-162.16343999999998,0.1986585877441552,0.00998645168764533,808,1.8952720165252686,-157.96692159999998
3254,-188.53882000000002,0.22722960710102183,0.00998645168764533,154,0.35675477981567383,-158.43772399999997
3255,-180.44970000000004,0.25993827371036304,0.00998645168764533,170,0.3942277431488037,-158.86422
3256,-165.78274,0.255531589407509,0.00998645168764533,1323,3.1509268283843994,-158.9313068
3257,-163.63324,0.2431829249743576,0.00998645168764533,677,1.625385046005249,-158.91026119999998
3258,-188.23968000000002,0.1092791572251978,0.00998645168764533,144,0.34247803688049316,-158.9864824
3259,-162.95553999999984,0.2559490686252586,0.00998645168764533,1587,3.8107757568359375,-158.99524559999998
3260,-199.2142,0.36326019842152113,0.00998645168764533,365,0.877871036529541,-159.20875319999996
3261,-162.86795999999998,0.2273876728779905,0.00998645168764533,877,2.0942270755767822,-159.18565839999997
3262,-162.89808000000002,0.31247365510747377,0.00998645168764533,633,1.5043110847473145,-158.72501239999997
3263,-162.14311999999995,0.30036994711928333,0.00998645168764533,1400,3.3705899715423584,-158.78700199999997
3264,-169.47136000000006,0.22375698846970069,0.00998645168764533,649,1.535996913909912,-158.87066839999997
3265,-189.7402,0.28685302216355213,0.00998645168764533,164,0.3894171714782715,-159.47610079999998
3266,-176.01168000000004,0.2147436649560857,0.00998645168764533,209,0.5055890083312988,-159.97399199999998
3267,-168.84020000000004,0.2892964309006221,0.00998645168764533,421,1.0116097927093506,-159.80611119999998
3268,-154.44305999999992,0.30602550906725895,0.00998645168764533,835,1.994671106338501,-159.16213679999998
3269,-162.15655999999996,0.2740676077336839,0.00998645168764533,953,2.268254041671753,-159.2785304
3270,22.864239999999967,0.27795084392693775,0.00998645168764533,1424,3.3675520420074463,-155.12359479999998
3271,-165.49025999999992,0.2834709773045496,0.00998645168764533,966,2.3101439476013184,-155.16438879999998
3272,-186.12504,0.26121409588571015,0.00998645168764533,144,0.34278392791748047,-155.47006999999996
3273,-158.0224199999999,0.2901657198246696,0.00998645168764533,907,2.152655839920044,-155.41333519999998
3274,-166.59464,0.29020087385146603,0.00998645168764533,817,1.940567970275879,-154.950424
3275,-166.52192,0.2780066170183876,0.00998645168764533,761,1.8057711124420166,-155.13942959999997
3276,-188.53882000000002,0.2668145099691079,0.00998645168764533,154,0.373063325881958,-155.58494559999997
3277,-180.93496000000002,0.329294468145914,0.00998645168764533,193,0.4585280418395996,-155.7496648
3278,-161.26466000000002,0.3408130366517388,0.00998645168764533,511,1.2075200080871582,-155.7640348
3279,-159.47869999999998,0.3885635205627316,0.00998645168764533,675,1.613335132598877,-155.7669
3280,-190.99134000000004,0.40286497769063745,0.00998645168764533,174,0.4169912338256836,-156.1942556
3281,-159.27827999999994,0.38394916228871534,0.00998645168764533,973,2.308542013168335,-156.01834639999998
3282,-163.30594,0.27634167488260203,0.00998645168764533,659,1.5578010082244873,-155.8172928
3283,-157.50283999999996,0.301055839274937,0.00998645168764533,677,1.6194679737091064,-155.24574919999998
3284,-187.97672000000003,0.3239216347972173,0.00998645168764533,177,0.4214162826538086,-155.7296424
3285,-168.03964000000002,0.3809196761824654,0.00998645168764533,788,1.866833209991455,-155.82285439999998
3286,-156.36769999999996,0.2324912016484365,0.00998645168764533,679,1.6147592067718506,-155.57962519999998
3287,-166.22293999999994,0.3395591599520703,0.00998645168764533,1382,3.2861568927764893,-159.50516079999997
3288,-189.75492000000003,0.4022519932467152,0.00998645168764533,165,0.3892538547515869,-160.1245956
3289,-166.25333999999998,0.33549298209380274,0.00998645168764533,1135,2.6893272399902344,-160.0338252
3290,-156.97069999999985,0.38378129797667326,0.00998645168764533,1006,2.3903090953826904,-159.4404036
3291,-161.99841999999995,0.31348928295012873,0.00998645168764533,798,1.8976078033447266,-159.08620919999998
3292,-158.61843999999996,0.3048052623493332,0.00998645168764533,788,1.8885056972503662,-158.94374559999997
3293,-167.29542000000004,0.2428972738433774,0.00998645168764533,798,1.9430139064788818,-158.71517079999998
3294,-188.65128,0.3230407309281733,0.00998645168764533,209,0.5292549133300781,-162.96646839999997
3295,-165.82838000000004,0.29903503114595836,0.00998645168764533,430,1.0658128261566162,-163.21589079999998
3296,-159.58186,0.3096181109568869,0.00998645168764533,482,1.160646915435791,-163.0889828
3297,-170.30986000000001,0.27235743123374107,0.00998645168764533,491,1.1939818859100342,-163.2207364
3298,-171.3066,0.3650587717735174,0.00998645168764533,540,1.283876895904541,-163.475192
3299,-169.02592000000004,0.35901144437080534,0.00998645168764533,969,2.321983814239502,-163.60331559999997
3300,-190.99134000000004,0.470259183787623,0.00998645168764533,174,0.41564106941223145,-163.45601159999998
3301,-172.70274000000003,0.33734469997463196,0.00998645168764533,846,2.0514159202575684,-167.1261864
3302,-169.4462,0.3108120550137551,0.00998645168764533,748,1.8254880905151367,-166.7615516
3303,-168.68064,0.34460944463292736,0.00998645168764533,768,1.8273980617523193,-166.8918956
3304,-163.70999999999998,0.3851742802829993,0.00998645168764533,976,2.337162971496582,-166.3953192
3305,-161.84244,0.2833299492701405,0.00998645168764533,540,1.302908182144165,-166.023174
3306,-169.64636000000004,0.3543264799014427,0.00998645168764533,709,1.6855199337005615,-166.1004464
3307,-168.64734000000004,0.367601316638099,0.00998645168764533,563,1.3358981609344482,-166.2007284
3308,-170.44466000000003,0.38178396524989006,0.00998645168764533,847,2.040794849395752,-165.84482799999998
3309,-157.85999999999996,0.41428224788978696,0.00998645168764533,553,1.3186111450195312,-165.74291720000002
3310,-169.81204000000002,0.3684687110330056,0.00998645168764533,716,1.6952788829803467,-165.15487399999998
3311,-162.19141999999994,0.3360141448770501,0.00998645168764533,1190,2.836961030960083,-165.14134320000002
3312,-164.52128,0.2695628524323932,0.00998645168764533,1088,2.574090003967285,-165.1738072
3313,-158.12107999999995,0.2645644113812742,0.00998645168764533,764,1.8339509963989258,-165.09336639999998
3314,14.415919999999986,0.336148986115586,0.00998645168764533,680,1.6270277500152588,-161.4156208
3315,-167.40250000000003,0.24938197521829822,0.00998645168764533,807,1.9116039276123047,-160.9688668
3316,-189.75492000000003,0.2122467243564174,0.00998645168764533,165,0.40114927291870117,-161.2437316
3317,-161.21452000000002,0.26834008228530615,0.00998645168764533,956,2.274390935897827,-161.091218
3318,-158.19539999999995,0.20069466239006925,0.00998645168764533,709,1.6980359554290771,-161.1662648
3319,-160.07193999999998,0.23513574644149235,0.00998645168764533,1095,2.609537124633789,-161.1245724
3320,-161.80782,0.20880898212325638,0.00998645168764533,690,1.633375883102417,-164.81801359999997
3321,-188.02904,0.34366623806114227,0.00998645168764533,184,0.4361531734466553,-165.2687892
3322,-165.15755999999996,0.2780822872206371,0.00998645168764533,1093,2.603126049041748,-164.8494396
3323,-158.3747199999999,0.23344458579833124,0.00998645168764533,729,1.7289988994598389,-164.85648559999998
3324,-189.18122,0.28617652198023974,0.00998645168764533,439,1.0436480045318604,-165.3082172
3325,-158.92708,0.28462488099314015,0.00998645168764533,837,1.9890997409820557,-165.1563204
3326,-160.89756,0.3329365920290391,0.00998645168764533,748,1.7703661918640137,-164.6034952
3327,-186.64178,0.4632627349101791,0.00998645168764533,114,0.270693302154541,-164.71763159999998
3328,-187.97672000000003,0.3597172951946656,0.00998645168764533,177,0.42128777503967285,-165.25187279999997
3329,-159.82464,0.2970982151368979,0.00998645168764533,641,1.5163462162017822,-165.2587916
3330,-167.36870000000008,0.2810863626739857,0.00998645168764533,550,1.3265516757965088,-164.7863388
3331,-188.53882000000002,0.3726166327326716,0.00998645168764533,154,0.4059469699859619,-165.3715496
3332,-160.67886,0.3335053096575849,0.00998645168764533,738,1.7497820854187012,-165.319008
3333,-159.91517999999996,0.3418465829547628,0.00998645168764533,699,1.6596839427947998,-165.3672548
3334,-170.67898000000002,0.32352261932570714,0.00998645168764533,942,2.2529609203338623,-165.0213
3335,-171.67744000000002,0.23605322336089063,0.00998645168764533,857,2.0261361598968506,-165.094056
3336,-166.60764000000012,0.3047840226653201,0.00998645168764533,1501,3.573719024658203,-165.29885480000002
3337,-165.42752000000002,0.33569342009996433,0.00998645168764533,409,0.9741382598876953,-165.28294640000001
3338,-164.87551999999994,0.3468465431588815,0.00998645168764533,1025,2.465317726135254,-164.7853584
3339,-159.67995999999994,0.33316269838011947,0.00998645168764533,837,1.991318941116333,-164.6538908
3340,-171.98748000000003,0.3231789240667216,0.00998645168764533,573,1.3691129684448242,-164.9542264
3341,-170.85558000000006,0.29890055296660845,0.00998645168764533,714,1.7275638580322266,-165.1313696
3342,-185.73692,0.3509297609224074,0.00998645168764533,124,0.3043026924133301,-165.67373920000003
3343,-162.17259999999987,0.35993317758390525,0.00998645168764533,1149,2.7486629486083984,-165.5712828
3344,-200.20806000000002,0.21931608843587683,0.00998645168764533,411,0.9784407615661621,-165.8024184
3345,-179.94080000000002,0.29752973096054697,0.00998645168764533,601,1.4432201385498047,-166.0846668
3346,-166.66841999999997,0.2980211487708146,0.00998645168764533,1423,3.3694581985473633,-166.22639800000002
3347,-180.45798000000002,0.3073356880875968,0.00998645168764533,174,0.4149742126464844,-166.4293604
3348,-165.68544000000003,0.2858228428707585,0.00998645168764533,521,1.2573649883270264,-166.31693719999998
3349,-169.99662,0.30090761051752396,0.00998645168764533,627,1.4884350299835205,-166.3363512
3350,-186.78548,0.27382883666864327,0.00998645168764533,124,0.2951321601867676,-166.252234
3351,-198.59092,0.3326250943313184,0.00998645168764533,332,0.7889699935913086,-166.76999759999998
3352,-175.24882000000002,0.34692516851440486,0.00998645168764533,827,1.9910337924957275,-166.88604999999998
3353,-180.55324000000002,0.330088838677267,0.00998645168764533,629,1.484299659729004,-167.123502
3354,12.878719999999966,0.35433020045853814,0.00998645168764533,704,1.6671512126922607,-163.59172759999998
3355,-190.99134000000004,0.326607576996923,0.00998645168764533,174,0.42458200454711914,-164.1747056
3356,-168.95276,0.4413945399789711,0.00998645168764533,877,2.0888662338256836,-164.16083360000002
3357,20.69848000000003,0.3408590174370064,0.00998645168764533,880,2.0879740715026855,-160.3739172
3358,-192.23648,0.41292267025488877,0.00998645168764533,184,0.43747830390930176,-160.8097536
3359,-187.11550000000003,0.3220601009076391,0.00998645168764533,239,0.5662350654602051,-161.3948636
3360,-190.99134000000004,0.36270080032844054,0.00998645168764533,174,0.4124901294708252,-161.8184496
3361,-163.16217999999998,0.36366965417711905,0.00998645168764533,1095,2.6085760593414307,-161.8378648
3362,-186.64178,0.4047340431266971,0.00998645168764533,114,0.2719581127166748,-162.2802748
3363,-163.94696,0.37410110524965184,0.00998645168764533,841,1.9950649738311768,-162.39679239999998
3364,-157.13029999999992,0.30515227222061814,0.00998645168764533,1214,2.901123046875,-165.82771680000002
3365,-186.64178,0.18593374987361594,0.00998645168764533,114,0.27063488960266113,-166.2125024
3366,-158.05211999999995,0.31433705448820576,0.00998645168764533,709,1.676210880279541,-165.5784464
3367,-189.75492000000003,0.4592673845589161,0.00998645168764533,165,0.39037394523620605,-166.1492544
3368,-158.4510599999999,0.2715292686431748,0.00998645168764533,927,2.219482898712158,-166.1543676
3369,-163.31828,0.30103242122839585,0.00998645168764533,652,1.5408060550689697,-166.2192944
3370,-190.99134000000004,0.29160995067140066,0.00998645168764533,174,0.41058802604675293,-166.8029648
3371,-163.85864,0.29694188421685547,0.00998645168764533,937,2.28731107711792,-166.3195568
3372,-169.24068,0.248617292001533,0.00998645168764533,540,1.2836925983428955,-166.4012192
3373,-174.58998000000005,0.3955301388120609,0.00998645168764533,846,2.018315076828003,-166.72552439999998
3374,30.08015999999995,0.3159990335684597,0.00998645168764533,1024,2.439046859741211,-162.3402968
3375,13.682799999999983,0.35263070332921526,0.00998645168764533,664,1.5744130611419678,-158.8880992
3376,-161.3824399999998,0.27805928448296885,0.00998645168764533,1253,2.9882559776306152,-158.8977968
3377,-158.6114199999999,0.2408040651881231,0.00998645168764533,1263,3.0309431552886963,-158.3371896
3378,-165.36256000000003,0.2626906211097126,0.00998645168764533,560,1.3309340476989746,-157.8849064
3379,-152.4746399999999,0.2217541258976291,0.00998645168764533,993,2.3837828636169434,-157.73790639999999
3380,-160.73773999999995,0.2553446925667313,0.00998645168764533,887,2.1023671627044678,-157.6052872
3381,-170.30706000000004,0.2578618226721343,0.00998645168764533,690,1.6498727798461914,-157.24065199999998
3382,-168.71592,0.23761570804951285,0.00998645168764533,768,1.8125481605529785,-157.4013932
3383,-177.04552000000007,0.18486116708123257,0.00998645168764533,560,1.341989278793335,-157.744
3384,-170.94008000000002,0.27836680094984034,0.00998645168764533,721,1.7297711372375488,-157.749222
3385,-189.7402,0.2333159724664988,0.00998645168764533,164,0.3890261650085449,-158.1104772
3386,-168.86376,0.2462107840577422,0.00998645168764533,768,1.8199479579925537,-158.1555996
3387,-158.85301999999996,0.2771241240601757,0.00998645168764533,699,1.6594858169555664,-158.0241096
3388,-161.00364000000002,0.27158031038969693,0.00998645168764533,501,1.1999380588531494,-157.946672
3389,-170.82952000000006,0.23313487534479688,0.00998645168764533,313,0.744743824005127,-158.1696632
3390,-167.61548000000005,0.3048054796193,0.00998645168764533,709,1.678452968597412,-158.0822232
3391,-178.3291,0.295828972060676,0.00998645168764533,1010,2.4082229137420654,-158.2316936
3392,-176.77294000000003,0.2921960333415154,0.00998645168764533,651,1.5429768562316895,-158.052414
3393,-173.83774,0.29988005388058764,0.00998645168764533,758,1.8023228645324707,-158.28571680000002
3394,29.269920000000027,0.3185561331324052,0.00998645168764533,1312,3.1120707988739014,-153.6961572
3395,-161.37553999999994,0.3107108040885798,0.00998645168764533,619,1.4681041240692139,-153.324852
3396,-167.04694,0.324508428095319,0.00998645168764533,590,1.3944430351257324,-153.33242239999998
3397,-174.00204000000002,0.24772412685944695,0.00998645168764533,669,1.6151912212371826,-153.2033036
3398,-180.77220000000003,0.22173576050551322,0.00998645168764533,189,0.4522969722747803,-153.5050388
3399,-161.02639999999994,0.3010859174957468,0.00998645168764533,905,2.1591079235076904,-153.3256344
3400,-174.8752,0.22792966621889882,0.00998645168764533,857,2.0499660968780518,-153.0874288
3401,-171.38160000000002,0.29191507375357856,0.00998645168764533,897,2.162338972091675,-152.5432424
3402,-163.54840000000002,0.2558332058549875,0.00998645168764533,873,2.0825071334838867,-152.309234
3403,-168.84212000000005,0.24476855781345214,0.00998645168764533,421,1.0152571201324463,-152.0750116
3404,-186.64178,0.32190294720624624,0.00998645168764533,114,0.27240967750549316,-156.06542159999998
3405,-169.2469,0.28290018127681427,0.00998645168764533,1379,3.3275461196899414,-155.6305328
3406,-171.85804000000002,0.26164640830738334,0.00998645168764533,917,2.2153191566467285,-155.6886384
3407,-199.41542000000004,0.33292813999838666,0.00998645168764533,322,0.768247127532959,-160.0909164
3408,-169.31734000000003,0.258334360351101,0.00998645168764533,794,1.9007658958435059,-159.63253360000002
3409,-171.14588000000006,0.3513524689435267,0.00998645168764533,829,1.9805779457092285,-159.3131412
3410,-164.72482000000002,0.3096893415086406,0.00998645168764533,326,0.7777271270751953,-158.78781080000002
3411,-170.46062,0.3213854396947766,0.00998645168764533,847,2.013698101043701,-158.9337796
3412,-151.08945999999995,0.3274545566075378,0.00998645168764533,675,1.6165120601654053,-158.2227332
3413,-171.56160000000003,0.30365395461209116,0.00998645168764533,600,1.4420931339263916,-158.375026
3414,-189.75492000000003,0.3802410005309591,0.00998645168764533,165,0.3999819755554199,-159.02751840000002
3415,-159.49463999999995,0.331178358041864,0.00998645168764533,729,1.7273521423339844,-158.4845756
3416,-188.62524000000002,0.30212195697481015,0.00998645168764533,213,0.5095438957214355,-159.09603800000002
3417,-179.14546,0.31447809316757486,0.00998645168764533,611,1.4778950214385986,-158.8838488
3418,-157.4373399999999,0.3857710313952399,0.00998645168764533,1026,2.444309949874878,-158.8635744
3419,-164.42049999999998,0.3453255715208597,0.00998645168764533,815,1.9385669231414795,-158.8856188
3420,-168.00716000000003,0.37829595737095023,0.00998645168764533,580,1.3834848403930664,-158.4259352
3421,-158.62353999999996,0.30776689559241793,0.00998645168764533,726,1.7167398929595947,-158.3212332
3422,-186.47926,0.35937676922924794,0.00998645168764533,307,0.7294778823852539,-158.6660048
3423,-159.17473999999993,0.38043764287603293,0.00998645168764533,719,1.7146787643432617,-158.3577
3424,-198.47912000000002,0.29225654257627737,0.00998645168764533,280,0.6759128570556641,-162.9288856
3425,-159.15967999999992,0.31100059541352054,0.00998645168764533,1016,2.4251060485839844,-166.38573519999997
3426,-182.09168000000003,0.3261516144015001,0.00998645168764533,352,0.8397529125213623,-166.79992
3427,-170.15584,0.3508491587570044,0.00998645168764533,785,1.8796501159667969,-167.03080839999998
3428,-162.62669999999997,0.3372502192405797,0.00998645168764533,927,2.203386068344116,-166.9760912
3429,-171.63760000000002,0.3670637361111585,0.00998645168764533,800,1.9064691066741943,-167.3593504
3430,-161.77775999999992,0.3410444245441101,0.00998645168764533,1081,2.5929150581359863,-167.38015080000002
3431,-158.61203999999992,0.29614346838911526,0.00998645168764533,789,1.8685266971588135,-167.14625039999999
3432,-189.75492000000003,0.28874762950069977,0.00998645168764533,165,0.390347957611084,-167.5670304
3433,-186.64178,0.21406016994692517,0.00998645168764533,114,0.28219175338745117,-167.7589556
3434,-187.97672000000003,0.5013301683021552,0.00998645168764533,177,0.4284689426422119,-168.09968840000002
3435,-184.89714,0.20849295220579261,0.00998645168764533,135,0.3199889659881592,-168.00282719999998
3436,-164.24075999999994,0.3828763334691061,0.00998645168764533,1045,2.465891122817993,-167.9103672
3437,-181.70384,0.38072067720856034,0.00998645168764533,184,0.43822813034057617,-168.36738359999998
3438,-157.6282399999999,0.3800328573944562,0.00998645168764533,937,2.2325539588928223,-168.2998756
3439,-190.99134000000004,0.435277029615024,0.00998645168764533,174,0.4163022041320801,-168.703112
3440,-172.82164000000003,0.356356442474645,0.00998645168764533,461,1.1054713726043701,-168.8072352
3441,-166.76708000000002,0.41785791588030874,0.00998645168764533,372,0.8790249824523926,-168.57599480000002
3442,-169.70584,0.3659184142969402,0.00998645168764533,713,1.688647985458374,-168.4346528
3443,-162.91303999999997,0.3245854972369302,0.00998645168764533,592,1.4114539623260498,-168.21615880000002
3444,-170.55398000000002,0.3579515618420432,0.00998645168764533,898,2.128906011581421,-172.2126368
3445,-192.52648000000002,0.36426184719689,0.00998645168764533,193,0.4569211006164551,-172.8356556
3446,-164.18144000000004,0.39605128062248696,0.00998645168764533,352,0.8331477642059326,-172.7783456
3447,-167.29078,0.4290699722660746,0.00998645168764533,695,1.6627769470214844,-172.6441204
3448,-173.71886000000003,0.45189608550549615,0.00998645168764533,898,2.1934590339660645,-172.5030536
3449,-198.57364,0.43803115770450785,0.00998645168764533,332,0.7932238578796387,-173.25399839999997
3450,-169.68964,0.4383085519361554,0.00998645168764533,716,1.750701904296875,-173.15028719999998
3451,-176.43728000000002,0.4466795765181248,0.00998645168764533,976,2.3239798545837402,-173.2514008
3452,-190.99134000000004,0.4544099428417996,0.00998645168764533,174,0.4134988784790039,-173.8002596
3453,-178.12146000000004,0.40259889517332953,0.00998645168764533,411,0.9751598834991455,-173.9858464
3454,-172.06784,0.39728466832349996,0.00998645168764533,976,2.33443284034729,-173.6943676
3455,-165.79379999999998,0.36328863715436127,0.00998645168764533,1117,2.643005132675171,-173.6253056
3456,-185.93038,0.27968163933577156,0.00998645168764533,134,0.31908512115478516,-173.90675240000002
3457,-165.36981999999998,0.3133659777432577,0.00998645168764533,1158,2.7800822257995605,-173.2258404
3458,-188.32324,0.5601667896584432,0.00998645168764533,197,0.4668238162994385,-173.6059584
3459,-188.23968000000002,0.3034501715770198,0.00998645168764533,144,0.34200406074523926,-173.9478344
3460,-170.16452000000004,0.3776032776065264,0.00998645168764533,877,2.092941999435425,-174.05662840000002
3461,-159.72883999999996,0.373843391461955,0.00998645168764533,788,1.8851921558380127,-173.8419928
3462,25.989759999999926,0.3128577082783026,0.00998645168764533,880,2.090843915939331,-170.3004084
3463,-195.30800000000002,0.27166545145834486,0.00998645168764533,225,0.5324201583862305,-170.77533640000001
3464,-171.59780000000003,0.36581510300987324,0.00998645168764533,253,0.6189727783203125,-170.41219399999997
3465,-165.5252,0.4015707450642178,0.00998645168764533,616,1.4666929244995117,-170.5328052
3466,-158.4329399999999,0.3184615322710814,0.00998645168764533,1171,3.018857955932617,-169.92895919999998
3467,-157.61871999999997,0.339948578520728,0.00998645168764533,689,1.6644518375396729,-169.4984244
3468,-161.4305799999999,0.2984560424782294,0.00998645168764533,1067,2.5485799312591553,-169.5782892
3469,-180.45870000000002,0.3448175032805095,0.00998645168764533,174,0.4234931468963623,-169.89905319999997
3470,-199.2142,0.3142886279788736,0.00998645168764533,365,0.8815491199493408,-170.523194
3471,-161.99269999999996,0.34989679837079896,0.00998645168764533,986,2.364506959915161,-170.5905772
3472,-182.20448000000002,0.3100024568117863,0.00998645168764533,153,0.3677539825439453,-170.5050816
3473,-163.75928,0.3253231715860708,0.00998645168764533,1025,2.4280529022216797,-170.59677240000002
3474,-168.14699999999993,0.28265161328553967,0.00998645168764533,1372,3.274738073348999,-169.99013
3475,-167.27151999999995,0.277632488515759,0.00998645168764533,649,1.537726879119873,-170.15236679999998
3476,-167.64124000000004,0.27538691967169193,0.00998645168764533,917,2.192552089691162,-169.863358
3477,-191.89672000000002,0.36166809636730546,0.00998645168764533,313,0.7461011409759521,-170.2981756
3478,-189.7402,0.32664714084381646,0.00998645168764533,164,0.392913818359375,-170.84044559999998
3479,-158.21541999999988,0.2885819531938506,0.00998645168764533,867,2.0605030059814453,-170.572002
3480,-175.47262000000003,0.26539768478517434,0.00998645168764533,590,1.4168822765350342,-170.8458992
3481,-190.99134000000004,0.3444638148394424,0.00998645168764533,174,0.4160137176513672,-171.4934852
3482,-170.46790000000001,0.2724114954668277,0.00998645168764533,947,2.244147777557373,-171.1077448
3483,-178.21818,0.31279674528081114,0.00998645168764533,1263,3.009932041168213,-170.9392728
3484,-198.57940000000002,0.3200666666513376,0.00998645168764533,332,0.7871160507202148,-171.1513264
3485,-185.32604,0.2805344899752881,0.00998645168764533,205,0.4872908592224121,-171.15990440000002
3486,-179.08944000000002,0.2663861693468783,0.00998645168764533,609,1.4457080364227295,-171.456878
3487,-169.80246,0.34317280127952404,0.00998645168764533,822,2.0394442081451416,-171.2188504
3488,-174.88684,0.37646302071768484,0.00998645168764533,508,1.2062439918518066,-171.5640224
3489,-161.79697999999996,0.29746513053816154,0.00998645168764533,586,1.4152119159698486,-170.9801352
3490,-163.96266000000003,0.337477888683856,0.00998645168764533,690,1.6950550079345703,-170.8029556
3491,-181.31380000000001,0.513817368634613,0.00998645168764533,164,0.39429712295532227,-171.09389
3492,-167.2345599999999,0.3381676038174526,0.00998645168764533,1392,3.303981065750122,-171.0444644
3493,-171.41868000000002,0.3051806167096318,0.00998645168764533,837,2.0121662616729736,-171.21457719999998
3494,-188.53882000000002,0.3257437425441798,0.00998645168764533,154,0.3692159652709961,-171.574274
3495,-190.99134000000004,0.47043160778395404,0.00998645168764533,174,0.4138760566711426,-171.5435712
3496,-164.78691999999998,0.33747377949244134,0.00998645168764533,980,2.3385541439056396,-171.5556808
3497,-165.41188,0.31526597943566115,0.00998645168764533,956,2.273560047149658,-171.5181028
3498,-196.22522,0.2594100357379948,0.00998645168764533,223,0.5297040939331055,-171.96823
3499,-170.61712,0.3601902078531787,0.00998645168764533,857,2.034320116043091,-171.40909960000002
3500,-165.94227999999998,0.39634237460833455,0.00998645168764533,1125,2.6821951866149902,-171.3341524
3501,-151.75767999999994,0.3162842030331453,0.00998645168764533,945,2.2873291969299316,-170.8405604
3502,-188.30824,0.2961116144578383,0.00998645168764533,193,0.4611961841583252,-170.78689839999998
3503,-186.74550000000002,0.4435065392350011,0.00998645168764533,170,0.4045429229736328,-170.9593792
3504,-169.04504000000003,0.33556286618733766,0.00998645168764533,976,2.324828863143921,-170.89892319999998
3505,-173.70542,0.29890350542172994,0.00998645168764533,946,2.2421951293945312,-171.05715560000002
3506,-169.13018,0.28746565654194894,0.00998645168764533,727,1.7480759620666504,-170.7211516
3507,-161.4907799999999,0.3792064196341585,0.00998645168764533,1630,3.860440731048584,-170.6435708
3508,-184.88254000000003,0.2762334165997358,0.00998645168764533,134,0.3283381462097168,-170.5747568
3509,-158.3894399999998,0.26705626448374015,0.00998645168764533,976,2.3378591537475586,-169.977752
3510,-158.1908599999999,0.2948029550953,0.00998645168764533,719,1.7182183265686035,-169.73827879999996
3511,-159.47351999999995,0.2869589532615645,0.00998645168764533,729,1.7448210716247559,-169.7331724
3512,-153.4176799999999,0.2664571339594332,0.00998645168764533,833,1.9783070087432861,-173.32132119999997
3513,-172.74721999999997,0.2861031062120029,0.00998645168764533,1778,4.229046821594238,-172.8701056
3514,-185.74240000000003,0.3055392605298745,0.00998645168764533,121,0.29538822174072266,-173.1529976
3515,-159.47544,0.23598498281855418,0.00998645168764533,729,1.7260000705718994,-173.03200239999998
3516,-190.99134000000004,0.1114782312424618,0.00998645168764533,174,0.41883087158203125,-173.6831704
3517,-194.25104000000002,0.34136986404450403,0.00998645168764533,225,0.5322248935699463,-174.4158168
3518,-161.29451999999998,0.2866812356945122,0.00998645168764533,717,1.7165110111236572,-174.4130956
3519,-165.91802,0.23115710661815253,0.00998645168764533,583,1.3827948570251465,-174.12228199999998
3520,-182.20448000000002,0.3283012705897681,0.00998645168764533,153,0.36484479904174805,-173.78208759999998
3521,-160.32132,0.3234858320145754,0.00998645168764533,820,1.964003086090088,-173.74865999999997
3522,-160.08837999999997,0.24116643615396285,0.00998645168764533,758,1.8062069416046143,-173.30633799999998
3523,-186.16120000000004,0.41121409010118903,0.00998645168764533,241,0.5728030204772949,-173.7543764
3524,-161.73591999999996,0.3258622582483946,0.00998645168764533,1025,2.483717918395996,-173.6261548
3525,-185.47356,0.30313218233477274,0.00998645168764533,213,0.522515058517456,-173.9901956
3526,-166.55937999999998,0.32332854528327526,0.00998645168764533,1158,2.7465999126434326,-173.9685584
3527,-189.19848000000002,0.37770283659920095,0.00998645168764533,185,0.43998003005981445,-173.91459359999996
3528,-163.81463999999997,0.32201830132540754,0.00998645168764533,1033,2.472715139389038,-173.39608239999998
3529,-188.01522,0.3130066088792649,0.00998645168764533,183,0.43358898162841797,-173.9920784
3530,-166.53292000000005,0.29991216266653026,0.00998645168764533,461,1.092940092086792,-173.8132844
3531,-179.13924000000003,0.4213286869211147,0.00998645168764533,612,1.4566009044647217,-173.57624239999998
3532,-186.64178,0.37771646537932385,0.00998645168764533,114,0.2712430953979492,-173.89971999999997
3533,-173.43012000000002,0.34243170634188036,0.00998645168764533,540,1.2892849445343018,-173.8039588
3534,-184.88182000000003,0.5382530077138165,0.00998645168764533,134,0.3217289447784424,-173.5300072
3535,-198.76686,0.407583796818147,0.00998645168764533,342,0.817244291305542,-173.7988236
3536,-186.18472000000003,0.508875859853054,0.00998645168764533,193,0.4613938331604004,-173.9407292
3537,-167.02838,0.3855026805757878,0.00998645168764533,1382,3.2994959354400635,-173.8852476
3538,-179.07792,0.3819385249800797,0.00998645168764533,609,1.4566998481750488,-173.96906919999998
3539,-168.72720000000004,0.4210907866939427,0.00998645168764533,768,1.8193840980529785,-174.10767359999997
3540,-169.04692000000003,0.3552716879450993,0.00998645168764533,629,1.5004851818084717,-174.20935880000002
3541,-186.38132000000002,0.46689523901908175,0.00998645168764533,253,0.6170270442962646,-174.3107092
3542,-163.9228799999999,0.33652707700130674,0.00998645168764533,985,2.3266167640686035,-174.24447560000002
3543,-185.19016000000002,0.43125778824604794,0.00998645168764533,145,0.34556007385253906,-174.51990519999998
3544,-170.21014000000002,0.3454539207725833,0.00998645168764533,590,1.3930649757385254,-174.15333159999997
3545,-181.30526000000003,0.3802202271772295,0.00998645168764533,514,1.2326891422271729,-173.95961
3546,-149.80807999999993,0.44854544012654857,0.00998645168764533,617,1.4631340503692627,-173.6600332
3547,-168.63003999999998,0.3771880842451339,0.00998645168764533,716,1.703341007232666,-173.72439640000002
3548,-169.05246,0.3458401743558233,0.00998645168764533,834,1.9838929176330566,-173.18094119999998
3549,-167.20224,0.3829698377942891,0.00998645168764533,937,2.2117302417755127,-173.11264359999998
3550,-180.15900000000002,0.3338623829277269,0.00998645168764533,612,1.4765188694000244,-173.396978
3551,-194.97072000000003,0.245876399731112,0.00998645168764533,209,0.4953751564025879,-174.2612388
3552,-180.64130000000003,0.27956619778309355,0.00998645168764533,583,1.3965749740600586,-174.1079
3553,-175.08294,0.3268075794411542,0.00998645168764533,966,2.2882659435272217,-173.8746488
3554,-190.24006000000003,0.3808379548165868,0.00998645168764533,235,0.5736417770385742,-174.29854919999997
3555,-188.98856000000004,0.47872080417556895,0.00998645168764533,225,0.542227029800415,-174.60421200000002
3556,-198.34502000000003,0.428638452468787,0.00998645168764533,322,0.774561882019043,-175.1885088
3557,27.53688000000009,0.32496292831358287,0.00998645168764533,1144,2.7109968662261963,-171.40795559999998
3558,-167.15492000000003,0.2591248942737433,0.00998645168764533,540,1.2772541046142578,-171.0534032
3559,-160.19061999999994,0.3173439603022368,0.00998645168764533,911,2.1631391048431396,-171.0894268
3560,-169.94024000000002,0.2769598534778054,0.00998645168764533,1016,2.40736985206604,-171.3244144
3561,-162.41992000000005,0.3135301229417157,0.00998645168764533,984,2.341120958328247,-171.3833424
3562,-160.4026399999999,0.3050195550272718,0.00998645168764533,1121,2.646726369857788,-171.5230416
3563,-166.73330000000004,0.3165010189908294,0.00998645168764533,571,1.349186897277832,-171.4027632
3564,-188.23968000000002,0.3900961854669731,0.00998645168764533,144,0.3524339199066162,-171.4527088
3565,-179.70046000000002,0.34470213259791294,0.00998645168764533,590,1.418997049331665,-171.8572092
3566,-162.14715999999999,0.3267815481717429,0.00998645168764533,605,1.4975759983062744,-171.2803256
3567,-190.99134000000004,0.25669162867633605,0.00998645168764533,174,0.41389894485473633,-171.21513159999998
3568,-190.99134000000004,0.20170157242716216,0.00998645168764533,174,0.41401124000549316,-171.809068
3569,-167.43304000000006,0.3889552773496068,0.00998645168764533,656,1.5639371871948242,-171.8393684
3570,-178.57934000000003,0.3171753489417135,0.00998645168764533,586,1.393826961517334,-171.76686560000002
3571,-188.53882000000002,0.429543821848687,0.00998645168764533,154,0.3672659397125244,-172.3312156
3572,-165.96354000000002,0.2597148622869391,0.00998645168764533,530,1.2651891708374023,-172.44871880000002
3573,-161.50515999999996,0.3284175104075575,0.00998645168764533,924,2.204979181289673,-171.95559799999998
3574,27.473840000000095,0.3417081557441547,0.00998645168764533,1680,3.970468044281006,-168.1714028
3575,-160.66541999999993,0.28554211826780485,0.00998645168764533,738,1.7795851230621338,-167.67524
3576,-159.16897999999992,0.34019408903054904,0.00998645168764533,719,1.7088541984558105,-167.527432
3577,-182.0612,0.3496851472196605,0.00998645168764533,297,0.7050061225891113,-167.3846864
3578,-155.26609999999994,0.31722994861767595,0.00998645168764533,778,1.8606669902801514,-167.2137156
3579,-188.53882000000002,0.30868796182360936,0.00998645168764533,154,0.37031984329223633,-167.2241876
3580,-155.01831999999985,0.3789267265759311,0.00998645168764533,768,1.8252942562103271,-166.9938956
3581,-184.88766,0.4045777859180483,0.00998645168764533,131,0.3113589286804199,-167.10886399999998
3582,-162.10767999999996,0.35617523258209327,0.00998645168764533,897,2.1235568523406982,-166.61818200000002
3583,-161.89111999999994,0.3051719651734488,0.00998645168764533,1184,2.8128461837768555,-166.387402
3584,-171.86578000000003,0.25663700894495334,0.00998645168764533,807,1.9044699668884277,-166.1270812
3585,-159.84827999999993,0.3047081686383273,0.00998645168764533,748,1.7796270847320557,-165.3487096
3586,-169.12500000000003,0.26814274967642826,0.00998645168764533,885,2.102078914642334,-165.00751519999997
3587,-168.8494,0.2313118800688474,0.00998645168764533,917,2.1793110370635986,-165.0439356
3588,-176.45374000000004,0.23556765683942185,0.00998645168764533,779,1.8723008632659912,-164.99145199999998
3589,-186.00636,0.2628596982120965,0.00998645168764533,237,0.567425012588501,-165.3370352
3590,-163.85398,0.3176929865384235,0.00998645168764533,638,1.5085070133209229,-165.23317640000002
3591,-162.31282000000002,0.3090731245246525,0.00998645168764533,659,1.5729649066925049,-164.7518064
3592,-165.41279999999995,0.28884570045928265,0.00998645168764533,1321,3.139646053314209,-164.7816048
3593,-159.22911999999997,0.29061451319656434,0.00998645168764533,617,1.470515251159668,-164.262384
3594,-165.03231999999997,0.2659075985225159,0.00998645168764533,1041,2.5278518199920654,-164.1588276
3595,-156.95457999999996,0.32341697364961264,0.00998645168764533,663,1.5944535732269287,-163.67181399999998
3596,-186.91362,0.2929776435721972,0.00998645168764533,231,0.5534389019012451,-164.4139248
3597,-184.13896000000003,0.3898803673620368,0.00998645168764533,145,0.3602738380432129,-164.7241032
3598,-186.92362,0.33444821929829266,0.00998645168764533,131,0.3188009262084961,-165.0815264
3599,-198.57364,0.4096603563086253,0.00998645168764533,332,0.7947001457214355,-165.7089544
3600,-169.90413999999998,0.3279034723709156,0.00998645168764533,770,1.8335239887237549,-165.50385719999997
3601,-172.68796000000003,0.3302814233911742,0.00998645168764533,956,2.3395750522613525,-165.058202
3602,-162.05727999999993,0.3041692110547234,0.00998645168764533,945,2.2690181732177734,-164.6865216
3603,-172.97640000000004,0.27905224455632077,0.00998645168764533,768,1.830216884613037,-164.6443908
3604,-170.15112000000005,0.41133461143735306,0.00998645168764533,281,0.6732616424560547,-164.242612
3605,-164.78072,0.3102618375421337,0.00998645168764533,729,1.8148329257965088,-163.7584552
3606,-171.36492,0.26873627596110855,0.00998645168764533,837,1.9986779689788818,-163.21885319999998
3607,-188.68402,0.3863062697960887,0.00998645168764533,215,0.51387619972229,-167.5432712
3608,-165.43252,0.34717168979480084,0.00998645168764533,461,1.1160509586334229,-167.5088232
3609,-158.06671999999998,0.4403991105169883,0.00998645168764533,704,1.6893000602722168,-167.4663452
3610,-167.14656000000002,0.3816705571319946,0.00998645168764533,489,1.1694920063018799,-167.4104716
3611,-179.68126,0.39978858322710176,0.00998645168764533,590,1.4077837467193604,-167.7556984
3612,-162.08445999999998,0.3757264097389269,0.00998645168764533,942,2.26381778717041,-167.7893348
3613,-185.19016000000002,0.4967579439153959,0.00998645168764533,145,0.34896397590637207,-168.158472
3614,-172.96252,0.34750998305865727,0.00998645168764533,917,2.190863847732544,-167.8529288
3615,-168.82580000000002,0.33940068173347177,0.00998645168764533,820,1.9909420013427734,-167.6354356
3616,-7.071200000000006,0.3145111391194015,0.00998645168764533,448,1.0739688873291016,-164.53391639999998
3617,-159.8456999999999,0.3033766905119225,0.00998645168764533,1039,2.483293056488037,-163.91100360000002
3618,-166.56762,0.34109986525251296,0.00998645168764533,511,1.2456188201904297,-163.42252919999999
3619,-174.88529999999997,0.3108565168708999,0.00998645168764533,1402,3.342479944229126,-163.5715744
3620,-198.58516,0.32361404989784337,0.00998645168764533,332,0.7922513484954834,-163.9716908
3621,-159.46967999999995,0.3223524710970876,0.00998645168764533,729,1.766495943069458,-163.39030799999998
3622,-161.92197999999996,0.29897458503774277,0.00998645168764533,927,2.2032649517059326,-163.3094768
3623,26.20520000000019,0.24643098859168175,0.00998645168764533,2304,5.497998952865601,-159.55526959999997
3624,-175.35096000000001,0.21829096249219118,0.00998645168764533,729,1.765120029449463,-163.61176559999998
3625,-171.22246000000004,0.1858188535935657,0.00998645168764533,638,1.5180470943450928,-163.8229064
3626,-164.59456,0.16420152281623712,0.00998645168764533,521,1.2442481517791748,-163.93141799999998
3627,-171.34380000000002,0.2553651815774353,0.00998645168764533,837,2.0100159645080566,-163.71706999999998
3628,-158.0948599999998,0.209645500667567,0.00998645168764533,911,2.1782257556915283,-163.7736452
3629,-179.88318000000004,0.24938127844962854,0.00998645168764533,546,1.3196101188659668,-163.6005324
3630,-170.40688,0.24843235309362052,0.00998645168764533,848,2.045365810394287,-163.9083036
3631,-169.02284000000003,0.24851196677520604,0.00998645168764533,781,1.865666151046753,-163.59100719999998
3632,32.971760000000046,0.23670631688117544,0.00998645168764533,888,2.1424338817596436,-159.6894184
3633,-184.88182000000003,0.2086761724864091,0.00998645168764533,134,0.3256649971008301,-160.1492324
3634,-164.72967999999995,0.22089032080198376,0.00998645168764533,1521,3.776763916015625,-160.0065104
3635,-180.71890000000002,0.20727955894901673,0.00998645168764533,287,0.6905958652496338,-160.4239228
3636,-159.1692,0.1784392653654835,0.00998645168764533,761,1.8691058158874512,-160.22480679999998
3637,-180.44970000000004,0.46378241742906323,0.00998645168764533,170,0.4171888828277588,-160.4568128
3638,-166.86600000000004,0.30670952645331534,0.00998645168764533,528,1.3049709796905518,-160.26505799999998
3639,-159.28453999999994,0.33694664591193535,0.00998645168764533,758,1.8681511878967285,-159.7306216
3640,-164.76287999999983,0.26426940972171287,0.00998645168764533,1273,3.145709991455078,-159.74879959999998
3641,-163.27556,0.26930574807576746,0.00998645168764533,508,1.2679038047790527,-159.76805439999998
3642,-168.23122,0.29902440599243274,0.00998645168764533,794,1.9519360065460205,-159.82442279999998
3643,-189.75492000000003,0.42195407135242763,0.00998645168764533,165,0.40210819244384766,-160.43493879999997
3644,-163.36459999999994,0.25384164591548786,0.00998645168764533,1253,3.026916265487671,-160.4015844
3645,-156.39303999999987,0.359253595817305,0.00998645168764533,873,2.142650842666626,-160.39035359999997
3646,-169.75874000000002,0.2844741065655757,0.00998645168764533,659,1.6055881977081299,-160.04725599999998
3647,-173.22098,0.3015907127640253,0.00998645168764533,931,2.251802921295166,-159.8288964
3648,-198.77262000000002,0.2503949434806903,0.00998645168764533,342,0.8338840007781982,-160.06587639999998
3649,-183.35242,0.33624896019855405,0.00998645168764533,259,0.6298799514770508,-159.761452
3650,26.52912000000003,0.3274922651061382,0.00998645168764533,1192,2.8640029430389404,-155.8327868
3651,-186.64178,0.2961926887489921,0.00998645168764533,114,0.29076099395751953,-156.1118632
3652,-172.23152000000005,0.31101721195057574,0.00998645168764533,2065,4.994926929473877,-156.315348
3653,-186.99462000000003,0.28307965904374727,0.00998645168764533,131,0.335864782333374,-156.5957124
3654,26.7510400000001,0.32246405528489464,0.00998645168764533,1616,3.881959915161133,-152.6576692
3655,-189.08934000000002,0.37697090400837874,0.00998645168764533,131,0.3129279613494873,-153.14384159999997
3656,-173.09408000000002,0.18753025322206907,0.00998645168764533,976,2.3320000171661377,-153.1784248
3657,-179.06596000000002,0.26633345690960236,0.00998645168764533,509,1.2086479663848877,-152.98606359999997
3658,-171.99372000000002,0.26252268781740723,0.00998645168764533,669,1.583486795425415,-153.11728759999997
3659,-164.0095,0.25980601597238273,0.00998645168764533,846,2.0186781883239746,-153.2361432
3660,-156.00663999999992,0.22963573311466548,0.00998645168764533,1016,2.3955039978027344,-153.01334479999997
3661,-157.3761599999999,0.26079774598191163,0.00998645168764533,729,1.7284629344940186,-152.56724279999997
3662,-167.48798000000002,0.19316981864644903,0.00998645168764533,507,1.20930814743042,-152.67531319999998
3663,-153.94471999999996,0.22929708660479087,0.00998645168764533,617,1.460367202758789,-152.0504044
3664,-161.61139999999995,0.22135598546953808,0.00998645168764533,580,1.371316909790039,-151.82338199999998
3665,-188.53882000000002,0.2449129921529297,0.00998645168764533,154,0.3640909194946289,-152.2176424
3666,-168.52930000000003,0.33661799451133917,0.00998645168764533,359,0.8604221343994141,-155.4468044
3667,23.601760000000123,0.32378195509978674,0.00998645168764533,1952,4.6374430656433105,-151.77785519999998
3668,-165.46219999999997,0.25859030604429445,0.00998645168764533,612,1.5004680156707764,-151.75574679999997
3669,-161.23072000000002,0.2740042529609813,0.00998645168764533,761,1.8432960510253906,-151.48265519999998
3670,-164.31109999999995,0.296664132388597,0.00998645168764533,859,2.088670253753662,-150.79717399999998
3671,-155.18295999999992,0.3449614804212615,0.00998645168764533,768,1.8605058193206787,-150.71143959999998
3672,-160.3255999999999,0.25196366685426125,0.00998645168764533,1016,2.5497751235961914,-150.679512
3673,-158.61795999999993,0.2801526153166261,0.00998645168764533,1125,3.0705718994140625,-154.37597519999997
3674,-198.57940000000002,0.24983219279352217,0.00998645168764533,332,0.8078951835632324,-154.84054399999997
3675,-161.73044,0.31302124344549825,0.00998645168764533,629,1.5478451251983643,-154.65070359999999
3676,-180.12144,0.34657239906905807,0.00998645168764533,609,1.4825139045715332,-154.9612412
3677,-172.52344000000002,0.21784251737560897,0.00998645168764533,641,1.546478033065796,-154.98483399999998
3678,-162.38816,0.2708503716139957,0.00998645168764533,616,1.486764669418335,-155.0707
3679,-194.97072000000003,0.24586194842768627,0.00998645168764533,209,0.5054948329925537,-155.3724508
3680,-161.62903999999992,0.2523548048911387,0.00998645168764533,976,2.3750839233398438,-155.196894
3681,-167.64832,0.2563990455874011,0.00998645168764533,617,1.493293046951294,-155.16940359999998
3682,-195.3465,0.3339423098686067,0.00998645168764533,231,0.5612952709197998,-159.7357688
3683,-161.15493999999993,0.3118756392529593,0.00998645168764533,758,1.8440508842468262,-159.2612312
3684,-169.00882000000007,0.2985587932080472,0.00998645168764533,827,1.9895310401916504,-159.34681399999997
3685,-168.96426000000002,0.3059068978131179,0.00998645168764533,927,2.239333152770996,-159.11172119999998
3686,-170.50122000000002,0.3254048928907554,0.00998645168764533,699,1.6987478733062744,-159.33836159999998
3687,-174.33210000000003,0.33212854072576947,0.00998645168764533,1471,3.5503177642822266,-159.21600959999998
3688,-168.64536,0.3183200915627822,0.00998645168764533,768,1.856039047241211,-159.2515968
3689,25.816480000000084,0.31264271188747667,0.00998645168764533,968,2.3288402557373047,-155.54957639999998
3690,-169.15570000000002,0.2881810004829267,0.00998645168764533,586,1.4218449592590332,-155.6374328
3691,-177.54986000000002,0.29471046502428583,0.00998645168764533,586,1.4083051681518555,-155.9229188
3692,-156.45665999999989,0.2660700629433735,0.00998645168764533,679,1.6293189525604248,-155.68742759999998
3693,-164.5964,0.25947673118757597,0.00998645168764533,1016,2.432035207748413,-155.18425719999996
3694,-166.61588000000003,0.23387982766767923,0.00998645168764533,709,1.6900458335876465,-155.24928279999997
3695,-170.0162,0.23501942591102515,0.00998645168764533,781,1.8476660251617432,-155.52174599999998
3696,-173.46800000000002,0.20484737853556162,0.00998645168764533,841,2.0077931880950928,-155.5959312
3697,28.668800000000235,0.20593222963292473,0.00998645168764533,1344,3.1834659576416016,-151.55813559999999
3698,-161.84130000000005,0.20353353835120563,0.00998645168764533,639,1.5504050254821777,-150.81950919999997
3699,-166.58697999999998,0.24288771409517737,0.00998645168764533,867,2.072000026702881,-150.4842004
3700,-173.27584000000002,0.1676391794414682,0.00998645168764533,776,1.8539481163024902,-154.48029959999997
3701,-169.35552,0.22769441370525387,0.00998645168764533,792,1.9411239624023438,-154.1345744
3702,-174.44568,0.1974736003108059,0.00998645168764533,537,1.2772722244262695,-154.1788576
3703,-168.9631,0.20726811726682923,0.00998645168764533,778,1.8676321506500244,-153.8182272
3704,-155.8617999999999,0.26991446104397376,0.00998645168764533,1125,2.7278239727020264,-157.47048399999997
3705,-188.53882000000002,0.36645018484128955,0.00998645168764533,154,0.3696770668029785,-157.4594736
3706,-190.99134000000004,0.344277005923655,0.00998645168764533,174,0.4139273166656494,-157.81741879999998
3707,-173.0475,0.2838138545170573,0.00998645168764533,1015,2.49458384513855,-157.69704959999999
3708,-174.79952000000006,0.2815030190586245,0.00998645168764533,457,1.0877649784088135,-157.7531656
3709,-162.85319999999996,0.2810003695165983,0.00998645168764533,976,2.365100145339966,-157.73003959999997
3710,-182.55918000000003,0.27215623758979485,0.00998645168764533,174,0.4210522174835205,-158.2610904
3711,-162.13510000000002,0.2587138517340315,0.00998645168764533,846,2.0463318824768066,-158.35626919999999
3712,-170.56328000000005,0.2941000061993829,0.00998645168764533,553,1.317195177078247,-158.4177752
3713,-179.60264,0.4295190553023966,0.00998645168764533,184,0.45553088188171387,-158.9309336
3714,-171.06986,0.38508044960223353,0.00998645168764533,931,2.2638330459594727,-159.12010279999998
3715,28.893199999999997,0.3574510988900093,0.00998645168764533,1080,2.63557505607605,-154.7714624
3716,-165.58768,0.229637217675444,0.00998645168764533,817,1.970574140548706,-154.71263
3717,-184.88838,0.4974158979945226,0.00998645168764533,131,0.3194291591644287,-158.88243279999998
3718,-154.77691999999988,0.29481720247675786,0.00998645168764533,1045,2.51375412940979,-158.6687272
3719,-188.53316,0.4404001972685527,0.00998645168764533,157,0.37728095054626465,-159.21477599999997
3720,-155.3916399999999,0.32468613927000045,0.00998645168764533,933,2.2362570762634277,-159.03638679999997
3721,-160.18615999999994,0.38586067257549994,0.00998645168764533,904,2.168179988861084,-159.13645079999998
3722,-158.72921999999994,0.3141194122129263,0.00998645168764533,742,1.7741379737854004,-159.1045232
3723,-186.64178,0.29710953629967807,0.00998645168764533,114,0.27425479888916016,-159.6649996
3724,-164.84352000000004,0.2904692618459418,0.00998645168764533,329,0.7928221225738525,-158.99028199999998
3725,-171.48834000000002,0.3301648805577327,0.00998645168764533,798,1.9288249015808105,-159.18544
3726,-172.67066,0.28273905201901933,0.00998645168764533,847,2.0215771198272705,-159.0364244
3727,-168.23836,0.32200821841619365,0.00998645168764533,1236,2.973562002182007,-158.9507228
3728,13.370479999999983,0.2714509247802198,0.00998645168764533,680,1.6288528442382812,-155.43554999999998
3729,-171.79486000000003,0.1844977404678865,0.00998645168764533,662,1.5849480628967285,-154.9720328
3730,-152.6046799999998,0.2945562969119382,0.00998645168764533,1301,3.1246559619903564,-154.79154559999998
3731,-169.62068000000005,0.26118845429549936,0.00998645168764533,709,1.6849510669708252,-154.8309928
3732,24.054399999999998,0.2538798709182352,0.00998645168764533,1472,3.5202770233154297,-150.4429748
3733,-165.80726000000004,0.30457699870647387,0.00998645168764533,430,1.0298831462860107,-150.5360212
3734,-163.30784000000003,0.23629011933106592,0.00998645168764533,409,0.9722070693969727,-150.4220016
3735,-168.29584,0.24092455180263314,0.00998645168764533,945,2.2897698879241943,-150.4086332
3736,-151.86087999999992,0.22437005192498635,0.00998645168764533,1161,2.7687528133392334,-150.0358264
3737,-185.02200000000002,0.4324175872887573,0.00998645168764533,137,0.340045690536499,-150.2496244
3738,-159.35057999999992,0.19325541846040223,0.00998645168764533,675,1.624743938446045,-150.06372879999998
3739,-170.32594,0.2825620793027836,0.00998645168764533,794,1.8855078220367432,-153.9865772
3740,-178.56590000000003,0.23681231022497748,0.00998645168764533,586,1.3969128131866455,-154.17478119999998
3741,-186.99462000000003,0.23823994174528554,0.00998645168764533,131,0.325333833694458,-154.36367639999997
3742,-177.61406000000002,0.22511477596678978,0.00998645168764533,590,1.4937081336975098,-154.7868244
3743,-159.87273999999994,0.2588154323163484,0.00998645168764533,846,2.0156362056732178,-154.6923512
3744,-190.42024000000004,0.23298564121860604,0.00998645168764533,193,0.45835185050964355,-155.16843839999999
3745,-166.99986,0.25674492402406834,0.00998645168764533,534,1.286529779434204,-155.1081116
3746,-196.23976000000002,0.38502270808281275,0.00998645168764533,224,0.5444860458374023,-155.56354679999998
3747,-163.53952,0.2754947932583643,0.00998645168764533,521,1.2514171600341797,-159.4077132
3748,-190.99134000000004,0.3650151279423086,0.00998645168764533,174,0.41642284393310547,-159.990714
3749,-171.12022000000005,0.3075829993256913,0.00998645168764533,530,1.2558331489562988,-160.0813788
3750,-164.7786199999999,0.3911021385513664,0.00998645168764533,1106,2.6503891944885254,-159.9114344
3751,-188.12122,0.29044006385622506,0.00998645168764533,235,0.5661001205444336,-160.2867484
3752,-159.85555999999994,0.3927000277341216,0.00998645168764533,788,1.8843660354614258,-159.994946
3753,18.63736000000007,0.3900377062359124,0.00998645168764533,1616,3.859231948852539,-156.2429368
3754,-164.68096000000003,0.29480350205674766,0.00998645168764533,425,1.0133030414581299,-156.41932
3755,-187.97096000000002,0.4286827808324942,0.00998645168764533,177,0.4202609062194824,-156.40796279999998
3756,-163.99095999999992,0.3615748113997291,0.00998645168764533,729,1.752195119857788,-155.86795519999998
3757,-158.34601999999995,0.41257530575817625,0.00998645168764533,719,1.7119231224060059,-155.5739256
3758,-167.28832000000003,0.42576252986439006,0.00998645168764533,497,1.1788311004638672,-155.4237016
3759,-165.13793999999993,0.3548146297234356,0.00998645168764533,1243,2.9557509422302246,-155.4693964
3760,-189.7402,0.4791849465876045,0.00998645168764533,164,0.3925139904022217,-155.6130168
3761,-154.87183999999996,0.34035373905291116,0.00998645168764533,560,1.3283500671386719,-155.46775159999999
3762,-164.56100000000004,0.34932097012617946,0.00998645168764533,469,1.1161370277404785,-155.347706
3763,-175.9845,0.3312502721187155,0.00998645168764533,915,2.1894588470458984,-155.27534319999998
3764,-169.31152000000006,0.2881923747863442,0.00998645168764533,729,1.7240848541259766,-155.2401764
3765,-179.10288000000003,0.34588396134564564,0.00998645168764533,609,1.4381110668182373,-159.40009799999999
3766,-166.07628,0.27170655503179186,0.00998645168764533,540,1.2993059158325195,-159.40986999999998
3767,-158.2758399999999,0.26589529355483743,0.00998645168764533,1016,2.4080557823181152,-158.8776192
3768,-154.15813999999992,0.27362618679264267,0.00998645168764533,1115,2.6574699878692627,-158.86524359999999
3769,-198.56212,0.36295665263658367,0.00998645168764533,332,0.8010141849517822,-159.06582279999998
3770,-163.98848000000004,0.33649699790460386,0.00998645168764533,489,1.1635820865631104,-159.2377596
3771,-162.18499999999997,0.32438253919780985,0.00998645168764533,508,1.2060401439666748,-159.27773639999998
3772,-186.9823,0.25706792527239825,0.00998645168764533,134,0.31661391258239746,-159.842798
3773,-178.92032,0.3317450226018029,0.00998645168764533,601,1.454871654510498,-159.68836879999998
3774,-172.99164,0.34783051738180865,0.00998645168764533,924,2.1972851753234863,-159.85133119999998
3775,-164.49275999999998,0.33176005347555304,0.00998645168764533,669,1.5849850177764893,-159.7114196
3776,10.729519999999996,0.3225868485322663,0.00998645168764533,608,1.4661712646484375,-156.043416
3777,-181.31380000000001,0.3289117739513153,0.00998645168764533,164,0.3910038471221924,-156.30492479999998
3778,-166.35304000000002,0.2353527131727857,0.00998645168764533,353,0.8402338027954102,-159.8993952
3779,-159.06428,0.38762583078699203,0.00998645168764533,508,1.2255802154541016,-159.64478359999998
3780,-167.84894,0.3831461533198177,0.00998645168764533,723,1.7119810581207275,-159.9496688
3781,-161.2601,0.32443940495957413,0.00998645168764533,1055,2.521286964416504,-159.78245719999998
3782,-189.08934000000002,0.23890130007852808,0.00998645168764533,131,0.31133079528808594,-164.04533199999997
3783,-164.2043,0.39062792723018086,0.00998645168764533,950,2.315012216567993,-164.01327279999998
3784,-188.53882000000002,0.30807830535734143,0.00998645168764533,154,0.39149904251098633,-164.5178924
3785,-186.12768,0.5013892894300321,0.00998645168764533,144,0.34540486335754395,-164.87452919999998
3786,-166.07930000000005,0.3792867753378021,0.00998645168764533,690,1.6493020057678223,-165.1588976
3787,-171.72568,0.43832980126444115,0.00998645168764533,809,1.9347362518310547,-164.8929712
3788,17.25032000000001,0.4272139931537608,0.00998645168764533,1088,2.5974268913269043,-161.3609532
3789,-180.50038,0.31991772476692487,0.00998645168764533,274,0.646395206451416,-161.56444199999999
3790,-162.74891999999994,0.3644044157993266,0.00998645168764533,1372,3.2376880645751953,-161.2481024
3791,-164.59372,0.25583955354898447,0.00998645168764533,620,1.4667558670043945,-160.8000844
3792,-184.32428000000002,0.3044768783833333,0.00998645168764533,157,0.375579833984375,-160.9342888
3793,-171.58298,0.4048056043755954,0.00998645168764533,847,2.0010600090026855,-161.1684936
3794,-186.64178,0.24471916541816635,0.00998645168764533,114,0.26865220069885254,-161.0929244
3795,-189.22822000000002,0.37440510355135337,0.00998645168764533,187,0.4413108825683594,-161.53749159999998
3796,-169.9993,0.28071530197354577,0.00998645168764533,719,1.706775188446045,-161.0126824
3797,-161.69117999999992,0.30263325235755956,0.00998645168764533,683,1.5982730388641357,-160.97571559999997
3798,-173.97354000000004,0.29593543247771664,0.00998645168764533,711,1.6700541973114014,-160.6353596
3799,-182.55018,0.3177511811694678,0.00998645168764533,170,0.41103601455688477,-160.8639588
3800,-171.22706000000002,0.4191330330143237,0.00998645168764533,679,1.613368034362793,-160.9929276
3801,-168.81656000000004,0.3940227177450886,0.00998645168764533,473,1.1875791549682617,-160.6068344
3802,-173.78310000000002,0.36977472008058415,0.00998645168764533,606,1.4542107582092285,-160.8853852
3803,-168.23342000000005,0.3273944209280833,0.00998645168764533,742,1.7580952644348145,-164.6228008
3804,-155.3952799999999,0.35414857055872445,0.00998645168764533,577,1.3521459102630615,-164.43708719999998
3805,-166.86651999999998,0.3373710773374429,0.00998645168764533,629,1.4877359867095947,-164.0149984
3806,-172.88884000000002,0.3384200005483333,0.00998645168764533,917,2.1593639850616455,-164.192956
3807,-195.30800000000002,0.3284668923459119,0.00998645168764533,225,0.5269060134887695,-164.9321956
3808,-157.0283399999999,0.35224611020014907,0.00998645168764533,859,2.0132572650909424,-164.72699599999999
3809,-162.65855999999997,0.3721012844875281,0.00998645168764533,729,1.7226769924163818,-164.6774084
3810,-189.75492000000003,0.4036420717948314,0.00998645168764533,165,0.3893711566925049,-164.67770280000002
3811,-184.88254000000003,0.4905384449781711,0.00998645168764533,134,0.31655311584472656,-165.27791679999999
3812,-184.88254000000003,0.32770449848178385,0.00998645168764533,134,0.3137319087982178,-165.6843476
3813,-164.5245,0.36794703103321996,0.00998645168764533,519,1.2186801433563232,-165.45514759999998
3814,-169.18866000000003,0.3611709415048793,0.00998645168764533,690,1.6234157085418701,-165.4526904
3815,-175.50838000000005,0.41183768486351535,0.00998645168764533,590,1.4390699863433838,-165.3808004
3816,-157.62839999999997,0.43546984191186205,0.00998645168764533,976,2.2931888103485107,-165.2118428
3817,-165.82518000000002,0.36221210320481295,0.00998645168764533,827,2.0751149654388428,-165.3628296
3818,-188.53882000000002,0.2487639845530321,0.00998645168764533,154,0.37873220443725586,-166.05044320000002
3819,-169.92932000000002,0.3893829480811033,0.00998645168764533,1028,2.573690176010132,-165.47778720000002
3820,-184.88254000000003,0.42084855768037266,0.00998645168764533,134,0.3161778450012207,-165.8956684
3821,-189.66312000000002,0.4382788594812155,0.00998645168764533,257,0.6130433082580566,-166.4452308
3822,-171.49688000000003,0.3533398468823722,0.00998645168764533,649,1.5841548442840576,-166.1355224
3823,-162.28315999999998,0.37395987090280586,0.00998645168764533,956,2.407172203063965,-165.8027792
3824,-157.3211399999999,0.4458633515115761,0.00998645168764533,898,2.255681037902832,-165.4893692
3825,-190.99134000000004,0.41884897787380837,0.00998645168764533,174,0.42357873916625977,-166.01934079999998
3826,-169.81960000000007,0.41438838754833307,0.00998645168764533,265,0.6553940773010254,-169.63032320000002
3827,-168.65184,0.440495013361821,0.00998645168764533,768,1.932974100112915,-169.377084
3828,33.09104000000009,0.3491313757814674,0.00998645168764533,1080,2.7120492458343506,-165.3882024
3829,-166.91989999999996,0.2938264268899223,0.00998645168764533,1214,2.97879695892334,-165.54531480000003
3830,-153.15133999999992,0.306182464822325,0.00998645168764533,827,1.973587989807129,-165.25136279999998
3831,-172.34912,0.25043390833562995,0.00998645168764533,937,2.251882791519165,-165.4731432
3832,-166.56828,0.24384988490583412,0.00998645168764533,612,1.4612579345703125,-165.022722
3833,-157.6013399999999,0.2847395673828525,0.00998645168764533,1471,3.6749038696289062,-164.8906628
3834,-158.31519999999992,0.22253983597279794,0.00998645168764533,969,2.298508644104004,-164.28619039999998
3835,-167.45022000000003,0.29125928999671086,0.00998645168764533,755,1.9643309116363525,-163.9126412
3836,-175.19610000000003,0.2420315863482662,0.00998645168764533,966,2.3201141357421875,-164.0949772
3837,-167.19827999999998,0.21366432923537226,0.00998645168764533,748,1.9141221046447754,-164.00442919999998
3838,-165.36092,0.2111534674340604,0.00998645168764533,709,1.8267037868499756,-167.65665399999997
3839,-190.99134000000004,0.2916908961822461,0.00998645168764533,174,0.4706289768218994,-167.8664732
3840,-160.72276,0.26872968394109253,0.00998645168764533,1164,3.2065200805664062,-167.82595
3841,-188.02904,0.29297928208151186,0.00998645168764533,184,0.4484419822692871,-168.29465639999998
3842,-162.60443999999995,0.22431369718409577,0.00998645168764533,1021,2.4664509296417236,-167.86025959999998
3843,-199.2142,0.26907502279731715,0.00998645168764533,365,0.8684191703796387,-168.41288400000002
3844,-186.99462000000003,0.33153650477059354,0.00998645168764533,131,0.30632901191711426,-168.4199408
3845,-162.20372,0.2800430406671472,0.00998645168764533,508,1.2025811672210693,-167.8794508
3846,-171.88946,0.32497520327548496,0.00998645168764533,619,1.4599339962005615,-167.91725399999999
3847,-166.73548000000002,0.3011308245411258,0.00998645168764533,1164,2.720273017883301,-168.01814
3848,-171.76804000000004,0.3404930087701375,0.00998645168764533,461,1.0728340148925781,-167.97402999999997
3849,-148.72471999999988,0.29959818297918284,0.00998645168764533,1016,2.365462064743042,-167.29752079999997
3850,-159.11945999999995,0.3371774664336897,0.00998645168764533,1054,2.434492826461792,-167.0553688
3851,-151.41215999999994,0.2678838400413867,0.00998645168764533,688,1.5827372074127197,-166.7072808
3852,-185.73692,0.3027551741594629,0.00998645168764533,124,0.2897641658782959,-166.9463572
3853,-185.73692,0.32552290451337373,0.00998645168764533,124,0.2876870632171631,-167.2964272
3854,-174.84260000000003,0.3160276397300715,0.00998645168764533,748,1.725719928741455,-167.6853736
3855,-160.63865999999985,0.3568728596960403,0.00998645168764533,1078,2.4863808155059814,-167.5608164
3856,-161.51247999999998,0.3493473124968436,0.00998645168764533,921,2.128696918487549,-167.3332892
3857,-159.59799999999993,0.33714156678579316,0.00998645168764533,777,1.7834539413452148,-166.6190892
3858,30.016400000000115,0.24796784281245138,0.00998645168764533,1032,2.372889995574951,-162.87819439999998
3859,-161.94845999999995,0.2861547550805564,0.00998645168764533,847,1.947160005569458,-162.8639924
3860,-189.75492000000003,0.3265538231215694,0.00998645168764533,165,0.38132405281066895,-162.8639924
3861,-170.42406000000003,0.29012194123552854,0.00998645168764533,846,1.9510910511016846,-162.5748228
3862,-184.88182000000003,0.11700840611983813,0.00998645168764533,134,0.3195838928222656,-162.5748084
3863,-164.7951,0.25858579653685965,0.00998645168764533,1030,2.389707088470459,-162.58022039999997
3864,-172.66827999999998,0.2917722672166568,0.00998645168764533,956,2.2476742267608643,-162.64981279999998
3865,-163.90741999999997,0.33153107290713474,0.00998645168764533,742,1.7044620513916016,-162.41779359999998
3866,24.562880000000206,0.24096841461266771,0.00998645168764533,1488,3.420830011367798,-158.773968
3867,-179.93736,0.2621342625360315,0.00998645168764533,600,1.3786368370056152,-159.05621159999998
3868,19.389440000000015,0.242137461207548,0.00998645168764533,1136,2.645267963409424,-154.89764639999999
3869,-169.13894,0.21782434887641314,0.00998645168764533,755,1.73838210105896,-154.8818388
3870,-158.38033999999996,0.17460129086073276,0.00998645168764533,719,1.654109001159668,-154.35179479999996
3871,-171.70461999999995,0.2089684077828513,0.00998645168764533,758,1.745927333831787,-153.9926248
3872,-181.33310000000003,0.2651846667868958,0.00998645168764533,667,1.5327088832855225,-154.18934919999998
3873,-165.27844000000002,0.16063827407975118,0.00998645168764533,404,0.9248831272125244,-154.2492548
3874,-157.94869999999995,0.2265983022343012,0.00998645168764533,1006,2.309654951095581,-154.26180599999998
3875,-188.53882000000002,0.1847768520585612,0.00998645168764533,154,0.36176514625549316,-154.21275559999998
3876,-173.25304000000003,0.2868265321291983,0.00998645168764533,1025,2.35770320892334,-154.2814244
3877,-195.30800000000002,0.23089656357342997,0.00998645168764533,225,0.5202381610870361,-154.8145476
3878,-186.12696,0.1749442305170103,0.00998645168764533,144,0.33249711990356445,-159.19890759999998
3879,-158.02259999999993,0.25532478660841607,0.00998645168764533,709,1.6362760066986084,-159.02096159999996
3880,-190.99134000000004,0.27279825383347683,0.00998645168764533,174,0.40053892135620117,-159.77776159999996
3881,-161.06767999999997,0.28797847881312094,0.00998645168764533,753,1.7372560501098633,-159.55213279999998
3882,-159.97261999999998,0.2691351227370359,0.00998645168764533,699,1.6183221340179443,-159.4202196
3883,-165.10651999999993,0.2879421618739186,0.00998645168764533,1085,2.5064480304718018,-159.5703232
3884,-165.89246000000006,0.3355441318196786,0.00998645168764533,430,0.9856162071228027,-159.72186839999998
3885,-171.57717999999994,0.30544152769417,0.00998645168764533,1395,3.195188283920288,-159.8044076
3886,-178.67614000000003,0.260799496006852,0.00998645168764533,590,1.35201096534729,-159.87400839999998
3887,-163.56583999999995,0.3195585896362184,0.00998645168764533,976,2.2425708770751953,-159.80135959999998
3888,-165.1874,0.29416335640689306,0.00998645168764533,748,1.7525479793548584,-159.7978892
3889,-166.10298,0.37892743062072426,0.00998645168764533,491,1.1285748481750488,-159.300122
3890,-156.2497599999999,0.32405693437673716,0.00998645168764533,768,1.7671070098876953,-159.21066199999999
3891,-182.21866000000003,0.32698555349057856,0.00998645168764533,154,0.3572232723236084,-159.0944544
3892,-160.5902199999999,0.36480969687122944,0.00998645168764533,1035,2.4314968585968018,-159.05416999999997
3893,-178.91462,0.2677108312178064,0.00998645168764533,550,1.2727222442626953,-158.64817839999998
3894,-165.81566000000004,0.37918788857952973,0.00998645168764533,430,0.9895989894866943,-158.22459919999997
3895,-181.21680000000003,0.30599429043642995,0.00998645168764533,609,1.4170351028442383,-158.60486079999998
3896,-168.41174000000004,0.24534405420272057,0.00998645168764533,451,1.0600717067718506,-158.53530639999997
3897,-171.79330000000004,0.27423932188231503,0.00998645168764533,659,1.5174479484558105,-158.63646279999998
3898,-165.3944799999999,0.3272526858282969,0.00998645168764533,1089,2.56254506111145,-158.50899159999997
3899,-179.67742,0.2501564462827045,0.00998645168764533,590,1.3535428047180176,-159.12804559999998
3900,-158.33427999999992,0.27068887239319284,0.00998645168764533,669,1.5372958183288574,-159.11234199999998
3901,-158.14079999999996,0.31813520329571005,0.00998645168764533,808,1.8722560405731201,-159.24691479999998
3902,-167.35420000000005,0.2436425994540938,0.00998645168764533,701,1.6185870170593262,-158.8792604
3903,-169.9874,0.33569045410707365,0.00998645168764533,781,1.7924349308013916,-158.56426999999996
3904,-163.10462,0.3147547598561813,0.00998645168764533,699,1.639779806137085,-158.32951039999998
3905,-169.29003999999995,0.31384915632456617,0.00998645168764533,989,2.4282100200653076,-158.502538
3906,-185.93038,0.34885950878248617,0.00998645168764533,134,0.32669997215270996,-158.99089599999996
3907,-161.8617399999999,0.2770210577364274,0.00998645168764533,935,2.1942191123962402,-159.03617079999998
3908,-173.75486,0.3062753458886924,0.00998645168764533,1006,2.351079225540161,-163.111596
3909,-161.76562,0.28392591334727085,0.00998645168764533,587,1.400982141494751,-163.10793919999998
3910,-194.97072000000003,0.2927910471758382,0.00998645168764533,209,0.49137091636657715,-163.2122552
3911,34.27640000000012,0.34097750369565877,0.00998645168764533,1032,2.4206531047821045,-159.11824599999997
3912,-156.97683999999998,0.2635477118261061,0.00998645168764533,612,1.4090700149536133,-158.56014639999998
3913,-161.8508999999999,0.3019897419729553,0.00998645168764533,1135,2.6683900356292725,-158.50126239999997
3914,-156.89839999999987,0.27914469763299704,0.00998645168764533,857,2.0025527477264404,-158.1858648
3915,-167.07484,0.26967699627857655,0.00998645168764533,788,1.9046852588653564,-158.24921319999999
3916,-166.6492,0.27175979606118716,0.00998645168764533,817,2.003264904022217,-162.07345479999998
3917,-157.44103999999993,0.23567910390304708,0.00998645168764533,1016,2.5257890224456787,-161.62352839999997
3918,-157.77005999999992,0.2667825482599022,0.00998645168764533,898,2.5900299549102783,-165.16671839999998
3919,-153.93991999999992,0.26817911734742766,0.00998645168764533,905,2.234248161315918,-164.86273799999998
3920,-161.77643999999995,0.23346505712786234,0.00998645168764533,789,2.0568559169769287,-164.93066
3921,-172.56678,0.23218299312424576,0.00998645168764533,846,2.0425639152526855,-164.94790319999996
3922,-168.08092000000002,0.24397936747926804,0.00998645168764533,837,2.001678943634033,-164.68285959999997
3923,-184.89642,0.3032991074198098,0.00998645168764533,135,0.31804704666137695,-165.0752192
3924,-167.90923999999998,0.2845966099235545,0.00998645168764533,781,1.8139431476593018,-165.27443
3925,-163.10269999999997,0.323019382731059,0.00998645168764533,699,1.637017011642456,-164.76570759999998
3926,-172.24036000000004,0.28569347818792046,0.00998645168764533,836,1.9472429752349854,-164.745454
3927,-171.54282000000006,0.29691304586836337,0.00998645168764533,651,1.5126440525054932,-164.27015039999998
3928,-177.59806000000003,0.25107531718736104,0.00998645168764533,590,1.3539938926696777,-164.0995724
3929,-169.27999999999997,0.24997320303243378,0.00998645168764533,745,1.7428877353668213,-164.32472039999996
3930,-176.78208,0.27252999797754746,0.00998645168764533,601,1.4405360221862793,-164.04053519999997
3931,-155.55183999999997,0.2556056223226594,0.00998645168764533,888,2.0675277709960938,-163.93021839999997
3932,-165.33871999999997,0.2795428861920848,0.00998645168764533,1145,2.6926429271698,-164.0375404
3933,-159.92574,0.257820621672188,0.00998645168764533,651,1.5564720630645752,-163.9339248
3934,31.037520000000068,0.309321966991749,0.00998645168764533,1720,4.025920152664185,-159.9953252
3935,-176.47586000000004,0.2154285137212456,0.00998645168764533,631,1.450308084487915,-160.09329879999999
3936,-170.22592000000003,0.255384909572886,0.00998645168764533,737,1.6932270526885986,-159.92429439999998
3937,-189.08742,0.3550777020615362,0.00998645168764533,131,0.3021731376647949,-160.43472599999998
3938,20.57471999999999,0.2474538765093139,0.00998645168764533,1080,2.5205187797546387,-156.7194836
3939,-154.1011599999999,0.2466109196052668,0.00998645168764533,669,1.554975986480713,-156.47944719999998
3940,-187.12243999999998,0.24299828798975795,0.00998645168764533,340,0.7848320007324219,-157.0969008
3941,-170.00791999999998,0.29295917926611703,0.00998645168764533,729,1.6868422031402588,-156.85268599999998
3942,-159.01168,0.20252263154261904,0.00998645168764533,553,1.3004422187805176,-156.82111519999998
3943,-190.34692,0.23476942768399905,0.00998645168764533,293,0.688626766204834,-157.0497612
3944,-166.81559999999996,0.23284498951907248,0.00998645168764533,777,1.8616409301757812,-157.06975999999997
3945,-168.04394000000002,0.20292948697771662,0.00998645168764533,382,0.8817291259765625,-156.80630279999997
3946,-155.3952799999999,0.28363252830719077,0.00998645168764533,577,1.3220970630645752,-156.54597359999997
3947,-169.51256,0.2970462419797579,0.00998645168764533,905,2.1355531215667725,-156.5003588
3948,-184.88182000000003,0.25830038226862895,0.00998645168764533,134,0.31047797203063965,-156.8901056
3949,-189.75492000000003,0.32818761134350843,0.00998645168764533,165,0.3791799545288086,-157.09165559999997
3950,-188.40536000000003,0.41312014808444436,0.00998645168764533,249,0.5929961204528809,-157.69307719999998
3951,-163.02121999999991,0.28236124222249304,0.00998645168764533,847,1.9831218719482422,-157.7906856
3952,-186.64178,0.21621248032080762,0.00998645168764533,114,0.2667100429534912,-158.17643719999998
3953,26.57712000000005,0.3733337946601787,0.00998645168764533,1192,2.767353057861328,-154.2451468
3954,-164.12894,0.3567279629430631,0.00998645168764533,699,1.636282205581665,-154.26563319999997
3955,-157.8539,0.3000741257473155,0.00998645168764533,899,2.1013877391815186,-154.03691039999998
3956,-161.21117999999993,0.35261125022662515,0.00998645168764533,907,2.1228127479553223,-153.54252639999999
3957,-158.2138999999999,0.33427510674983285,0.00998645168764533,719,1.6863129138946533,-153.46956959999997
3958,29.157680000000056,0.3802719181702777,0.00998645168764533,1416,3.2982678413391113,-149.41131879999998
3959,-153.6058199999999,0.2959420986628781,0.00998645168764533,690,1.6216180324554443,-149.24812279999998
3960,-167.23997999999995,0.2715756321625835,0.00998645168764533,798,1.8350651264190674,-148.69350799999998
3961,-186.64178,0.38271758472546935,0.00998645168764533,114,0.26250696182250977,-153.11187159999997
3962,-161.57877999999994,0.2806581624106762,0.00998645168764533,827,1.9123430252075195,-153.20391039999998
3963,-163.39353999999992,0.2883233005059172,0.00998645168764533,1323,3.027933120727539,-153.23476319999997
3964,-171.49166000000002,0.2310034079820776,0.00998645168764533,946,2.152452230453491,-153.52662839999996
3965,-171.60802000000007,0.27839448959574425,0.00998645168764533,599,1.3691859245300293,-153.617292
3966,-186.98038000000003,0.21061387626148426,0.00998645168764533,134,0.3157370090484619,-154.02391559999998
3967,-160.53609999999992,0.29222802638440154,0.00998645168764533,778,1.8370270729064941,-154.08581679999998
3968,-185.46550000000002,0.23981228253613568,0.00998645168764533,259,0.6114048957824707,-154.6397256
3969,-199.68688000000003,0.18292477303001745,0.00998645168764533,433,1.0258140563964844,-155.55466479999998
3970,-188.53882000000002,0.18446582514949916,0.00998645168764533,154,0.36304497718811035,-156.0899124
3971,-169.23674000000003,0.2534317003191867,0.00998645168764533,690,1.6171281337738037,-156.0233116
3972,-165.53649999999996,0.34943086645723165,0.00998645168764533,1155,2.704740047454834,-155.97242319999998
3973,-177.00050000000002,0.28496325077872925,0.00998645168764533,655,1.7342262268066406,-155.8145048
3974,-189.7402,0.3665488384913926,0.00998645168764533,164,0.41825294494628906,-156.25112399999998
3975,-190.44998,0.3747130493108088,0.00998645168764533,195,0.5738089084625244,-156.7980696
3976,-166.62691999999996,0.4156989779944883,0.00998645168764533,469,1.141847848892212,-156.68580079999998
3977,26.290240000000082,0.37884116927626166,0.00998645168764533,1424,3.344198226928711,-152.72913959999997
3978,-161.65975999999995,0.3386866608147937,0.00998645168764533,976,2.263594150543213,-152.41037359999999
3979,-167.77998,0.32960578329448914,0.00998645168764533,619,1.745811939239502,-152.38037319999998
3980,-167.89198000000002,0.28531674087014897,0.00998645168764533,570,1.421278953552246,-152.2025712
3981,-155.56683999999996,0.4189135148204401,0.00998645168764533,645,1.58455491065979,-152.2028712
3982,-187.42006,0.30147328473498475,0.00998645168764533,202,0.5022087097167969,-152.644498
3983,-167.02325999999996,0.31740589686192167,0.00998645168764533,1327,4.102611064910889,-152.78644839999998
3984,-168.44296000000008,0.32457175866147736,0.00998645168764533,704,2.340161085128784,-156.776058
3985,-190.99134000000004,0.2206646875349869,0.00998645168764533,174,0.477370023727417,-157.0663676
3986,-169.97698000000003,0.3188888505272613,0.00998645168764533,326,0.8258521556854248,-157.06138879999997
3987,-186.9969,0.39268631850265795,0.00998645168764533,135,0.33218884468078613,-157.0195784
3988,-169.40912,0.33160746846282035,0.00998645168764533,649,1.594223976135254,-160.8192552
3989,-175.42646000000002,0.2881373353191983,0.00998645168764533,590,1.456024169921875,-161.24576119999998
3990,-198.77838,0.3621080635287064,0.00998645168764533,342,0.8569002151489258,-161.47888
3991,-155.72613999999987,0.35965797737853167,0.00998645168764533,1095,2.7028210163116455,-161.1932444
3992,-154.27113999999992,0.29102930558430923,0.00998645168764533,1119,2.7487950325012207,-161.0984336
3993,-187.97672000000003,0.2514591845657445,0.00998645168764533,177,0.44103503227233887,-161.0510296
3994,-176.54558000000003,0.3941245750263649,0.00998645168764533,590,1.414430856704712,-161.2456292
3995,-164.6037199999999,0.3353533106773601,0.00998645168764533,1412,3.3820457458496094,-161.17682479999996
3996,-161.51251999999994,0.3290713953842943,0.00998645168764533,877,2.0706779956817627,-161.2991696
3997,-158.57351999999983,0.32538362187117276,0.00998645168764533,1185,2.8302218914031982,-161.08038879999998
3998,-162.22217999999992,0.3119053693801187,0.00998645168764533,991,2.411653757095337,-160.627196
3999,-163.96078,0.3725116169614052,0.00998645168764533,846,2.071242094039917,-160.11131319999998
4000,-162.18316,0.2757362095953758,0.00998645168764533,996,2.461038112640381,-159.5868692
4001,-184.02576000000002,0.34584023984563017,0.00998645168764533,144,0.36681604385375977,-160.00696
4002,-167.50720000000004,0.2953481137410165,0.00998645168764533,457,1.1556191444396973,-159.62426839999998
4003,-163.86911999999998,0.27868007935299166,0.00998645168764533,537,1.298534870147705,-163.43319319999998
4004,-166.65674,0.2205282829794926,0.00998645168764533,871,2.100496768951416,-163.48374919999998
4005,-179.69278000000003,0.3455218857099002,0.00998645168764533,590,1.404921054840088,-163.92052679999998
4006,-169.31389999999996,0.22951880153246584,0.00998645168764533,847,2.1210973262786865,-164.0825812
4007,-170.36612000000002,0.26887994615503036,0.00998645168764533,748,1.8021018505096436,-164.3256256
4008,-174.00920000000002,0.29230004589157377,0.00998645168764533,521,1.293194055557251,-168.3889632
4009,-167.72842000000009,0.30397887139992774,0.00998645168764533,767,1.8404810428619385,-168.67141519999998
4010,-156.5217599999999,0.29926243705870037,0.00998645168764533,1041,2.4888510704040527,-168.4570508
4011,-186.9823,0.350767145183549,0.00998645168764533,134,0.3224167823791504,-168.4638612
4012,-158.97705999999997,0.38465367541499734,0.00998645168764533,1002,2.3956968784332275,-168.41182679999997
4013,-170.83416000000003,0.34869853414049573,0.00998645168764533,816,1.9621257781982422,-168.5606392
4014,-164.30536000000006,0.3394964899067923,0.00998645168764533,1353,3.4099671840667725,-168.41691319999998
4015,-189.75492000000003,0.17356032916824474,0.00998645168764533,165,0.40200304985046387,-168.77985119999997
4016,13.40792,0.276007183288879,0.00998645168764533,728,1.760957956314087,-164.7720852
4017,-170.16830000000002,0.24634393124837975,0.00998645168764533,586,1.3962559700012207,-164.9647292
4018,-163.18063999999993,0.34011772534081547,0.00998645168764533,808,1.9304308891296387,-164.519032
4019,-162.66206000000003,0.24851574928413123,0.00998645168764533,430,1.1213459968566895,-163.7785356
4020,-172.84680000000003,0.28547520548554844,0.00998645168764533,609,1.4972810745239258,-163.4646952
4021,-163.67911999999995,0.2740684218816396,0.00998645168764533,1184,2.937732219696045,-163.35354279999999
4022,-188.53882000000002,0.3258333717557517,0.00998645168764533,154,0.3744809627532959,-163.8135892
4023,-167.45352000000003,0.2597369142366564,0.00998645168764533,808,1.9565932750701904,-163.6226496
4024,-186.64178,0.4340223675683598,0.00998645168764533,114,0.27425408363342285,-163.5606812
4025,-184.88110000000003,0.32878188496288746,0.00998645168764533,134,0.31764984130859375,-163.44930359999998
4026,-168.15292,0.3432946940575079,0.00998645168764533,1221,2.90669322013855,-163.4798236
4027,-177.85732000000004,0.2893472815707117,0.00998645168764533,749,1.793964147567749,-167.5627748
4028,-162.29093999999998,0.3065365659174154,0.00998645168764533,847,2.0391509532928467,-167.5753984
4029,-163.40855999999997,0.34008432933660515,0.00998645168764533,768,1.9834098815917969,-167.48797
4030,-182.39082000000002,0.3066408631818894,0.00998645168764533,362,1.0069212913513184,-167.7779468
4031,-168.54040000000003,0.3244190165756403,0.00998645168764533,560,1.355875015258789,-168.037418
4032,-160.74311999999998,0.2722817182457692,0.00998645168764533,1041,2.6917667388916016,-167.5038792
4033,-165.6925599999999,0.31829238231885415,0.00998645168764533,921,2.2012150287628174,-167.4772652
4034,-164.79078,0.3549333773401342,0.00998645168764533,827,1.998000144958496,-167.40422159999997
4035,-190.44998,0.3591574728154601,0.00998645168764533,195,0.46982669830322266,-167.3933944
4036,-163.06871999999993,0.26151037442029995,0.00998645168764533,1033,2.5209200382232666,-167.2552292
4037,-170.32185999999996,0.3531419980374355,0.00998645168764533,887,2.146129846572876,-166.9217284
4038,-170.10976000000005,0.29108545083001675,0.00998645168764533,1065,2.5530669689178467,-166.93574119999997
4039,-168.29694,0.3265119657990637,0.00998645168764533,798,1.8801889419555664,-166.7931508
4040,-162.99022,0.2694724316892586,0.00998645168764533,846,2.075740098953247,-166.0773876
4041,-170.13664,0.2774617223460583,0.00998645168764533,785,1.860388994216919,-166.3655976
4042,-167.28096000000005,0.3073663528662885,0.00998645168764533,897,2.1997690200805664,-166.62579399999998
4043,-157.37127999999998,0.28247566927040435,0.00998645168764533,729,1.737797737121582,-166.0136852
4044,-162.10703999999998,0.29635129858034265,0.00998645168764533,808,1.9623820781707764,-165.7249144
4045,-156.08349999999996,0.22750643728759262,0.00998645168764533,699,1.7030940055847168,-165.55451000000002
4046,-157.05719999999988,0.26821578389496276,0.00998645168764533,761,1.8294050693511963,-165.4654036
4047,-162.2374399999999,0.23277351038640276,0.00998645168764533,1145,2.830242872238159,-165.538682
4048,-189.56550000000001,0.3441125947036987,0.00998645168764533,203,0.5518839359283447,-166.0855484
4049,-167.40919999999997,0.21914922172263596,0.00998645168764533,808,2.0245821475982666,-166.15451679999998
4050,-170.54984000000005,0.30175202978611315,0.00998645168764533,649,1.6279969215393066,-166.32185040000002
4051,-163.73237999999995,0.2836224974472044,0.00998645168764533,827,2.087759017944336,-165.9159828
4052,-153.26391999999993,0.300667625976585,0.00998645168764533,777,2.0057342052459717,-165.6311172
4053,-168.57588000000004,0.30127594296784993,0.00998645168764533,709,1.7994098663330078,-165.7252524
4054,-163.50833999999998,0.2756966327208566,0.00998645168764533,867,2.2059309482574463,-165.66228439999998
4055,-186.93814000000003,0.18964946630432178,0.00998645168764533,131,0.3202648162841797,-165.8071916
4056,-184.89714,0.3935632166625173,0.00998645168764533,135,0.32441091537475586,-166.1188564
4057,-184.88254000000003,0.2108055133608851,0.00998645168764533,134,0.31957483291625977,-166.4091848
4058,-168.7776199999999,0.28080079944381975,0.00998645168764533,1451,3.448798894882202,-166.30455320000002
4059,-184.88254000000003,0.34916673504761353,0.00998645168764533,134,0.33289217948913574,-166.6476356
4060,-165.45775999999998,0.37561477606172444,0.00998645168764533,1208,3.0438759326934814,-166.8263556
4061,-177.17616,0.3323447965121886,0.00998645168764533,768,1.968461036682129,-166.6302328
4062,-192.23072000000002,0.41308348646144505,0.00998645168764533,184,0.45749688148498535,-167.29530599999998
4063,-188.52392000000003,0.369772309668703,0.00998645168764533,153,0.3773519992828369,-167.64910120000002
4064,-156.5431799999999,0.4037835964260283,0.00998645168764533,778,2.0192067623138428,-167.49385759999998
4065,-167.62569999999994,0.3393055214628521,0.00998645168764533,1194,2.9929628372192383,-167.0512732
4066,-178.88616000000005,0.3240402779557432,0.00998645168764533,600,1.4822912216186523,-170.89715479999998
4067,-195.30800000000002,0.2024327932132615,0.00998645168764533,225,0.5622670650482178,-171.39994879999998
4068,-175.89880000000002,0.3458121058797198,0.00998645168764533,560,1.3678252696990967,-171.654312
4069,-180.44970000000004,0.2791339888511335,0.00998645168764533,170,0.4205491542816162,-172.0100648
4070,-162.35147999999995,0.4139866467532037,0.00998645168764533,1204,2.9895007610321045,-171.8001584
4071,15.877680000000021,0.35004170519680755,0.00998645168764533,1792,4.323616027832031,-168.20902239999998
4072,-166.16214000000002,0.2394500936907868,0.00998645168764533,798,1.9278931617736816,-167.7614888
4073,-168.52312,0.32146710999492956,0.00998645168764533,560,1.3514900207519531,-167.7828808
4074,-160.55841999999998,0.3089709342732681,0.00998645168764533,778,1.9871301651000977,-167.26121359999996
4075,-160.54631999999992,0.2535905606210308,0.00998645168764533,1225,3.1900951862335205,-166.774518
4076,-162.37272,0.19599633783460982,0.00998645168764533,768,1.8515760898590088,-166.658914
4077,-194.96496000000002,0.2297107266689958,0.00998645168764533,209,0.522057056427002,-167.00106679999996
4078,-167.77066000000002,0.25861666531037314,0.00998645168764533,1263,3.12727427482605,-167.11066119999998
4079,-159.45815999999996,0.23111647824770853,0.00998645168764533,729,1.7754170894622803,-167.0316532
4080,-169.27738,0.1973764848755725,0.00998645168764533,887,2.1473381519317627,-166.76938439999998
4081,-163.68926,0.13579008464368172,0.00998645168764533,679,1.6807618141174316,-166.67236160000002
4082,-180.07638000000003,0.23613429351668494,0.00998645168764533,203,0.4892392158508301,-167.0590268
4083,-190.33768000000003,0.1830124079973266,0.00998645168764533,289,0.6922998428344727,-167.5519292
4084,-167.84671999999995,0.2972405743502739,0.00998645168764533,577,1.4549949169158936,-167.613048
4085,-158.47149999999996,0.32104121950936365,0.00998645168764533,534,1.2926359176635742,-166.97347839999998
4086,-162.56048000000004,0.3257718802703773,0.00998645168764533,921,2.227760076522827,-166.9633136
4087,-152.15607999999992,0.3063944387032468,0.00998645168764533,729,1.736057996749878,-166.59999799999997
4088,-199.04488,0.23953592167617602,0.00998645168764533,305,0.7235660552978516,-167.17870039999997
4089,-152.26025999999993,0.32947670740068224,0.00998645168764533,778,1.8441920280456543,-166.85796679999999
4090,-162.16995999999992,0.33418662179788183,0.00998645168764533,1197,2.861417293548584,-166.84156159999998
4091,-158.42423999999997,0.38297280252161237,0.00998645168764533,729,1.794673204421997,-166.60731359999997
4092,-166.54942000000005,0.3170635994750391,0.00998645168764533,563,1.343135118484497,-166.5926828
4093,-185.93038,0.18859765018378175,0.00998645168764533,134,0.32387828826904297,-167.16386479999997
4094,-178.89384000000004,0.3155714044432777,0.00998645168764533,600,1.4916799068450928,-167.49960079999997
4095,-193.7661,0.3165599667338719,0.00998645168764533,203,0.4946320056915283,-168.25325279999998
4096,-157.39097999999996,0.2738802871291028,0.00998645168764533,679,1.619685173034668,-168.25992839999998
4097,-170.19040000000004,0.4380509341633908,0.00998645168764533,785,1.9010109901428223,-168.4189876
4098,-157.71597999999994,0.3228007482025156,0.00998645168764533,798,1.9247949123382568,-167.7819972
4099,-165.10299999999998,0.34669448108103484,0.00998645168764533,1164,2.8899080753326416,-167.7358732
4100,-154.08451999999988,0.253232527421348,0.00998645168764533,869,2.134308099746704,-167.4065668
4101,-163.84048000000004,0.36149217538386164,0.00998645168764533,536,1.3289892673492432,-167.40872879999998
4102,-155.79989999999992,0.3153830571867575,0.00998645168764533,898,2.125887155532837,-167.4594484
4103,-187.8374,0.2762536951490948,0.00998645168764533,124,0.2929058074951172,-167.8446788
4104,-159.47735999999998,0.34067382203256624,0.00998645168764533,729,1.7318239212036133,-167.76405919999996
4105,-154.30407999999989,0.29669325523900625,0.00998645168764533,768,1.884774923324585,-167.111378
4106,-198.58516,0.33412797223069673,0.00998645168764533,332,0.8135788440704346,-167.3851384
4107,-158.52008,0.3162270961329341,0.00998645168764533,481,1.2038767337799072,-166.8578892
4108,-161.8812999999999,0.40964530608616767,0.00998645168764533,990,2.429413318634033,-166.7199628
4109,-167.91628000000003,0.27298605429683775,0.00998645168764533,629,1.6155049800872803,-166.38063759999997
4110,-156.76663999999997,0.3328329924320392,0.00998645168764533,649,1.5686018466949463,-166.2068152
4111,-165.41761999999997,0.3410099996872765,0.00998645168764533,1106,2.8591361045837402,-165.97164439999997
4112,-172.32636000000002,0.3136709328223434,0.00998645168764533,540,1.3222620487213135,-165.57355719999998
4113,-188.98856000000004,0.4129019244739579,0.00998645168764533,225,0.5558571815490723,-165.58285
4114,-171.30352000000002,0.3236795076140688,0.00998645168764533,689,1.6660521030426025,-165.87805679999997
4115,-199.20844000000002,0.34010073076678465,0.00998645168764533,365,0.8838462829589844,-166.50971159999997
4116,-160.95115999999996,0.4129552537859243,0.00998645168764533,748,1.8404009342193604,-166.15101159999998
4117,-166.20184,0.35719076508601616,0.00998645168764533,649,1.7160801887512207,-165.5688884
4118,-168.52210000000002,0.36543521623173797,0.00998645168764533,659,1.708225965499878,-165.42135439999998
4119,-174.88072000000003,0.3163854816199475,0.00998645168764533,953,2.4045140743255615,-165.3099748
4120,-172.49112000000002,0.3056681104276408,0.00998645168764533,897,2.2720601558685303,-165.51276759999996
4121,-189.7402,0.3642022791943263,0.00998645168764533,164,0.47716808319091797,-169.6251252
4122,-174.48926000000003,0.24029127232556752,0.00998645168764533,590,1.6432759761810303,-169.7916676
4123,-166.10584000000006,0.2518493199819646,0.00998645168764533,1161,2.8973848819732666,-169.74332199999998
4124,-168.31454000000005,0.3540249277720095,0.00998645168764533,547,1.3328368663787842,-169.89844440000002
4125,-187.63944000000004,0.4302696375182095,0.00998645168764533,161,0.3889436721801758,-170.4403068
4126,-166.60908,0.3369447592614666,0.00998645168764533,716,1.717979907989502,-170.52503399999998
4127,-185.73692,0.2989209902607986,0.00998645168764533,124,0.3119189739227295,-170.3404732
4128,-157.43146,0.3957625235716612,0.00998645168764533,678,1.6448240280151367,-170.13368920000002
4129,-178.84928000000002,0.3652547422689615,0.00998645168764533,793,2.025101900100708,-170.52151159999997
4130,-198.57940000000002,0.42649310243776045,0.00998645168764533,332,0.8122820854187012,-171.107552
4131,-165.41342000000003,0.31588121681309106,0.00998645168764533,1106,2.676500082015991,-171.14203519999998
4132,-190.99134000000004,0.2911677970149522,0.00998645168764533,174,0.41266393661499023,-171.3603344
4133,-188.87044,0.4536334681324661,0.00998645168764533,173,0.4402749538421631,-171.33098959999998
4134,-166.52157999999997,0.4021304908938415,0.00998645168764533,846,2.1162519454956055,-171.30448679999998
4135,-158.37865999999997,0.39552711659099427,0.00998645168764533,719,1.7695598602294922,-171.30263
4136,-167.30999999999997,0.34175453088554403,0.00998645168764533,801,2.0027408599853516,-171.39762039999997
4137,-158.92675999999994,0.39168267646452254,0.00998645168764533,788,1.9109020233154297,-171.53303400000001
4138,-169.52026000000004,0.3872555793805776,0.00998645168764533,755,1.8554291725158691,-170.9425416
4139,-167.80237999999994,0.2644495804187217,0.00998645168764533,778,1.9001452922821045,-171.253384
4140,-157.91673999999995,0.3719338476864384,0.00998645168764533,699,1.6676230430603027,-171.1683196
4141,-173.12952,0.37727295016254514,0.00998645168764533,1017,2.4746780395507812,-171.46242519999998
4142,-157.17629999999986,0.26844932359747403,0.00998645168764533,966,2.4689598083496094,-171.2749628
4143,-188.23968000000002,0.3252344170695223,0.00998645168764533,144,0.3519480228424072,-171.3211488
4144,-162.82886000000002,0.333402607935664,0.00998645168764533,986,2.3819987773895264,-170.9998492
4145,-162.91968,0.35616025134452245,0.00998645168764533,441,1.0851151943206787,-170.3829208
4146,-177.84972000000002,0.3252459083249172,0.00998645168764533,300,0.7445731163024902,-170.79209559999998
4147,-189.7402,0.329231278667022,0.00998645168764533,164,0.4254190921783447,-171.1830916
4148,-160.83755999999997,0.38280120525974226,0.00998645168764533,837,2.0490102767944336,-171.24552319999998
4149,-169.67176,0.29805479071801527,0.00998645168764533,560,1.3403058052062988,-171.3368984
4150,-171.3795,0.37129346175938316,0.00998645168764533,846,2.1013667583465576,-171.682798
4151,-170.38916000000006,0.36646189133357754,0.00998645168764533,748,1.9424288272857666,-171.8137716
4152,-164.32096,0.3971986224168047,0.00998645168764533,560,1.371978998184204,-171.9841928
4153,-174.08776,0.41367346953400436,0.00998645168764533,521,1.2943248748779297,-171.70919999999998
4154,-177.97590000000002,0.3006459607127962,0.00998645168764533,203,0.4842679500579834,-172.07917079999999
4155,-160.7136599999999,0.29933902942431917,0.00998645168764533,1135,2.7761707305908203,-172.2073624
4156,-159.0604799999999,0.32924815114949935,0.00998645168764533,1249,3.1141209602355957,-171.4168688
4157,-167.59700000000004,0.314135085965592,0.00998645168764533,612,1.5280351638793945,-171.5984072
4158,-188.98856000000004,0.2882387531983356,0.00998645168764533,225,0.5756289958953857,-172.14055240000002
4159,13.89655999999999,0.4097227282810226,0.00998645168764533,704,1.750227928161621,-168.5042956
4160,-173.84096000000005,0.3368769934683273,0.00998645168764533,409,1.0302879810333252,-168.84578199999999
4161,-165.1351999999999,0.32705423650067444,0.00998645168764533,1145,2.824972152709961,-168.8401336
4162,-164.17952000000002,0.2273749351165448,0.00998645168764533,352,0.8526210784912109,-168.6771968
4163,-161.16284000000002,0.30093669182782273,0.00998645168764533,508,1.2614221572875977,-168.1206824
4164,-186.9969,0.3255750826008066,0.00998645168764533,135,0.3275148868560791,-168.43455000000003
4165,-168.81902000000005,0.29597319253309634,0.00998645168764533,322,0.7718610763549805,-167.8267616
4166,-168.30018,0.3437425286834273,0.00998645168764533,1243,3.0430331230163574,-167.973742
4167,-169.02156,0.28572235927774997,0.00998645168764533,885,2.251883029937744,-168.0301364
4168,-172.15938000000003,0.32039166312115114,0.00998645168764533,915,2.2954461574554443,-168.102882
4169,-160.9547199999999,0.28757275175565566,0.00998645168764533,1065,2.64786696434021,-167.824362
4170,-170.12742,0.28304652339390035,0.00998645168764533,927,2.3862249851226807,-167.777088
4171,-161.4855399999999,0.36271005559169106,0.00998645168764533,867,2.2385547161102295,-167.21199479999999
4172,-164.30948,0.3376468481646308,0.00998645168764533,508,1.2719650268554688,-167.00839919999999
4173,-160.49967999999996,0.20669235198786765,0.00998645168764533,825,2.09801983833313,-166.896276
4174,-165.60585999999998,0.3188505675850931,0.00998645168764533,719,1.8208730220794678,-166.84210240000002
4175,-164.43139999999988,0.264996920233252,0.00998645168764533,1253,3.168694019317627,-166.37794159999999
4176,-168.94964,0.25450517170586734,0.00998645168764533,781,1.9906611442565918,-166.4247528
4177,-171.1465,0.24499343676392896,0.00998645168764533,1551,3.863886833190918,-166.13294439999999
4178,-176.45966,0.22418965696144227,0.00998645168764533,586,1.4744691848754883,-166.51350839999998
4179,-188.23968000000002,0.47640041578496395,0.00998645168764533,144,0.361220121383667,-166.7013164
4180,-170.65120000000002,0.2224161693327395,0.00998645168764533,560,1.3681919574737549,-166.14275239999998
4181,-165.55096,0.2698203052490359,0.00998645168764533,416,1.0142159461975098,-166.14550319999998
4182,-170.42378,0.2768568447180787,0.00998645168764533,847,2.094871759414673,-165.734152
4183,-178.90152000000003,0.27738686073028174,0.00998645168764533,600,1.4480490684509277,-165.53477359999997
4184,-179.2045,0.3214385072844458,0.00998645168764533,719,1.798738956451416,-165.788432
4185,-171.22232,0.2587713482352361,0.00998645168764533,937,2.252460241317749,-166.0453052
4186,34.079999999999984,0.24602169982078304,0.00998645168764533,1432,3.440181016921997,-162.0175052
4187,-167.37248,0.2246817499289717,0.00998645168764533,553,1.3229670524597168,-162.1864196
4188,-176.74648000000002,0.271341652974952,0.00998645168764533,600,1.4304301738739014,-162.330944
4189,-172.43874,0.29965166900855833,0.00998645168764533,1035,2.453423023223877,-162.4236712
4190,-165.83640000000003,0.21050104558971214,0.00998645168764533,729,1.7317380905151367,-162.5820644
4191,-179.17524000000003,0.29993858027486175,0.00998645168764533,213,0.5074708461761475,-162.7029788
4192,-184.88182000000003,0.2791474046595673,0.00998645168764533,134,0.31870007514953613,-163.2570892
4193,-174.47172,0.3070496218451471,0.00998645168764533,540,1.2880260944366455,-162.98173
4194,-158.56875999999988,0.29101125545483325,0.00998645168764533,989,2.3849868774414062,-162.896528
4195,30.750160000000108,0.2663388883318895,0.00998645168764533,1040,2.4871952533721924,-159.0231312
4196,14.254719999999988,0.23395593718232705,0.00998645168764533,640,1.5320019721984863,-155.1810424
4197,-160.25471999999996,0.21282185297482417,0.00998645168764533,808,1.9149551391601562,-154.5913328
4198,-181.70384,0.32888036270615767,0.00998645168764533,184,0.44173479080200195,-155.00865839999997
4199,-189.56550000000001,0.2381583242975359,0.00998645168764533,203,0.4857330322265625,-155.40653319999998
4200,-189.7402,0.2542678250863058,0.00998645168764533,164,0.39284181594848633,-155.7737472
4201,-159.4227199999999,0.2802186650051395,0.00998645168764533,1025,2.7294211387634277,-155.5544184
4202,-188.53882000000002,0.22560246203203577,0.00998645168764533,154,0.3675861358642578,-156.03877559999998
4203,-187.97672000000003,0.4129589020700778,0.00998645168764533,177,0.4311859607696533,-156.3165548
4204,-165.90535999999992,0.29978144195452844,0.00998645168764533,1313,3.1543052196502686,-156.075144
4205,-161.08015999999992,0.3409078278783985,0.00998645168764533,808,2.036532163619995,-156.082474
4206,-184.88110000000003,0.3031503653445684,0.00998645168764533,134,0.33503174781799316,-156.5988864
4207,-195.34266,0.40486393968909334,0.00998645168764533,231,0.5874998569488525,-157.15379959999999
4208,-165.28165999999993,0.3544419209555229,0.00998645168764533,1379,3.6392362117767334,-156.67966159999997
4209,-152.2914399999999,0.31742611289697975,0.00998645168764533,777,1.9075331687927246,-160.0034216
4210,-162.01445999999987,0.2447443297838878,0.00998645168764533,1174,2.814723014831543,-159.76689159999998
4211,-161.4519999999999,0.25526387847262305,0.00998645168764533,873,2.0943360328674316,-159.6932276
4212,-164.0014399999999,0.3415871912613904,0.00998645168764533,1184,3.1330020427703857,-159.689666
4213,-168.13234000000006,0.30642398513552405,0.00998645168764533,835,2.224975109100342,-159.82905599999998
4214,-168.69216,0.24925422780931208,0.00998645168764533,768,1.9407978057861328,-159.46296119999997
4215,-166.56928000000002,0.23355835106966077,0.00998645168764533,665,1.6064729690551758,-159.41796639999998
4216,-162.07934,0.2382603485416621,0.00998645168764533,550,1.397021770477295,-159.29354959999998
4217,-166.28372000000002,0.2779484872163378,0.00998645168764533,748,1.8099310398101807,-159.23879279999997
4218,-160.16791999999995,0.2967678704793492,0.00998645168764533,857,2.0588219165802,-158.9989636
4219,-189.7402,0.32771555021143994,0.00998645168764533,164,0.425091028213501,-159.57467319999998
4220,-168.32700000000006,0.252566051740832,0.00998645168764533,789,1.9120769500732422,-159.5386648
4221,-180.08022000000003,0.28592268829669787,0.00998645168764533,203,0.49178433418273926,-159.91055839999999
4222,-178.55968000000001,0.2244716129413618,0.00998645168764533,233,0.5726008415222168,-160.19556239999997
4223,-168.25692000000004,0.33908806876568354,0.00998645168764533,693,1.7112882137298584,-160.3507072
4224,-165.5052,0.2675788565320545,0.00998645168764533,768,1.888397216796875,-160.348694
4225,-170.87634000000006,0.4120883404464174,0.00998645168764533,867,2.091031074523926,-160.4775928
4226,-188.23968000000002,0.43531422991590163,0.00998645168764533,144,0.34812378883361816,-160.8633936
4227,-169.42271999999997,0.35112386679372165,0.00998645168764533,801,1.9430830478668213,-160.828918
4228,-163.64583999999996,0.34889541564065235,0.00998645168764533,969,2.318192958831787,-160.5726416
4229,-164.38363999999996,0.35538065493400806,0.00998645168764533,716,1.7278692722320557,-160.0955208
4230,-165.47634000000002,0.3813448671598232,0.00998645168764533,411,0.9880080223083496,-159.99202359999998
4231,-168.17944000000003,0.47879741718275093,0.00998645168764533,392,1.0077729225158691,-160.04459319999998
4232,-161.72399999999985,0.31889802317762794,0.00998645168764533,1264,3.060389757156372,-159.8705976
4233,-171.47902000000002,0.36666145579185305,0.00998645168764533,746,1.8284862041473389,-159.7221476
4234,-182.21866000000003,0.30725667475686447,0.00998645168764533,154,0.3838310241699219,-159.7824308
4235,-163.63939999999997,0.37000917615541096,0.00998645168764533,1028,2.570791006088257,-159.63077239999998
4236,-152.8801599999999,0.3294291356584533,0.00998645168764533,768,1.9497768878936768,-163.36997559999998
4237,-174.45534000000004,0.28405557770688195,0.00998645168764533,587,1.4357030391693115,-163.5116328
4238,-7.071200000000006,0.4199930465401849,0.00998645168764533,448,1.113213300704956,-160.11812719999998
4239,-184.88182000000003,0.18674319542583023,0.00998645168764533,134,0.3276631832122803,-160.36698879999997
4240,-159.28863999999993,0.30124845801583433,0.00998645168764533,768,1.8825600147247314,-160.23603359999998
4241,-179.92968000000002,0.30632762308542927,0.00998645168764533,600,1.5347568988800049,-160.25112239999999
4242,-159.01976000000002,0.3021543976537293,0.00998645168764533,505,1.2292768955230713,-159.73388119999998
4243,-154.60549999999986,0.33146607481749424,0.00998645168764533,1139,2.8833301067352295,-159.33655679999998
4244,-167.66989999999993,0.32574115571746287,0.00998645168764533,1451,3.7692229747772217,-159.51857959999998
4245,-163.36825999999996,0.2861525742974668,0.00998645168764533,1154,2.883913993835449,-163.400948
4246,-167.98296000000005,0.25415830601924017,0.00998645168764533,729,1.9280591011047363,-167.0457016
4247,-170.20224000000005,0.2834680296525928,0.00998645168764533,288,0.7807149887084961,-167.24465199999997
4248,-169.20342,0.3038016585627654,0.00998645168764533,846,2.1906330585479736,-166.9946436
4249,-168.84912000000003,0.2353847769645654,0.00998645168764533,768,1.9945549964904785,-166.58031599999998
4250,-166.54848,0.33318452881267896,0.00998645168764533,513,1.3358840942382812,-166.11648159999996
4251,24.397120000000175,0.2663654605708852,0.00998645168764533,1592,3.973167896270752,-162.4400848
4252,-188.00646000000003,0.19533201551855692,0.00998645168764533,179,0.43190884590148926,-162.42943759999997
4253,-163.09084000000001,0.24927637041214865,0.00998645168764533,1236,2.9691169261932373,-161.93171999999998
4254,-159.35311999999996,0.21646125150573223,0.00998645168764533,673,1.685034990310669,-161.8006752
4255,31.410480000000106,0.26965150630026724,0.00998645168764533,1120,2.696582794189453,-157.95086239999998
4256,-184.88254000000003,0.32532727046966997,0.00998645168764533,134,0.3293330669403076,-157.9508912
4257,-176.95746000000005,0.1802613365234746,0.00998645168764533,699,1.6714177131652832,-157.5831872
4258,-176.10736000000006,0.21120402255194046,0.00998645168764533,416,1.0125339031219482,-157.7997012
4259,-169.72712,0.23955912716423927,0.00998645168764533,808,2.0309927463531494,-158.14841479999998
4260,-186.9823,0.11764251186387308,0.00998645168764533,134,0.39066481590270996,-158.6477716
4261,-170.62121999999994,0.25525488391440004,0.00998645168764533,1351,3.3537509441375732,-158.831156
4262,-172.47661999999997,0.24274256562885757,0.00998645168764533,1430,3.4870731830596924,-159.0006596
4263,-166.87027999999998,0.2691315802043154,0.00998645168764533,781,1.9025793075561523,-158.9754184
4264,-181.31380000000001,0.13772489328686965,0.00998645168764533,164,0.4020962715148926,-159.22785119999998
4265,-172.27136000000002,0.19664174538374193,0.00998645168764533,784,2.045742988586426,-159.34189279999998
4266,-166.61248000000006,0.3312318644102532,0.00998645168764533,313,0.7787871360778809,-159.4325556
4267,-171.97824000000003,0.2628032306353513,0.00998645168764533,768,1.9208219051361084,-159.546446
4268,-171.79724000000007,0.28656553996566614,0.00998645168764533,709,1.8001489639282227,-159.7790324
4269,-170.14999999999998,0.30220467697037834,0.00998645168764533,937,2.426654815673828,-159.3872284
4270,10.913519999999984,0.30870750455597906,0.00998645168764533,696,1.848045825958252,-155.802418
4271,-195.30800000000002,0.25744728771969677,0.00998645168764533,225,0.5806632041931152,-156.1069736
4272,-166.84347999999997,0.3294474266266631,0.00998645168764533,629,1.6099162101745605,-155.8726496
4273,-180.44970000000004,0.24149910287986345,0.00998645168764533,170,0.4108269214630127,-156.1165052
4274,-149.76637999999986,0.30281108676573865,0.00998645168764533,758,1.8216710090637207,-155.80172879999998
4275,-196.23098000000002,0.3591386015827646,0.00998645168764533,223,0.5368821620941162,-156.3088216
4276,-173.41497999999996,0.27191815852351925,0.00998645168764533,935,2.3393468856811523,-156.0123276
4277,-186.9969,0.3211927950244259,0.00998645168764533,135,0.33635687828063965,-156.3638112
4278,-186.64178,0.3773688482071616,0.00998645168764533,114,0.27333664894104004,-156.82372999999998
4279,-179.29312000000002,0.4065188508994733,0.00998645168764533,569,1.5490007400512695,-157.1219196
4280,-162.4670999999999,0.339718865556209,0.00998645168764533,967,2.471388816833496,-157.06173479999998
4281,-165.034,0.33291160131407904,0.00998645168764533,777,1.967221975326538,-156.99882599999998
4282,-175.89333999999997,0.3948057681938582,0.00998645168764533,1059,2.719174861907959,-157.2822128
4283,-171.36162000000004,0.3580066705988735,0.00998645168764533,643,1.5909912586212158,-157.27986479999998
4284,32.00408000000016,0.3060212101904505,0.00998645168764533,1224,3.1278560161590576,-152.99541
4285,-187.63944000000004,0.430096702693574,0.00998645168764533,161,0.4078991413116455,-153.4754108
4286,-186.78548,0.07363805854542842,0.00998645168764533,124,0.3166220188140869,-154.15351719999998
4287,-188.23968000000002,0.32654359848109177,0.00998645168764533,144,0.3667759895324707,-154.429204
4288,-170.91030000000003,0.4336072838889729,0.00998645168764533,570,1.5354061126708984,-157.705986
4289,-166.99587999999997,0.3279405128708633,0.00998645168764533,1085,2.745938777923584,-157.34826719999998
4290,-160.59375999999992,0.3603519005469251,0.00998645168764533,1025,2.470150947570801,-157.3743696
4291,-189.7402,0.3258338214733025,0.00998645168764533,164,0.40638208389282227,-157.57057999999998
4292,-187.48912,0.29061020729599885,0.00998645168764533,209,0.5156722068786621,-158.1399672
4293,-167.89462000000003,0.3360610204086828,0.00998645168764533,778,2.1114890575408936,-158.4057496
4294,-186.9823,0.39392196441958865,0.00998645168764533,134,0.33915281295776367,-158.7919976
4295,-177.09698000000003,0.3367974263666372,0.00998645168764533,1015,2.485646963119507,-159.066572
4296,-169.68048000000002,0.36875187833764356,0.00998645168764533,1600,3.851992130279541,-159.1005224
4297,-164.31328000000002,0.38352559621645405,0.00998645168764533,560,1.3616681098937988,-158.9827432
4298,-158.00171999999986,0.29382335309264995,0.00998645168764533,1012,2.4332351684570312,-158.7587092
4299,-158.1338999999999,0.2762213172287346,0.00998645168764533,898,2.263660192489624,-158.5444048
4300,-180.45870000000002,0.16596165508695546,0.00998645168764533,174,0.4438350200653076,-158.8226092
4301,-172.07136000000003,0.3244113492729885,0.00998645168764533,921,2.3311119079589844,-162.7519788
4302,-164.37544000000003,0.29507076743840505,0.00998645168764533,560,1.3658790588378906,-162.2793584
4303,-178.69162000000003,0.28339350603672925,0.00998645168764533,539,1.3099949359893799,-162.591374
4304,-166.63718,0.3338501679262307,0.00998645168764533,963,2.385686159133911,-162.7370552
4305,-165.82186000000002,0.26937437959214167,0.00998645168764533,431,1.105903148651123,-166.681702
4306,-198.00624000000002,0.30691153698709,0.00998645168764533,353,0.872032880783081,-166.944176
4307,-164.59264000000002,0.31660719483826244,0.00998645168764533,521,1.2623310089111328,-166.6968796
4308,-180.17712000000003,0.32500752206350414,0.00998645168764533,609,1.5099079608917236,-166.7782748
4309,-166.29681999999997,0.3105098974231852,0.00998645168764533,1095,2.6912240982055664,-166.7096688
4310,-157.91517999999988,0.27305251768888217,0.00998645168764533,950,2.334372043609619,-166.1283264
4311,-164.16369999999998,0.2719163972491891,0.00998645168764533,503,1.2370569705963135,-165.999176
4312,-159.25887999999995,0.2805237409053613,0.00998645168764533,768,1.920158863067627,-165.7348212
4313,-169.05372000000003,0.3889523965625411,0.00998645168764533,333,0.8163859844207764,-165.77848999999998
4314,-168.71976,0.39786217467311263,0.00998645168764533,768,2.0041558742523193,-165.5266092
4315,-189.7402,0.2898347809138458,0.00998645168764533,164,0.41223907470703125,-165.87598599999998
4316,-174.6574,0.3272430662320828,0.00998645168764533,701,1.790658712387085,-166.0368844
4317,-169.42328000000003,0.4129522311262993,0.00998645168764533,649,1.5707619190216064,-165.98578519999998
4318,-169.50790000000003,0.3422167635084876,0.00998645168764533,755,1.8225762844085693,-165.9399984
4319,-158.8819799999999,0.3319692979420193,0.00998645168764533,699,1.6810617446899414,-165.71463799999998
4320,-170.34636,0.29274267336273546,0.00998645168764533,837,2.0309040546417236,-169.33983560000001
4321,-180.36146000000002,0.3514008579304764,0.00998645168764533,619,1.497926950454712,-169.0409048
4322,-161.07073999999992,0.26251569751079173,0.00998645168764533,1106,2.6649320125579834,-168.92544999999998
4323,-153.7905599999999,0.32071479809548853,0.00998645168764533,808,1.9536597728729248,-168.3922672
4324,-165.53986,0.3156567558590195,0.00998645168764533,1455,3.5086379051208496,-168.7077368
4325,-172.7502,0.24320823391721222,0.00998645168764533,1045,2.496796131134033,-168.2381212
4326,-188.23968000000002,0.23891628875086704,0.00998645168764533,144,0.378187894821167,-168.53461520000002
4327,-163.92841999999996,0.31345524720098006,0.00998645168764533,738,1.7860960960388184,-168.07324559999998
4328,-172.39808000000002,0.28805470006120976,0.00998645168764533,937,2.2714648246765137,-167.7883716
4329,-161.07975999999996,0.28611994437186034,0.00998645168764533,897,2.1443471908569336,-167.4241044
4330,-161.91557999999992,0.24875463302805087,0.00998645168764533,798,1.9152121543884277,-167.41307399999997
4331,-155.89127999999994,0.22894094963464742,0.00998645168764533,649,1.588118076324463,-167.23021959999997
4332,-184.75350000000003,0.24732998307709667,0.00998645168764533,275,0.6753389835357666,-167.40742279999998
4333,-172.50278000000006,0.3055494061341594,0.00998645168764533,243,0.5900962352752686,-167.430246
4334,-177.10642000000004,0.27190701310441406,0.00998645168764533,263,0.640488862991333,-171.61245599999998
4335,-170.78728000000004,0.29517023767295636,0.00998645168764533,665,1.7221829891204834,-171.27541279999997
4336,-163.82384000000002,0.27296087148258596,0.00998645168764533,1025,2.4859671592712402,-170.81617999999997
4337,-148.89349999999985,0.31820894668144517,0.00998645168764533,827,2.146843910217285,-170.02925639999998
4338,-166.92164000000002,0.3114459835005629,0.00998645168764533,877,2.1356968879699707,-169.9494832
4339,-171.3965000000001,0.3066640125416937,0.00998645168764533,1610,3.9655611515045166,-170.0374956
4340,-158.10327999999987,0.2629169417878862,0.00998645168764533,1016,2.429949998855591,-169.987686
4341,-168.11298000000005,0.26258324659081694,0.00998645168764533,482,1.159740924835205,-169.55514159999998
4342,-158.1081799999999,0.35803292567164263,0.00998645168764533,719,1.7175910472869873,-168.9675228
4343,-168.88602000000006,0.27689073891725297,0.00998645168764533,1210,2.9015920162200928,-168.98735079999997
4344,-179.00864,0.2771492935495801,0.00998645168764533,505,1.2172188758850098,-168.8278776
4345,-165.68800000000002,0.25053991591861746,0.00998645168764533,521,1.243947982788086,-168.599698
4346,-161.14533999999995,0.2122581387528447,0.00998645168764533,758,1.8254828453063965,-168.4289952
4347,-172.05016,0.24950183936120832,0.00998645168764533,425,1.0500857830047607,-168.5837328
4348,-173.59982000000002,0.24858789711235826,0.00998645168764533,595,1.4276399612426758,-168.89569479999997
4349,-186.99462000000003,0.19032068490868306,0.00998645168764533,131,0.31467294692993164,-169.4729092
4350,-162.92327999999992,0.26628550210383223,0.00998645168764533,937,2.2482051849365234,-169.1222008
4351,-163.36507999999998,0.2965164076645029,0.00998645168764533,956,2.291649103164673,-168.94807519999998
4352,-168.26747999999995,0.2451761874906068,0.00998645168764533,996,2.3857033252716064,-169.025916
4353,-175.74080000000004,0.2798985814456087,0.00998645168764533,352,0.8450968265533447,-168.9668996
4354,-157.64045999999993,0.29716226914922667,0.00998645168764533,742,1.7809772491455078,-168.78696519999997
4355,-164.51417999999984,0.32322664795792216,0.00998645168764533,1303,3.11944317817688,-168.76081159999998
4356,-163.49423999999993,0.36701183989986647,0.00998645168764533,1033,2.4653477668762207,-168.07057159999997
4357,-160.8578399999999,0.3553303026386201,0.00998645168764533,976,2.3664379119873047,-167.99587559999998
4358,-189.7402,0.19405087006630423,0.00998645168764533,164,0.40299296379089355,-168.1871372
4359,18.102639999999973,0.2618161894867874,0.00998645168764533,968,2.479836940765381,-164.499148
4360,-167.3053800000001,0.22866158996606434,0.00998645168764533,847,2.1216533184051514,-164.686952
4361,-167.13566000000003,0.2575369234255834,0.00998645168764533,742,1.8791537284851074,-164.7463912
4362,-165.15441999999993,0.21068075628925675,0.00998645168764533,1095,2.690290927886963,-164.86430199999998
4363,-156.48877999999993,0.3288015863266221,0.00998645168764533,590,1.4265501499176025,-164.61300319999998
4364,-164.8484399999999,0.20923082434250712,0.00998645168764533,837,2.00297212600708,-164.53557679999997
4365,-168.73503999999997,0.33628114322953334,0.00998645168764533,569,1.4008309841156006,-164.11547359999997
4366,-157.38625999999994,0.2596134810749164,0.00998645168764533,778,1.8992679119110107,-163.77005079999998
4367,-161.11085999999995,0.2401012215046421,0.00998645168764533,847,2.032017946243286,-163.60380239999998
4368,-187.97672000000003,0.288069820841827,0.00998645168764533,177,0.42881298065185547,-163.9731788
4369,-179.60264000000004,0.36289339033006085,0.00998645168764533,184,0.45764589309692383,-164.38759199999996
4370,-165.45748000000003,0.3011069921291799,0.00998645168764533,461,1.1594481468200684,-164.28981439999998
4371,-157.7141599999999,0.23301887784710124,0.00998645168764533,689,1.7486522197723389,-163.8368684
4372,-167.50940000000006,0.3503664916675277,0.00998645168764533,757,1.9272041320800781,-163.96564159999997
4373,-159.71703999999994,0.25836858096606624,0.00998645168764533,641,1.6428248882293701,-164.0841712
4374,-161.13431999999997,0.32927438362651645,0.00998645168764533,937,2.3769938945770264,-163.99606039999998
4375,-156.83043999999995,0.27678333072835226,0.00998645168764533,996,2.578037977218628,-163.67766519999998
4376,-176.83778,0.2829906963755578,0.00998645168764533,1135,2.7895522117614746,-163.44962719999998
4377,-171.31132000000005,0.2901765280190728,0.00998645168764533,789,1.9831502437591553,-163.5972852
4378,-170.32264000000006,0.31712179646723343,0.00998645168764533,1353,3.3513779640197754,-163.55577639999998
4379,-158.35223999999988,0.25329884509680045,0.00998645168764533,976,2.3957440853118896,-163.50122599999997
4380,-195.63952000000003,0.2810415390674102,0.00998645168764533,241,0.6197640895843506,-164.17570479999998
4381,-172.12064000000004,0.272137933503741,0.00998645168764533,976,2.3596699237823486,-164.50029199999997
4382,23.26863999999999,0.2194837100134303,0.00998645168764533,1448,3.575261116027832,-160.3398492
4383,-169.59606000000005,0.2197512217090094,0.00998645168764533,798,2.0219619274139404,-160.2817148
4384,-162.51873999999998,0.24671141810254357,0.00998645168764533,966,2.3471779823303223,-159.98996119999998
4385,-164.04306,0.2219346708447404,0.00998645168764533,742,1.7989389896392822,-159.85507679999998
4386,-188.53882000000002,0.30287559460788094,0.00998645168764533,154,0.3748610019683838,-160.34937639999998
4387,-176.73886000000005,0.2563801433728577,0.00998645168764533,791,1.8866808414459229,-160.9062836
4388,-158.41453999999996,0.1718154305239857,0.00998645168764533,719,1.697387933731079,-160.7361416
4389,-176.13908,0.24579124641263994,0.00998645168764533,820,1.9561059474945068,-160.83099319999997
4390,-172.25564,0.24514861645716005,0.00998645168764533,781,1.838926076889038,-161.1140404
4391,-185.77524,0.3037651020314787,0.00998645168764533,276,0.6464157104492188,-161.46728559999997
4392,-179.55592000000004,0.268569689814467,0.00998645168764533,680,1.667773962020874,-161.89624039999998
4393,-186.9823,0.20630159231820214,0.00998645168764533,134,0.3567190170288086,-162.258166
4394,-180.37298000000004,0.2938634433342755,0.00998645168764533,619,1.4947209358215332,-162.28545279999997
4395,-188.53882000000002,0.3655606710726952,0.00998645168764533,154,0.387861967086792,-162.7424692
4396,-155.16875999999996,0.3105504855169721,0.00998645168764533,669,1.6766479015350342,-162.6229376
4397,-170.78146,0.3255748644164496,0.00998645168764533,659,1.5555901527404785,-162.5975636
4398,-189.15370000000001,0.28260052133228253,0.00998645168764533,287,0.6782150268554688,-162.90864119999998
4399,-169.98950000000002,0.30367800294845443,0.00998645168764533,679,1.6277928352355957,-162.5685388
4400,-158.85987999999995,0.3520933065944946,0.00998645168764533,996,2.371204137802124,-162.48727079999998
4401,-170.03612000000004,0.37360163913042393,0.00998645168764533,917,2.1741039752960205,-162.6206916
4402,-188.31400000000002,0.37874618671602844,0.00998645168764533,193,0.44962573051452637,-163.02162199999998
4403,-170.59336000000002,0.3934050782386957,0.00998645168764533,857,2.0454001426696777,-162.9186732
4404,-171.74580000000003,0.29138670337605793,0.00998645168764533,709,1.6870551109313965,-163.20078
4405,-175.48182000000003,0.36489947952726365,0.00998645168764533,738,1.7262048721313477,-163.4201328
4406,-188.55366000000004,0.40444027479257316,0.00998645168764533,155,0.3643620014190674,-163.9213212
4407,-172.33258,0.3413380304522508,0.00998645168764533,686,1.6039087772369385,-164.15081600000002
4408,-162.17349999999993,0.39724784489539217,0.00998645168764533,758,1.7615840435028076,-163.599482
4409,-163.27885999999995,0.39238551770184116,0.00998645168764533,902,2.1034929752349854,-167.227112
4410,-169.92964000000003,0.3288045945681932,0.00998645168764533,917,2.143543004989624,-167.27959719999998
4411,-159.27649999999994,0.31289105280115603,0.00998645168764533,623,1.528616189956665,-167.122414
4412,21.334000000000024,0.3298411732822096,0.00998645168764533,824,1.9370701313018799,-163.3926456
4413,-180.44970000000004,0.3715102657675743,0.00998645168764533,170,0.4082369804382324,-163.871864
4414,-171.51848000000004,0.28746845155024475,0.00998645168764533,649,1.5146911144256592,-164.0052648
4415,-153.83595999999997,0.26287734574406996,0.00998645168764533,612,1.4992210865020752,-163.7072832
4416,-184.88182000000003,0.3260346988855458,0.00998645168764533,134,0.31261491775512695,-164.2571944
4417,-168.18288,0.2812430062444657,0.00998645168764533,1273,3.202775001525879,-164.3986348
4418,-166.22701999999998,0.29846252315062083,0.00998645168764533,590,1.4335260391235352,-163.9636408
4419,-170.52114000000003,0.30171203813223607,0.00998645168764533,303,0.7193100452423096,-163.7820108
4420,-199.20844000000002,0.3393680642397232,0.00998645168764533,365,0.8772439956665039,-164.45703
4421,-158.89085999999998,0.34907734940138535,0.00998645168764533,739,1.7396328449249268,-164.48056400000002
4422,-174.70526,0.3150083639083261,0.00998645168764533,550,1.2820448875427246,-164.62448120000002
4423,-187.97672000000003,0.41087542673951744,0.00998645168764533,177,0.4159727096557617,-165.1896748
4424,-172.90903999999998,0.3857257602704104,0.00998645168764533,1184,2.7507388591766357,-165.42516920000003
4425,-167.33612000000005,0.3947644174182389,0.00998645168764533,748,1.7362167835235596,-165.63528280000003
4426,-186.12696000000003,0.3276911583961919,0.00998645168764533,144,0.3395261764526367,-165.8210664
4427,-159.64685999999995,0.35415660332494636,0.00998645168764533,738,1.732043981552124,-165.5877772
4428,-159.81017999999997,0.3183858898043806,0.00998645168764533,1075,2.6305739879608154,-165.377528
4429,-181.31380000000001,0.4610996335722143,0.00998645168764533,164,0.39501023292541504,-165.83675920000002
4430,-169.00311999999997,0.3761490824451225,0.00998645168764533,833,1.9958059787750244,-165.3040312
4431,-176.53982000000002,0.2832158469279312,0.00998645168764533,590,1.5429918766021729,-165.3924148
4432,-156.42823999999987,0.36827994643026213,0.00998645168764533,905,2.1806671619415283,-168.9863524
4433,-171.50600000000003,0.38414824875890496,0.00998645168764533,944,2.2749202251434326,-169.0245512
4434,-186.64178,0.21499298713905246,0.00998645168764533,114,0.27091288566589355,-169.507012
4435,-169.25824000000003,0.42974775205770205,0.00998645168764533,392,0.9182851314544678,-169.6113156
4436,-170.48996000000002,0.2833296766557245,0.00998645168764533,301,0.7059059143066406,-169.2503384
4437,-162.73782,0.38549346336607887,0.00998645168764533,1243,2.906832695007324,-168.97031760000002
4438,-161.46136,0.2750612638002322,0.00998645168764533,521,1.2212190628051758,-169.03125400000002
4439,-186.64178,0.4062204744519764,0.00998645168764533,114,0.2681279182434082,-169.241308
4440,31.294320000000095,0.345326984549513,0.00998645168764533,1264,3.0955402851104736,-165.1703088
4441,-156.27797999999999,0.3334072567454923,0.00998645168764533,1171,3.126383066177368,-164.58036360000003
4442,-157.7303999999999,0.30837400109513396,0.00998645168764533,745,1.7776110172271729,-164.14385320000002
4443,-172.59106000000003,0.3027564017872227,0.00998645168764533,647,1.5584871768951416,-163.85602839999999
4444,-167.06601999999998,0.269923337045406,0.00998645168764533,887,2.1770009994506836,-163.5898892
4445,-189.75492000000003,0.23040924349686864,0.00998645168764533,165,0.3923778533935547,-163.6142112
4446,-154.1580799999999,0.2582093063337592,0.00998645168764533,1025,2.5177838802337646,-163.5939976
4447,-178.66078000000002,0.32029201317325995,0.00998645168764533,590,1.413604974746704,-163.751584
4448,-162.03121999999996,0.2980338169331111,0.00998645168764533,887,2.1838343143463135,-163.2091344
4449,-152.72879999999995,0.2669142418229921,0.00998645168764533,952,2.314440965652466,-162.86392039999998
4450,-169.62248000000008,0.22948555064636586,0.00998645168764533,808,1.923340082168579,-163.07917239999998
4451,-162.92834,0.24757463043440142,0.00998645168764533,742,1.7858302593231201,-162.9370168
4452,-168.95709999999994,0.28034452087783585,0.00998645168764533,1254,2.969792127609253,-162.5498788
4453,-160.78555999999992,0.23239284772256388,0.00998645168764533,989,2.316659927368164,-162.35372279999999
4454,-187.42006,0.39368102594398624,0.00998645168764533,202,0.47592782974243164,-162.667208
4455,-7.071200000000006,0.24761904057751444,0.00998645168764533,448,1.0489437580108643,-159.2989956
4456,-159.867,0.27171255130873345,0.00998645168764533,1045,2.4500699043273926,-158.7252624
4457,-180.37120000000002,0.30881370523509116,0.00998645168764533,569,1.3351309299468994,-158.8860348
4458,-186.64178,0.4075395162421556,0.00998645168764533,114,0.2703380584716797,-159.3754004
4459,-167.14092000000002,0.19709382409281614,0.00998645168764533,540,1.2688629627227783,-159.4526416
4460,-156.61679999999987,0.24092492937459273,0.00998645168764533,1033,2.420100688934326,-159.18638479999998
4461,-154.04623999999995,0.27302641310778586,0.00998645168764533,1016,2.3775417804718018,-159.0817796
4462,-177.89320000000004,0.25777769564573344,0.00998645168764533,600,1.4040310382843018,-163.0663236
4463,-164.21624,0.30991178032682537,0.00998645168764533,1001,2.3360509872436523,-162.7416544
4464,-168.11361999999988,0.26796118807452407,0.00998645168764533,1362,3.2851033210754395,-162.6735572
4465,-164.6522,0.2504799693558255,0.00998645168764533,1253,2.9932191371917725,-162.88988199999997
4466,-163.8117799999999,0.292537145548119,0.00998645168764533,887,2.1804370880126953,-162.46848119999999
4467,-151.57799999999992,0.2720217971863436,0.00998645168764533,697,1.7154021263122559,-162.1363836
4468,-166.35654000000005,0.27992218694842463,0.00998645168764533,1135,2.849360227584839,-162.138974
4469,-190.99134000000004,0.3431034106359785,0.00998645168764533,174,0.4602019786834717,-162.54837799999999
4470,-170.33648000000002,0.2736201214018039,0.00998645168764533,793,1.9681811332702637,-161.9709388
4471,-155.35843999999992,0.2530328100653835,0.00998645168764533,917,2.290396213531494,-161.9002904
4472,-153.01819999999992,0.19716502201348426,0.00998645168764533,1028,2.461362361907959,-161.4665492
4473,-161.66432,0.264827826869034,0.00998645168764533,729,1.7359018325805664,-160.94030119999996
4474,16.040559999999992,0.2783705483664314,0.00998645168764533,704,1.685534954071045,-157.16130919999998
4475,-160.79906,0.2371079465295603,0.00998645168764533,887,2.065762996673584,-157.030568
4476,-153.23589999999996,0.28516619165658197,0.00998645168764533,534,1.2410318851470947,-156.3727468
4477,-186.64178,0.3506928996975419,0.00998645168764533,114,0.2678546905517578,-156.9126452
4478,-163.6227399999999,0.2273168230848153,0.00998645168764533,1194,2.7633111476898193,-156.9888964
4479,-189.75492000000003,0.30763941643703163,0.00998645168764533,165,0.3851191997528076,-157.1577188
4480,-186.64178,0.3512891421560198,0.00998645168764533,114,0.26381587982177734,-157.51049199999997
4481,-169.10464000000002,0.34592672145160236,0.00998645168764533,785,1.820322036743164,-157.3617884
4482,-188.23968000000002,0.1973586485158497,0.00998645168764533,144,0.3343620300292969,-157.99801719999996
4483,-158.36509999999993,0.33326007694456117,0.00998645168764533,1411,3.2620747089385986,-157.73519919999998
4484,-169.78056000000004,0.36140416837285255,0.00998645168764533,768,1.781315803527832,-157.3979748
4485,-178.91880000000003,0.23824261026146512,0.00998645168764533,600,1.3873350620269775,-157.591186
4486,-173.91612000000006,0.44218666318418653,0.00998645168764533,261,0.6072721481323242,-157.65970919999998
4487,-182.07464000000002,0.3494737529547051,0.00998645168764533,297,0.6953961849212646,-158.0464456
4488,-195.30800000000002,0.288203957118094,0.00998645168764533,225,0.5247228145599365,-158.72337839999997
4489,-185.19016000000002,0.2613589863678248,0.00998645168764533,145,0.356187105178833,-158.694346
4490,-179.70238000000003,0.4054382858229643,0.00998645168764533,590,1.3938331604003906,-162.91428
4491,-170.27602,0.4401997451673987,0.00998645168764533,794,1.8457200527191162,-163.1942408
4492,-171.62826,0.29502594040218133,0.00998645168764533,507,1.1733770370483398,-163.472198
4493,-179.30100000000002,0.45799114628902377,0.00998645168764533,669,1.550950050354004,-163.60639679999997
4494,-158.36153999999993,0.340722813074846,0.00998645168764533,679,1.557399034500122,-163.4323072
4495,-168.75288000000003,0.41398037217368255,0.00998645168764533,768,1.8028240203857422,-163.0122664
4496,-168.63036000000005,0.34477121399691196,0.00998645168764533,612,1.4156029224395752,-163.30171199999998
4497,-169.42656,0.3740470242650526,0.00998645168764533,801,1.8573970794677734,-163.11702759999997
4498,-176.41676,0.35074674732930644,0.00998645168764533,781,1.8408470153808594,-163.40473839999999
4499,-185.73692,0.5271197969409367,0.00998645168764533,124,0.2929511070251465,-164.0649008
4500,-172.80249999999998,0.36346512237130413,0.00998645168764533,907,2.1645357608795166,-164.1285012
4501,-186.64178,0.5172154166564149,0.00998645168764533,114,0.2703070640563965,-164.60277
4502,-188.99204,0.33622749443023614,0.00998645168764533,229,0.5484437942504883,-165.0034688
4503,-163.78945999999996,0.36578889398195197,0.00998645168764533,986,2.314049005508423,-165.0635468
4504,-158.19519999999997,0.4583239800846159,0.00998645168764533,617,1.4253308773040771,-164.4790496
4505,-157.93091999999982,0.4586056643381778,0.00998645168764533,948,2.1859452724456787,-167.49624400000002
4506,-165.86834000000005,0.23865967791493017,0.00998645168764533,378,0.8736460208892822,-167.6162708
4507,-169.60816000000005,0.33460557319076084,0.00998645168764533,857,2.0373449325561523,-167.40100999999999
4508,-158.90988,0.3332548107451356,0.00998645168764533,748,1.7321648597717285,-166.84637199999997
4509,-184.88254000000003,0.3727144318243572,0.00998645168764533,134,0.31435489654541016,-167.2012044
4510,-162.1063999999999,0.39172330655740795,0.00998645168764533,808,1.8619961738586426,-167.3109964
4511,-159.7606999999999,0.3922386042987191,0.00998645168764533,986,2.3192179203033447,-167.4252856
4512,-162.02846,0.3248351569859063,0.00998645168764533,699,1.6333980560302734,-167.1079908
4513,-170.81416000000004,0.37445615099284785,0.00998645168764533,313,0.7502768039703369,-167.23994919999998
4514,-169.43424000000002,0.3450296342683335,0.00998645168764533,897,2.121711015701294,-167.26636159999998
4515,-155.97685999999985,0.37692013326176865,0.00998645168764533,1154,2.6937220096588135,-167.0928548
4516,-160.522,0.3167455250618338,0.00998645168764533,729,1.6900601387023926,-167.0270592
4517,-161.71731999999992,0.26111842159223225,0.00998645168764533,1125,2.6374220848083496,-167.2298456
4518,-168.96115999999995,0.26513504117092884,0.00998645168764533,781,1.8760509490966797,-167.28193799999997
4519,-190.11270000000002,0.4085212577571416,0.00998645168764533,179,0.41707491874694824,-167.2643652
4520,-163.5746399999999,0.3375926082647742,0.00998645168764533,1065,2.493567943572998,-167.12912839999998
4521,-189.56550000000001,0.4242842843999233,0.00998645168764533,203,0.4752388000488281,-167.81326959999998
4522,-165.18507999999994,0.3036005483653572,0.00998645168764533,1293,2.98193621635437,-168.0566072
4523,-179.60264000000004,0.2767178234872003,0.00998645168764533,184,0.42858433723449707,-168.41537359999998
4524,-165.90816,0.3486235651495097,0.00998645168764533,633,1.461690902709961,-172.054348
4525,-189.75492000000003,0.3818036690636566,0.00998645168764533,165,0.38419628143310547,-172.6334652
4526,-165.22338000000002,0.4068827723560639,0.00998645168764533,699,1.6264770030975342,-172.8732148
4527,-162.34381999999994,0.3610056359865092,0.00998645168764533,907,2.0965280532836914,-172.3872556
4528,-163.02826,0.27318987425615576,0.00998645168764533,946,2.192844867706299,-172.37536599999999
4529,-163.1874199999999,0.3048021230054186,0.00998645168764533,1006,2.3369300365448,-171.84401599999998
4530,-166.7704599999999,0.2601201790681728,0.00998645168764533,659,1.5218267440795898,-171.44658959999998
4531,-164.29464000000002,0.367238242286926,0.00998645168764533,808,1.8664162158966064,-171.35038959999997
4532,-190.13600000000002,0.27746884203667793,0.00998645168764533,184,0.42602014541625977,-171.38831599999997
4533,-157.41541999999987,0.32468734518586484,0.00998645168764533,1214,2.799373149871826,-171.3693224
4534,-153.6827199999999,0.29050998859977856,0.00998645168764533,993,2.2797329425811768,-171.04736559999998
4535,-171.04482000000002,0.2789414820161838,0.00998645168764533,927,2.143244981765747,-170.88988599999996
4536,-162.46168,0.2757400218403079,0.00998645168764533,817,1.8902277946472168,-170.6607972
4537,-198.36230000000003,0.31363165059404574,0.00998645168764533,322,0.7639341354370117,-170.98655039999997
4538,-166.94985999999994,0.2897436724628742,0.00998645168764533,1122,2.640666961669922,-170.41938759999996
4539,-156.50497999999996,0.23375610105396039,0.00998645168764533,827,1.9293019771575928,-169.84568399999998
4540,-184.88182000000003,0.34794383115176836,0.00998645168764533,134,0.32963085174560547,-169.94927279999996
4541,-190.99134000000004,0.308870915050522,0.00998645168764533,174,0.4063990116119385,-170.36357919999998
4542,-171.48662000000002,0.248881971381111,0.00998645168764533,898,2.120328903198242,-170.36074639999998
4543,-159.45815999999996,0.2873268645813763,0.00998645168764533,729,1.7472460269927979,-169.96388959999996
4544,-169.85446000000002,0.2909416090077787,0.00998645168764533,767,1.7692887783050537,-170.19374799999997
4545,-164.77467999999993,0.27814605622552335,0.00998645168764533,684,1.5871479511260986,-170.114184
4546,-167.95662000000004,0.2894285812339505,0.00998645168764533,1462,3.392920970916748,-170.10070919999998
4547,-167.23070000000004,0.29170836728164956,0.00998645168764533,547,1.2789011001586914,-170.05679199999997
4548,-150.67755999999991,0.28106082473963373,0.00998645168764533,956,2.216736078262329,-169.54200799999998
4549,-188.00646000000003,0.2839667573024899,0.00998645168764533,179,0.41287899017333984,-169.58739879999996
4550,-199.21996000000001,0.3222448859950655,0.00998645168764533,365,0.8409600257873535,-170.115748
4551,-163.60243999999997,0.3319820441102723,0.00998645168764533,1253,2.950014114379883,-169.65496119999997
4552,29.85992,0.22260776685422515,0.00998645168764533,1176,2.780714988708496,-165.27792199999996
4553,-188.53882000000002,0.22500756885795914,0.00998645168764533,154,0.36116695404052734,-165.7729092
4554,-184.88254000000003,0.23206077188378504,0.00998645168764533,134,0.3101379871368408,-166.30665599999998
4555,-180.14256,0.386526278942695,0.00998645168764533,609,1.4651691913604736,-166.75088879999998
4556,-168.64024,0.31440055214114215,0.00998645168764533,857,2.0131263732910156,-166.8063268
4557,-186.64178,0.21323986834715725,0.00998645168764533,114,0.2713642120361328,-167.14699919999998
4558,-170.30054,0.320130005916339,0.00998645168764533,694,1.6260132789611816,-167.37481239999997
4559,-196.23098000000002,0.31631726290897005,0.00998645168764533,223,0.5321338176727295,-167.60178119999998
4560,-178.65886000000003,0.3341112177740088,0.00998645168764533,590,1.3715612888336182,-167.93283039999997
4561,-165.19001999999995,0.36297054689558067,0.00998645168764533,1135,2.881617307662964,-168.04141679999998
4562,-168.94505999999998,0.30535941586690796,0.00998645168764533,1267,2.925717830657959,-168.17974879999997
4563,-163.92618,0.31101054222039554,0.00998645168764533,690,1.5921390056610107,-168.0419892
4564,-197.5469,0.287582027414774,0.00998645168764533,235,0.5429608821868896,-168.60424239999998
4565,-158.4508199999999,0.29913316293529446,0.00998645168764533,775,1.785398006439209,-168.65372159999998
4566,-162.97335999999996,0.28474897238360575,0.00998645168764533,841,2.0183489322662354,-168.70274879999997
4567,-167.27132000000003,0.31792191747964466,0.00998645168764533,748,1.748647928237915,-168.81382879999998
4568,-174.66611999999995,0.29304821658887625,0.00998645168764533,1149,2.748777389526367,-168.92792799999998
4569,-197.5469,0.3409060052140279,0.00998645168764533,235,0.5515158176422119,-169.07661199999998
4570,-179.60264000000004,0.32535801744392223,0.00998645168764533,184,0.4443628787994385,-169.39717199999998
4571,-161.82762,0.3491589354131814,0.00998645168764533,639,1.5271198749542236,-168.84241439999997
4572,-164.28224,0.34700483267684235,0.00998645168764533,808,1.8891360759735107,-168.8243576
4573,-169.39206000000004,0.32849190580431836,0.00998645168764533,846,1.9498839378356934,-168.62014599999998
4574,-181.31380000000001,0.19325589367029508,0.00998645168764533,164,0.38102197647094727,-168.9282588
4575,-164.53152,0.3519685710847324,0.00998645168764533,417,0.9627330303192139,-168.42379079999998
4576,-158.10957999999994,0.3690720687989727,0.00998645168764533,711,1.6442170143127441,-168.2815148
4577,-152.1124599999999,0.3399176758031436,0.00998645168764533,966,2.234358072280884,-168.07688759999996
4578,-167.89846,0.38140665641973864,0.00998645168764533,778,1.8647880554199219,-168.1742916
4579,-179.26912000000004,0.3180435692073796,0.00998645168764533,713,1.7093660831451416,-168.49592559999996
4580,-189.56550000000001,0.2695807770027646,0.00998645168764533,203,0.487044095993042,-168.9518264
4581,-171.18188000000004,0.3547546534752314,0.00998645168764533,877,2.092010259628296,-169.0895712
4582,-172.89484000000002,0.36700239492463005,0.00998645168764533,1461,3.5508899688720703,-168.744748
4583,-188.23968000000002,0.36788165230730857,0.00998645168764533,144,0.34763407707214355,-169.3612332
4584,-164.15369999999996,0.39135525394065146,0.00998645168764533,898,2.1413488388061523,-169.57065279999998
4585,-162.5416399999999,0.26301674361435623,0.00998645168764533,677,1.6332528591156006,-169.40058919999998
4586,-162.16679999999997,0.3035643032263033,0.00998645168764533,600,1.4390559196472168,-169.39469160000002
4587,-180.45870000000002,0.363128079047919,0.00998645168764533,174,0.4175889492034912,-169.03661959999997
4588,-188.53882000000002,0.36797096729943796,0.00998645168764533,154,0.3715949058532715,-169.4683988
4589,-157.71943999999993,0.3677279481560219,0.00998645168764533,689,1.6484699249267578,-169.492688
4590,-190.99134000000004,0.32941392443046486,0.00998645168764533,174,0.4158451557159424,-169.61487839999998
4591,-169.87468000000004,0.3030983219070476,0.00998645168764533,917,2.207174777984619,-169.19254519999998
4592,-168.52809999999997,0.3643853855863417,0.00998645168764533,659,1.5841059684753418,-169.13337479999998
4593,-175.68758000000003,0.2669093621699986,0.00998645168764533,550,1.319706916809082,-169.45796320000002
4594,-171.27684000000005,0.36668473733199525,0.00998645168764533,789,1.8862221240997314,-169.48641080000002
4595,18.9597600000001,0.3351063670582026,0.00998645168764533,1864,4.4662981033325195,-165.811722
4596,-188.53882000000002,0.26439067176180325,0.00998645168764533,154,0.366163969039917,-166.223366
4597,-165.69999999999993,0.3018242886662357,0.00998645168764533,1473,3.5086510181427,-166.192752
4598,-189.56550000000001,0.2844834959414315,0.00998645168764533,203,0.4894711971282959,-166.9705108
4599,-179.20862000000002,0.26592752970447076,0.00998645168764533,514,1.241600751876831,-166.79455399999998
4600,-167.49792000000002,0.30764595731806516,0.00998645168764533,657,1.6133298873901367,-166.16011319999998
4601,-166.3172,0.2574062876927527,0.00998645168764533,1249,3.0138609409332275,-166.2144084
4602,-171.42368,0.24057865365297457,0.00998645168764533,697,1.6744379997253418,-170.2400804
4603,-162.97536,0.2651794516330178,0.00998645168764533,985,2.380650043487549,-169.7288112
4604,-176.01168000000004,0.29055410352843014,0.00998645168764533,209,0.5204868316650391,-169.551394
4605,12.557039999999983,0.28985215287260263,0.00998645168764533,768,1.8379757404327393,-165.697402
4606,-163.81126000000006,0.24452303508566559,0.00998645168764533,966,2.3936328887939453,-165.6008224
4607,-171.70466000000002,0.2592881240156605,0.00998645168764533,511,1.237605094909668,-165.30208
4608,-162.51711999999998,0.23453915372233303,0.00998645168764533,969,2.373865842819214,-165.1464116
4609,-165.61162000000002,0.2868061418358822,0.00998645168764533,719,1.7564396858215332,-164.5340244
4610,-181.31380000000001,0.25093822381118447,0.00998645168764533,164,0.40502405166625977,-164.58712319999998
4611,-165.66552000000001,0.27478494917019314,0.00998645168764533,521,1.2742891311645508,-164.59663319999999
4612,-163.35248,0.2290499404876568,0.00998645168764533,409,0.9918100833892822,-164.4847816
4613,-161.28291999999996,0.2881891833348921,0.00998645168764533,956,2.3292739391326904,-164.4319164
4614,-169.01760000000004,0.24768098607015462,0.00998645168764533,729,1.818147897720337,-163.8613304
4615,28.753839999999997,0.28052689764303335,0.00998645168764533,1192,2.8866019248962402,-160.1172372
4616,-152.0695799999998,0.30425715732571373,0.00998645168764533,1327,3.221383810043335,-159.89916159999999
4617,-158.1966,0.29293995285052044,0.00998645168764533,709,1.7027862071990967,-159.7176672
4618,-164.79460000000003,0.3000604507563015,0.00998645168764533,1125,2.7001469135284424,-159.5202368
4619,-189.88228,0.19420252810126987,0.00998645168764533,221,0.5313820838928223,-159.3669444
4620,-162.14981999999995,0.24039727966014982,0.00998645168764533,895,2.1295320987701416,-159.017888
4621,-161.18881999999996,0.1841767454919006,0.00998645168764533,511,1.2341508865356445,-159.005112
4622,-172.09194,0.25209330438940325,0.00998645168764533,879,2.101728916168213,-159.161306
4623,-171.51326,0.2519579005182128,0.00998645168764533,550,1.3116998672485352,-159.20373
4624,-158.1927799999999,0.22826848500531285,0.00998645168764533,719,1.7688908576965332,-158.7413096
4625,-169.22668000000004,0.24165920165147595,0.00998645168764533,788,1.986109972000122,-158.8352128
4626,-163.53219999999976,0.27771470776507345,0.00998645168764533,1428,3.5424649715423584,-158.9436652
4627,-163.51000000000002,0.23401287847043029,0.00998645168764533,521,1.272745132446289,-159.171616
4628,-170.34374000000003,0.25905855671462485,0.00998645168764533,742,1.8421010971069336,-159.22052159999998
4629,-176.98600000000002,0.25811660872090475,0.00998645168764533,560,1.3488078117370605,-159.1748592
4630,-155.92371999999995,0.3042684967638742,0.00998645168764533,612,1.47560715675354,-158.5020236
4631,-168.93895999999998,0.25420357173929614,0.00998645168764533,825,1.9971561431884766,-158.4571652
4632,-189.74916000000002,0.38329426023657576,0.00998645168764533,165,0.3987300395965576,-158.7942516
4633,-151.87835999999987,0.2807657825953802,0.00998645168764533,1012,2.4238028526306152,-158.0670252
4634,-184.46134000000004,0.30549148675848803,0.00998645168764533,211,0.5263669490814209,-158.473178
4635,-167.61983999999995,0.34090187356620544,0.00998645168764533,768,1.941380262374878,-158.574742
4636,-164.66231999999997,0.3297977659676333,0.00998645168764533,817,2.0059661865234375,-158.6246524
4637,-162.75939999999997,0.3252261431349203,0.00998645168764533,837,2.025207042694092,-158.27066639999998
4638,-174.19498000000002,0.2426982622119534,0.00998645168764533,827,1.9875550270080566,-157.9837896
4639,-189.08934000000002,0.40466528343932545,0.00998645168764533,131,0.3131871223449707,-158.6111876
4640,-161.80739999999994,0.3145726593227984,0.00998645168764533,837,2.0710949897766113,-158.0275088
4641,-188.23968000000002,0.219260442620402,0.00998645168764533,144,0.3581719398498535,-158.3948088
4642,-190.09786000000003,0.3918309087310447,0.00998645168764533,178,0.44125914573669434,-158.826204
4643,-180.21778000000003,0.38623989907088774,0.00998645168764533,611,1.56992506980896,-158.91680799999997
4644,-185.19016000000002,0.45427462856831224,0.00998645168764533,145,0.39261603355407715,-159.19507439999998
4645,-160.69421999999997,0.3998312272117562,0.00998645168764533,738,1.7986688613891602,-162.788154
4646,-167.01916,0.35283639218757484,0.00998645168764533,788,1.9248170852661133,-162.3577608
4647,-186.70292,0.4624893945514817,0.00998645168764533,220,0.5384562015533447,-162.77781919999998
4648,-163.79232000000005,0.41290019881716256,0.00998645168764533,329,0.7957460880279541,-162.26235559999998
4649,-158.52009999999996,0.47262717490766804,0.00998645168764533,778,1.9044311046600342,-161.8485852
4650,-169.45850000000004,0.3593179745860222,0.00998645168764533,847,2.055938959121704,-161.8877968
4651,-167.35775999999998,0.4288641065893481,0.00998645168764533,793,1.8961679935455322,-161.908608
4652,-169.12792000000005,0.3451027504277126,0.00998645168764533,737,1.7944667339324951,-161.8626928
4653,-167.54972,0.37146803647035415,0.00998645168764533,709,1.8128881454467773,-161.95418
4654,-160.90049999999994,0.33330461384955057,0.00998645168764533,847,2.1442208290100098,-161.6519564
4655,-162.82223999999997,0.34379372077426507,0.00998645168764533,937,2.311244010925293,-165.159542
4656,-164.00388,0.3536946794181993,0.00998645168764533,540,1.3195898532867432,-165.1633944
4657,-165.36260000000001,0.39962452858059455,0.00998645168764533,508,1.230201005935669,-165.0365532
4658,-170.05528000000004,0.41036273716260335,0.00998645168764533,729,1.7594661712646484,-165.1873164
4659,-157.32097999999993,0.33729487111641715,0.00998645168764533,719,1.7312819957733154,-165.0215036
4660,-168.29462,0.3483679700354961,0.00998645168764533,550,1.3265111446380615,-164.76111999999998
4661,-184.88254000000003,0.2575777428982251,0.00998645168764533,134,0.3235490322113037,-165.14546039999996
4662,-168.079,0.33089079578733127,0.00998645168764533,837,2.007077932357788,-165.2399908
4663,-183.41356000000002,0.42557260146784803,0.00998645168764533,164,0.3948540687561035,-165.6826036
4664,-182.30242,0.27922109418286145,0.00998645168764533,259,0.628648042678833,-165.9483
4665,-169.00916000000004,0.35304611920654566,0.00998645168764533,781,1.880647897720337,-169.90356
4666,-178.89000000000004,0.3158644395670854,0.00998645168764533,600,1.4417932033538818,-170.4399684
4667,-158.14273999999992,0.35909450425693873,0.00998645168764533,719,1.7527711391448975,-170.4388912
4668,-154.4298599999999,0.3447479591430735,0.00998645168764533,1087,2.6893820762634277,-170.23159639999997
4669,-156.04659999999993,0.43025604766708886,0.00998645168764533,957,2.45981502532959,-169.55488279999997
4670,-170.81224000000006,0.2652679397858465,0.00998645168764533,313,0.7664601802825928,-169.72813119999998
4671,-179.92776000000003,0.2859009895008057,0.00998645168764533,600,1.5655517578125,-170.10290999999998
4672,-171.45122000000003,0.35790599590616023,0.00998645168764533,847,2.1191811561584473,-170.09009559999998
4673,-165.33404,0.3724993187513817,0.00998645168764533,709,1.717127799987793,-169.96651119999999
4674,-169.64742,0.3390405946958641,0.00998645168764533,706,1.7081520557403564,-170.19560399999997
4675,-189.57426,0.3866353481198135,0.00998645168764533,207,0.5250449180603027,-170.6025556
4676,-166.07154000000008,0.27403960465723515,0.00998645168764533,690,1.731187105178833,-170.6533424
4677,-166.88048,0.31179977835682754,0.00998645168764533,976,2.344270944595337,-170.720752
4678,-187.05624000000003,0.2432953025843646,0.00998645168764533,185,0.447462797164917,-171.05500199999997
4679,-171.95382000000004,0.3258138950938653,0.00998645168764533,570,1.3985857963562012,-170.9543584
4680,-180.38426,0.2658331926011676,0.00998645168764533,271,0.7024819850921631,-171.44356919999998
4681,-174.12256000000002,0.419139146410651,0.00998645168764533,521,1.257493019104004,-171.5472412
4682,-170.85168,0.3733758554893332,0.00998645168764533,768,1.8396499156951904,-171.1692916
4683,-188.31400000000002,0.2828790342599308,0.00998645168764533,193,0.4590611457824707,-171.8980044
4684,-188.53882000000002,0.16663747981747057,0.00998645168764533,154,0.3659641742706299,-171.97955399999998
4685,-183.26722,0.6725366162015246,0.00998645168764533,154,0.3689858913421631,-172.2925016
4686,-163.34273999999994,0.4140163418180142,0.00998645168764533,1255,2.989482879638672,-172.26611
4687,-171.37576,0.3498312549054555,0.00998645168764533,881,2.108396053314209,-172.4384372
4688,-175.13980000000004,0.36682866570715617,0.00998645168764533,572,1.3668298721313477,-172.45733360000003
4689,-168.82322000000005,0.516319143108163,0.00998645168764533,619,1.480956792831421,-172.0520112
4690,-188.02904,0.4298557050996865,0.00998645168764533,184,0.4412040710449219,-172.576444
4691,-168.20169999999996,0.416916152916295,0.00998645168764533,794,1.905946969985962,-172.1756844
4692,-159.7682,0.39456352933684713,0.00998645168764533,589,1.4140748977661133,-171.5690912
4693,-167.94188000000003,0.3514894732433907,0.00998645168764533,781,1.8758232593536377,-171.3235732
4694,-188.53316,0.3820316550428653,0.00998645168764533,157,0.377269983291626,-171.39043320000002
4695,-162.1388199999999,0.40324136367788943,0.00998645168764533,798,1.902146816253662,-171.41932520000003
4696,-157.63452,0.3772999350085027,0.00998645168764533,540,1.3390259742736816,-171.23163240000002
4697,-198.71336,0.41235317815108075,0.00998645168764533,289,0.6931047439575195,-171.47184120000003
4698,-167.75824,0.37171485860458436,0.00998645168764533,521,1.2389988899230957,-171.5511596
4699,-173.05024000000003,0.32450452265231344,0.00998645168764533,521,1.2460839748382568,-171.8417624
4700,-187.97672000000003,0.39569560120587294,0.00998645168764533,177,0.4264209270477295,-172.2121268
4701,-170.15008,0.35466787024478247,0.00998645168764533,785,1.8805911540985107,-172.26797320000003
4702,-170.49032000000005,0.3717974153259512,0.00998645168764533,297,0.7112150192260742,-172.29522120000001
4703,-196.23098000000002,0.37423902731012937,0.00998645168764533,223,0.5315091609954834,-172.8688464
4704,-156.97491999999997,0.4225174827650311,0.00998645168764533,612,1.4615681171417236,-172.7903348
4705,-165.57263999999998,0.39114879220505827,0.00998645168764533,768,1.8425509929656982,-172.8453428
4706,-162.40473999999992,0.3555380037395712,0.00998645168764533,966,2.3471879959106445,-172.81336
4707,-160.06403999999992,0.3334505046059455,0.00998645168764533,853,2.0569088459014893,-172.70738880000002
4708,-198.77262000000002,0.4267381866399896,0.00998645168764533,342,0.8188753128051758,-173.2817356
4709,-162.29061999999993,0.48244539173356793,0.00998645168764533,758,1.804231882095337,-173.38112840000002
4710,-180.16368000000003,0.39473730593167355,0.00998645168764533,609,1.4520750045776367,-173.6185096
4711,-175.50590000000005,0.3841444660293854,0.00998645168764533,590,1.4046828746795654,-173.4309768
4712,-179.68126000000004,0.41568892789862544,0.00998645168764533,590,1.4125440120697021,-173.663022
4713,-174.28415999999999,0.35252177897419207,0.00998645168764533,1224,2.9571352005004883,-173.48043399999997
4714,-158.52173999999997,0.37757468932383426,0.00998645168764533,731,1.7621879577636719,-173.0048204
4715,-167.88118,0.35965872640125357,0.00998645168764533,778,1.8563098907470703,-172.9822608
4716,-159.83808,0.2755602586842992,0.00998645168764533,641,1.5291991233825684,-172.6012224
4717,-169.67650000000003,0.2869333025684831,0.00998645168764533,758,1.810227870941162,-172.83189760000002
4718,-167.20634000000004,0.28922023893725396,0.00998645168764533,690,1.6480059623718262,-173.0874272
4719,24.165600000000055,0.21585056485775117,0.00998645168764533,904,2.1611318588256836,-169.4831832
4720,-162.94349999999994,0.21737695580219074,0.00998645168764533,994,2.369795083999634,-169.3258084
4721,-159.0408199999999,0.27615002083788187,0.00998645168764533,950,2.2759830951690674,-168.9080696
4722,-170.06166000000002,0.2644985136254486,0.00998645168764533,1318,3.1693601608276367,-168.88027839999998
4723,-183.11298,0.2795464277222349,0.00998645168764533,351,0.83778977394104,-169.2358572
4724,-176.92662000000004,0.2853301708091032,0.00998645168764533,203,0.48868417739868164,-169.3814412
4725,-163.31919999999997,0.2633971415395993,0.00998645168764533,857,2.035989999771118,-168.85634
4726,-156.46083999999993,0.2486329506645959,0.00998645168764533,789,1.887087106704712,-168.664126
4727,-169.61066000000002,0.20296763767872858,0.00998645168764533,511,1.2171661853790283,-168.71872960000002
4728,-159.37111999999988,0.2515507734171665,0.00998645168764533,1016,2.4252121448516846,-168.1650272
4729,-168.00408000000004,0.2761163974689419,0.00998645168764533,976,2.3209829330444336,-168.0860324
4730,-171.47135999999998,0.2213053175402907,0.00998645168764533,897,2.1482338905334473,-167.9077744
4731,-184.88254000000003,0.39642703978678406,0.00998645168764533,134,0.3188779354095459,-168.122974
4732,-187.97672000000003,0.21822165246621447,0.00998645168764533,177,0.4220108985900879,-168.4654748
4733,-164.17502000000002,0.26539592143300994,0.00998645168764533,451,1.0802900791168213,-167.98269519999997
4734,-188.53882000000002,0.2247503735366967,0.00998645168764533,154,0.36782097816467285,-167.98269519999997
4735,-182.21866000000003,0.3080764945064272,0.00998645168764533,154,0.3707559108734131,-167.961724
4736,-194.97072000000003,0.398323149520583,0.00998645168764533,209,0.5028958320617676,-168.59428359999998
4737,-165.95324,0.32289295258099915,0.00998645168764533,637,1.6593449115753174,-168.48583319999997
4738,-159.2813799999999,0.39499447452422176,0.00998645168764533,867,2.1201930046081543,-168.16866480000002
4739,-166.2522,0.3049756310036231,0.00998645168764533,501,1.2565996646881104,-168.11724439999998
4740,-160.34436,0.37079446775861447,0.00998645168764533,820,1.9535138607025146,-167.56355079999997
4741,-185.74240000000003,0.4385642361026719,0.00998645168764533,121,0.2948038578033447,-167.91436480000002
4742,-180.78046000000003,0.4280427744043833,0.00998645168764533,590,1.4107189178466797,-168.33461
4743,-188.23602,0.33260284624265607,0.00998645168764533,243,0.5961401462554932,-168.7404928
4744,-187.64868,0.3271810054779053,0.00998645168764533,165,0.4133150577545166,-168.7228032
4745,-152.93247999999994,0.4270832612358693,0.00998645168764533,768,1.8511908054351807,-168.5386764
4746,-165.91283999999996,0.3838847133149179,0.00998645168764533,1132,2.7261807918548584,-168.7042428
4747,-169.35102,0.4579694810887112,0.00998645168764533,798,1.92696213722229,-168.116996
4748,-165.4198,0.5184318614263015,0.00998645168764533,461,1.1127760410308838,-168.0702272
4749,-190.99134000000004,0.41937343748393413,0.00998645168764533,174,0.41932201385498047,-168.4290492
4750,-160.0095199999999,0.4333637366207184,0.00998645168764533,857,2.0503029823303223,-167.8697052
4751,-157.77135999999993,0.4380394014551294,0.00998645168764533,696,1.6694300174713135,-167.62213079999998
4752,34.97264000000014,0.36704524211905976,0.00998645168764533,1488,3.7374651432037354,-163.51287159999998
4753,-162.95663999999996,0.34295380208285825,0.00998645168764533,1441,3.5863800048828125,-162.8473848
4754,-178.66078000000005,0.26186320829457777,0.00998645168764533,590,1.4877309799194336,-163.281102
4755,-188.53882000000002,0.46823965146678026,0.00998645168764533,154,0.38028526306152344,-163.74042559999998
4756,-172.673,0.2816328695521918,0.00998645168764533,604,1.4961481094360352,-163.9457908
4757,-160.90157999999997,0.2509354128972639,0.00998645168764533,798,1.9471988677978516,-163.9625416
4758,-167.57023999999984,0.23107103968213974,0.00998645168764533,1481,3.55432391166687,-163.338494
4759,-187.47418000000002,0.2434840570899428,0.00998645168764533,154,0.37151002883911133,-163.84216519999998
4760,-178.73248,0.29692927467468716,0.00998645168764533,593,1.4228880405426025,-163.81354119999997
4761,-167.80128000000002,0.30455315561836405,0.00998645168764533,521,1.2709109783172607,-163.65944879999998
4762,-184.88254000000003,0.3474549822189581,0.00998645168764533,134,0.32780885696411133,-163.7634744
4763,-165.27408000000003,0.3093497099837155,0.00998645168764533,1120,2.702394962310791,-163.5832728
4764,-188.23968000000002,0.1952623599952656,0.00998645168764533,144,0.35484910011291504,-164.17763159999998
4765,-159.11401999999995,0.28489774381950755,0.00998645168764533,758,1.8421850204467773,-164.0022884
4766,-164.76712,0.25538220412474244,0.00998645168764533,1017,2.5126521587371826,-164.10086919999998
4767,-170.78921999999997,0.2738417825863547,0.00998645168764533,867,2.241253137588501,-164.12312359999999
4768,-152.95597999999993,0.2742531616104733,0.00998645168764533,719,1.7487428188323975,-163.8381164
4769,-188.65128,0.27653917266751094,0.00998645168764533,209,0.5120849609375,-168.09445399999996
4770,-167.88502000000003,0.3437066147035672,0.00998645168764533,778,1.8954107761383057,-168.19328439999998
4771,-159.34936000000002,0.3644573626925386,0.00998645168764533,521,1.2543179988861084,-168.1994552
4772,-157.64237999999992,0.2972736710944838,0.00998645168764533,742,1.775763988494873,-167.95106959999998
4773,-180.44970000000004,0.42858954610522176,0.00998645168764533,170,0.414747953414917,-167.897804
4774,-189.22822000000002,0.39293515493465775,0.00998645168764533,187,0.4715690612792969,-168.14383599999996
4775,-178.12140000000002,0.4049771708882296,0.00998645168764533,213,0.5255417823791504,-168.43988
4776,-186.9823,0.3250201578849732,0.00998645168764533,134,0.32774877548217773,-169.0503092
4777,-166.98924000000002,0.32635773776985527,0.00998645168764533,332,0.9006781578063965,-168.9978808
4778,-161.79627999999994,0.4216293838308878,0.00998645168764533,788,1.965561866760254,-169.046384
4779,-170.89642000000003,0.42541696647342725,0.00998645168764533,719,1.7495319843292236,-169.1042308
4780,-172.865,0.40634526059696163,0.00998645168764533,1205,2.9778902530670166,-169.13210360000002
4781,-179.29456000000005,0.29679472411297403,0.00998645168764533,265,0.6423399448394775,-169.020344
4782,-185.32256,0.3347445527782006,0.00998645168764533,201,0.5006577968597412,-168.9672608
4783,-182.21866000000003,0.4714941553916637,0.00998645168764533,154,0.37607884407043457,-169.3281336
4784,-166.7386,0.4007058174239753,0.00998645168764533,1164,3.5530052185058594,-168.89212919999997
4785,-159.47439999999992,0.37363585704994023,0.00998645168764533,825,2.173865795135498,-168.437244
4786,-194.97072000000003,0.4425501442563377,0.00998645168764533,209,0.5854520797729492,-168.437244
4787,-161.85289999999995,0.44364406732772504,0.00998645168764533,827,2.111788749694824,-168.35523719999998
4788,-180.31524000000002,0.29506633752088307,0.00998645168764533,669,1.7317779064178467,-168.7759144
4789,-179.70392,0.4242391361246311,0.00998645168764533,889,2.3093409538269043,-169.0449488
4790,-163.23372,0.3251409585654533,0.00998645168764533,404,0.9960818290710449,-169.102736
4791,-174.824,0.32474605595094286,0.00998645168764533,560,1.4140081405639648,-168.884368
4792,-174.17424,0.39610434762957225,0.00998645168764533,729,1.8534178733825684,-168.7522436
4793,-153.23589999999996,0.2852024463073382,0.00998645168764533,534,1.3545811176300049,-168.0522412
4794,-155.6426199999999,0.3172738448038329,0.00998645168764533,1134,2.81435489654541,-167.41212
4795,-164.37694000000002,0.2861409947918859,0.00998645168764533,355,0.8844969272613525,-167.6410092
4796,-170.37199999999996,0.314586656046888,0.00998645168764533,1625,4.116016149520874,-167.73019239999996
4797,-170.01541999999998,0.23654543993294402,0.00998645168764533,1370,3.3853821754455566,-167.74348039999998
4798,-184.88254000000003,0.32425423228849115,0.00998645168764533,134,0.32747316360473633,-168.13273519999998
4799,-188.23968000000002,0.2171173815861241,0.00998645168764533,144,0.3450279235839844,-168.077702
4800,-157.5252399999999,0.2747135707054803,0.00998645168764533,989,2.371181011199951,-168.02801639999998
4801,-173.17344,0.2632568905476428,0.00998645168764533,777,2.0116498470306396,-168.33605799999998
4802,-188.53882000000002,0.14363371051678603,0.00998645168764533,154,0.3799622058868408,-172.8062872
4803,-156.81599999999997,0.2862189509011328,0.00998645168764533,937,2.211394786834717,-172.68347439999997
4804,-169.77483999999998,0.30822077690397215,0.00998645168764533,917,2.2115230560302734,-172.5057556
4805,-185.07576,0.3498313446535677,0.00998645168764533,144,0.35805606842041016,-172.43649440000002
4806,34.05816000000007,0.3379112646027013,0.00998645168764533,1032,2.4346530437469482,-168.3018712
4807,-189.32584000000003,0.24450643251252002,0.00998645168764533,241,0.5632941722869873,-168.8703564
4808,-172.14878000000002,0.2571636883038561,0.00998645168764533,679,1.6449060440063477,-168.9619272
4809,-181.27572000000004,0.43289422482566936,0.00998645168764533,213,0.5027399063110352,-168.837958
4810,-161.69989999999996,0.3313844371449877,0.00998645168764533,679,1.6506030559539795,-168.49730639999999
4811,-192.01202,0.3732345529869533,0.00998645168764533,223,0.5500552654266357,-168.98152119999997
4812,-172.98600000000002,0.3115936782990805,0.00998645168764533,768,1.7940082550048828,-168.7435904
4813,-171.11062000000004,0.3943299119808834,0.00998645168764533,530,1.2261829376220703,-168.8603212
4814,-179.16688,0.2848203351774334,0.00998645168764533,1016,2.6642308235168457,-168.6788652
4815,-165.64000000000001,0.28787907433558446,0.00998645168764533,521,1.2562360763549805,-168.8093848
4816,-187.97672000000003,0.2719568476491308,0.00998645168764533,177,0.42745327949523926,-169.2735768
4817,-164.75563999999994,0.4046601263291075,0.00998645168764533,781,1.887716293334961,-169.1529052
4818,-178.31136000000004,0.3366431507209152,0.00998645168764533,921,2.2553889751434326,-169.6600128
4819,-172.29472,0.28240561819498894,0.00998645168764533,785,1.905122995376587,-169.3328816
4820,-168.52535999999992,0.33702319404198106,0.00998645168764533,1273,3.0697288513183594,-169.3456884
4821,-157.41266,0.3074503818971642,0.00998645168764533,1271,2.9889891147613525,-169.3069544
4822,-155.76857999999996,0.3034948473775506,0.00998645168764533,898,2.0807738304138184,-169.2694784
4823,-169.63758000000004,0.306386360405152,0.00998645168764533,603,1.4035680294036865,-169.053236
4824,-170.84198000000004,0.22970713186595176,0.00998645168764533,315,0.734260082244873,-168.6855112
4825,-160.07757999999995,0.3275404649640238,0.00998645168764533,846,2.03082013130188,-168.32463479999998
4826,-162.78441999999995,0.27374210990444753,0.00998645168764533,966,2.2318990230560303,-167.8406772
4827,-168.12546000000003,0.2950481724122274,0.00998645168764533,639,1.4996600151062012,-167.8634016
4828,24.87608000000012,0.2541130828646757,0.00998645168764533,1584,3.7414400577545166,-164.12995439999997
4829,-167.23590000000004,0.23128409090769667,0.00998645168764533,847,1.9816100597381592,-164.056744
4830,-172.75438000000003,0.2123884070206441,0.00998645168764533,999,2.3712680339813232,-164.05453160000002
4831,-168.71296000000007,0.18182869018248904,0.00998645168764533,313,0.7954680919647217,-163.84289959999998
4832,-165.0808999999999,0.20954067427000803,0.00998645168764533,1283,3.0206139087677,-163.4380664
4833,-181.7689,0.28230669277067905,0.00998645168764533,287,0.6662077903747559,-163.4290712
4834,-153.7339199999999,0.29632735847623215,0.00998645168764533,649,1.5425350666046143,-163.16897759999998
4835,27.11688,0.273642825277899,0.00998645168764533,1216,2.9152729511260986,-159.437152
4836,-163.14903999999993,0.21057100431801426,0.00998645168764533,945,2.2319390773773193,-158.8007184
4837,-167.64792,0.22924586214442874,0.00998645168764533,768,1.878387212753296,-158.9166188
4838,-159.00559999999996,0.20087419125680647,0.00998645168764533,753,1.7837440967559814,-158.49042599999999
4839,-189.7402,0.2500619099038176,0.00998645168764533,164,0.3848278522491455,-158.69115159999998
4840,-197.70152000000002,0.2548051492612484,0.00998645168764533,241,0.5672600269317627,-159.3805076
4841,-165.34941999999995,0.19504515732832667,0.00998645168764533,758,1.7661142349243164,-159.191016
4842,-190.99134000000004,0.2546753748320043,0.00998645168764533,174,0.41214895248413086,-159.527358
4843,-158.33565999999996,0.23528242180783787,0.00998645168764533,1115,2.618359088897705,-159.6293532
4844,-166.79456000000002,0.30785973897352814,0.00998645168764533,625,1.4578359127044678,-159.85239199999998
4845,28.246960000000005,0.275789583061877,0.00998645168764533,1112,2.697371006011963,-155.999914
4846,-186.99462000000003,0.19026497595779995,0.00998645168764533,131,0.3151521682739258,-156.33236639999998
4847,-161.58903999999995,0.38071458514645234,0.00998645168764533,872,2.081850051879883,-156.1638388
4848,-158.75135999999992,0.2865369118748292,0.00998645168764533,1033,2.4414680004119873,-155.64121519999998
4849,-169.86028,0.23691417080084326,0.00998645168764533,669,1.5632686614990234,-155.2736272
4850,-161.68147999999994,0.2761160769177953,0.00998645168764533,1085,2.530273199081421,-155.356752
4851,-168.75948000000002,0.2554210688859383,0.00998645168764533,564,1.3146438598632812,-155.26847279999998
4852,-178.11948000000004,0.3595347123837072,0.00998645168764533,213,0.5098628997802734,-155.06008599999998
4853,-189.7402,0.3086297351855603,0.00998645168764533,164,0.3790550231933594,-155.71856999999997
4854,-173.63110000000006,0.31882493729836175,0.00998645168764533,350,0.8107922077178955,-155.79569519999998
4855,-160.15088000000003,0.359346480799889,0.00998645168764533,409,0.9662318229675293,-155.2971976
4856,-161.86529999999988,0.2895997432584922,0.00998645168764533,1927,4.576383113861084,-159.2156668
4857,-169.50618000000003,0.3084759886690502,0.00998645168764533,798,1.8866002559661865,-158.8192736
4858,-160.65005999999994,0.30258655727482564,0.00998645168764533,738,1.7061457633972168,-158.5892992
4859,-190.99134000000004,0.34635490592537,0.00998645168764533,174,0.40170884132385254,-158.78361159999997
4860,-159.20545999999993,0.3190052805699004,0.00998645168764533,719,1.6664748191833496,-158.7337228
4861,-160.00452,0.329574009927921,0.00998645168764533,500,1.155937910079956,-158.09357279999998
4862,-180.13488,0.3214619995571967,0.00998645168764533,609,1.442265272140503,-158.2365504
4863,-169.00706000000002,0.33191662576304687,0.00998645168764533,679,1.6512727737426758,-158.1944792
4864,-161.92645999999996,0.28716437744405104,0.00998645168764533,1187,2.7733230590820312,-157.84967079999998
4865,-160.21689999999992,0.34773188624574,0.00998645168764533,867,2.0233259201049805,-157.74120879999998
4866,-169.94636,0.3010760788692155,0.00998645168764533,877,2.0838310718536377,-157.38060159999998
4867,-167.92426,0.2501400769496468,0.00998645168764533,1263,2.999880790710449,-157.44397399999997
4868,-174.96930000000003,0.31112934715394686,0.00998645168764533,615,1.4695672988891602,-157.37713279999997
4869,-166.19268000000014,0.2610057509715256,0.00998645168764533,1333,3.254220724105835,-157.255092
4870,-176.54614000000004,0.2704835202718564,0.00998645168764533,590,1.483867883682251,-157.41550759999998
4871,-165.99089999999998,0.28000539449014855,0.00998645168764533,1135,2.8476369380950928,-157.5870724
4872,-190.99134000000004,0.34422548751657206,0.00998645168764533,174,0.4544219970703125,-158.2915276
4873,-170.91030000000003,0.23972988052440708,0.00998645168764533,570,1.3839421272277832,-158.316982
4874,-173.70134000000002,0.31928664578241517,0.00998645168764533,1054,2.5790839195251465,-158.37416919999998
4875,-159.06593999999996,0.2706768867840109,0.00998645168764533,759,1.7695949077606201,-158.35393639999998
4876,-190.99134000000004,0.23388313419378265,0.00998645168764533,174,0.4145369529724121,-158.9180748
4877,-162.78130000000002,0.2858781277950061,0.00998645168764533,635,1.6819250583648682,-158.8111916
4878,-168.06748,0.31156128990878945,0.00998645168764533,837,2.075766086578369,-162.67006279999998
4879,-171.82984000000005,0.2656206867621584,0.00998645168764533,905,2.272216796875,-162.7619416
4880,-164.99534000000003,0.25206683302993665,0.00998645168764533,1082,2.53303599357605,-162.6067608
4881,-160.35831999999996,0.26038798487288645,0.00998645168764533,769,1.983367919921875,-162.439668
4882,-161.68663999999995,0.2650005934902154,0.00998645168764533,976,2.353609085083008,-162.3717828
4883,-188.34374000000003,0.2939379536857208,0.00998645168764533,195,0.472898006439209,-162.50327959999998
4884,-181.50726000000003,0.47031473915959743,0.00998645168764533,174,0.4297478199005127,-163.0587464
4885,-157.32027999999997,0.34449197709705176,0.00998645168764533,669,1.6008310317993164,-166.7474896
4886,-181.31380000000001,0.34650365711848546,0.00998645168764533,164,0.3923008441925049,-167.1107848
4887,-169.40159999999997,0.2884006890693282,0.00998645168764533,801,1.9547460079193115,-167.1458584
4888,-159.49656,0.33638094325482193,0.00998645168764533,729,1.707387924194336,-167.1556776
4889,-178.62238000000002,0.31986355331521166,0.00998645168764533,590,1.433574914932251,-166.9333212
4890,-165.30398000000002,0.35626793073246504,0.00998645168764533,703,1.7046787738800049,-166.2853704
4891,-168.43824,0.3092348746035778,0.00998645168764533,1273,3.034552812576294,-166.34714680000002
4892,-167.72529999999998,0.3191079233982892,0.00998645168764533,719,1.89664888381958,-165.881826
4893,-161.23565999999994,0.2434154316175076,0.00998645168764533,907,2.2809059619903564,-165.93982599999998
4894,-180.71352000000002,0.4259357873266443,0.00998645168764533,233,0.601215124130249,-166.2182052
4895,-162.42549999999994,0.24512176159885873,0.00998645168764533,719,1.7806799411773682,-170.0316544
4896,-171.0525,0.3001573987454859,0.00998645168764533,927,2.1960561275482178,-169.712812
4897,-177.61726000000004,0.3417211947844253,0.00998645168764533,590,1.3741869926452637,-170.0333764
4898,-171.77344000000005,0.3643264549633865,0.00998645168764533,953,2.2040200233459473,-170.293818
4899,-154.79431999999994,0.27965771796216476,0.00998645168764533,1289,3.2406699657440186,-169.9924988
4900,-185.73692,0.17291457064059232,0.00998645168764533,124,0.2965848445892334,-170.4736076
4901,-177.96254,0.26150273120505024,0.00998645168764533,758,1.8220388889312744,-170.65766879999998
4902,-165.29021999999998,0.30827655394604764,0.00998645168764533,755,1.8307759761810303,-170.4010836
4903,-169.3514,0.27737209828505743,0.00998645168764533,748,1.7539551258087158,-169.9933076
4904,-158.30175999999994,0.26364494671216626,0.00998645168764533,969,2.2850921154022217,-169.6867208
4905,-160.8326399999999,0.27148238162464433,0.00998645168764533,1081,2.500241756439209,-169.700356
4906,-162.61261999999996,0.2886451554726051,0.00998645168764533,1007,2.4059760570526123,-169.7153024
4907,-179.60264000000004,0.41273503167220676,0.00998645168764533,184,0.4573681354522705,-169.9172316
4908,-173.93252000000004,0.19523630767064032,0.00998645168764533,613,1.4257311820983887,-170.1828808
4909,-166.41999999999996,0.289459145745966,0.00998645168764533,1353,3.307664155960083,-169.69145400000002
4910,-166.07412000000002,0.2601649017438177,0.00998645168764533,837,2.1167328357696533,-169.8288272
4911,-184.88110000000003,0.25451278112092013,0.00998645168764533,134,0.3339691162109375,-170.3263588
4912,-178.92800000000003,0.2759771087972413,0.00998645168764533,601,1.49586820602417,-170.3022212
4913,-154.93561999999991,0.26904942108487767,0.00998645168764533,758,1.9063129425048828,-170.0207924
4914,-160.18591999999987,0.29557938917888854,0.00998645168764533,857,2.121065855026245,-169.9859816
4915,-157.66155999999992,0.2518481299331941,0.00998645168764533,788,1.9874060153961182,-169.9348748
4916,-176.54366000000005,0.3402254185532772,0.00998645168764533,590,1.6183040142059326,-170.0668208
4917,-186.64178,0.35203479913373786,0.00998645168764533,114,0.3161919116973877,-170.44117119999999
4918,-185.93038,0.3490462057681671,0.00998645168764533,134,0.37001490592956543,-170.6603928
4919,-184.02576000000002,0.32732229211574626,0.00998645168764533,144,0.38002777099609375,-171.01705439999998
4920,-158.36565999999993,0.287662005349273,0.00998645168764533,827,2.247983932495117,-170.6534448
4921,-164.5612599999999,0.3766213495822767,0.00998645168764533,1062,2.5535027980804443,-170.624852
4922,-174.0384,0.3375424165720286,0.00998645168764533,1065,2.5690712928771973,-170.2857932
4923,-159.00877999999994,0.34944875560567584,0.00998645168764533,1006,2.3237218856811523,-170.0477628
4924,-159.20236,0.34044280062741916,0.00998645168764533,996,2.3132941722869873,-169.75778319999998
4925,-166.54416000000003,0.31054859933376194,0.00998645168764533,513,1.185227870941162,-169.90734759999998
4926,21.485040000000165,0.28862504278812323,0.00998645168764533,1912,4.419823884963989,-165.65782
4927,-163.7914,0.1644569333104125,0.00998645168764533,332,0.7663390636444092,-165.67802199999997
4928,-186.9823,0.23323584048063564,0.00998645168764533,134,0.3080308437347412,-166.05631839999998
4929,-163.92435999999995,0.3039305718164477,0.00998645168764533,1125,2.588718891143799,-165.8982088
4930,-158.39927999999995,0.31064854767454586,0.00998645168764533,729,1.6793079376220703,-165.7662876
4931,-169.61266,0.2645907774383883,0.00998645168764533,659,1.7924110889434814,-165.9513744
4932,-169.30241999999996,0.24305833305276434,0.00998645168764533,1243,2.9649782180786133,-166.10369
4933,-166.79476,0.24222913814454158,0.00998645168764533,1164,2.893867015838623,-165.6727104
4934,-165.47578,0.2359798240578564,0.00998645168764533,758,1.8322827816009521,-165.35208079999995
4935,-171.75068000000005,0.1945070944225996,0.00998645168764533,709,1.675529956817627,-165.6406888
4936,-166.93828000000002,0.2742669816062511,0.00998645168764533,533,1.2449510097503662,-165.3531784
4937,-167.3069,0.2736968234355164,0.00998645168764533,1214,2.852794885635376,-165.31128439999998
4938,-195.30800000000002,0.1876140732276771,0.00998645168764533,225,0.5196199417114258,-166.0275132
4939,-198.35654000000002,0.3120546542781966,0.00998645168764533,322,0.742286205291748,-166.4221964
4940,-182.32236,0.32829270861220894,0.00998645168764533,213,0.49327707290649414,-166.762564
4941,-172.13203999999996,0.3457799361595637,0.00998645168764533,973,2.33821702003479,-166.83644
4942,-166.65764000000001,0.3536938980176076,0.00998645168764533,469,1.1759941577911377,-166.8150868
4943,-173.94008000000005,0.28007664433130014,0.00998645168764533,313,0.7354838848114014,-167.0691752
4944,-167.24682,0.35647934583683255,0.00998645168764533,699,1.6219158172607422,-166.79984119999997
4945,-158.1230799999999,0.3283677284306726,0.00998645168764533,956,2.2194180488586426,-166.71379279999996
4946,-170.88214000000005,0.2976277090699994,0.00998645168764533,758,1.7442491054534912,-166.71038559999997
4947,-172.44494,0.34480138529873755,0.00998645168764533,946,2.2517781257629395,-166.60693919999997
4948,-163.55732,0.35667526489578005,0.00998645168764533,820,1.934804916381836,-166.4426168
4949,-169.3479,0.3285068508758304,0.00998645168764533,846,1.9695723056793213,-166.7336884
4950,-158.27511999999996,0.28031678478753697,0.00998645168764533,521,1.2470500469207764,-166.18445239999997
4951,-165.78069999999997,0.2753692602147384,0.00998645168764533,778,1.9578659534454346,-165.94081559999998
4952,-187.63944000000004,0.2565480702909531,0.00998645168764533,161,0.383699893951416,-166.3878
4953,-170.92776000000003,0.3521834373317515,0.00998645168764533,672,1.5990180969238281,-166.41932719999997
4954,-165.13609999999997,0.3506643864930813,0.00998645168764533,898,2.1114072799682617,-166.556014
4955,-169.51818000000003,0.31648762354056714,0.00998645168764533,555,1.27689790725708,-166.7297248
4956,-160.75451999999996,0.3604774267047433,0.00998645168764533,1132,2.6744539737701416,-166.6925628
4957,-163.76534000000004,0.29296981360085544,0.00998645168764533,382,0.8835408687591553,-166.3758168
4958,-160.21703999999994,0.33220563447944323,0.00998645168764533,808,1.8648157119750977,-166.1015072
4959,-159.67181999999997,0.43746530100751196,0.00998645168764533,738,1.7203919887542725,-165.9665436
4960,-159.50409999999997,0.2967601310261848,0.00998645168764533,778,1.7854537963867188,-165.83514319999998
4961,-163.7006,0.30188931589850576,0.00998645168764533,877,2.0315561294555664,-165.41153319999998
4962,-157.15707999999995,0.2861921919930186,0.00998645168764533,669,1.5472829341888428,-164.9761148
4963,-180.49378000000002,0.30546046162938106,0.00998645168764533,322,0.751654863357544,-165.48727799999998
4964,-169.02067999999997,0.316864032415189,0.00998645168764533,781,1.7963860034942627,-165.6639732
4965,-169.5985600000001,0.30112075401294014,0.00998645168764533,857,1.9651389122009277,-165.9027132
4966,-165.70376000000005,0.30769457740233147,0.00998645168764533,673,1.5586638450622559,-165.68591519999998
4967,-180.45870000000002,0.31210952347958054,0.00998645168764533,174,0.39987993240356445,-165.5622536
4968,-165.42752000000002,0.2999719897635773,0.00998645168764533,409,0.9373142719268799,-165.15219639999998
4969,-173.11520000000002,0.30618587352543475,0.00998645168764533,976,2.2392730712890625,-164.9339852
4970,-188.02904,0.3478133845239189,0.00998645168764533,184,0.43285202980041504,-165.52725279999999
4971,-173.02102,0.32913567732257953,0.00998645168764533,719,1.6546192169189453,-165.69644799999998
4972,-177.09264000000002,0.33748910306725033,0.00998645168764533,609,1.3969008922576904,-165.7575328
4973,-162.66433999999995,0.31626593519633905,0.00998645168764533,1262,2.9110748767852783,-165.830644
4974,-188.53882000000002,0.4300538672243136,0.00998645168764533,154,0.3541412353515625,-166.41737320000001
4975,-163.77815999999996,0.2859412966835995,0.00998645168764533,1273,2.9475927352905273,-166.36205320000002
4976,-167.57696000000004,0.386566598723797,0.00998645168764533,609,1.3977680206298828,-170.14329320000002
4977,-168.12460000000002,0.36413349567787334,0.00998645168764533,677,1.5509579181671143,-170.2299572
4978,-169.82435999999998,0.3911498645598957,0.00998645168764533,669,1.5372159481048584,-169.8867984
4979,-156.57471999999996,0.34807297734324705,0.00998645168764533,689,1.5746138095855713,-169.7398056
4980,-174.37706000000006,0.36488892131774187,0.00998645168764533,583,1.334683895111084,-170.05936119999998
4981,-186.64178,0.3500434098879627,0.00998645168764533,114,0.2621269226074219,-170.3999436
4982,-195.34074,0.40088369612263525,0.00998645168764533,231,0.5364270210266113,-170.92070999999999
4983,20.50784000000004,0.3884992074973915,0.00998645168764533,896,2.048150062561035,-167.17465800000002
4984,-189.20772000000002,0.3366953937174191,0.00998645168764533,189,0.47650790214538574,-167.6492968
4985,-159.90605999999994,0.2696538756001638,0.00998645168764533,798,1.8359861373901367,-167.4124044
4986,-180.71352000000002,0.3836226264822253,0.00998645168764533,233,0.5321619510650635,-167.6879092
4987,-180.44970000000004,0.3532545038197628,0.00998645168764533,170,0.39211392402648926,-167.95076519999998
4988,-160.66845999999993,0.3303752751480094,0.00998645168764533,966,2.201323986053467,-167.2579744
4989,-169.0277,0.2848070478707236,0.00998645168764533,778,1.7933931350708008,-166.67139759999998
4990,-168.52294,0.3400977371723728,0.00998645168764533,758,1.7287249565124512,-166.3954092
4991,-173.61564000000004,0.3598305359170764,0.00998645168764533,597,1.3846828937530518,-166.4250812
4992,-163.14643999999998,0.3606980968603794,0.00998645168764533,956,2.2265748977661133,-166.3548572
4993,-174.90800000000004,0.3217074886649792,0.00998645168764533,409,0.9358179569244385,-166.37421559999999
4994,-170.08690000000004,0.3422560251405779,0.00998645168764533,530,1.2208430767059326,-166.43101719999999
4995,-186.64178,0.2435416563561088,0.00998645168764533,114,0.26264429092407227,-167.0013912
4996,-188.53882000000002,0.3502701210136247,0.00998645168764533,154,0.35512495040893555,-167.3545248
4997,-158.57401999999996,0.3619669823456306,0.00998645168764533,731,1.6746129989624023,-167.07710640000002
4998,-179.32792000000003,0.4337914211906522,0.00998645168764533,1016,2.3552188873291016,-167.3925184
4999,-158.1359399999999,0.3431046061987573,0.00998645168764533,1303,2.982800006866455,-167.1682792
